# Blender 4.3.2
# www.blender.org
mtllib cow.mtl
o cow-nonormals
v 2.229345 -0.992723 -0.862826
v 2.292449 -0.871852 -0.882400
v 2.410367 -0.777999 -0.841105
v 2.407309 -0.974980 -0.805091
v 2.539200 -0.727778 -0.750475
v 2.520417 -0.954785 -0.739445
v 2.637655 -0.768176 -0.637039
v 2.669281 -0.930664 -0.557166
v 2.514167 -1.077721 -0.706614
v 2.386465 -1.116066 -0.761367
v 2.180012 -1.130557 -0.821812
v 2.354287 -1.193746 -0.735189
v 2.158051 -1.209613 -0.783941
v 2.318787 -1.294090 -0.673863
v 2.126237 -1.330172 -0.721011
v 2.274533 -1.433487 -0.567366
v 2.486533 -1.274971 -0.627822
v 2.457060 -1.400958 -0.539866
v 2.549322 -1.335209 -0.535156
v 2.617970 -1.235597 -0.520238
v 2.510841 -1.158786 -0.678057
v 2.670253 -1.108365 -0.544018
v 2.710721 -0.830091 -0.532493
v 2.857666 -0.930625 -0.391195
v 2.757946 -1.099958 -0.471684
v 2.847364 -1.103812 -0.402301
v 2.803736 -1.255869 -0.438328
v 2.740886 -1.339225 -0.463604
v 2.663024 -1.440487 -0.478149
v 2.515314 -1.507063 -0.483275
v 2.422296 -1.510915 -0.494169
v 2.249663 -1.492705 -0.531270
v 2.079600 -1.473377 -0.654997
v 2.960118 -0.941827 -0.284743
v 2.928787 -1.107467 -0.312054
v 2.893096 -1.302168 -0.332049
v 2.824356 -1.407256 -0.355013
v 2.721135 -1.520418 -0.362378
v 2.545261 -1.593300 -0.386310
v 2.396607 -1.593239 -0.389972
v 2.243492 -1.584783 -0.431143
v 2.048200 -1.581983 -0.555832
v 2.970902 -0.959664 0.000000
v 2.931756 -1.129655 0.000000
v 2.896234 -1.319560 0.000000
v 2.821376 -1.431534 0.000000
v 2.706963 -1.528854 0.000000
v 2.534227 -1.617078 0.000000
v 2.348182 -1.624595 0.000000
v 2.167167 -1.596326 0.000000
v 1.920432 -1.567396 0.000000
v 2.881063 -0.493146 -0.521968
v 2.736198 -0.346225 -0.659345
v 2.835437 -0.231101 -0.577890
v 2.986408 -0.413503 -0.428964
v 2.910769 -0.638444 -0.431191
v 2.825540 -0.567578 -0.552597
v 2.688131 -0.517509 -0.672975
v 2.647368 -0.611550 -0.669485
v 2.618307 -0.549092 -0.805491
v 2.993075 -0.708434 -0.342596
v 3.045715 -0.767786 -0.261741
v 3.065544 -0.788768 0.000000
v 3.107533 -0.691019 -0.264602
v 3.118124 -0.703925 0.000000
v 3.053144 -0.609681 -0.326931
v -2.033406 -0.910030 -0.964220
v -2.119856 -1.128800 -0.970960
v -2.306662 -1.116976 -0.961238
v -2.031698 -1.097344 -0.966701
v -1.782298 -1.020581 -0.943381
v -2.462835 -1.305500 -0.966395
v -2.337617 -1.334842 -0.966761
v -2.161843 -1.325837 -0.957465
v -2.042059 -1.312976 -0.940911
v -1.776785 -1.275107 -0.914703
v -1.709172 -1.283232 -0.897427
v -1.456655 -1.295527 -0.894240
v -2.591357 -1.510845 -0.885470
v -2.417777 -1.553136 -0.887222
v -2.223917 -1.541268 -0.879260
v -2.049879 -1.562369 -0.829319
v -1.777628 -1.473076 -0.845827
v -1.778934 -1.550199 -0.776454
v -1.686329 -1.414405 -0.869373
v -1.592146 -1.408592 -0.838483
v -1.552229 -1.555077 -0.735708
v -1.659758 -1.544361 -0.788181
v -1.366873 -1.340211 -0.907567
v -1.376186 -1.661988 -0.718954
v -1.198513 -1.456102 -0.885435
v -1.200688 -1.577575 -0.799188
v -0.953236 -1.545941 -0.899180
v -0.953236 -1.545941 -0.899180
v -1.091175 -1.707120 -0.727242
v -1.226563 -1.655159 -0.687343
v -1.200688 -1.577575 -0.799188
v -1.376186 -1.661988 -0.718954
v -1.089642 -1.757196 -0.685154
v -1.266738 -1.691944 -0.557922
v -0.972089 -1.774507 -0.768570
v -0.812845 -1.785424 -0.768511
v -0.535144 -1.615983 -0.920556
v -0.680046 -1.768325 -0.819080
v -0.564074 -1.789401 -0.803191
v -0.422877 -1.751200 -0.823423
v -0.063012 -1.583021 -0.865082
v -0.078470 -1.688266 -0.800230
v -0.094135 -1.769086 -0.556924
v -0.543078 -1.810473 -0.563825
v -0.977375 -1.793126 -0.498747
v -1.108758 -1.770749 -0.473033
v -1.305099 -1.708460 -0.484230
v -1.397474 -1.693815 -0.570541
v -1.397474 -1.693815 -0.570541
v -1.480217 -1.656600 -0.606638
v -1.376186 -1.661988 -0.718954
v -1.552229 -1.555077 -0.735708
v -1.601625 -1.593321 -0.605607
v -1.519339 -1.653776 -0.501741
v -1.406693 -1.697325 -0.450399
v -1.576196 -1.696317 -0.358146
v -1.386502 -1.718441 -0.350823
v -1.386502 -1.718441 -0.350823
v -1.406693 -1.697325 -0.450399
v -1.305099 -1.708460 -0.484230
v -0.972514 -1.822778 -0.372649
v -0.977375 -1.793126 -0.498747
v -0.543078 -1.810473 -0.563825
v -0.523838 -1.850065 -0.388007
v -0.094135 -1.769086 -0.556924
v -0.112666 -1.806584 -0.383324
v 0.489819 -1.524947 -0.672392
v 0.480235 -1.631521 -0.401961
v 0.446550 -1.672950 0.000000
v -0.155114 -1.828285 0.000000
v -0.530369 -1.860806 0.000000
v -0.956007 -1.825728 0.000000
v -1.395728 -1.723811 0.000000
v -1.386502 -1.718441 -0.350823
v -1.395728 -1.723811 0.000000
v -1.610025 -1.711571 0.000000
v -1.576196 -1.696317 -0.358146
v -1.799827 -1.753136 0.000000
v -1.764045 -1.764987 -0.406586
v -1.747790 -1.667608 -0.606340
v -1.601625 -1.593321 -0.605607
v -1.778934 -1.550199 -0.776454
v -1.659758 -1.544361 -0.788181
v -1.552229 -1.555077 -0.735708
v -2.734184 -1.717948 -0.749581
v -2.591357 -1.510845 -0.885470
v -2.417777 -1.553136 -0.887222
v -2.508885 -1.719933 -0.721675
v -2.223917 -1.541268 -0.879260
v -2.267049 -1.753901 -0.662106
v -2.049879 -1.562369 -0.829319
v -2.037371 -1.736360 -0.656787
v -1.883160 -1.829718 -0.401567
v -1.936032 -1.829617 -0.488916
v -2.027242 -1.813012 -0.555232
v -2.126375 -1.866497 -0.502895
v -2.176551 -1.873816 -0.445782
v -2.317557 -1.874200 -0.470587
v -2.446375 -1.893261 -0.494110
v -2.466779 -1.857679 -0.570461
v -2.547737 -1.833025 -0.609321
v -2.647220 -1.844010 -0.594347
v -2.699966 -1.850397 -0.570070
v -2.811581 -1.798210 -0.712737
v -2.941731 -1.787431 -0.442574
v -2.709403 -1.879947 -0.508775
v -2.684452 -1.891207 -0.447388
v -2.892162 -1.781087 0.000000
v -2.614084 -1.905005 -0.404925
v -2.656867 -1.853045 0.000000
v -2.503818 -1.909806 -0.431456
v -2.348005 -1.869142 0.000000
v -2.147113 -1.903198 -0.362462
v -2.062725 -1.884246 -0.307336
v -2.092921 -1.839622 0.000000
v -1.946306 -1.872735 -0.344251
v -1.089642 -1.757196 -0.685154
v -0.972089 -1.774507 -0.768570
v -0.977375 -1.793126 -0.498747
v -0.812845 -1.785424 -0.768511
v -3.139394 -1.687482 -0.638546
v -3.120907 -1.707924 -0.431829
v -3.314868 -1.599081 -0.439626
v -3.304804 -1.582192 -0.643445
v -3.442085 -1.484120 -0.406377
v -3.387254 -1.486027 -0.672861
v -3.557869 -1.325941 -0.378030
v -3.533910 -1.330455 -0.568246
v -3.639586 -1.140102 -0.333800
v -3.631179 -1.157838 -0.505610
v -3.686518 -0.955181 -0.320349
v -3.667859 -0.964867 -0.464702
v -3.676599 -0.729578 -0.330724
v -3.665774 -0.734080 -0.446286
v -3.616627 -0.350374 -0.338492
v -3.595973 -0.346391 -0.426453
v -3.570243 -0.060093 -0.344854
v -3.529709 -0.065998 -0.437217
v -3.535416 0.191408 -0.338478
v -3.516840 0.149002 -0.430359
v -3.536654 0.442277 -0.322000
v -3.552320 0.219613 -0.000000
v -3.544507 0.467147 -0.000000
v -3.583763 -0.052271 0.000000
v -3.637643 -0.356271 0.000000
v -3.673607 -0.720796 0.000000
v -3.678793 -0.926816 0.000000
v -3.650579 -1.142448 0.000000
v -3.522115 -1.366623 0.000000
v -3.417689 -1.494416 0.000000
v -3.271035 -1.609292 0.000000
v -3.110300 -1.691720 0.000000
v -2.941731 -1.787431 -0.442574
v -2.892162 -1.781087 0.000000
v -3.470778 -0.078218 -0.546398
v -3.526766 -0.317542 -0.560837
v -3.569993 -0.731989 -0.649435
v -3.550120 -0.984868 -0.675228
v -3.492599 -1.180646 -0.692282
v -3.335942 -1.365685 -0.724590
v -3.415655 -0.308965 -0.671045
v -3.283698 -0.730967 -0.793898
v -3.438226 -0.721479 -0.728141
v -3.355398 -0.969157 -0.766213
v -3.279790 -1.162072 -0.784602
v -3.251210 -0.948205 -0.819868
v -3.566995 0.656967 -0.000000
v -3.556552 0.704883 -0.280630
v -3.599077 0.796217 -0.000000
v -3.578170 0.837714 -0.288502
v 1.734568 -2.965876 -0.986396
v 1.718315 -2.775468 -0.921796
v 1.771416 -2.769024 -0.946100
v 1.806371 -2.949735 -0.984058
v 1.911792 -2.895773 -0.950117
v 1.880971 -2.733242 -0.890200
v 1.960643 -2.712860 -0.900890
v 2.021366 -2.881725 -0.945561
v 1.994078 -2.713047 -0.824553
v 2.057496 -2.887282 -0.844225
v 1.735077 -3.022732 -0.972751
v 1.802387 -3.089615 -0.961851
v 1.721745 -3.116887 -0.979111
v 1.811797 -3.135641 -0.933096
v 1.970051 -3.141862 -1.065178
v 2.110033 -3.148257 -1.068816
v 2.148880 -3.221616 -1.076203
v 2.031262 -3.256709 -1.111122
v 2.247981 -3.342804 -1.127459
v 2.138771 -3.397683 -1.214726
v 2.343303 -3.507846 -1.195262
v 2.254361 -3.550931 -1.235118
v 2.025468 -3.556842 -1.204841
v 1.981186 -3.441282 -1.180532
v 1.926176 -3.288880 -1.093746
v 1.886443 -3.191742 -1.047318
v 2.281229 -3.338250 -1.043475
v 2.201939 -3.226457 -0.996503
v 2.170039 -3.134504 -0.978866
v 2.091539 -3.032437 -0.947029
v 2.113587 -3.011851 -0.851648
v 2.217369 -3.156093 -0.888927
v 1.841888 -3.246003 -1.014774
v 1.865135 -3.353827 -1.054981
v 1.919391 -3.487078 -1.110869
v 1.980621 -3.043895 -0.964237
v 2.021366 -2.881725 -0.945561
v 2.057496 -2.887282 -0.844225
v 2.113587 -3.011851 -0.851648
v 2.091539 -3.032437 -0.947029
v 1.911792 -2.895773 -0.950117
v 1.848272 -2.927260 -0.996966
v 1.830669 -2.736121 -0.903313
v 1.880971 -2.733242 -0.890200
v 1.806371 -2.949735 -0.984058
v 1.771416 -2.769024 -0.946100
v 1.705953 -3.006628 -0.832630
v 1.735077 -3.022732 -0.972751
v 1.721745 -3.116887 -0.979111
v 1.709173 -3.133145 -0.807940
v 1.811797 -3.135641 -0.933096
v 1.806407 -3.173343 -0.834455
v 1.806407 -3.173343 -0.834455
v 1.811797 -3.135641 -0.933096
v 1.841888 -3.246003 -1.014774
v 1.832790 -3.296508 -0.865078
v 1.933899 -3.546253 -0.912438
v 1.919391 -3.487078 -1.110869
v 2.025468 -3.556842 -1.204841
v 2.078928 -3.584991 -0.917088
v 1.865135 -3.353827 -1.054981
v 1.839523 -3.405292 -0.883488
v 1.741854 -3.114181 -0.700705
v 1.709173 -3.133145 -0.807940
v 1.806407 -3.173343 -0.834455
v 1.900481 -3.131932 -0.728621
v 1.832790 -3.296508 -0.865078
v 1.929730 -3.298418 -0.689538
v 1.900481 -3.131932 -0.728621
v 1.806407 -3.173343 -0.834455
v 1.839523 -3.405292 -0.883488
v 1.941325 -3.434803 -0.701314
v 1.933899 -3.546253 -0.912438
v 2.002745 -3.523420 -0.688103
v 2.078928 -3.584991 -0.917088
v 2.126553 -3.549679 -0.701005
v 2.197935 -3.583948 -0.936437
v 2.244147 -3.545557 -0.732888
v 1.705953 -3.006628 -0.832630
v 1.709173 -3.133145 -0.807940
v 1.741854 -3.114181 -0.700705
v 1.776024 -2.980086 -0.707575
v 1.736425 -2.743683 -0.736866
v 1.700797 -2.794792 -0.824250
v 2.021366 -2.881725 -0.945561
v 2.091539 -3.032437 -0.947029
v 1.980621 -3.043895 -0.964237
v 1.911792 -2.895773 -0.950117
v 1.898573 -3.068274 -0.994338
v 1.980621 -3.043895 -0.964237
v 2.110033 -3.148257 -1.068816
v 1.970051 -3.141862 -1.065178
v 1.980621 -3.043895 -0.964237
v 1.898573 -3.068274 -0.994338
v 1.848272 -2.927260 -0.996966
v 1.911792 -2.895773 -0.950117
v 1.855134 -3.083228 -0.986129
v 1.806371 -2.949735 -0.984058
v 1.855134 -3.083228 -0.986129
v 1.898573 -3.068274 -0.994338
v 1.970051 -3.141862 -1.065178
v 1.886443 -3.191742 -1.047318
v 1.811797 -3.135641 -0.933096
v 1.841888 -3.246003 -1.014774
v 1.802387 -3.089615 -0.961851
v 1.855134 -3.083228 -0.986129
v 1.811797 -3.135641 -0.933096
v 1.735077 -3.022732 -0.972751
v 1.806371 -2.949735 -0.984058
v 1.705953 -3.006628 -0.832630
v 1.734568 -2.965876 -0.986396
v 2.217369 -3.156093 -0.888927
v 2.113587 -3.011851 -0.851648
v 2.073690 -3.020848 -0.782654
v 2.187495 -3.161535 -0.800285
v 2.113587 -3.011851 -0.851648
v 2.057496 -2.887282 -0.844225
v 2.001343 -2.847715 -0.762517
v 2.073690 -3.020848 -0.782654
v 2.170039 -3.134504 -0.978866
v 2.217369 -3.156093 -0.888927
v 2.236407 -3.220054 -0.892030
v 2.201939 -3.226457 -0.996503
v 2.247981 -3.342804 -1.127459
v 2.281229 -3.338250 -1.043475
v 2.386827 -3.462222 -1.136480
v 2.343303 -3.507846 -1.195262
v 2.327021 -3.352317 -0.958234
v 2.440236 -3.509564 -1.019417
v 2.309358 -3.345468 -0.801508
v 2.377814 -3.484109 -0.800332
v 2.235942 -3.243103 -0.823955
v 2.187495 -3.161535 -0.800285
v 1.741854 -3.114181 -0.700705
v 1.900481 -3.131932 -0.728621
v 1.857471 -2.950722 -0.669988
v 1.776024 -2.980086 -0.707575
v 1.998099 -3.039955 -0.718855
v 1.945632 -2.876710 -0.703118
v 2.073690 -3.020848 -0.782654
v 2.001343 -2.847715 -0.762517
v 1.884318 -2.724404 -0.701999
v 1.841282 -2.716008 -0.708009
v 1.972647 -2.728848 -0.772496
v 1.900481 -3.131932 -0.728621
v 1.929730 -3.298418 -0.689538
v 2.059222 -3.230076 -0.674936
v 1.998099 -3.039955 -0.718855
v 2.187495 -3.161535 -0.800285
v 2.073690 -3.020848 -0.782654
v 1.941325 -3.434803 -0.701314
v 2.107985 -3.363571 -0.677007
v 2.235942 -3.243103 -0.823955
v 1.776024 -2.980086 -0.707575
v 1.857471 -2.950722 -0.669988
v 1.841282 -2.716008 -0.708009
v 1.736425 -2.743683 -0.736866
v 2.107985 -3.363571 -0.677007
v 1.941325 -3.434803 -0.701314
v 2.002745 -3.523420 -0.688103
v 2.126553 -3.549679 -0.701005
v 2.235942 -3.243103 -0.823955
v 2.309358 -3.345468 -0.801508
v 2.244147 -3.545557 -0.732888
v 2.377814 -3.484109 -0.800332
v 2.440236 -3.509564 -1.019417
v 2.197935 -3.583948 -0.936437
v 2.078928 -3.584991 -0.917088
v 2.025468 -3.556842 -1.204841
v 2.254361 -3.550931 -1.235118
v -2.591357 -1.510845 -0.885470
v -2.734184 -1.717948 -0.749581
v -2.837147 -1.791733 -0.921563
v -2.687162 -1.539807 -0.988048
v -2.918293 -1.904184 -1.004659
v -2.765069 -1.561164 -1.084313
v -3.010917 -1.884498 -1.083510
v -2.862576 -1.546894 -1.117139
v -3.117476 -1.866892 -1.108034
v -2.955052 -1.496840 -1.128812
v -3.232610 -1.834299 -1.087832
v -3.063133 -1.440555 -1.090926
v -3.365990 -1.485170 -0.888076
v -3.490520 -1.760417 -0.903104
v -3.498521 -1.762078 -0.762472
v -3.387254 -1.486027 -0.672861
v -3.335942 -1.365685 -0.724590
v -3.319817 -1.365015 -0.886015
v -3.078699 -2.553982 -1.046834
v -3.162498 -2.556375 -1.058409
v -3.177824 -2.279173 -1.047580
v -3.068444 -2.260195 -1.035070
v -3.169489 -2.110039 -1.076796
v -3.047974 -2.109628 -1.063497
v -3.207447 -2.103206 -1.071366
v -3.251541 -2.564050 -1.023627
v -3.281816 -2.305055 -1.001878
v -3.327526 -2.075729 -1.005328
v -3.357996 -1.811803 -0.975625
v -3.347304 -2.573628 -0.955211
v -3.389388 -2.305625 -0.950348
v -3.451965 -2.077314 -0.931974
v -3.022819 -2.522240 -0.979148
v -3.007483 -2.270712 -0.984279
v -2.969687 -2.097941 -0.982836
v -2.892438 -1.950810 -0.878120
v -2.981187 -2.142718 -0.858353
v -3.030605 -2.311222 -0.884330
v -3.046610 -2.510881 -0.900772
v -2.964215 -1.978727 -0.776572
v -3.040398 -2.156239 -0.808208
v -3.120761 -2.157770 -0.766432
v -3.144012 -2.333635 -0.829994
v -3.066022 -1.953125 -0.719516
v -3.211005 -1.850398 -0.700723
v -3.253309 -2.137354 -0.760713
v -3.235873 -2.335338 -0.820588
v -3.240554 -2.555467 -0.856262
v -3.132772 -2.528669 -0.848639
v -3.304804 -1.582192 -0.643445
v -3.381262 -1.828189 -0.697034
v -3.139394 -1.687482 -0.638546
v -3.422698 -2.070796 -0.773898
v -3.339489 -2.328145 -0.827572
v -3.297886 -2.549020 -0.861657
v -3.463753 -2.079892 -0.844667
v -3.412068 -2.356105 -0.865813
v -3.372066 -2.569159 -0.904785
v -3.342096 -1.533989 -0.921628
v 1.953911 -2.462233 -0.830594
v 1.930747 -2.463535 -0.894743
v 1.985330 -2.221319 -0.893145
v 2.024530 -2.195334 -0.811284
v 2.013095 -2.051912 -0.911043
v 2.047696 -2.050138 -0.814712
v 2.021591 -1.755289 -0.912093
v 2.053108 -1.738285 -0.824853
v 2.036036 -1.579080 -0.967151
v 2.059844 -1.561331 -0.858957
v 1.678986 -2.513137 -0.891745
v 1.737623 -2.485017 -0.918334
v 1.771416 -2.769024 -0.946100
v 1.718315 -2.775468 -0.921796
v 1.648793 -2.280014 -0.929365
v 1.710406 -2.272223 -0.954296
v 1.624900 -2.087301 -0.963391
v 1.720031 -2.105568 -0.971354
v 1.572979 -1.827591 -0.985823
v 1.717145 -1.809530 -1.004092
v 1.541750 -1.643613 -1.014190
v 1.650318 -1.645881 -1.053347
v 1.586321 -2.273752 -0.880969
v 1.655948 -2.520927 -0.844269
v 1.529305 -2.092083 -0.887353
v 1.508714 -1.808578 -0.934359
v 1.480629 -1.640132 -0.953447
v 1.601290 -2.267132 -0.787696
v 1.663494 -2.485963 -0.790773
v 1.544087 -2.080722 -0.786432
v 1.473886 -1.818947 -0.799576
v 1.451825 -1.576856 -0.702758
v 1.677597 -2.237953 -0.696318
v 1.756349 -2.446399 -0.705428
v 1.643403 -2.076583 -0.689565
v 1.596751 -1.722028 -0.684655
v 1.599889 -1.595526 -0.623185
v 1.994078 -2.713047 -0.824553
v 1.960643 -2.712860 -0.900890
v 1.864064 -2.469953 -0.935601
v 1.880971 -2.733242 -0.890200
v 1.941767 -1.759457 -0.997454
v 1.937009 -1.625419 -1.026843
v 1.918641 -2.083654 -1.001275
v 1.906370 -2.282284 -0.964887
v 1.801127 -2.484690 -0.938593
v 1.830669 -2.736121 -0.903313
v 1.804927 -1.581954 -1.089198
v 1.818846 -1.756976 -1.023593
v 1.839224 -2.109267 -0.998351
v 1.818266 -2.313852 -0.968652
v 1.980621 -3.043895 -0.964237
v 2.091539 -3.032437 -0.947029
v 2.170039 -3.134504 -0.978866
v 2.197935 -3.583948 -0.936437
v 2.254361 -3.550931 -1.235118
v 2.343303 -3.507846 -1.195262
v 2.386827 -3.462222 -1.136480
v 2.440236 -3.509564 -1.019417
v 1.841282 -2.716008 -0.708009
v 1.756349 -2.446399 -0.705428
v 1.663494 -2.485963 -0.790773
v 1.736425 -2.743683 -0.736866
v 1.740323 -1.679830 -0.664098
v 1.721211 -1.590185 -0.601932
v 1.599889 -1.595526 -0.623185
v 1.596751 -1.722028 -0.684655
v 1.747671 -2.067518 -0.638841
v 1.643403 -2.076583 -0.689565
v 1.772999 -2.230292 -0.644940
v 1.677597 -2.237953 -0.696318
v 1.655948 -2.520927 -0.844269
v 1.700797 -2.794792 -0.824250
v 2.057496 -2.887282 -0.844225
v 1.994078 -2.713047 -0.824553
v 1.972647 -2.728848 -0.772496
v 2.001343 -2.847715 -0.762517
v 1.828658 -2.477348 -0.673470
v 1.884318 -2.724404 -0.701999
v 1.947264 -2.443232 -0.732587
v 1.921881 -2.157616 -0.692678
v 1.953911 -2.462233 -0.830594
v 1.991892 -1.748400 -0.652770
v 1.963153 -1.588839 -0.612861
v 1.945206 -2.015769 -0.672724
v 2.053108 -1.738285 -0.824853
v 2.059844 -1.561331 -0.858957
v 2.047696 -2.050138 -0.814712
v 2.024530 -2.195334 -0.811284
v 2.111557 -1.376942 -0.896570
v 2.141273 -1.234642 -0.941254
v 2.158051 -1.209613 -0.783941
v 2.126237 -1.330172 -0.721011
v 2.071448 -1.410118 -1.006192
v 2.099566 -1.259996 -1.055763
v 1.974215 -1.469208 -1.068951
v 1.966698 -1.228160 -1.153716
v 1.801794 -1.465464 -1.129277
v 1.805207 -1.268427 -1.165317
v 1.612396 -1.485728 -1.099731
v 1.601721 -1.262359 -1.141420
v 1.516700 -1.453050 -1.068516
v 1.497480 -1.283201 -1.088258
v 1.454817 -1.430228 -0.976569
v 1.430817 -1.301205 -1.024924
v 1.328862 -1.352627 -0.758733
v 1.348219 -1.282064 -0.845204
v 2.177450 -1.127765 -0.974416
v 2.180012 -1.130557 -0.821812
v 2.148553 -1.103067 -1.065410
v 2.024692 -1.074646 -1.172465
v 1.838895 -1.087204 -1.201408
v 1.645819 -1.087442 -1.173773
v 1.524407 -1.125312 -1.142248
v 1.438439 -1.148029 -1.098069
v 1.310865 -1.136322 -0.914838
v 2.079600 -1.473377 -0.654997
v 2.048200 -1.581983 -0.555832
v 1.804927 -1.581954 -1.089198
v 1.650318 -1.645881 -1.053347
v 1.937009 -1.625419 -1.026843
v 2.036036 -1.579080 -0.967151
v 2.222082 -0.957342 -1.014137
v 2.229345 -0.992723 -0.862826
v 1.635139 -0.965221 -1.184968
v 1.867657 -0.920633 -1.206933
v 2.058189 -0.931238 -1.163518
v 2.158585 -0.955809 -1.113647
v 1.480629 -1.640132 -0.953447
v 1.451825 -1.576856 -0.702758
v 1.337875 -0.945716 -1.021299
v 1.428883 -0.986690 -1.133905
v 1.541750 -1.643613 -1.014190
v 1.536037 -0.985876 -1.185597
v 3.233975 2.059193 -0.072431
v 3.009101 1.971604 -0.034220
v 2.985371 1.982663 -0.000000
v 3.247406 2.073333 -0.000000
v 3.252224 2.026347 -0.148215
v 3.036361 1.913989 -0.169838
v 3.276333 1.863773 -0.294266
v 3.058366 1.773346 -0.297337
v 3.337545 1.748927 -0.340210
v 3.086666 1.632991 -0.338863
v 3.377233 1.587800 -0.400781
v 3.115383 1.492390 -0.380228
v 3.473410 1.366149 -0.454658
v 3.163181 1.209972 -0.462438
v 3.528445 1.060127 -0.489443
v 3.189664 0.907503 -0.500122
v 3.559394 0.706516 -0.452535
v 3.280681 0.510802 -0.499434
v 3.619650 0.472046 -0.391742
v 3.321825 0.266690 -0.465750
v 3.641195 0.407454 -0.362198
v 3.360040 0.165487 -0.412685
v 3.674710 0.338839 -0.307840
v 3.378799 0.073736 -0.355362
v 3.700363 0.265794 -0.240762
v 3.438950 -0.082580 -0.257015
v 3.737014 0.181837 -0.176819
v 3.514981 -0.121886 -0.187589
v 3.731689 0.186391 -0.000000
v 3.486028 -0.141683 0.000000
v 3.716360 2.343387 -0.000000
v 3.727093 2.308406 -0.150049
v 3.458300 2.151656 -0.102662
v 3.454971 2.169877 -0.000000
v 4.120842 0.627141 -0.185461
v 4.126565 0.642027 -0.000000
v 3.929251 0.411689 -0.000000
v 3.955635 0.432417 -0.197586
v 3.889626 0.475277 -0.247365
v 4.105198 0.672581 -0.300001
v 3.861841 0.560638 -0.311961
v 4.068249 0.798926 -0.400813
v 3.849352 0.664451 -0.387198
v 4.041657 1.039756 -0.496922
v 3.823137 0.853054 -0.461519
v 3.988510 1.297806 -0.539537
v 3.747724 1.184933 -0.518662
v 3.886058 1.550141 -0.504830
v 3.650974 1.463740 -0.478617
v 3.881998 1.764428 -0.476337
v 3.590526 1.701090 -0.411994
v 3.814876 1.968416 -0.443000
v 3.541188 1.849183 -0.386366
v 3.758215 2.206683 -0.323051
v 3.479418 1.978250 -0.317478
v 3.745669 2.266001 -0.241930
v 3.460196 2.103494 -0.180368
v 3.118124 -0.703925 0.000000
v 3.107533 -0.691019 -0.264602
v 3.342159 -0.384674 -0.201349
v 3.335210 -0.375755 0.000000
v 2.361089 1.766660 -0.202595
v 2.339597 1.807702 -0.000000
v 2.723503 1.898839 -0.000000
v 2.715712 1.828219 -0.167709
v 2.406969 1.645328 -0.341479
v 2.738132 1.687333 -0.295046
v 2.519027 1.485931 -0.422962
v 2.775680 1.538710 -0.352829
v 2.553871 1.284278 -0.512335
v 2.815366 1.377583 -0.413399
v 2.637461 1.017260 -0.581611
v 2.854291 1.093951 -0.494650
v 2.747937 0.712253 -0.615674
v 2.948387 0.783357 -0.515058
v 2.811504 0.469098 -0.657443
v 3.061090 0.397226 -0.574193
v 2.898733 0.271916 -0.651298
v 2.919870 0.084875 -0.642460
v 3.136321 0.171237 -0.539896
v 2.953029 -0.127690 -0.520499
v 3.166160 0.021310 -0.457261
v 2.986408 -0.413503 -0.428964
v 3.199571 -0.153739 -0.380150
v 3.053144 -0.609681 -0.326931
v 3.286426 -0.300744 -0.276331
v 2.835437 -0.231101 -0.577890
v 2.753156 0.400829 -0.713141
v 2.679445 0.687427 -0.720573
v 2.790681 0.219187 -0.718263
v 2.790657 0.044324 -0.717488
v 2.736198 -0.346225 -0.659345
v 2.743995 -0.129852 -0.718277
v 2.514162 0.988713 -0.674527
v 2.482917 0.997637 -0.702425
v 2.396355 1.242239 -0.597722
v 2.618307 -0.549092 -0.805491
v 2.539200 -0.727778 -0.750475
v 2.410367 -0.777999 -0.841105
v 2.543372 -0.548031 -0.937182
v 2.690576 -0.368057 -0.819343
v 2.594499 -0.422948 -0.981263
v 2.702577 -0.197406 -0.795611
v 2.607430 -0.208248 -0.974218
v 2.734183 0.038769 -0.865810
v 2.649413 0.031535 -1.024796
v 2.731512 0.219003 -0.891585
v 2.668936 0.206182 -1.014371
v 2.706960 0.393597 -0.849582
v 2.616001 0.447717 -0.960748
v 2.604217 0.728827 -0.769671
v 2.570400 0.738683 -0.830405
v 2.688131 -0.517509 -0.672975
v 2.542439 0.999928 -0.648592
v 2.132390 1.755821 -0.180271
v 2.128139 1.788397 -0.000000
v 2.183003 1.654070 -0.341767
v 2.301359 1.397721 -0.546015
v 2.292449 -0.871852 -0.882400
v 2.245624 -0.864372 -0.995778
v 2.346081 -0.745350 -1.013296
v 2.096552 1.678482 -0.326810
v 2.069379 1.727818 -0.212746
v 2.189848 1.468992 -0.517501
v 2.266003 1.273253 -0.663332
v 2.347317 1.066114 -0.758763
v 2.399389 0.782091 -0.915279
v 2.448969 0.529858 -1.037335
v 2.495354 0.250522 -1.132081
v 2.500490 -0.035029 -1.170179
v 2.452588 -0.244072 -1.138797
v 2.439827 -0.395385 -1.131324
v 2.384638 -0.591919 -1.043058
v 2.013534 -0.662303 -1.191491
v 2.108912 -0.357128 -1.259691
v 2.042206 1.777154 -0.000000
v 1.807583 1.756546 -0.177627
v 1.794465 1.787719 -0.000000
v 2.136269 -0.187666 -1.278057
v 2.141790 -0.055306 -1.295565
v 2.081700 0.283249 -1.259461
v 2.023441 0.529338 -1.144399
v 1.975941 0.827957 -1.018423
v 1.958254 1.130271 -0.861813
v 1.859443 1.450393 -0.632222
v 1.821946 1.618209 -0.403751
v 1.798719 1.714447 -0.259352
v 0.737904 1.604213 -0.281713
v 0.223642 1.684075 -0.160743
v 0.234527 1.730117 -0.000000
v 0.733818 1.740873 -0.000000
v 0.725959 1.478055 -0.461804
v 0.237330 1.595746 -0.288672
v 0.760722 1.205036 -0.700545
v 0.289039 1.496446 -0.430055
v 0.857323 0.985001 -0.874029
v 0.305671 1.298417 -0.629719
v 0.921312 0.755659 -0.999330
v 0.243473 1.134082 -0.819993
v 0.939271 0.379986 -1.185872
v 0.316341 0.785311 -1.086260
v 0.927775 0.195225 -1.233043
v 0.539252 0.353984 -1.254493
v 0.950215 0.042751 -1.256188
v 0.539150 0.148262 -1.321014
v 0.943855 -0.101127 -1.274771
v 0.516872 -0.020713 -1.356627
v 0.960321 -0.308052 -1.243133
v 0.542386 -0.188227 -1.370375
v 0.974530 -0.525273 -1.140353
v 0.546875 -0.390940 -1.363244
v 0.948819 -0.638568 -1.102958
v 0.550658 -0.633015 -1.331311
v 0.939974 -0.894739 -1.019809
v 0.527724 -0.862854 -1.253811
v 0.956456 -1.070504 -0.921063
v 0.544825 -1.133123 -1.096902
v 0.930660 -1.216516 -0.831196
v 0.530629 -1.316423 -0.929842
v 0.922703 -1.296032 -0.728307
v 0.538756 -1.408602 -0.764911
v 0.912699 -1.455066 -0.576185
v 0.489819 -1.524947 -0.672392
v 0.912989 -1.499314 -0.419547
v 0.480235 -1.631521 -0.401961
v 0.927497 -1.558489 0.000000
v 0.446550 -1.672950 0.000000
v -0.221516 1.686349 -0.151403
v -0.559706 1.694180 -0.186107
v -0.547248 1.742126 -0.000000
v -0.228904 1.734267 -0.000000
v -0.267035 1.627058 -0.266577
v -0.557624 1.641278 -0.271462
v -0.247999 1.565146 -0.389142
v -0.626493 1.585426 -0.443136
v -0.179548 1.471301 -0.544513
v -0.597781 1.489620 -0.641047
v -0.192546 1.305535 -0.700080
v -0.674657 1.333008 -0.761059
v -0.406155 1.005088 -0.971088
v -0.910602 1.204118 -0.837740
v -0.115190 0.458427 -1.346197
v -0.969076 0.901205 -1.146223
v 0.005537 0.163519 -1.472265
v -0.752416 0.438132 -1.467349
v 0.018086 0.002865 -1.523199
v -0.645496 0.179261 -1.584316
v 0.034087 -0.225059 -1.542949
v -0.536767 -0.144454 -1.682232
v 0.010486 -0.502317 -1.576297
v -0.533528 -0.582280 -1.701405
v 0.021051 -0.831931 -1.511548
v -0.505045 -0.913827 -1.645612
v -0.041570 -1.143825 -1.395176
v -0.487217 -1.193519 -1.504026
v -0.071941 -1.346991 -1.237379
v -0.524231 -1.399266 -1.313019
v -0.072300 -1.450245 -1.087397
v -0.526127 -1.495000 -1.167736
v -0.063012 -1.583021 -0.865082
v -0.535144 -1.615983 -0.920556
v -0.894132 1.712652 -0.151911
v -1.215563 1.757097 -0.133494
v -1.179474 1.786649 -0.000000
v -0.866132 1.754670 -0.000000
v -0.954897 1.677544 -0.293034
v -1.227613 1.709095 -0.276029
v -1.017767 1.607824 -0.541965
v -1.292756 1.656509 -0.514030
v -1.046070 1.509097 -0.761060
v -1.338488 1.613735 -0.725441
v -1.115594 1.392380 -0.819623
v -1.403848 1.533059 -0.902827
v -1.278903 1.192051 -0.946843
v -1.551526 1.400025 -1.050193
v -1.200768 0.978822 -1.103391
v -1.552899 1.128654 -1.151040
v -1.147922 0.807955 -1.254191
v -1.454529 0.875045 -1.238858
v -1.120716 0.424016 -1.456990
v -1.405685 0.573835 -1.352181
v -1.077307 0.165008 -1.553393
v -1.479588 0.295746 -1.440042
v -1.053434 -0.342553 -1.690245
v -1.489699 -0.024215 -1.510987
v -1.077209 -0.869649 -1.633144
v -1.395501 -0.698702 -1.553257
v -1.061272 -1.141877 -1.496230
v -1.376176 -0.948757 -1.451608
v -1.001366 -1.335897 -1.353338
v -1.402349 -1.127845 -1.309055
v -0.952525 -1.440582 -1.168650
v -1.407658 -1.236026 -1.112930
v 1.644178 -0.857872 -1.208494
v 1.640095 -0.674556 -1.246804
v 1.462507 1.745481 -0.222394
v 1.456656 1.785879 -0.000000
v 1.483832 1.697594 -0.288781
v 1.497138 1.618935 -0.401108
v 1.504951 1.483493 -0.585976
v 1.517126 1.334367 -0.741076
v 1.570685 0.938327 -0.989108
v 1.582203 0.771083 -1.068180
v 1.630080 0.420236 -1.172369
v 1.649027 0.224458 -1.211969
v 1.660355 0.019397 -1.246002
v 1.664159 -0.189659 -1.266729
v 1.678622 -0.410061 -1.291177
v 1.604939 -1.556997 0.000000
v 1.920432 -1.567396 0.000000
v 1.210555 -1.460061 -0.576841
v 1.192040 -1.330605 -0.678707
v 1.223415 -1.532658 -0.434522
v 1.289448 -1.546597 0.000000
v 1.219163 -1.218342 -0.823029
v 1.252961 -0.928825 -1.001643
v 1.373216 -0.564620 -1.106245
v 1.230116 -1.085439 -0.894543
v -0.078470 -1.688266 -0.800230
v -0.094135 -1.769086 -0.556924
v -0.953236 -1.545941 -0.899180
v 2.881063 -0.493146 -0.521968
v 2.663024 -1.440487 -0.478149
v 2.740886 -1.339225 -0.463604
v 2.824356 -1.407256 -0.355013
v -1.365948 1.769608 -0.133901
v -1.350950 1.807009 -0.000000
v -1.396332 1.723782 -0.267642
v -1.417595 1.676180 -0.529265
v -1.465432 1.655336 -0.722125
v -1.582187 1.567542 -0.982349
v -1.721806 1.391264 -1.113307
v -1.733703 1.083864 -1.181489
v -1.807421 0.657142 -1.209422
v -1.796156 0.452382 -1.243643
v -1.810920 0.287592 -1.292257
v -1.795130 0.033439 -1.371160
v -1.802864 -0.282523 -1.401315
v -1.837859 -0.540871 -1.295851
v -1.782928 -0.770786 -1.173619
v -1.757573 -0.945337 -1.075832
v -1.683863 1.789041 -0.121501
v -1.676510 1.826886 -0.000000
v -1.714432 1.747956 -0.247594
v -1.744732 1.734849 -0.433807
v -1.929731 1.617188 -0.806390
v -1.996117 1.387891 -1.064104
v -1.980388 1.134038 -1.143196
v -2.013663 0.810726 -1.158827
v -2.030191 0.547622 -1.189762
v -2.021159 0.411979 -1.234679
v -1.932916 0.232972 -1.304589
v -1.897394 0.037852 -1.365798
v -1.950547 -0.275573 -1.377028
v -2.033655 -0.526012 -1.277639
v -2.050292 -0.755566 -1.114167
v -2.043593 -0.875823 -1.028879
v -1.782298 -1.020581 -0.943381
v -2.033406 -0.910030 -0.964220
v -1.198513 -1.456102 -0.885435
v -1.456655 -1.295527 -0.894240
v -1.366873 -1.340211 -0.907567
v -2.079597 1.817785 -0.138375
v -2.057387 1.841308 -0.000000
v -2.100170 1.789980 -0.229245
v -2.137524 1.753182 -0.433142
v -2.172139 1.623010 -0.805318
v -2.205791 1.356023 -1.081662
v -2.296056 1.062810 -1.171139
v -2.298249 0.768333 -1.203884
v -2.256285 0.547326 -1.238301
v -2.158400 0.381542 -1.272962
v -2.070413 0.207766 -1.335106
v -2.064786 0.018789 -1.411866
v -2.187634 -0.375454 -1.406902
v -2.276341 -0.689823 -1.268026
v -2.292049 -0.933921 -1.128136
v -2.299356 -1.025449 -1.044687
v -2.306662 -1.116976 -0.961238
v -2.672899 1.905110 -0.067168
v -2.629466 1.918204 -0.000000
v -2.697367 1.871291 -0.218796
v -2.703112 1.825435 -0.395127
v -2.715246 1.746763 -0.604653
v -2.717480 1.576797 -0.875971
v -2.684930 1.262021 -1.110490
v -2.572286 0.835495 -1.252192
v -2.536112 0.656633 -1.269661
v -2.520947 0.559036 -1.273617
v -2.473750 0.300945 -1.316695
v -2.433366 0.078222 -1.371269
v -2.414730 -0.108377 -1.395384
v -2.382920 -0.417450 -1.375045
v -2.430508 -0.822313 -1.254486
v -2.566746 -1.211312 -1.167101
v -3.053102 1.968810 -0.051104
v -3.037562 2.001526 -0.000000
v -3.077669 1.871112 -0.217368
v -3.075310 1.846000 -0.363149
v -3.109047 1.789477 -0.565323
v -3.085650 1.657340 -0.784479
v -3.028932 1.461517 -0.941324
v -2.930312 1.103580 -1.125876
v -2.825835 0.755899 -1.209042
v -2.790630 0.468810 -1.224273
v -2.787011 0.264495 -1.237352
v -2.687022 0.076781 -1.290565
v -2.649338 -0.241719 -1.339644
v -2.616467 -0.511373 -1.344133
v -2.624856 -0.888200 -1.261176
v -2.725776 -1.214862 -1.190384
v -2.765069 -1.561164 -1.084313
v -2.862576 -1.546894 -1.117139
v -3.358510 1.810253 -0.380095
v -3.519716 1.685231 -0.317130
v -3.507689 1.700214 -0.000000
v -3.392806 1.769365 -0.000000
v -3.395381 1.726325 -0.554770
v -3.527168 1.583508 -0.512679
v -3.338742 1.598933 -0.689636
v -3.512997 1.448050 -0.611386
v -3.278080 1.432418 -0.853958
v -3.476235 1.287798 -0.704766
v -3.244771 1.195540 -0.910945
v -3.442151 1.105486 -0.762934
v -3.196410 0.797564 -0.985913
v -3.379131 0.767915 -0.885996
v -3.112555 0.457376 -1.084816
v -3.306875 0.379713 -0.987620
v -3.044646 0.224321 -1.164934
v -3.251181 0.175063 -1.053445
v -2.971546 0.032038 -1.215971
v -3.160225 -0.018852 -1.113626
v -2.907080 -0.345582 -1.281557
v -3.101125 -0.354760 -1.162409
v -2.901159 -0.619504 -1.284058
v -3.096267 -0.668100 -1.140081
v -2.937658 -1.002749 -1.219413
v -3.122061 -0.998702 -1.065015
v -2.982676 -1.264649 -1.133596
v -3.150210 -1.259588 -1.001021
v -3.063133 -1.440555 -1.090926
v -3.188954 -1.408279 -0.963611
v -3.734989 1.589433 -0.295202
v -3.690685 1.602080 -0.000000
v -3.697974 1.466697 -0.433432
v -3.684619 1.350690 -0.501428
v -3.655148 1.190938 -0.573692
v -3.639878 1.015186 -0.615203
v -3.582867 0.734419 -0.697787
v -3.504525 0.405574 -0.847066
v -3.424258 0.158638 -0.918279
v -3.365413 -0.113447 -0.952400
v -3.290393 -0.424259 -0.984153
v -3.233333 -0.683782 -1.015512
v -3.238094 -0.979377 -0.961631
v -3.277510 -1.177346 -0.915300
v -3.319817 -1.365015 -0.886015
v -3.709741 1.351194 -0.211745
v -3.709827 1.417763 -0.000000
v -3.701634 1.272650 -0.270469
v -3.695872 1.156978 -0.316829
v -3.672431 1.044224 -0.364991
v -3.664355 0.932851 -0.370749
v -3.631292 0.701013 -0.420276
v -3.570384 0.385564 -0.524480
v -3.520188 0.140164 -0.618561
v -3.458251 -0.125950 -0.731712
v -3.406618 -0.343461 -0.746456
v -3.283698 -0.730967 -0.793898
v -2.687162 -1.539807 -0.988048
v -2.462835 -1.305500 -0.966395
v -2.591357 -1.510845 -0.885470
v -2.955052 -1.496840 -1.128812
v -3.232610 -1.834299 -1.087832
v -3.357996 -1.811803 -0.975625
v -3.342096 -1.533989 -0.921628
v -3.365990 -1.485170 -0.888076
v -2.892438 -1.950810 -0.878120
v -2.734184 -1.717948 -0.749581
v -2.811581 -1.798210 -0.712737
v -2.964215 -1.978727 -0.776572
v -2.837147 -1.791733 -0.921563
v -3.030605 -2.311222 -0.884330
v -3.144012 -2.333635 -0.829994
v -3.132772 -2.528669 -0.848639
v -3.046610 -2.510881 -0.900772
v -3.302419 -3.017921 -1.128514
v -3.320330 -2.827513 -1.063914
v -3.261810 -2.821069 -1.088218
v -3.223286 -3.001780 -1.126176
v -3.107105 -2.947818 -1.092235
v -3.141072 -2.785287 -1.032318
v -3.053267 -2.764905 -1.043008
v -2.986345 -2.933770 -1.087679
v -3.016419 -2.765091 -0.966671
v -2.946527 -2.939327 -0.986343
v -3.301857 -3.074776 -1.114869
v -3.227676 -3.141660 -1.103969
v -3.316551 -3.168932 -1.121229
v -3.217306 -3.187686 -1.075214
v -3.042899 -3.193907 -1.207296
v -2.888628 -3.200302 -1.210934
v -2.845816 -3.273661 -1.218321
v -2.975439 -3.308754 -1.253240
v -2.736599 -3.394849 -1.269577
v -2.856957 -3.449728 -1.356844
v -2.631547 -3.559891 -1.337380
v -2.729567 -3.602976 -1.377236
v -2.981824 -3.608887 -1.346959
v -3.030627 -3.493327 -1.322650
v -3.091252 -3.340925 -1.235864
v -3.135041 -3.243787 -1.189436
v -2.699957 -3.390295 -1.185593
v -2.787341 -3.278502 -1.138621
v -2.822497 -3.186549 -1.120984
v -2.909010 -3.084482 -1.089147
v -2.884711 -3.063896 -0.993766
v -2.770335 -3.208138 -1.031045
v -3.184143 -3.298048 -1.156892
v -3.158524 -3.405872 -1.197099
v -3.098730 -3.539123 -1.252987
v -3.031250 -3.095940 -1.106355
v -2.986345 -2.933770 -1.087679
v -2.946527 -2.939327 -0.986343
v -2.884711 -3.063896 -0.993766
v -2.909010 -3.084482 -1.089147
v -3.107105 -2.947818 -1.092235
v -3.177108 -2.979305 -1.139084
v -3.196508 -2.788166 -1.045431
v -3.141072 -2.785287 -1.032318
v -3.223286 -3.001780 -1.126176
v -3.261810 -2.821069 -1.088218
v -3.333954 -3.058673 -0.974748
v -3.301857 -3.074776 -1.114869
v -3.316551 -3.168932 -1.121229
v -3.330406 -3.185190 -0.950058
v -3.217306 -3.187686 -1.075214
v -3.223246 -3.225388 -0.976573
v -3.223246 -3.225388 -0.976573
v -3.217306 -3.187686 -1.075214
v -3.184143 -3.298048 -1.156892
v -3.194170 -3.348553 -1.007196
v -3.082741 -3.598298 -1.054556
v -3.098730 -3.539123 -1.252987
v -2.981824 -3.608887 -1.346959
v -2.922908 -3.637036 -1.059206
v -3.158524 -3.405872 -1.197099
v -3.186750 -3.457336 -1.025606
v -3.294389 -3.166225 -0.842823
v -3.330406 -3.185190 -0.950058
v -3.223246 -3.225388 -0.976573
v -3.119570 -3.183977 -0.870739
v -3.194170 -3.348553 -1.007196
v -3.087335 -3.350463 -0.831656
v -3.119570 -3.183977 -0.870739
v -3.223246 -3.225388 -0.976573
v -3.186750 -3.457336 -1.025606
v -3.074557 -3.486847 -0.843432
v -3.082741 -3.598298 -1.054556
v -3.006867 -3.575464 -0.830221
v -2.922908 -3.637036 -1.059206
v -2.870422 -3.601724 -0.843123
v -2.791754 -3.635993 -1.078555
v -2.740824 -3.597601 -0.875006
v -3.333954 -3.058673 -0.974748
v -3.330406 -3.185190 -0.950058
v -3.294389 -3.166225 -0.842823
v -3.256731 -3.032131 -0.849693
v -3.300372 -2.795728 -0.878984
v -3.339637 -2.846837 -0.966368
v -2.986345 -2.933770 -1.087679
v -2.909010 -3.084482 -1.089147
v -3.031250 -3.095940 -1.106355
v -3.107105 -2.947818 -1.092235
v -3.121673 -3.120319 -1.136456
v -3.031250 -3.095940 -1.106355
v -2.888628 -3.200302 -1.210934
v -3.042899 -3.193907 -1.207296
v -3.031250 -3.095940 -1.106355
v -3.121673 -3.120319 -1.136456
v -3.177108 -2.979305 -1.139084
v -3.107105 -2.947818 -1.092235
v -3.169546 -3.135273 -1.128247
v -3.223286 -3.001780 -1.126176
v -3.169546 -3.135273 -1.128247
v -3.121673 -3.120319 -1.136456
v -3.042899 -3.193907 -1.207296
v -3.135041 -3.243787 -1.189436
v -3.217306 -3.187686 -1.075214
v -3.184143 -3.298048 -1.156892
v -3.227676 -3.141660 -1.103969
v -3.169546 -3.135273 -1.128247
v -3.217306 -3.187686 -1.075214
v -3.301857 -3.074776 -1.114869
v -3.223286 -3.001780 -1.126176
v -3.333954 -3.058673 -0.974748
v -3.302419 -3.017921 -1.128514
v -3.339637 -2.846837 -0.966368
v -3.320330 -2.827513 -1.063914
v -2.770335 -3.208138 -1.031045
v -2.884711 -3.063896 -0.993766
v -2.928681 -3.072892 -0.924772
v -2.803260 -3.213580 -0.942403
v -2.884711 -3.063896 -0.993766
v -2.946527 -2.939327 -0.986343
v -3.008412 -2.899760 -0.904635
v -2.928681 -3.072892 -0.924772
v -2.822497 -3.186549 -1.120984
v -2.770335 -3.208138 -1.031045
v -2.749355 -3.272099 -1.034148
v -2.787341 -3.278502 -1.138621
v -2.736599 -3.394849 -1.269577
v -2.699957 -3.390295 -1.185593
v -2.583580 -3.514267 -1.278598
v -2.631547 -3.559891 -1.337380
v -2.649491 -3.404362 -1.100352
v -2.524720 -3.561609 -1.161535
v -2.668957 -3.397513 -0.943626
v -2.593513 -3.536154 -0.942450
v -2.749867 -3.295148 -0.966073
v -2.803260 -3.213580 -0.942403
v -3.294389 -3.166225 -0.842823
v -3.119570 -3.183977 -0.870739
v -3.166971 -3.002766 -0.812106
v -3.256731 -3.032131 -0.849693
v -3.011987 -3.092000 -0.860973
v -3.069810 -2.928755 -0.845236
v -2.928681 -3.072892 -0.924772
v -3.008412 -2.899760 -0.904635
v -3.137383 -2.776449 -0.844117
v -3.184812 -2.768053 -0.850127
v -3.040038 -2.780893 -0.914614
v -3.119570 -3.183977 -0.870739
v -3.087335 -3.350463 -0.831656
v -2.944625 -3.282121 -0.817054
v -3.011987 -3.092000 -0.860973
v -2.803260 -3.213580 -0.942403
v -2.928681 -3.072892 -0.924772
v -3.074557 -3.486847 -0.843432
v -2.890885 -3.415616 -0.819125
v -2.749867 -3.295148 -0.966073
v -3.256731 -3.032131 -0.849693
v -3.166971 -3.002766 -0.812106
v -3.184812 -2.768053 -0.850127
v -3.300372 -2.795728 -0.878984
v -2.890885 -3.415616 -0.819125
v -3.074557 -3.486847 -0.843432
v -3.006867 -3.575464 -0.830221
v -2.870422 -3.601724 -0.843123
v -2.749867 -3.295148 -0.966073
v -2.668957 -3.397513 -0.943626
v -2.740824 -3.597601 -0.875006
v -2.593513 -3.536154 -0.942450
v -2.524720 -3.561609 -1.161535
v -2.791754 -3.635993 -1.078555
v -2.922908 -3.637036 -1.059206
v -2.981824 -3.608887 -1.346959
v -2.729567 -3.602976 -1.377236
v -3.031250 -3.095940 -1.106355
v -2.909010 -3.084482 -1.089147
v -2.822497 -3.186549 -1.120984
v -2.631547 -3.559891 -1.337380
v -2.583580 -3.514267 -1.278598
v -2.946527 -2.939327 -0.986343
v -3.016419 -2.765091 -0.966671
v -3.040038 -2.780893 -0.914614
v -3.008412 -2.899760 -0.904635
v -3.053267 -2.764905 -1.043008
v -3.141072 -2.785287 -1.032318
v -3.162498 -2.556375 -1.058409
v -3.078699 -2.553982 -1.046834
v -3.320330 -2.827513 -1.063914
v -3.339637 -2.846837 -0.966368
v -3.372066 -2.569159 -0.904785
v -3.347304 -2.573628 -0.955211
v -3.261810 -2.821069 -1.088218
v -3.251541 -2.564050 -1.023627
v -3.196508 -2.788166 -1.045431
v -3.022819 -2.522240 -0.979148
v -3.297886 -2.549020 -0.861657
v -3.300372 -2.795728 -0.878984
v -3.240554 -2.555467 -0.856262
v -3.184812 -2.768053 -0.850127
v -3.132772 -2.528669 -0.848639
v -3.137383 -2.776449 -0.844117
v -3.046610 -2.510881 -0.900772
v -3.279790 -1.162072 -0.784602
v -3.277510 -1.177346 -0.915300
v -3.319817 -1.365015 -0.886015
v -3.335942 -1.365685 -0.724590
v -3.251210 -0.948205 -0.819868
v -3.283698 -0.730967 -0.793898
v -3.233333 -0.683782 -1.015512
v -3.238094 -0.979377 -0.961631
v -3.415655 -0.308965 -0.671045
v -3.406618 -0.343461 -0.746456
v -3.556552 0.704883 -0.280630
v -3.578170 0.837714 -0.288502
v -3.664355 0.932851 -0.370749
v -3.631292 0.701013 -0.420276
v -3.536654 0.442277 -0.322000
v -3.570384 0.385564 -0.524480
v -3.516840 0.149002 -0.430359
v -3.520188 0.140164 -0.618561
v -3.470778 -0.078218 -0.546398
v -3.458251 -0.125950 -0.731712
v -3.623861 0.911561 -0.000000
v -3.599077 0.796217 -0.000000
v -3.601668 1.293049 -0.000000
v -3.709827 1.417763 -0.000000
v -3.709741 1.351194 -0.211745
v -3.701634 1.272650 -0.270469
v -3.608593 1.163581 -0.000000
v -3.695872 1.156978 -0.316829
v -3.622326 1.005378 -0.000000
v -3.672431 1.044224 -0.364991
v -3.900566 1.002504 -0.000000
v -3.887340 1.003866 -0.057635
v -3.844470 0.498176 -0.053132
v -3.856649 0.496801 -0.000000
v -3.875140 1.480358 -0.000000
v -3.860820 1.479723 -0.062137
v -3.712832 1.794492 -0.000000
v -3.698925 1.787941 -0.066640
v -3.478430 1.975409 -0.000000
v -3.469715 1.961504 -0.071141
v -3.242148 2.021387 -0.000000
v -3.238225 2.005405 -0.075645
v -3.851206 1.007586 -0.099831
v -3.811194 0.501935 -0.092033
v -3.821694 1.477989 -0.107631
v -3.660928 1.770041 -0.115431
v -3.445903 1.923509 -0.123229
v -3.227504 1.961738 -0.131029
v -3.801840 1.012668 -0.115288
v -3.765736 0.507070 -0.106281
v -3.768245 1.475619 -0.124295
v -3.609021 1.745588 -0.133304
v -3.413372 1.871604 -0.142309
v -3.752468 1.017751 -0.099865
v -3.720269 0.512205 -0.092064
v -3.714787 1.473248 -0.107668
v -3.557104 1.721130 -0.115470
v -3.380836 1.819691 -0.123273
v -3.716312 1.021474 -0.057693
v -3.686972 0.515966 -0.053185
v -3.675638 1.471512 -0.062201
v -3.519086 1.703220 -0.066709
v -3.357009 1.781675 -0.071216
v -3.703058 1.022838 -0.000069
v -3.674766 0.517345 -0.000063
v -3.661286 1.470876 -0.000074
v -3.507689 1.700214 -0.000000
v -3.348274 1.767738 -0.000085
v -3.077669 1.871112 -0.217368
v -3.037562 2.001526 -0.000000
v -3.053102 1.968810 -0.051104
v -3.358510 1.810253 -0.380095
v -3.075310 1.846000 -0.363149
v -1.883160 -1.829718 -0.401567
v -1.933565 -1.993029 -0.438902
v -1.971059 -1.992958 -0.500845
v -1.936032 -1.829617 -0.488916
v -2.035740 -1.981182 -0.547873
v -2.027242 -1.813012 -0.555232
v -2.106039 -2.019111 -0.510759
v -2.126375 -1.866497 -0.502895
v -2.141621 -2.024301 -0.470257
v -2.176551 -1.873816 -0.445782
v -2.120746 -2.045137 -0.411171
v -2.147113 -1.903198 -0.362462
v -2.060902 -2.031698 -0.372079
v -2.062725 -1.884246 -0.307336
v -1.978344 -2.023535 -0.398257
v -1.946306 -1.872735 -0.344251
v -2.446375 -1.893261 -0.494110
v -2.499138 -2.038090 -0.504529
v -2.513608 -2.012858 -0.558673
v -2.466779 -1.857679 -0.570461
v -2.571019 -1.995375 -0.586230
v -2.547737 -1.833025 -0.609321
v -2.641567 -2.003164 -0.575611
v -2.647220 -1.844010 -0.594347
v -2.678971 -2.007694 -0.558395
v -2.699966 -1.850397 -0.570070
v -2.685663 -2.028649 -0.514928
v -2.709403 -1.879947 -0.508775
v -2.667969 -2.036634 -0.471396
v -2.684452 -1.891207 -0.447388
v -2.618068 -2.046419 -0.441284
v -2.614084 -1.905005 -0.404925
v -2.539874 -2.049824 -0.460098
v -2.503818 -1.909806 -0.431456
v -2.065655 -2.124623 -0.368720
v -1.985123 -2.116661 -0.394256
v -2.124030 -2.137733 -0.406853
v -2.144393 -2.117408 -0.464489
v -2.109684 -2.112345 -0.503997
v -2.041110 -2.075348 -0.540201
v -1.978016 -2.086834 -0.494327
v -1.941442 -2.086904 -0.433904
v -2.552923 -2.142304 -0.454579
v -2.513187 -2.130859 -0.497920
v -2.629199 -2.138983 -0.436227
v -2.677875 -2.129439 -0.465600
v -2.695135 -2.121650 -0.508064
v -2.688607 -2.101208 -0.550465
v -2.652120 -2.096790 -0.567258
v -2.583303 -2.089191 -0.577616
v -2.527301 -2.106246 -0.550735
v -2.048681 -2.165282 -0.450843
v -2.603284 -2.176802 -0.510638
v 4.897808 1.946794 -0.628057
v 4.925394 1.955229 -0.618837
v 4.953739 1.952580 -0.592256
v 4.971872 1.924079 -0.586026
v 4.953403 1.907939 -0.605609
v 4.925499 1.917814 -0.613413
v 4.973133 1.992779 -0.533466
v 5.001903 1.914398 -0.486724
v 4.982364 1.873300 -0.536190
v 4.926194 1.859813 -0.582137
v 4.852578 1.889721 -0.605031
v 4.824747 1.946835 -0.626358
v 4.861611 2.001639 -0.621913
v 4.935561 2.016016 -0.585700
v 4.760921 1.881357 -0.613120
v 4.824747 1.946835 -0.626358
v 4.852578 1.889721 -0.605031
v 4.861618 1.854067 -0.618095
v 4.861611 2.001639 -0.621913
v 4.842883 2.021333 -0.638025
v 4.935880 2.051665 -0.572853
v 4.935561 2.016016 -0.585700
v 4.991746 2.009819 -0.523206
v 5.001903 1.914398 -0.486724
v 4.973133 1.992779 -0.533466
v 4.926194 1.859813 -0.582137
v 4.944706 1.840663 -0.575374
v 4.982364 1.873300 -0.536190
v 4.991709 1.844295 -0.520761
v 4.908019 1.796041 -0.587882
v 4.852582 1.816115 -0.603105
v 4.963546 1.783161 -0.553515
v 4.983034 1.806343 -0.505779
v 5.011430 1.875569 -0.463205
v 4.918466 2.084725 -0.532713
v 4.964945 2.053575 -0.499903
v 5.020077 1.978170 -0.480978
v 4.825996 2.089176 -0.576083
v 4.881574 2.094571 -0.539949
v 4.788476 2.028047 -0.608619
v 4.751519 2.039658 -0.634134
v 4.798297 2.118191 -0.591085
v 4.872539 2.159259 -0.542891
v 4.927885 2.156560 -0.516579
v 5.002440 2.105746 -0.468233
v 5.057495 2.002751 -0.451974
v 5.075994 1.900999 -0.443793
v 5.030289 1.827419 -0.440803
v 4.991904 1.760829 -0.510386
v 4.936066 1.737668 -0.557276
v 4.871155 1.741238 -0.592326
v 4.816181 1.797860 -0.604026
v 5.095375 1.961238 -0.401516
v 5.085813 1.888503 -0.408327
v 5.058179 1.788186 -0.417387
v 5.019836 1.739907 -0.485562
v 4.917973 1.681480 -0.544201
v 4.862636 1.684144 -0.570155
v 4.752337 1.723388 -0.591296
v 4.697607 1.768061 -0.576663
v 5.030641 2.102197 -0.432329
v 5.067202 2.027704 -0.422291
v 4.937950 2.181155 -0.486939
v 4.881855 2.194544 -0.530288
v 4.807794 2.143653 -0.570393
v 4.728963 2.036146 -0.614307
v 4.742358 1.882232 -0.621650
v 4.744050 2.179337 -0.556057
v 4.688114 2.046378 -0.604518
v 4.837331 2.235678 -0.479332
v 4.893850 2.220523 -0.417713
v 4.995978 2.148785 -0.344534
v 5.060840 2.053335 -0.309324
v 5.097062 1.954206 -0.328795
v 5.105589 1.864086 -0.347113
v 4.697024 1.862575 -0.604048
v 4.739441 2.299169 -0.369987
v 4.832890 2.262727 -0.283787
v 4.971394 2.146686 -0.224781
v 5.072165 2.043630 -0.209228
v 5.127157 1.942759 -0.211214
v 5.152698 1.830661 -0.287042
v 5.133171 1.715563 -0.334258
v 5.103427 1.624404 -0.434275
v 4.982822 1.503071 -0.507606
v 4.927282 1.486953 -0.526327
v 4.798410 1.473149 -0.570618
v 4.715646 1.502195 -0.584339
v 4.615408 1.639641 -0.577768
v 4.560751 1.785154 -0.562428
v 4.551484 1.841749 -0.575191
v 4.533113 1.989009 -0.578975
v 4.636582 2.263383 -0.471997
v 4.561299 2.133066 -0.547248
v 4.912303 2.162645 -0.000090
v 5.049690 2.032731 0.000071
v 5.156645 1.942902 -0.119993
v 5.218821 1.803552 -0.199306
v 5.216855 1.636645 -0.279797
v 5.233176 1.442459 -0.362988
v 4.679116 1.438434 -0.589658
v 4.596478 1.512987 -0.598982
v 4.560024 1.604023 -0.589333
v 4.477781 1.687858 -0.597407
v 4.459682 1.778884 -0.588185
v 4.432610 1.878873 -0.577888
v 4.433020 2.024714 -0.563794
v 4.634996 2.369115 -0.140117
v 4.747988 2.300163 -0.000276
v 4.577573 2.389535 -0.256196
v 4.472349 2.325133 -0.443764
v 4.389484 2.190421 -0.473320
v 5.223191 1.371491 -0.388069
v 5.158322 1.236770 -0.418043
v 4.955360 1.236724 -0.505230
v 4.761601 1.363013 -0.571370
v 5.177545 1.932323 0.000214
v 5.321136 1.795562 -0.119606
v 5.378289 1.768448 0.000441
v 5.424281 1.721152 0.000496
v 5.421809 1.685349 -0.123555
v 5.383208 1.619661 -0.202452
v 5.373133 1.541142 -0.246712
v 5.334328 1.402713 -0.332639
v 5.296963 1.322443 -0.357984
v 5.260653 1.184173 -0.352062
v 5.250485 1.123029 -0.385234
v 4.991713 1.163096 -0.504149
v 4.733657 1.227371 -0.592883
v 4.641547 1.285422 -0.622034
v 4.522247 1.398278 -0.644892
v 4.430999 1.535753 -0.638888
v 4.404221 1.662433 -0.616610
v 4.386380 1.770868 -0.596666
v 4.377095 1.871713 -0.595743
v 5.588763 1.573846 0.000686
v 5.604888 1.546091 -0.113773
v 5.566339 1.498677 -0.190905
v 5.528186 1.440180 -0.250666
v 5.471928 1.345179 -0.313899
v 5.425783 1.264372 -0.329687
v 5.397967 1.174238 -0.346802
v 5.388455 1.119419 -0.351883
v 5.687035 1.499636 -0.110765
v 5.741781 1.463956 -0.124891
v 5.730427 1.435668 -0.209848
v 5.685194 1.452202 -0.188749
v 5.710154 1.360653 -0.290072
v 5.608974 1.317869 -0.319719
v 5.647186 1.394606 -0.257833
v 5.681726 1.282503 -0.333871
v 5.563253 1.235295 -0.317238
v 5.672187 1.164767 -0.354080
v 5.580797 1.174135 -0.351054
v 5.680007 1.510009 0.000786
v 5.479630 1.111310 -0.364188
v 5.842092 1.427708 -0.130724
v 5.915025 1.382159 -0.136820
v 5.886832 1.385674 -0.172365
v 5.813217 1.415581 -0.195261
v 5.908842 1.388968 0.001026
v 5.963117 1.307775 0.001098
v 5.979357 1.325532 -0.125337
v 5.941384 1.330818 -0.178936
v 5.743997 1.482739 0.000851
v 5.835498 1.436280 0.000946
v 5.783731 1.341471 -0.284590
v 5.847989 1.311569 -0.261476
v 5.931474 1.233483 -0.215613
v 5.998088 1.231874 -0.107334
v 5.963527 1.232407 0.001121
v 5.927110 1.131195 0.001118
v 5.961686 1.110978 -0.090324
v 5.908782 1.066916 0.001121
v 5.934596 1.054796 -0.077039
v 5.908782 1.066916 0.001121
v 5.871947 1.021428 0.001102
v 5.897758 1.009309 -0.080583
v 5.934596 1.054796 -0.077039
v 5.878630 0.986485 -0.128292
v 5.923808 1.025283 -0.153084
v 5.961686 1.110978 -0.090324
v 5.934596 1.054796 -0.077039
v 5.923808 1.025283 -0.153084
v 5.950684 1.082725 -0.175648
v 5.800778 1.078596 -0.319450
v 5.884856 1.062202 -0.249545
v 5.857750 0.997026 -0.236768
v 5.755282 1.004149 -0.307505
v 5.763952 1.062109 -0.338641
v 5.912147 1.117911 -0.254197
v 5.959462 1.157227 -0.187097
v 5.923808 1.025283 -0.153084
v 5.878630 0.986485 -0.128292
v 5.757506 0.957900 -0.210732
v 5.857750 0.997026 -0.236768
v 5.755282 1.004149 -0.307505
v 5.674999 0.950754 -0.227960
v 5.800778 1.078596 -0.319450
v 5.837875 1.141493 -0.305184
v 5.912147 1.117911 -0.254197
v 5.884856 1.062202 -0.249545
v 5.672187 1.164767 -0.354080
v 5.773410 1.225861 -0.323025
v 5.681726 1.282503 -0.333871
v 5.764774 1.279824 -0.308562
v 5.710154 1.360653 -0.290072
v 5.783731 1.341471 -0.284590
v 5.895899 1.182730 -0.164705
v 5.959462 1.157227 -0.187097
v 5.912147 1.117911 -0.254197
v 5.849792 1.193480 -0.181047
v 5.837875 1.141493 -0.305184
v 5.803425 1.260787 -0.210002
v 5.840665 1.221942 -0.187128
v 5.773410 1.225861 -0.323025
v 5.764774 1.279824 -0.308562
v 5.783731 1.341471 -0.284590
v 5.847989 1.311569 -0.261476
v 5.931474 1.233483 -0.215613
v 5.998088 1.231874 -0.107334
v 5.672385 1.007694 -0.341778
v 5.755282 1.004149 -0.307505
v 5.674999 0.950754 -0.227960
v 5.573803 0.952578 -0.243886
v 5.580727 0.999330 -0.349867
v 5.535184 0.980180 -0.341257
v 5.690122 1.092917 -0.370850
v 5.763952 1.062109 -0.338641
v 5.681086 1.054964 -0.355860
v 5.672187 1.164767 -0.354080
v 5.800778 1.078596 -0.319450
v 5.580797 1.174135 -0.351054
v 5.598282 1.094735 -0.386994
v 5.479630 1.111310 -0.364188
v 5.470775 1.009574 -0.355371
v 5.580223 1.047470 -0.372696
v 5.672385 1.007694 -0.341778
v 5.580727 0.999330 -0.349867
v 5.535184 0.980180 -0.341257
v 5.388455 1.119419 -0.351883
v 5.425352 1.035967 -0.342720
v 5.434594 0.970412 -0.330823
v 5.480649 0.941387 -0.316248
v 5.379461 1.045817 -0.349748
v 5.370709 0.980272 -0.337432
v 5.373646 0.885375 -0.208840
v 5.573803 0.952578 -0.243886
v 5.674999 0.950754 -0.227960
v 5.638369 0.904402 -0.222548
v 5.546347 0.916044 -0.246782
v 5.757506 0.957900 -0.210732
v 5.748613 0.920490 -0.205099
v 5.480649 0.941387 -0.316248
v 5.546347 0.916044 -0.246782
v 5.511556 0.863525 -0.177613
v 5.373646 0.885375 -0.208840
v 5.638369 0.904402 -0.222548
v 5.603370 0.852748 -0.162335
v 5.748613 0.920490 -0.205099
v 5.704630 0.849158 -0.128130
v 5.250485 1.123029 -0.385234
v 5.388455 1.119419 -0.351883
v 5.379461 1.045817 -0.349748
v 5.241466 1.040469 -0.383965
v 5.370709 0.980272 -0.337432
v 5.223571 0.974029 -0.362117
v 5.299005 0.908991 -0.260177
v 5.197562 0.922406 -0.302473
v 5.878630 0.986485 -0.128292
v 5.851404 0.929008 -0.105362
v 5.748613 0.920490 -0.205099
v 5.757506 0.957900 -0.210732
v 5.871947 1.021428 0.001102
v 5.836005 0.945722 0.001092
v 5.897758 1.009309 -0.080583
v 5.836005 0.945722 0.001092
v 5.780790 0.891286 0.001059
v 5.797411 0.880032 -0.072306
v 5.851404 0.929008 -0.105362
v 5.704630 0.849158 -0.128130
v 5.748613 0.920490 -0.205099
v 5.679621 0.839500 0.000985
v 5.568745 0.834653 -0.071390
v 5.579253 0.837796 0.000896
v 5.449164 0.847535 -0.103909
v 5.603370 0.852748 -0.162335
v 5.247762 0.848549 -0.108546
v 5.213434 0.856784 0.000565
v 5.112563 0.840686 0.000480
v 5.137075 0.824518 -0.144842
v 5.356900 0.851120 -0.138324
v 5.511556 0.863525 -0.177613
v 5.264430 0.855571 -0.181694
v 5.373646 0.885375 -0.208840
v 5.323232 0.866039 0.000660
v 5.469641 0.838722 0.000798
v 5.299005 0.908991 -0.260177
v 5.197562 0.922406 -0.302473
v 5.153735 0.831575 -0.218348
v 4.920855 0.812339 0.000318
v 4.963526 0.797382 -0.143440
v 4.996710 0.810560 -0.280771
v 4.712067 0.770512 -0.333393
v 4.669690 0.738163 -0.188296
v 4.655453 0.758022 0.000098
v 5.004627 0.908637 -0.345273
v 4.728809 0.878731 -0.405801
v 5.011084 1.066770 -0.458562
v 5.241466 1.040469 -0.383965
v 5.223571 0.974029 -0.362117
v 5.021254 0.951308 -0.405567
v 4.733657 1.227371 -0.592883
v 4.991713 1.163096 -0.504149
v 4.743250 1.059210 -0.563421
v 4.744871 0.950945 -0.491082
v 4.641547 1.285422 -0.622034
v 4.567896 1.149805 -0.642484
v 4.496191 1.024566 -0.579491
v 4.416475 0.921264 -0.458839
v 4.333503 0.951176 -0.481517
v 4.399629 0.850459 -0.391855
v 4.297891 0.911506 -0.447987
v 4.380854 0.704574 -0.000130
v 4.359048 0.700414 -0.166651
v 4.319799 0.731007 -0.291212
v 4.216374 0.852328 -0.405873
v 4.449011 1.260929 -0.647431
v 4.366867 1.131136 -0.630581
v 4.141189 1.008775 -0.499342
v 4.277227 1.077746 -0.550819
v 4.085564 1.288885 -0.544406
v 4.175444 1.350332 -0.613988
v 4.247733 1.381058 -0.649596
v 4.329607 1.464801 -0.661485
v 4.430999 1.535753 -0.638888
v 4.522247 1.398278 -0.644892
v 4.312225 1.683392 -0.639944
v 4.404221 1.662433 -0.616610
v 4.303615 1.799914 -0.610388
v 4.386380 1.770868 -0.596666
v 4.304562 1.906537 -0.572242
v 4.377095 1.871713 -0.595743
v 4.240116 1.770049 -0.583946
v 4.221814 1.660769 -0.594090
v 4.121121 1.614451 -0.587188
v 4.067576 1.572668 -0.534997
v 4.148883 1.759918 -0.573765
v 4.076852 1.746601 -0.527436
v 4.747988 2.300163 -0.000276
v 4.912303 2.162645 -0.000090
v 4.971394 2.146686 -0.224781
v 4.832890 2.262727 -0.283787
v 5.049690 2.032731 0.000071
v 5.177545 1.932323 0.000214
v 5.156645 1.942902 -0.119993
v 5.680007 1.510009 0.000786
v 5.743997 1.482739 0.000851
v 5.741781 1.463956 -0.124891
v 5.687035 1.499636 -0.110765
v 5.835498 1.436280 0.000946
v 5.908842 1.388968 0.001026
v 5.915025 1.382159 -0.136820
v 5.842092 1.427708 -0.130724
v 4.342351 2.581176 -0.140317
v 4.317602 2.588926 -0.000745
v 4.454962 2.523303 -0.000603
v 4.452383 2.524558 -0.130255
v 4.332083 2.586481 -0.194917
v 4.440143 2.510529 -0.269164
v 4.339601 2.592642 -0.258891
v 4.429895 2.495758 -0.306894
v 4.187258 2.590221 -0.135844
v 4.189883 2.606916 -0.000863
v 4.203325 2.589186 -0.219164
v 4.211652 2.602538 -0.264011
v 4.209941 2.600612 -0.337597
v 4.328606 2.563996 -0.343892
v 4.410844 2.500167 -0.351972
v 4.224730 2.624525 -0.491916
v 4.209941 2.600612 -0.337597
v 4.328606 2.563996 -0.343892
v 4.344028 2.585635 -0.470949
v 4.410844 2.500167 -0.351972
v 4.407729 2.531640 -0.486692
v 4.277169 2.652435 -0.591369
v 4.359483 2.615839 -0.596817
v 4.423033 2.561337 -0.603562
v 4.356680 2.682996 -0.719050
v 4.411541 2.663824 -0.713132
v 4.476090 2.606654 -0.692301
v 4.418954 2.707401 -0.782531
v 4.465268 2.695425 -0.757267
v 4.520603 2.639162 -0.745542
v 4.509555 2.719807 -0.819972
v 4.546655 2.709095 -0.803780
v 4.574545 2.669863 -0.780363
v 4.528082 2.467537 -0.000521
v 4.747988 2.300163 -0.000276
v 4.634996 2.369115 -0.140117
v 4.452383 2.524558 -0.130255
v 4.454962 2.523303 -0.000603
v 4.577573 2.389535 -0.256196
v 4.440143 2.510529 -0.269164
v 4.429895 2.495758 -0.306894
v 4.474318 2.418432 -0.361347
v 4.410844 2.500167 -0.351972
v 4.407729 2.531640 -0.486692
v 4.410844 2.500167 -0.351972
v 4.474318 2.418432 -0.361347
v 4.443850 2.449921 -0.495432
v 4.423033 2.561337 -0.603562
v 4.440760 2.490353 -0.629287
v 4.476090 2.606654 -0.692301
v 4.484667 2.534451 -0.708888
v 4.520603 2.639162 -0.745542
v 4.520165 2.557971 -0.762427
v 4.574545 2.669863 -0.780363
v 4.592620 2.569879 -0.790452
v 4.656565 2.680542 -0.799684
v 4.674691 2.598833 -0.808006
v 4.646703 2.728688 -0.822295
v 4.546655 2.709095 -0.803780
v 4.636909 2.750501 -0.856859
v 4.509555 2.719807 -0.819972
v 4.748031 2.683805 -0.800044
v 4.729447 2.606204 -0.807513
v 4.728931 2.721892 -0.832625
v 4.719171 2.751091 -0.865965
v 4.821325 2.691794 -0.791887
v 4.821336 2.621498 -0.789636
v 4.811798 2.728680 -0.815406
v 4.801436 2.750224 -0.858918
v 5.096148 2.759720 -0.774729
v 4.474318 2.418432 -0.361347
v 4.429895 2.495758 -0.306894
v 4.577573 2.389535 -0.256196
v 4.472349 2.325133 -0.443764
v 4.442912 2.343263 -0.533220
v 4.443850 2.449921 -0.495432
v 4.474318 2.418432 -0.361347
v 4.472349 2.325133 -0.443764
v 4.440713 2.398472 -0.629128
v 4.440760 2.490353 -0.629287
v 4.484667 2.534451 -0.708888
v 4.474625 2.465214 -0.751890
v 4.314039 2.329460 -0.577510
v 4.320630 2.385528 -0.682583
v 4.296769 2.260422 -0.528796
v 4.382053 2.433474 -0.798757
v 4.520165 2.557971 -0.762427
v 4.538177 2.513353 -0.776566
v 4.444739 2.475795 -0.860515
v 4.592620 2.569879 -0.790452
v 4.601515 2.533324 -0.794193
v 4.554459 2.511417 -0.850571
v 4.674691 2.598833 -0.808006
v 4.683344 2.554221 -0.821927
v 4.681847 2.551036 -0.886235
v 4.737893 2.564648 -0.830389
v 4.755192 2.568818 -0.876311
v 4.829566 2.580797 -0.821827
v 4.856249 2.593812 -0.867067
v 4.729447 2.606204 -0.807513
v 4.821336 2.621498 -0.789636
v 4.662221 2.556346 -0.940618
v 4.497719 2.547480 -0.937659
v 4.763337 2.590834 -0.929248
v 4.883022 2.613658 -0.893163
v 4.352603 2.524888 -0.890532
v 4.262798 2.490674 -0.818316
v 4.192789 2.411967 -0.668016
v 4.193959 2.370476 -0.616705
v 4.113935 2.334131 -0.526471
v 5.096148 2.759720 -0.774729
v 4.735139 2.645464 -0.950890
v 4.854957 2.660227 -0.924310
v 4.615662 2.633870 -0.977986
v 4.460582 2.622875 -0.957002
v 4.343217 2.589542 -0.893106
v 4.244622 2.554467 -0.811726
v 4.138687 2.474013 -0.642311
v 4.121994 2.458034 -0.570029
v 4.078510 2.411810 -0.472193
v 4.235494 2.636171 -0.803613
v 4.342998 2.664049 -0.904347
v 4.460786 2.695616 -0.949972
v 4.624800 2.708372 -0.989445
v 4.138494 2.557838 -0.652651
v 4.104292 2.537976 -0.543437
v 4.088356 2.510913 -0.453793
v 4.063205 2.509679 -0.342987
v 4.088356 2.510913 -0.453793
v 4.078510 2.411810 -0.472193
v 4.043796 2.386524 -0.400392
v 4.055262 2.505284 -0.297282
v 4.035753 2.399538 -0.343957
v 4.624800 2.708372 -0.989445
v 4.753015 2.699695 -0.973279
v 4.735139 2.645464 -0.950890
v 4.615662 2.633870 -0.977986
v 4.863709 2.722151 -0.936660
v 4.854957 2.660227 -0.924310
v 4.187258 2.590221 -0.135844
v 4.084506 2.570978 -0.218168
v 4.079812 2.571649 -0.000951
v 4.189883 2.606916 -0.000863
v 4.203325 2.589186 -0.219164
v 4.101754 2.557092 -0.265856
v 4.211652 2.602538 -0.264011
v 4.100907 2.560626 -0.302396
v 4.209941 2.600612 -0.337597
v 4.117367 2.568514 -0.384500
v 4.224730 2.624525 -0.491916
v 4.151183 2.579059 -0.494606
v 4.117367 2.568514 -0.384500
v 4.209941 2.600612 -0.337597
v 4.636909 2.750501 -0.856859
v 4.616626 2.749486 -0.939333
v 4.462368 2.725999 -0.882675
v 4.509555 2.719807 -0.819972
v 4.354196 2.711836 -0.826545
v 4.418954 2.707401 -0.782531
v 4.273414 2.686575 -0.753674
v 4.356680 2.682996 -0.719050
v 4.277169 2.652435 -0.591369
v 4.176065 2.636883 -0.618384
v 4.035753 2.399538 -0.343957
v 4.000110 2.424158 -0.313254
v 4.029016 2.519175 -0.249385
v 4.055262 2.505284 -0.297282
v 4.024214 2.527933 -0.000987
v 3.988172 2.489642 -0.001008
v 4.079812 2.571649 -0.000951
v 4.084506 2.570978 -0.218168
v 4.101754 2.557092 -0.265856
v 4.100907 2.560626 -0.302396
v 4.063205 2.509679 -0.342987
v 4.117367 2.568514 -0.384500
v 4.088356 2.510913 -0.453793
v 4.088356 2.510913 -0.453793
v 4.117367 2.568514 -0.384500
v 4.151183 2.579059 -0.494606
v 4.104292 2.537976 -0.543437
v 4.176065 2.636883 -0.618384
v 4.277169 2.652435 -0.591369
v 4.356680 2.682996 -0.719050
v 4.273414 2.686575 -0.753674
v 4.138494 2.557838 -0.652651
v 4.235494 2.636171 -0.803613
v 4.354196 2.711836 -0.826545
v 4.342998 2.664049 -0.904347
v 4.462368 2.725999 -0.882675
v 4.460786 2.695616 -0.949972
v 4.636909 2.750501 -0.856859
v 4.719171 2.751091 -0.865965
v 4.735445 2.749285 -0.940329
v 4.616626 2.749486 -0.939333
v 4.801436 2.750224 -0.858918
v 4.827733 2.754390 -0.905049
v 5.096148 2.759720 -0.774729
v 4.624800 2.708372 -0.989445
v 4.753015 2.699695 -0.973279
v 4.863709 2.722151 -0.936660
v 3.787342 2.396113 -0.001159
v 3.988172 2.489642 -0.001008
v 4.000110 2.424158 -0.313254
v 3.828001 2.352540 -0.233341
v 3.961908 2.347745 -0.374747
v 3.870548 2.292106 -0.368964
v 4.035753 2.399538 -0.343957
v 4.043796 2.386524 -0.400392
v 4.025364 2.359300 -0.402597
v 4.077563 2.305187 -0.510338
v 3.967085 2.280648 -0.537643
v 3.903911 2.241501 -0.512468
v 3.857922 2.141554 -0.521067
v 3.823349 2.141733 -0.428356
v 4.078510 2.411810 -0.472193
v 4.113935 2.334131 -0.526471
v 4.112302 2.285832 -0.595500
v 4.010847 2.270246 -0.622149
v 3.928869 2.223919 -0.615683
v 3.892378 2.149432 -0.603589
v 4.146067 2.278102 -0.707372
v 4.044730 2.254459 -0.744209
v 3.990744 2.205448 -0.710795
v 3.945464 2.130100 -0.689536
v 4.296769 2.260422 -0.528796
v 4.212974 2.303184 -0.587113
v 4.212058 2.279450 -0.625927
v 4.229332 2.274522 -0.672749
v 4.172143 2.303394 -0.778972
v 4.079122 2.264104 -0.845010
v 4.024700 2.187859 -0.814219
v 4.273005 2.310529 -0.762172
v 4.215419 2.350484 -0.885764
v 4.104864 2.298353 -0.915735
v 4.059714 2.194906 -0.888152
v 4.061989 2.231988 -1.178382
v 4.102304 2.299960 -1.025862
v 4.155551 2.388662 -1.091960
v 4.097362 2.366600 -1.239986
v 4.194233 2.408334 -1.008471
v 4.307092 2.367482 -0.877202
v 4.266263 2.421651 -1.054799
v 4.228523 2.435029 -1.098575
v 4.170470 2.458441 -1.241846
v 4.094116 2.426172 -1.381032
v 4.058311 2.293363 -1.338054
v 4.046673 2.341349 -1.452530
v 4.047406 2.207209 -1.015108
v 3.989434 2.118832 -0.765086
v 4.022592 2.123052 -0.903284
v 4.020299 2.141675 -1.002365
v 4.036947 1.992167 -1.072561
v 4.024858 2.106568 -1.208099
v 4.082988 2.175805 -1.450930
v 4.103303 2.038565 -1.363737
v 4.152166 1.868775 -1.225002
v 4.031515 1.968248 -0.918460
v 4.127903 1.828359 -1.090512
v 3.922437 1.972461 -0.483563
v 3.966639 1.969285 -0.549291
v 3.982910 1.987391 -0.639809
v 4.094112 1.889281 -0.578435
v 4.059885 1.860460 -0.470087
v 4.017509 1.996169 -0.731654
v 4.150297 1.820575 -0.917046
v 4.472349 2.325133 -0.443764
v 4.389484 2.190421 -0.473320
v 4.314791 2.142163 -0.540650
v 4.342700 2.112281 -0.516692
v 4.305411 2.059245 -0.539407
v 4.433020 2.024714 -0.563794
v 4.148927 2.388726 -1.376879
v 4.101726 2.312318 -1.438163
v 4.149438 2.340550 -1.353693
v 4.169404 2.306276 -1.284031
v 4.140097 2.295949 -1.367196
v 4.129926 2.308770 -1.402259
v 4.141759 2.279958 -1.295340
v 4.197644 2.394643 -1.248646
v 4.197516 2.349135 -1.253043
v 4.199317 2.304652 -1.174540
v 4.274886 2.220030 -0.679075
v 4.267320 2.121987 -0.614940
v 4.380990 2.207701 -0.839016
v 4.354411 2.102985 -0.802580
v 4.369751 2.298204 -0.921894
v 4.303193 2.347123 -1.044413
v 4.245861 2.375093 -1.141312
v 4.218457 2.356834 -1.142444
v 4.275405 2.319905 -1.046400
v 4.296538 2.243779 -0.925459
v 4.289048 2.172969 -0.858693
v 4.211815 2.282490 -1.039137
v 4.278045 1.976660 -0.537351
v 4.290375 2.112337 -0.800190
v 4.222795 2.228178 -0.952752
v 4.197609 2.164063 -0.857433
v 4.153175 2.084823 -0.799668
v 4.151090 2.102939 -0.889759
v 4.148865 2.148829 -0.986567
v 4.154566 2.190480 -1.129552
v 4.152557 2.235471 -1.217046
v 4.131949 2.050757 -0.921856
v 4.119993 2.063095 -1.049178
v 4.126160 2.120930 -1.172520
v 4.133175 2.175231 -1.259323
v 4.137657 1.944837 -1.061024
v 4.159229 1.949902 -0.923197
v 4.143794 2.013720 -1.201386
v 4.123290 2.086854 -1.295135
v 4.112680 2.195089 -1.366908
v 4.111934 2.234814 -1.399949
v 4.304562 1.906537 -0.572242
v 4.232341 1.903079 -0.534362
v 4.240116 1.770049 -0.583946
v 4.303615 1.799914 -0.610388
v 4.377095 1.871713 -0.595743
v 4.432610 1.878873 -0.577888
v 4.148883 1.759918 -0.573765
v 4.281287 2.055751 -0.787000
v 4.354941 2.064161 -0.778851
v 4.245225 2.008532 -0.772641
v 5.998088 1.231874 -0.107334
v 5.959462 1.157227 -0.187097
v 5.895899 1.182730 -0.164705
v 5.998088 1.231874 -0.107334
v 5.961686 1.110978 -0.090324
v 5.950684 1.082725 -0.175648
v 5.959462 1.157227 -0.187097
v 5.672385 1.007694 -0.341778
v 5.681086 1.054964 -0.355860
v 5.763952 1.062109 -0.338641
v 5.755282 1.004149 -0.307505
v 5.837875 1.141493 -0.305184
v 5.773410 1.225861 -0.323025
v 5.840665 1.221942 -0.187128
v 5.849792 1.193480 -0.181047
v 5.535184 0.980180 -0.341257
v 5.573803 0.952578 -0.243886
v 5.546347 0.916044 -0.246782
v 5.480649 0.941387 -0.316248
v 5.647186 1.394606 -0.257833
v 5.685194 1.452202 -0.188749
v 5.730427 1.435668 -0.209848
v 5.710154 1.360653 -0.290072
v 5.250485 1.123029 -0.385234
v 5.241466 1.040469 -0.383965
v 5.011084 1.066770 -0.458562
v 4.991713 1.163096 -0.504149
v 4.567896 1.149805 -0.642484
v 4.449011 1.260929 -0.647431
v 4.522247 1.398278 -0.644892
v 4.641547 1.285422 -0.622034
v 4.697024 1.862575 -0.604048
v 4.688114 2.046378 -0.604518
v 4.728963 2.036146 -0.614307
v 4.742358 1.882232 -0.621650
v 4.842883 2.021333 -0.638025
v 4.861611 2.001639 -0.621913
v 4.824747 1.946835 -0.626358
v 4.760921 1.881357 -0.613120
v 4.897808 1.946794 -0.628057
v 4.861611 2.001639 -0.621913
v 4.935561 2.016016 -0.585700
v 4.925394 1.955229 -0.618837
v 4.760921 1.881357 -0.613120
v 4.861618 1.854067 -0.618095
v 4.852582 1.816115 -0.603105
v 4.935561 2.016016 -0.585700
v 4.935880 2.051665 -0.572853
v 4.991746 2.009819 -0.523206
v 4.973133 1.992779 -0.533466
v 4.751519 2.039658 -0.634134
v 4.788476 2.028047 -0.608619
v 4.982364 1.873300 -0.536190
v 5.001903 1.914398 -0.486724
v 5.011430 1.875569 -0.463205
v 4.991709 1.844295 -0.520761
v 4.881574 2.094571 -0.539949
v 4.918466 2.084725 -0.532713
v 4.636582 2.263383 -0.471997
v 4.739441 2.299169 -0.369987
v 4.837331 2.235678 -0.479332
v 4.744050 2.179337 -0.556057
v 5.057495 2.002751 -0.451974
v 5.067202 2.027704 -0.422291
v 5.095375 1.961238 -0.401516
v 5.075994 1.900999 -0.443793
v 4.082988 2.175805 -1.450930
v 4.046673 2.341349 -1.452530
v 4.101726 2.312318 -1.438163
v 4.129926 2.308770 -1.402259
v 4.111934 2.234814 -1.399949
v 4.159229 1.949902 -0.923197
v 4.245225 2.008532 -0.772641
v 4.094112 1.889281 -0.578435
v 4.150297 1.820575 -0.917046
v 4.137657 1.944837 -1.061024
v 4.127903 1.828359 -1.090512
v 4.143794 2.013720 -1.201386
v 4.152166 1.868775 -1.225002
v 4.123290 2.086854 -1.295135
v 4.103303 2.038565 -1.363737
v 4.112680 2.195089 -1.366908
v 4.854957 2.660227 -0.924310
v 4.863709 2.722151 -0.936660
v 5.096148 2.759720 -0.774729
v 4.059885 1.860460 -0.470087
v 4.094112 1.889281 -0.578435
v 4.148883 1.759918 -0.573765
v 4.076852 1.746601 -0.527436
v 4.126565 0.642027 -0.000000
v 4.120842 0.627141 -0.185461
v 4.359048 0.700414 -0.166651
v 4.380854 0.704574 -0.000130
v 3.881998 1.764428 -0.476337
v 3.886058 1.550141 -0.504830
v 4.067576 1.572668 -0.534997
v 3.988510 1.297806 -0.539537
v 4.085564 1.288885 -0.544406
v 4.041657 1.039756 -0.496922
v 4.141189 1.008775 -0.499342
v 4.068249 0.798926 -0.400813
v 4.216374 0.852328 -0.405873
v 4.105198 0.672581 -0.300001
v 4.319799 0.731007 -0.291212
v 3.745669 2.266001 -0.241930
v 3.828001 2.352540 -0.233341
v 3.870548 2.292106 -0.368964
v 3.758215 2.206683 -0.323051
v 3.727093 2.308406 -0.150049
v 3.716360 2.343387 -0.000000
v 3.787342 2.396113 -0.001159
v 3.922437 1.972461 -0.483563
v 3.814876 1.968416 -0.443000
v 3.823349 2.141733 -0.428356
v 4.821336 2.621498 -0.789636
v 4.829566 2.580797 -0.821827
v 5.096148 2.759720 -0.774729
v 4.856249 2.593812 -0.867067
v 4.245225 2.008532 -0.772641
v 4.232341 1.903079 -0.534362
v 4.094112 1.889281 -0.578435
v 1.655948 -2.520927 -0.844269
v 1.678986 -2.513137 -0.891745
v 1.718315 -2.775468 -0.921796
v 1.700797 -2.794792 -0.824250
v 1.734568 -2.965876 -0.986396
v 1.705953 -3.006628 -0.832630
v -1.305099 -1.708460 -0.484230
v -1.108758 -1.770749 -0.473033
v -0.977375 -1.793126 -0.498747
v -0.972514 -1.822778 -0.372649
v -1.406693 -1.697325 -0.450399
v -1.397474 -1.693815 -0.570541
v -1.266738 -1.691944 -0.557922
v -3.139394 -1.687482 -0.638546
v -3.008323 -1.759271 -0.655672
v -2.941731 -1.787431 -0.442574
v -3.120907 -1.707924 -0.431829
v -2.709403 -1.879947 -0.508775
v -2.811581 -1.798210 -0.712737
v -2.699966 -1.850397 -0.570070
v -3.392806 1.769365 -0.000000
v -3.413372 1.871604 -0.142309
v -3.358510 1.810253 -0.380095
v -3.348274 1.767738 -0.000085
v -3.380836 1.819691 -0.123273
v 4.149438 2.340550 -1.353693
v 4.129926 2.308770 -1.402259
v 4.101726 2.312318 -1.438163
v 4.148927 2.388726 -1.376879
v -2.811581 -1.798210 -0.712737
v -3.008323 -1.759271 -0.655672
v -3.066022 -1.953125 -0.719516
v -2.964215 -1.978727 -0.776572
v -3.139394 -1.687482 -0.638546
v -3.211005 -1.850398 -0.700723
v 2.407309 -0.974980 0.805091
v 2.410367 -0.777999 0.841105
v 2.292449 -0.871852 0.882400
v 2.229345 -0.992723 0.862826
v 2.520417 -0.954785 0.739445
v 2.539200 -0.727778 0.750475
v 2.637655 -0.768176 0.637039
v 2.514167 -1.077721 0.706614
v 2.669281 -0.930664 0.557166
v 2.386465 -1.116066 0.761367
v 2.180012 -1.130557 0.821812
v 2.158051 -1.209613 0.783941
v 2.354287 -1.193746 0.735189
v 2.126237 -1.330172 0.721011
v 2.318787 -1.294090 0.673863
v 2.274533 -1.433487 0.567366
v 2.457060 -1.400958 0.539866
v 2.486533 -1.274971 0.627822
v 2.549322 -1.335209 0.535156
v 2.617970 -1.235597 0.520238
v 2.670253 -1.108365 0.544018
v 2.510841 -1.158786 0.678057
v 2.710721 -0.830091 0.532493
v 2.757946 -1.099958 0.471684
v 2.857666 -0.930625 0.391195
v 2.803736 -1.255869 0.438328
v 2.847364 -1.103812 0.402301
v 2.740886 -1.339225 0.463604
v 2.663024 -1.440487 0.478149
v 2.515314 -1.507063 0.483275
v 2.422296 -1.510915 0.494169
v 2.249663 -1.492705 0.531270
v 2.079600 -1.473377 0.654997
v 2.928787 -1.107467 0.312054
v 2.960118 -0.941827 0.284743
v 2.893096 -1.302168 0.332049
v 2.824356 -1.407256 0.355013
v 2.721135 -1.520418 0.362378
v 2.545261 -1.593300 0.386310
v 2.396607 -1.593239 0.389972
v 2.243492 -1.584783 0.431143
v 2.048200 -1.581983 0.555832
v 2.931756 -1.129655 0.000000
v 2.970902 -0.959664 0.000000
v 2.896234 -1.319560 0.000000
v 2.821376 -1.431534 0.000000
v 2.706963 -1.528854 0.000000
v 2.534227 -1.617078 0.000000
v 2.348182 -1.624595 0.000000
v 2.167167 -1.596326 0.000000
v 1.920432 -1.567396 0.000000
v 2.835437 -0.231101 0.577890
v 2.736198 -0.346225 0.659345
v 2.881063 -0.493146 0.521968
v 2.986408 -0.413503 0.428964
v 2.910769 -0.638444 0.431191
v 2.825540 -0.567578 0.552597
v 2.688131 -0.517509 0.672975
v 2.647368 -0.611550 0.669485
v 2.618307 -0.549092 0.805491
v 2.993075 -0.708434 0.342596
v 3.045715 -0.767786 0.261741
v 3.065544 -0.788768 0.000000
v 3.118124 -0.703925 0.000000
v 3.107533 -0.691019 0.264602
v 3.053144 -0.609681 0.326931
v -2.306662 -1.116976 0.961238
v -2.119856 -1.128800 0.970960
v -2.033406 -0.910030 0.964220
v -2.031698 -1.097344 0.966701
v -1.782298 -1.020581 0.943381
v -2.337617 -1.334842 0.966761
v -2.462835 -1.305500 0.966395
v -2.161843 -1.325837 0.957465
v -2.042059 -1.312976 0.940911
v -1.776785 -1.275107 0.914703
v -1.709172 -1.283232 0.897427
v -1.456655 -1.295527 0.894240
v -2.417777 -1.553136 0.887222
v -2.591357 -1.510845 0.885470
v -2.223917 -1.541268 0.879260
v -2.049879 -1.562369 0.829319
v -1.778934 -1.550199 0.776454
v -1.777628 -1.473076 0.845827
v -1.686329 -1.414405 0.869373
v -1.592146 -1.408592 0.838483
v -1.552229 -1.555077 0.735708
v -1.659758 -1.544361 0.788181
v -1.376186 -1.661988 0.718954
v -1.366873 -1.340211 0.907567
v -1.200688 -1.577575 0.799188
v -1.198513 -1.456102 0.885435
v -0.953236 -1.545941 0.899180
v -1.200688 -1.577575 0.799188
v -1.226563 -1.655159 0.687343
v -1.091175 -1.707120 0.727242
v -0.953236 -1.545941 0.899180
v -1.376186 -1.661988 0.718954
v -1.266738 -1.691944 0.557922
v -1.089642 -1.757196 0.685154
v -0.972089 -1.774507 0.768570
v -0.812845 -1.785424 0.768511
v -0.680046 -1.768325 0.819080
v -0.535144 -1.615983 0.920556
v -0.564074 -1.789401 0.803191
v -0.422877 -1.751200 0.823423
v -0.078470 -1.688266 0.800230
v -0.063012 -1.583021 0.865082
v -0.543078 -1.810473 0.563825
v -0.094135 -1.769086 0.556924
v -0.977375 -1.793126 0.498747
v -1.108758 -1.770749 0.473033
v -1.305099 -1.708460 0.484230
v -1.397474 -1.693815 0.570541
v -1.376186 -1.661988 0.718954
v -1.480217 -1.656600 0.606638
v -1.397474 -1.693815 0.570541
v -1.552229 -1.555077 0.735708
v -1.601625 -1.593321 0.605607
v -1.519339 -1.653776 0.501741
v -1.406693 -1.697325 0.450399
v -1.576196 -1.696317 0.358146
v -1.386502 -1.718441 0.350823
v -1.305099 -1.708460 0.484230
v -1.406693 -1.697325 0.450399
v -1.386502 -1.718441 0.350823
v -0.972514 -1.822778 0.372649
v -0.523838 -1.850065 0.388007
v -0.543078 -1.810473 0.563825
v -0.977375 -1.793126 0.498747
v -0.112666 -1.806584 0.383324
v -0.094135 -1.769086 0.556924
v 0.480235 -1.631521 0.401961
v 0.489819 -1.524947 0.672392
v -0.155114 -1.828285 0.000000
v 0.446550 -1.672950 0.000000
v -0.530369 -1.860806 0.000000
v -0.956007 -1.825728 0.000000
v -1.395728 -1.723811 0.000000
v -1.576196 -1.696317 0.358146
v -1.610025 -1.711571 0.000000
v -1.395728 -1.723811 0.000000
v -1.386502 -1.718441 0.350823
v -1.764045 -1.764987 0.406586
v -1.799827 -1.753136 0.000000
v -1.601625 -1.593321 0.605607
v -1.747790 -1.667608 0.606340
v -1.778934 -1.550199 0.776454
v -1.659758 -1.544361 0.788181
v -1.552229 -1.555077 0.735708
v -2.508885 -1.719933 0.721675
v -2.417777 -1.553136 0.887222
v -2.591357 -1.510845 0.885470
v -2.734184 -1.717948 0.749581
v -2.267049 -1.753901 0.662106
v -2.223917 -1.541268 0.879260
v -2.037371 -1.736360 0.656787
v -2.049879 -1.562369 0.829319
v -1.936032 -1.829617 0.488916
v -1.883160 -1.829718 0.401567
v -2.027242 -1.813012 0.555232
v -2.126375 -1.866497 0.502895
v -2.317557 -1.874200 0.470587
v -2.176551 -1.873816 0.445782
v -2.466779 -1.857679 0.570461
v -2.446375 -1.893261 0.494110
v -2.547737 -1.833025 0.609321
v -2.647220 -1.844010 0.594347
v -2.811581 -1.798210 0.712737
v -2.699966 -1.850397 0.570070
v -2.892162 -1.781087 0.000000
v -2.684452 -1.891207 0.447388
v -2.709403 -1.879947 0.508775
v -2.941731 -1.787431 0.442574
v -2.656867 -1.853045 0.000000
v -2.614084 -1.905005 0.404925
v -2.348005 -1.869142 0.000000
v -2.503818 -1.909806 0.431456
v -2.147113 -1.903198 0.362462
v -2.092921 -1.839622 0.000000
v -2.062725 -1.884246 0.307336
v -1.946306 -1.872735 0.344251
v -0.977375 -1.793126 0.498747
v -0.972089 -1.774507 0.768570
v -1.089642 -1.757196 0.685154
v -0.812845 -1.785424 0.768511
v -3.304804 -1.582192 0.643445
v -3.314868 -1.599081 0.439626
v -3.120907 -1.707924 0.431829
v -3.139394 -1.687482 0.638546
v -3.387254 -1.486027 0.672861
v -3.442085 -1.484120 0.406377
v -3.533910 -1.330455 0.568246
v -3.557869 -1.325941 0.378030
v -3.631179 -1.157838 0.505610
v -3.639586 -1.140102 0.333800
v -3.667859 -0.964867 0.464702
v -3.686518 -0.955181 0.320349
v -3.665774 -0.734080 0.446286
v -3.676599 -0.729578 0.330724
v -3.595973 -0.346391 0.426453
v -3.616627 -0.350374 0.338492
v -3.529709 -0.065998 0.437217
v -3.570243 -0.060093 0.344854
v -3.516840 0.149002 0.430359
v -3.535416 0.191408 0.338478
v -3.536654 0.442277 0.322000
v -3.544507 0.467147 -0.000000
v -3.552320 0.219613 -0.000000
v -3.583763 -0.052271 0.000000
v -3.673607 -0.720796 0.000000
v -3.637643 -0.356271 0.000000
v -3.678793 -0.926816 0.000000
v -3.650579 -1.142448 0.000000
v -3.522115 -1.366623 0.000000
v -3.417689 -1.494416 0.000000
v -3.271035 -1.609292 0.000000
v -3.110300 -1.691720 0.000000
v -2.892162 -1.781087 0.000000
v -2.941731 -1.787431 0.442574
v -3.470778 -0.078218 0.546398
v -3.526766 -0.317542 0.560837
v -3.569993 -0.731989 0.649435
v -3.550120 -0.984868 0.675228
v -3.492599 -1.180646 0.692282
v -3.335942 -1.365685 0.724590
v -3.438226 -0.721479 0.728141
v -3.283698 -0.730967 0.793898
v -3.415655 -0.308965 0.671045
v -3.355398 -0.969157 0.766213
v -3.279790 -1.162072 0.784602
v -3.251210 -0.948205 0.819868
v -3.556552 0.704883 0.280630
v -3.566995 0.656967 -0.000000
v -3.578170 0.837714 0.288502
v -3.599077 0.796217 -0.000000
v 1.806371 -2.949735 0.984058
v 1.771416 -2.769024 0.946100
v 1.718315 -2.775468 0.921796
v 1.734568 -2.965876 0.986396
v 2.021366 -2.881725 0.945561
v 1.960643 -2.712860 0.900890
v 1.880971 -2.733242 0.890200
v 1.911792 -2.895773 0.950117
v 2.057496 -2.887282 0.844225
v 1.994078 -2.713047 0.824553
v 1.735077 -3.022732 0.972751
v 1.721745 -3.116887 0.979111
v 1.802387 -3.089615 0.961851
v 1.811797 -3.135641 0.933096
v 2.031262 -3.256709 1.111122
v 2.148880 -3.221616 1.076203
v 2.110033 -3.148257 1.068816
v 1.970051 -3.141862 1.065178
v 2.138771 -3.397683 1.214726
v 2.247981 -3.342804 1.127459
v 2.254361 -3.550931 1.235118
v 2.343303 -3.507846 1.195262
v 1.981186 -3.441282 1.180532
v 2.025468 -3.556842 1.204841
v 1.926176 -3.288880 1.093746
v 1.886443 -3.191742 1.047318
v 2.201939 -3.226457 0.996503
v 2.281229 -3.338250 1.043475
v 2.170039 -3.134504 0.978866
v 2.217369 -3.156093 0.888927
v 2.113587 -3.011851 0.851648
v 2.091539 -3.032437 0.947029
v 1.865135 -3.353827 1.054981
v 1.841888 -3.246003 1.014774
v 1.919391 -3.487078 1.110869
v 1.980621 -3.043895 0.964237
v 2.091539 -3.032437 0.947029
v 2.113587 -3.011851 0.851648
v 2.057496 -2.887282 0.844225
v 2.021366 -2.881725 0.945561
v 1.880971 -2.733242 0.890200
v 1.830669 -2.736121 0.903313
v 1.848272 -2.927260 0.996966
v 1.911792 -2.895773 0.950117
v 1.771416 -2.769024 0.946100
v 1.806371 -2.949735 0.984058
v 1.709173 -3.133145 0.807940
v 1.721745 -3.116887 0.979111
v 1.735077 -3.022732 0.972751
v 1.705953 -3.006628 0.832630
v 1.806407 -3.173343 0.834455
v 1.811797 -3.135641 0.933096
v 1.832790 -3.296508 0.865078
v 1.841888 -3.246003 1.014774
v 1.811797 -3.135641 0.933096
v 1.806407 -3.173343 0.834455
v 2.078928 -3.584991 0.917088
v 2.025468 -3.556842 1.204841
v 1.919391 -3.487078 1.110869
v 1.933899 -3.546253 0.912438
v 1.839523 -3.405292 0.883488
v 1.865135 -3.353827 1.054981
v 1.900481 -3.131932 0.728621
v 1.806407 -3.173343 0.834455
v 1.709173 -3.133145 0.807940
v 1.741854 -3.114181 0.700705
v 1.806407 -3.173343 0.834455
v 1.900481 -3.131932 0.728621
v 1.929730 -3.298418 0.689538
v 1.832790 -3.296508 0.865078
v 1.941325 -3.434803 0.701314
v 1.839523 -3.405292 0.883488
v 2.002745 -3.523420 0.688103
v 1.933899 -3.546253 0.912438
v 2.126553 -3.549679 0.701005
v 2.078928 -3.584991 0.917088
v 2.244147 -3.545557 0.732888
v 2.197935 -3.583948 0.936437
v 1.776024 -2.980086 0.707575
v 1.741854 -3.114181 0.700705
v 1.709173 -3.133145 0.807940
v 1.705953 -3.006628 0.832630
v 1.700797 -2.794792 0.824250
v 1.736425 -2.743683 0.736866
v 1.911792 -2.895773 0.950117
v 1.980621 -3.043895 0.964237
v 2.091539 -3.032437 0.947029
v 2.021366 -2.881725 0.945561
v 1.970051 -3.141862 1.065178
v 2.110033 -3.148257 1.068816
v 1.980621 -3.043895 0.964237
v 1.898573 -3.068274 0.994338
v 1.911792 -2.895773 0.950117
v 1.848272 -2.927260 0.996966
v 1.898573 -3.068274 0.994338
v 1.980621 -3.043895 0.964237
v 1.806371 -2.949735 0.984058
v 1.855134 -3.083228 0.986129
v 1.886443 -3.191742 1.047318
v 1.970051 -3.141862 1.065178
v 1.898573 -3.068274 0.994338
v 1.855134 -3.083228 0.986129
v 1.841888 -3.246003 1.014774
v 1.811797 -3.135641 0.933096
v 1.811797 -3.135641 0.933096
v 1.855134 -3.083228 0.986129
v 1.802387 -3.089615 0.961851
v 1.806371 -2.949735 0.984058
v 1.735077 -3.022732 0.972751
v 1.734568 -2.965876 0.986396
v 1.705953 -3.006628 0.832630
v 2.187495 -3.161535 0.800285
v 2.073690 -3.020848 0.782654
v 2.113587 -3.011851 0.851648
v 2.217369 -3.156093 0.888927
v 2.073690 -3.020848 0.782654
v 2.001343 -2.847715 0.762517
v 2.057496 -2.887282 0.844225
v 2.113587 -3.011851 0.851648
v 2.201939 -3.226457 0.996503
v 2.236407 -3.220054 0.892030
v 2.217369 -3.156093 0.888927
v 2.170039 -3.134504 0.978866
v 2.343303 -3.507846 1.195262
v 2.386827 -3.462222 1.136480
v 2.281229 -3.338250 1.043475
v 2.247981 -3.342804 1.127459
v 2.440236 -3.509564 1.019417
v 2.327021 -3.352317 0.958234
v 2.377814 -3.484109 0.800332
v 2.309358 -3.345468 0.801508
v 2.235942 -3.243103 0.823955
v 2.187495 -3.161535 0.800285
v 1.857471 -2.950722 0.669988
v 1.900481 -3.131932 0.728621
v 1.741854 -3.114181 0.700705
v 1.776024 -2.980086 0.707575
v 1.945632 -2.876710 0.703118
v 1.998099 -3.039955 0.718855
v 2.001343 -2.847715 0.762517
v 2.073690 -3.020848 0.782654
v 1.841282 -2.716008 0.708009
v 1.884318 -2.724404 0.701999
v 1.972647 -2.728848 0.772496
v 1.998099 -3.039955 0.718855
v 2.059222 -3.230076 0.674936
v 1.929730 -3.298418 0.689538
v 1.900481 -3.131932 0.728621
v 2.073690 -3.020848 0.782654
v 2.187495 -3.161535 0.800285
v 2.107985 -3.363571 0.677007
v 1.941325 -3.434803 0.701314
v 2.235942 -3.243103 0.823955
v 1.736425 -2.743683 0.736866
v 1.841282 -2.716008 0.708009
v 1.857471 -2.950722 0.669988
v 1.776024 -2.980086 0.707575
v 2.002745 -3.523420 0.688103
v 1.941325 -3.434803 0.701314
v 2.107985 -3.363571 0.677007
v 2.126553 -3.549679 0.701005
v 2.309358 -3.345468 0.801508
v 2.235942 -3.243103 0.823955
v 2.244147 -3.545557 0.732888
v 2.377814 -3.484109 0.800332
v 2.197935 -3.583948 0.936437
v 2.440236 -3.509564 1.019417
v 2.254361 -3.550931 1.235118
v 2.025468 -3.556842 1.204841
v 2.078928 -3.584991 0.917088
v -2.687162 -1.539807 0.988048
v -2.837147 -1.791733 0.921563
v -2.734184 -1.717948 0.749581
v -2.591357 -1.510845 0.885470
v -2.765069 -1.561164 1.084313
v -2.918293 -1.904184 1.004659
v -2.862576 -1.546894 1.117139
v -3.010917 -1.884498 1.083510
v -2.955052 -1.496840 1.128812
v -3.117476 -1.866892 1.108034
v -3.063133 -1.440555 1.090926
v -3.232610 -1.834299 1.087832
v -3.387254 -1.486027 0.672861
v -3.498521 -1.762078 0.762472
v -3.490520 -1.760417 0.903104
v -3.365990 -1.485170 0.888076
v -3.319817 -1.365015 0.886015
v -3.335942 -1.365685 0.724590
v -3.068444 -2.260195 1.035070
v -3.177824 -2.279173 1.047580
v -3.162498 -2.556375 1.058409
v -3.078699 -2.553982 1.046834
v -3.047974 -2.109628 1.063497
v -3.169489 -2.110039 1.076796
v -3.207447 -2.103206 1.071366
v -3.281816 -2.305055 1.001878
v -3.251541 -2.564050 1.023627
v -3.327526 -2.075729 1.005328
v -3.357996 -1.811803 0.975625
v -3.389388 -2.305625 0.950348
v -3.347304 -2.573628 0.955211
v -3.451965 -2.077314 0.931974
v -3.007483 -2.270712 0.984279
v -3.022819 -2.522240 0.979148
v -2.969687 -2.097941 0.982836
v -2.892438 -1.950810 0.878120
v -2.981187 -2.142718 0.858353
v -3.030605 -2.311222 0.884330
v -3.046610 -2.510881 0.900772
v -3.040398 -2.156239 0.808208
v -2.964215 -1.978727 0.776572
v -3.144012 -2.333635 0.829994
v -3.120761 -2.157770 0.766432
v -3.066022 -1.953125 0.719516
v -3.253309 -2.137354 0.760713
v -3.211005 -1.850398 0.700723
v -3.235873 -2.335338 0.820588
v -3.132772 -2.528669 0.848639
v -3.240554 -2.555467 0.856262
v -3.381262 -1.828189 0.697034
v -3.304804 -1.582192 0.643445
v -3.139394 -1.687482 0.638546
v -3.422698 -2.070796 0.773898
v -3.339489 -2.328145 0.827572
v -3.297886 -2.549020 0.861657
v -3.463753 -2.079892 0.844667
v -3.412068 -2.356105 0.865813
v -3.372066 -2.569159 0.904785
v -3.342096 -1.533989 0.921628
v 2.024530 -2.195334 0.811284
v 1.985330 -2.221319 0.893145
v 1.930747 -2.463535 0.894743
v 1.953911 -2.462233 0.830594
v 2.047696 -2.050138 0.814712
v 2.013095 -2.051912 0.911043
v 2.053108 -1.738285 0.824853
v 2.021591 -1.755289 0.912093
v 2.059844 -1.561331 0.858957
v 2.036036 -1.579080 0.967151
v 1.718315 -2.775468 0.921796
v 1.771416 -2.769024 0.946100
v 1.737623 -2.485017 0.918334
v 1.678986 -2.513137 0.891745
v 1.710406 -2.272223 0.954296
v 1.648793 -2.280014 0.929365
v 1.720031 -2.105568 0.971354
v 1.624900 -2.087301 0.963391
v 1.717145 -1.809530 1.004092
v 1.572979 -1.827591 0.985823
v 1.650318 -1.645881 1.053347
v 1.541750 -1.643613 1.014190
v 1.655948 -2.520927 0.844269
v 1.586321 -2.273752 0.880969
v 1.529305 -2.092083 0.887353
v 1.508714 -1.808578 0.934359
v 1.480629 -1.640132 0.953447
v 1.663494 -2.485963 0.790773
v 1.601290 -2.267132 0.787696
v 1.544087 -2.080722 0.786432
v 1.473886 -1.818947 0.799576
v 1.451825 -1.576856 0.702758
v 1.756349 -2.446399 0.705428
v 1.677597 -2.237953 0.696318
v 1.643403 -2.076583 0.689565
v 1.596751 -1.722028 0.684655
v 1.599889 -1.595526 0.623185
v 1.960643 -2.712860 0.900890
v 1.994078 -2.713047 0.824553
v 1.880971 -2.733242 0.890200
v 1.864064 -2.469953 0.935601
v 1.937009 -1.625419 1.026843
v 1.941767 -1.759457 0.997454
v 1.918641 -2.083654 1.001275
v 1.906370 -2.282284 0.964887
v 1.830669 -2.736121 0.903313
v 1.801127 -2.484690 0.938593
v 1.818846 -1.756976 1.023593
v 1.804927 -1.581954 1.089198
v 1.839224 -2.109267 0.998351
v 1.818266 -2.313852 0.968652
v 2.170039 -3.134504 0.978866
v 2.091539 -3.032437 0.947029
v 1.980621 -3.043895 0.964237
v 2.440236 -3.509564 1.019417
v 2.386827 -3.462222 1.136480
v 2.343303 -3.507846 1.195262
v 2.254361 -3.550931 1.235118
v 2.197935 -3.583948 0.936437
v 1.736425 -2.743683 0.736866
v 1.663494 -2.485963 0.790773
v 1.756349 -2.446399 0.705428
v 1.841282 -2.716008 0.708009
v 1.596751 -1.722028 0.684655
v 1.599889 -1.595526 0.623185
v 1.721211 -1.590185 0.601932
v 1.740323 -1.679830 0.664098
v 1.643403 -2.076583 0.689565
v 1.747671 -2.067518 0.638841
v 1.677597 -2.237953 0.696318
v 1.772999 -2.230292 0.644940
v 1.700797 -2.794792 0.824250
v 1.655948 -2.520927 0.844269
v 2.001343 -2.847715 0.762517
v 1.972647 -2.728848 0.772496
v 1.994078 -2.713047 0.824553
v 2.057496 -2.887282 0.844225
v 1.947264 -2.443232 0.732587
v 1.884318 -2.724404 0.701999
v 1.828658 -2.477348 0.673470
v 1.921881 -2.157616 0.692678
v 1.953911 -2.462233 0.830594
v 1.963153 -1.588839 0.612861
v 1.991892 -1.748400 0.652770
v 1.945206 -2.015769 0.672724
v 2.059844 -1.561331 0.858957
v 2.053108 -1.738285 0.824853
v 2.047696 -2.050138 0.814712
v 2.024530 -2.195334 0.811284
v 2.126237 -1.330172 0.721011
v 2.158051 -1.209613 0.783941
v 2.141273 -1.234642 0.941254
v 2.111557 -1.376942 0.896570
v 2.099566 -1.259996 1.055763
v 2.071448 -1.410118 1.006192
v 1.966698 -1.228160 1.153716
v 1.974215 -1.469208 1.068951
v 1.805207 -1.268427 1.165317
v 1.801794 -1.465464 1.129277
v 1.601721 -1.262359 1.141420
v 1.612396 -1.485728 1.099731
v 1.497480 -1.283201 1.088258
v 1.516700 -1.453050 1.068516
v 1.430817 -1.301205 1.024924
v 1.454817 -1.430228 0.976569
v 1.348219 -1.282064 0.845204
v 1.328862 -1.352627 0.758733
v 2.180012 -1.130557 0.821812
v 2.177450 -1.127765 0.974416
v 2.148553 -1.103067 1.065410
v 2.024692 -1.074646 1.172465
v 1.838895 -1.087204 1.201408
v 1.645819 -1.087442 1.173773
v 1.524407 -1.125312 1.142248
v 1.438439 -1.148029 1.098069
v 1.310865 -1.136322 0.914838
v 2.048200 -1.581983 0.555832
v 2.079600 -1.473377 0.654997
v 1.650318 -1.645881 1.053347
v 1.804927 -1.581954 1.089198
v 1.937009 -1.625419 1.026843
v 2.036036 -1.579080 0.967151
v 2.229345 -0.992723 0.862826
v 2.222082 -0.957342 1.014137
v 1.867657 -0.920633 1.206933
v 1.635139 -0.965221 1.184968
v 2.058189 -0.931238 1.163518
v 2.158585 -0.955809 1.113647
v 1.451825 -1.576856 0.702758
v 1.480629 -1.640132 0.953447
v 1.428883 -0.986690 1.133905
v 1.337875 -0.945716 1.021299
v 1.541750 -1.643613 1.014190
v 1.536037 -0.985876 1.185597
v 3.247406 2.073333 -0.000000
v 2.985371 1.982663 -0.000000
v 3.009101 1.971604 0.034220
v 3.233975 2.059193 0.072431
v 3.036361 1.913989 0.169838
v 3.252224 2.026347 0.148215
v 3.058366 1.773346 0.297337
v 3.276333 1.863773 0.294266
v 3.086666 1.632991 0.338863
v 3.337545 1.748927 0.340210
v 3.115383 1.492390 0.380228
v 3.377233 1.587800 0.400781
v 3.163181 1.209972 0.462438
v 3.473410 1.366149 0.454658
v 3.189664 0.907503 0.500122
v 3.528445 1.060127 0.489443
v 3.280681 0.510802 0.499434
v 3.559394 0.706516 0.452535
v 3.321825 0.266690 0.465750
v 3.619650 0.472046 0.391742
v 3.360040 0.165487 0.412685
v 3.641195 0.407454 0.362198
v 3.378799 0.073736 0.355362
v 3.674710 0.338839 0.307840
v 3.438950 -0.082580 0.257015
v 3.700363 0.265794 0.240762
v 3.514981 -0.121886 0.187589
v 3.737014 0.181837 0.176819
v 3.486028 -0.141683 0.000000
v 3.731689 0.186391 -0.000000
v 3.454971 2.169877 -0.000000
v 3.458300 2.151656 0.102662
v 3.727093 2.308406 0.150049
v 3.716360 2.343387 -0.000000
v 3.955635 0.432417 0.197586
v 3.929251 0.411689 -0.000000
v 4.126565 0.642027 -0.000000
v 4.120842 0.627141 0.185461
v 3.889626 0.475277 0.247365
v 3.861841 0.560638 0.311961
v 4.105198 0.672581 0.300001
v 3.849352 0.664451 0.387198
v 4.068249 0.798926 0.400813
v 3.823137 0.853054 0.461519
v 4.041657 1.039756 0.496922
v 3.747724 1.184933 0.518662
v 3.988510 1.297806 0.539537
v 3.650974 1.463740 0.478617
v 3.886058 1.550141 0.504830
v 3.590526 1.701090 0.411994
v 3.881998 1.764428 0.476337
v 3.541188 1.849183 0.386366
v 3.814876 1.968416 0.443000
v 3.479418 1.978250 0.317478
v 3.758215 2.206683 0.323051
v 3.460196 2.103494 0.180368
v 3.745669 2.266001 0.241930
v 3.335210 -0.375755 0.000000
v 3.342159 -0.384674 0.201349
v 3.107533 -0.691019 0.264602
v 3.118124 -0.703925 0.000000
v 2.715712 1.828219 0.167709
v 2.723503 1.898839 -0.000000
v 2.339597 1.807702 -0.000000
v 2.361089 1.766660 0.202595
v 2.738132 1.687333 0.295046
v 2.406969 1.645328 0.341479
v 2.775680 1.538710 0.352829
v 2.519027 1.485931 0.422962
v 2.815366 1.377583 0.413399
v 2.553871 1.284278 0.512335
v 2.854291 1.093951 0.494650
v 2.637461 1.017260 0.581611
v 2.948387 0.783357 0.515058
v 2.747937 0.712253 0.615674
v 3.061090 0.397226 0.574193
v 2.811504 0.469098 0.657443
v 2.898733 0.271916 0.651298
v 3.136321 0.171237 0.539896
v 2.919870 0.084875 0.642460
v 3.166160 0.021310 0.457261
v 2.953029 -0.127690 0.520499
v 3.199571 -0.153739 0.380150
v 2.986408 -0.413503 0.428964
v 3.286426 -0.300744 0.276331
v 3.053144 -0.609681 0.326931
v 2.835437 -0.231101 0.577890
v 2.679445 0.687427 0.720573
v 2.753156 0.400829 0.713141
v 2.790681 0.219187 0.718263
v 2.790657 0.044324 0.717488
v 2.743995 -0.129852 0.718277
v 2.736198 -0.346225 0.659345
v 2.396355 1.242239 0.597722
v 2.482917 0.997637 0.702425
v 2.514162 0.988713 0.674527
v 2.543372 -0.548031 0.937182
v 2.410367 -0.777999 0.841105
v 2.539200 -0.727778 0.750475
v 2.618307 -0.549092 0.805491
v 2.594499 -0.422948 0.981263
v 2.690576 -0.368057 0.819343
v 2.607430 -0.208248 0.974218
v 2.702577 -0.197406 0.795611
v 2.649413 0.031535 1.024796
v 2.734183 0.038769 0.865810
v 2.668936 0.206182 1.014371
v 2.731512 0.219003 0.891585
v 2.616001 0.447717 0.960748
v 2.706960 0.393597 0.849582
v 2.570400 0.738683 0.830405
v 2.604217 0.728827 0.769671
v 2.688131 -0.517509 0.672975
v 2.542439 0.999928 0.648592
v 2.128139 1.788397 -0.000000
v 2.132390 1.755821 0.180271
v 2.183003 1.654070 0.341767
v 2.301359 1.397721 0.546015
v 2.346081 -0.745350 1.013296
v 2.245624 -0.864372 0.995778
v 2.292449 -0.871852 0.882400
v 2.069379 1.727818 0.212746
v 2.096552 1.678482 0.326810
v 2.189848 1.468992 0.517501
v 2.266003 1.273253 0.663332
v 2.347317 1.066114 0.758763
v 2.399389 0.782091 0.915279
v 2.448969 0.529858 1.037335
v 2.495354 0.250522 1.132081
v 2.500490 -0.035029 1.170179
v 2.452588 -0.244072 1.138797
v 2.439827 -0.395385 1.131324
v 2.384638 -0.591919 1.043058
v 2.013534 -0.662303 1.191491
v 2.108912 -0.357128 1.259691
v 1.794465 1.787719 -0.000000
v 1.807583 1.756546 0.177627
v 2.042206 1.777154 -0.000000
v 2.136269 -0.187666 1.278057
v 2.141790 -0.055306 1.295565
v 2.081700 0.283249 1.259461
v 2.023441 0.529338 1.144399
v 1.975941 0.827957 1.018423
v 1.958254 1.130271 0.861813
v 1.859443 1.450393 0.632222
v 1.821946 1.618209 0.403751
v 1.798719 1.714447 0.259352
v 0.733818 1.740873 -0.000000
v 0.234527 1.730117 -0.000000
v 0.223642 1.684075 0.160743
v 0.737904 1.604213 0.281713
v 0.237330 1.595746 0.288672
v 0.725959 1.478055 0.461804
v 0.289039 1.496446 0.430055
v 0.760722 1.205036 0.700545
v 0.305671 1.298417 0.629719
v 0.857323 0.985001 0.874029
v 0.243473 1.134082 0.819993
v 0.921312 0.755659 0.999330
v 0.316341 0.785311 1.086260
v 0.939271 0.379986 1.185872
v 0.539252 0.353984 1.254493
v 0.927775 0.195225 1.233043
v 0.539150 0.148262 1.321014
v 0.950215 0.042751 1.256188
v 0.516872 -0.020713 1.356627
v 0.943855 -0.101127 1.274771
v 0.542386 -0.188227 1.370375
v 0.960321 -0.308052 1.243133
v 0.546875 -0.390940 1.363244
v 0.974530 -0.525273 1.140353
v 0.550658 -0.633015 1.331311
v 0.948819 -0.638568 1.102958
v 0.527724 -0.862854 1.253811
v 0.939974 -0.894739 1.019809
v 0.544825 -1.133123 1.096902
v 0.956456 -1.070504 0.921063
v 0.530629 -1.316423 0.929842
v 0.930660 -1.216516 0.831196
v 0.538756 -1.408602 0.764911
v 0.922703 -1.296032 0.728307
v 0.489819 -1.524947 0.672392
v 0.912699 -1.455066 0.576185
v 0.480235 -1.631521 0.401961
v 0.912989 -1.499314 0.419547
v 0.446550 -1.672950 0.000000
v 0.927497 -1.558489 0.000000
v -0.228904 1.734267 -0.000000
v -0.547248 1.742126 -0.000000
v -0.559706 1.694180 0.186107
v -0.221516 1.686349 0.151403
v -0.557624 1.641278 0.271462
v -0.267035 1.627058 0.266577
v -0.626493 1.585426 0.443136
v -0.247999 1.565146 0.389142
v -0.597781 1.489620 0.641047
v -0.179548 1.471301 0.544513
v -0.674657 1.333008 0.761059
v -0.192546 1.305535 0.700080
v -0.910602 1.204118 0.837740
v -0.406155 1.005088 0.971088
v -0.969076 0.901205 1.146223
v -0.115190 0.458427 1.346197
v -0.752416 0.438132 1.467349
v 0.005537 0.163519 1.472265
v -0.645496 0.179261 1.584316
v 0.018086 0.002865 1.523199
v -0.536767 -0.144454 1.682232
v 0.034087 -0.225059 1.542949
v -0.533528 -0.582280 1.701405
v 0.010486 -0.502317 1.576297
v -0.505045 -0.913827 1.645612
v 0.021051 -0.831931 1.511548
v -0.487217 -1.193519 1.504026
v -0.041570 -1.143825 1.395176
v -0.524231 -1.399266 1.313019
v -0.071941 -1.346991 1.237379
v -0.526127 -1.495000 1.167736
v -0.072300 -1.450245 1.087397
v -0.535144 -1.615983 0.920556
v -0.063012 -1.583021 0.865082
v -0.866132 1.754670 -0.000000
v -1.179474 1.786649 -0.000000
v -1.215563 1.757097 0.133494
v -0.894132 1.712652 0.151911
v -1.227613 1.709095 0.276029
v -0.954897 1.677544 0.293034
v -1.292756 1.656509 0.514030
v -1.017767 1.607824 0.541965
v -1.338488 1.613735 0.725441
v -1.046070 1.509097 0.761060
v -1.403848 1.533059 0.902827
v -1.115594 1.392380 0.819623
v -1.551526 1.400025 1.050193
v -1.278903 1.192051 0.946843
v -1.552899 1.128654 1.151040
v -1.200768 0.978822 1.103391
v -1.454529 0.875045 1.238858
v -1.147922 0.807955 1.254191
v -1.405685 0.573835 1.352181
v -1.120716 0.424016 1.456990
v -1.479588 0.295746 1.440042
v -1.077307 0.165008 1.553393
v -1.489699 -0.024215 1.510987
v -1.053434 -0.342553 1.690245
v -1.395501 -0.698702 1.553257
v -1.077209 -0.869649 1.633144
v -1.376176 -0.948757 1.451608
v -1.061272 -1.141877 1.496230
v -1.402349 -1.127845 1.309055
v -1.001366 -1.335897 1.353338
v -1.407658 -1.236026 1.112930
v -0.952525 -1.440582 1.168650
v 1.640095 -0.674556 1.246804
v 1.644178 -0.857872 1.208494
v 1.456656 1.785879 -0.000000
v 1.462507 1.745481 0.222394
v 1.483832 1.697594 0.288781
v 1.497138 1.618935 0.401108
v 1.504951 1.483493 0.585976
v 1.517126 1.334367 0.741076
v 1.570685 0.938327 0.989108
v 1.582203 0.771083 1.068180
v 1.630080 0.420236 1.172369
v 1.649027 0.224458 1.211969
v 1.660355 0.019397 1.246002
v 1.664159 -0.189659 1.266729
v 1.678622 -0.410061 1.291177
v 1.920432 -1.567396 0.000000
v 1.604939 -1.556997 0.000000
v 1.192040 -1.330605 0.678707
v 1.210555 -1.460061 0.576841
v 1.223415 -1.532658 0.434522
v 1.289448 -1.546597 0.000000
v 1.219163 -1.218342 0.823029
v 1.373216 -0.564620 1.106245
v 1.252961 -0.928825 1.001643
v 1.230116 -1.085439 0.894543
v -0.078470 -1.688266 0.800230
v -0.094135 -1.769086 0.556924
v -0.953236 -1.545941 0.899180
v 2.881063 -0.493146 0.521968
v 2.824356 -1.407256 0.355013
v 2.740886 -1.339225 0.463604
v 2.663024 -1.440487 0.478149
v -1.350950 1.807009 -0.000000
v -1.365948 1.769608 0.133901
v -1.396332 1.723782 0.267642
v -1.417595 1.676180 0.529265
v -1.465432 1.655336 0.722125
v -1.582187 1.567542 0.982349
v -1.721806 1.391264 1.113307
v -1.733703 1.083864 1.181489
v -1.807421 0.657142 1.209422
v -1.796156 0.452382 1.243643
v -1.810920 0.287592 1.292257
v -1.795130 0.033439 1.371160
v -1.802864 -0.282523 1.401315
v -1.837859 -0.540871 1.295851
v -1.782928 -0.770786 1.173619
v -1.757573 -0.945337 1.075832
v -1.676510 1.826886 -0.000000
v -1.683863 1.789041 0.121501
v -1.714432 1.747956 0.247594
v -1.744732 1.734849 0.433807
v -1.929731 1.617188 0.806390
v -1.996117 1.387891 1.064104
v -1.980388 1.134038 1.143196
v -2.013663 0.810726 1.158827
v -2.030191 0.547622 1.189762
v -2.021159 0.411979 1.234679
v -1.932916 0.232972 1.304589
v -1.897394 0.037852 1.365798
v -1.950547 -0.275573 1.377028
v -2.033655 -0.526012 1.277639
v -2.050292 -0.755566 1.114167
v -2.043593 -0.875823 1.028879
v -2.033406 -0.910030 0.964220
v -1.782298 -1.020581 0.943381
v -1.198513 -1.456102 0.885435
v -1.456655 -1.295527 0.894240
v -1.366873 -1.340211 0.907567
v -2.057387 1.841308 -0.000000
v -2.079597 1.817785 0.138375
v -2.100170 1.789980 0.229245
v -2.137524 1.753182 0.433142
v -2.172139 1.623010 0.805318
v -2.205791 1.356023 1.081662
v -2.296056 1.062810 1.171139
v -2.298249 0.768333 1.203884
v -2.256285 0.547326 1.238301
v -2.158400 0.381542 1.272962
v -2.070413 0.207766 1.335106
v -2.064786 0.018789 1.411866
v -2.187634 -0.375454 1.406902
v -2.276341 -0.689823 1.268026
v -2.292049 -0.933921 1.128136
v -2.299356 -1.025449 1.044687
v -2.306662 -1.116976 0.961238
v -2.629466 1.918204 -0.000000
v -2.672899 1.905110 0.067168
v -2.697367 1.871291 0.218796
v -2.703112 1.825435 0.395127
v -2.715246 1.746763 0.604653
v -2.717480 1.576797 0.875971
v -2.684930 1.262021 1.110490
v -2.572286 0.835495 1.252192
v -2.536112 0.656633 1.269661
v -2.520947 0.559036 1.273617
v -2.473750 0.300945 1.316695
v -2.433366 0.078222 1.371269
v -2.414730 -0.108377 1.395384
v -2.382920 -0.417450 1.375045
v -2.430508 -0.822313 1.254486
v -2.566746 -1.211312 1.167101
v -3.037562 2.001526 -0.000000
v -3.053102 1.968810 0.051104
v -3.077669 1.871112 0.217368
v -3.075310 1.846000 0.363149
v -3.109047 1.789477 0.565323
v -3.085650 1.657340 0.784479
v -3.028932 1.461517 0.941324
v -2.930312 1.103580 1.125876
v -2.825835 0.755899 1.209042
v -2.790630 0.468810 1.224273
v -2.787011 0.264495 1.237352
v -2.687022 0.076781 1.290565
v -2.649338 -0.241719 1.339644
v -2.616467 -0.511373 1.344133
v -2.624856 -0.888200 1.261176
v -2.725776 -1.214862 1.190384
v -2.862576 -1.546894 1.117139
v -2.765069 -1.561164 1.084313
v -3.392806 1.769365 -0.000000
v -3.507689 1.700214 -0.000000
v -3.519716 1.685231 0.317130
v -3.358510 1.810253 0.380095
v -3.527168 1.583508 0.512679
v -3.395381 1.726325 0.554770
v -3.512997 1.448050 0.611386
v -3.338742 1.598933 0.689636
v -3.476235 1.287798 0.704766
v -3.278080 1.432418 0.853958
v -3.442151 1.105486 0.762934
v -3.244771 1.195540 0.910945
v -3.379131 0.767915 0.885996
v -3.196410 0.797564 0.985913
v -3.306875 0.379713 0.987620
v -3.112555 0.457376 1.084816
v -3.251181 0.175063 1.053445
v -3.044646 0.224321 1.164934
v -3.160225 -0.018852 1.113626
v -2.971546 0.032038 1.215971
v -3.101125 -0.354760 1.162409
v -2.907080 -0.345582 1.281557
v -3.096267 -0.668100 1.140081
v -2.901159 -0.619504 1.284058
v -3.122061 -0.998702 1.065015
v -2.937658 -1.002749 1.219413
v -3.150210 -1.259588 1.001021
v -2.982676 -1.264649 1.133596
v -3.188954 -1.408279 0.963611
v -3.063133 -1.440555 1.090926
v -3.690685 1.602080 -0.000000
v -3.734989 1.589433 0.295202
v -3.697974 1.466697 0.433432
v -3.684619 1.350690 0.501428
v -3.655148 1.190938 0.573692
v -3.639878 1.015186 0.615203
v -3.582867 0.734419 0.697787
v -3.504525 0.405574 0.847066
v -3.424258 0.158638 0.918279
v -3.365413 -0.113447 0.952400
v -3.290393 -0.424259 0.984153
v -3.233333 -0.683782 1.015512
v -3.238094 -0.979377 0.961631
v -3.277510 -1.177346 0.915300
v -3.319817 -1.365015 0.886015
v -3.709827 1.417763 -0.000000
v -3.709741 1.351194 0.211745
v -3.701634 1.272650 0.270469
v -3.695872 1.156978 0.316829
v -3.672431 1.044224 0.364991
v -3.664355 0.932851 0.370749
v -3.631292 0.701013 0.420276
v -3.570384 0.385564 0.524480
v -3.520188 0.140164 0.618561
v -3.458251 -0.125950 0.731712
v -3.406618 -0.343461 0.746456
v -3.283698 -0.730967 0.793898
v -2.687162 -1.539807 0.988048
v -2.462835 -1.305500 0.966395
v -2.591357 -1.510845 0.885470
v -2.955052 -1.496840 1.128812
v -3.357996 -1.811803 0.975625
v -3.232610 -1.834299 1.087832
v -3.365990 -1.485170 0.888076
v -3.342096 -1.533989 0.921628
v -2.964215 -1.978727 0.776572
v -2.811581 -1.798210 0.712737
v -2.734184 -1.717948 0.749581
v -2.892438 -1.950810 0.878120
v -2.837147 -1.791733 0.921563
v -3.046610 -2.510881 0.900772
v -3.132772 -2.528669 0.848639
v -3.144012 -2.333635 0.829994
v -3.030605 -2.311222 0.884330
v -3.223286 -3.001780 1.126176
v -3.261810 -2.821069 1.088218
v -3.320330 -2.827513 1.063914
v -3.302419 -3.017921 1.128514
v -2.986345 -2.933770 1.087679
v -3.053267 -2.764905 1.043008
v -3.141072 -2.785287 1.032318
v -3.107105 -2.947818 1.092235
v -2.946527 -2.939327 0.986343
v -3.016419 -2.765091 0.966671
v -3.301857 -3.074776 1.114869
v -3.316551 -3.168932 1.121229
v -3.227676 -3.141660 1.103969
v -3.217306 -3.187686 1.075214
v -2.975439 -3.308754 1.253240
v -2.845816 -3.273661 1.218321
v -2.888628 -3.200302 1.210934
v -3.042899 -3.193907 1.207296
v -2.856957 -3.449728 1.356844
v -2.736599 -3.394849 1.269577
v -2.729567 -3.602976 1.377236
v -2.631547 -3.559891 1.337380
v -3.030627 -3.493327 1.322650
v -2.981824 -3.608887 1.346959
v -3.091252 -3.340925 1.235864
v -3.135041 -3.243787 1.189436
v -2.787341 -3.278502 1.138621
v -2.699957 -3.390295 1.185593
v -2.822497 -3.186549 1.120984
v -2.770335 -3.208138 1.031045
v -2.884711 -3.063896 0.993766
v -2.909010 -3.084482 1.089147
v -3.158524 -3.405872 1.197099
v -3.184143 -3.298048 1.156892
v -3.098730 -3.539123 1.252987
v -3.031250 -3.095940 1.106355
v -2.909010 -3.084482 1.089147
v -2.884711 -3.063896 0.993766
v -2.946527 -2.939327 0.986343
v -2.986345 -2.933770 1.087679
v -3.141072 -2.785287 1.032318
v -3.196508 -2.788166 1.045431
v -3.177108 -2.979305 1.139084
v -3.107105 -2.947818 1.092235
v -3.261810 -2.821069 1.088218
v -3.223286 -3.001780 1.126176
v -3.330406 -3.185190 0.950058
v -3.316551 -3.168932 1.121229
v -3.301857 -3.074776 1.114869
v -3.333954 -3.058673 0.974748
v -3.223246 -3.225388 0.976573
v -3.217306 -3.187686 1.075214
v -3.194170 -3.348553 1.007196
v -3.184143 -3.298048 1.156892
v -3.217306 -3.187686 1.075214
v -3.223246 -3.225388 0.976573
v -2.922908 -3.637036 1.059206
v -2.981824 -3.608887 1.346959
v -3.098730 -3.539123 1.252987
v -3.082741 -3.598298 1.054556
v -3.186750 -3.457336 1.025606
v -3.158524 -3.405872 1.197099
v -3.119570 -3.183977 0.870739
v -3.223246 -3.225388 0.976573
v -3.330406 -3.185190 0.950058
v -3.294389 -3.166225 0.842823
v -3.223246 -3.225388 0.976573
v -3.119570 -3.183977 0.870739
v -3.087335 -3.350463 0.831656
v -3.194170 -3.348553 1.007196
v -3.074557 -3.486847 0.843432
v -3.186750 -3.457336 1.025606
v -3.006867 -3.575464 0.830221
v -3.082741 -3.598298 1.054556
v -2.870422 -3.601724 0.843123
v -2.922908 -3.637036 1.059206
v -2.740824 -3.597601 0.875006
v -2.791754 -3.635993 1.078555
v -3.256731 -3.032131 0.849693
v -3.294389 -3.166225 0.842823
v -3.330406 -3.185190 0.950058
v -3.333954 -3.058673 0.974748
v -3.339637 -2.846837 0.966368
v -3.300372 -2.795728 0.878984
v -3.107105 -2.947818 1.092235
v -3.031250 -3.095940 1.106355
v -2.909010 -3.084482 1.089147
v -2.986345 -2.933770 1.087679
v -3.042899 -3.193907 1.207296
v -2.888628 -3.200302 1.210934
v -3.031250 -3.095940 1.106355
v -3.121673 -3.120319 1.136456
v -3.107105 -2.947818 1.092235
v -3.177108 -2.979305 1.139084
v -3.121673 -3.120319 1.136456
v -3.031250 -3.095940 1.106355
v -3.223286 -3.001780 1.126176
v -3.169546 -3.135273 1.128247
v -3.135041 -3.243787 1.189436
v -3.042899 -3.193907 1.207296
v -3.121673 -3.120319 1.136456
v -3.169546 -3.135273 1.128247
v -3.184143 -3.298048 1.156892
v -3.217306 -3.187686 1.075214
v -3.217306 -3.187686 1.075214
v -3.169546 -3.135273 1.128247
v -3.227676 -3.141660 1.103969
v -3.223286 -3.001780 1.126176
v -3.301857 -3.074776 1.114869
v -3.302419 -3.017921 1.128514
v -3.333954 -3.058673 0.974748
v -3.320330 -2.827513 1.063914
v -3.339637 -2.846837 0.966368
v -2.803260 -3.213580 0.942403
v -2.928681 -3.072892 0.924772
v -2.884711 -3.063896 0.993766
v -2.770335 -3.208138 1.031045
v -2.928681 -3.072892 0.924772
v -3.008412 -2.899760 0.904635
v -2.946527 -2.939327 0.986343
v -2.884711 -3.063896 0.993766
v -2.787341 -3.278502 1.138621
v -2.749355 -3.272099 1.034148
v -2.770335 -3.208138 1.031045
v -2.822497 -3.186549 1.120984
v -2.631547 -3.559891 1.337380
v -2.583580 -3.514267 1.278598
v -2.699957 -3.390295 1.185593
v -2.736599 -3.394849 1.269577
v -2.524720 -3.561609 1.161535
v -2.649491 -3.404362 1.100352
v -2.593513 -3.536154 0.942450
v -2.668957 -3.397513 0.943626
v -2.749867 -3.295148 0.966073
v -2.803260 -3.213580 0.942403
v -3.166971 -3.002766 0.812106
v -3.119570 -3.183977 0.870739
v -3.294389 -3.166225 0.842823
v -3.256731 -3.032131 0.849693
v -3.069810 -2.928755 0.845236
v -3.011987 -3.092000 0.860973
v -3.008412 -2.899760 0.904635
v -2.928681 -3.072892 0.924772
v -3.184812 -2.768053 0.850127
v -3.137383 -2.776449 0.844117
v -3.040038 -2.780893 0.914614
v -3.011987 -3.092000 0.860973
v -2.944625 -3.282121 0.817054
v -3.087335 -3.350463 0.831656
v -3.119570 -3.183977 0.870739
v -2.928681 -3.072892 0.924772
v -2.803260 -3.213580 0.942403
v -2.890885 -3.415616 0.819125
v -3.074557 -3.486847 0.843432
v -2.749867 -3.295148 0.966073
v -3.300372 -2.795728 0.878984
v -3.184812 -2.768053 0.850127
v -3.166971 -3.002766 0.812106
v -3.256731 -3.032131 0.849693
v -3.006867 -3.575464 0.830221
v -3.074557 -3.486847 0.843432
v -2.890885 -3.415616 0.819125
v -2.870422 -3.601724 0.843123
v -2.668957 -3.397513 0.943626
v -2.749867 -3.295148 0.966073
v -2.740824 -3.597601 0.875006
v -2.593513 -3.536154 0.942450
v -2.791754 -3.635993 1.078555
v -2.524720 -3.561609 1.161535
v -2.729567 -3.602976 1.377236
v -2.981824 -3.608887 1.346959
v -2.922908 -3.637036 1.059206
v -2.822497 -3.186549 1.120984
v -2.909010 -3.084482 1.089147
v -3.031250 -3.095940 1.106355
v -2.583580 -3.514267 1.278598
v -2.631547 -3.559891 1.337380
v -3.008412 -2.899760 0.904635
v -3.040038 -2.780893 0.914614
v -3.016419 -2.765091 0.966671
v -2.946527 -2.939327 0.986343
v -3.078699 -2.553982 1.046834
v -3.162498 -2.556375 1.058409
v -3.141072 -2.785287 1.032318
v -3.053267 -2.764905 1.043008
v -3.347304 -2.573628 0.955211
v -3.372066 -2.569159 0.904785
v -3.339637 -2.846837 0.966368
v -3.320330 -2.827513 1.063914
v -3.251541 -2.564050 1.023627
v -3.261810 -2.821069 1.088218
v -3.196508 -2.788166 1.045431
v -3.022819 -2.522240 0.979148
v -3.300372 -2.795728 0.878984
v -3.297886 -2.549020 0.861657
v -3.184812 -2.768053 0.850127
v -3.240554 -2.555467 0.856262
v -3.137383 -2.776449 0.844117
v -3.132772 -2.528669 0.848639
v -3.046610 -2.510881 0.900772
v -3.335942 -1.365685 0.724590
v -3.319817 -1.365015 0.886015
v -3.277510 -1.177346 0.915300
v -3.279790 -1.162072 0.784602
v -3.238094 -0.979377 0.961631
v -3.233333 -0.683782 1.015512
v -3.283698 -0.730967 0.793898
v -3.251210 -0.948205 0.819868
v -3.406618 -0.343461 0.746456
v -3.415655 -0.308965 0.671045
v -3.631292 0.701013 0.420276
v -3.664355 0.932851 0.370749
v -3.578170 0.837714 0.288502
v -3.556552 0.704883 0.280630
v -3.570384 0.385564 0.524480
v -3.536654 0.442277 0.322000
v -3.520188 0.140164 0.618561
v -3.516840 0.149002 0.430359
v -3.458251 -0.125950 0.731712
v -3.470778 -0.078218 0.546398
v -3.599077 0.796217 -0.000000
v -3.623861 0.911561 -0.000000
v -3.709741 1.351194 0.211745
v -3.709827 1.417763 -0.000000
v -3.601668 1.293049 -0.000000
v -3.701634 1.272650 0.270469
v -3.695872 1.156978 0.316829
v -3.608593 1.163581 -0.000000
v -3.672431 1.044224 0.364991
v -3.622326 1.005378 -0.000000
v -3.676450 -0.551317 0.077574
v -3.740631 -0.558176 0.085478
v -3.729470 -0.869371 0.096946
v -3.699784 -0.759901 0.088664
v -3.697889 -0.951955 0.098793
v -3.733767 -1.141917 0.111139
v -3.666536 -1.140372 0.078261
v -3.743747 -1.367219 0.100951
v -3.639696 -1.242349 0.057190
v -3.823638 -1.557534 0.081533
v -3.581963 -1.413947 -0.104371
v -3.683069 -1.591975 -0.115233
v -3.890388 -1.750102 0.017612
v -3.828485 -1.786559 -0.114095
v -3.778908 -0.541975 0.064258
v -3.805841 -0.798961 0.099237
v -3.843256 -0.981402 0.116282
v -3.884588 -1.261469 0.148322
v -3.914006 -1.486854 0.149147
v -4.015306 -1.659952 0.130331
v -4.107191 -1.836520 0.120149
v -3.818598 -0.522690 0.055572
v -3.900964 -0.780883 0.091579
v -3.949814 -0.963797 0.140806
v -3.974499 -1.169600 0.164243
v -4.018866 -1.413191 0.154149
v -4.154334 -1.677827 0.165852
v -4.207566 -1.922824 0.155104
v -3.896204 -0.629183 0.077883
v -3.978115 -0.823440 0.099280
v -4.029726 -1.043238 0.136305
v -4.129295 -1.228786 0.120745
v -4.184154 -1.598080 0.151191
v -4.297769 -1.889903 0.177707
v -3.932489 -0.556566 0.037354
v -4.070739 -0.947648 0.110554
v -4.227645 -1.227895 0.069894
v -4.229164 -1.473093 0.111560
v -4.309744 -1.743848 0.150329
v -4.405365 -1.921443 0.192978
v -3.975337 -0.554961 -0.014407
v -4.112449 -0.875765 0.016326
v -4.233834 -1.166542 0.022074
v -4.333831 -1.548255 0.056938
v -4.424122 -1.831742 0.130839
v -4.445835 -2.015127 0.189702
v -3.921874 -0.538502 -0.145307
v -4.042715 -0.876710 -0.168968
v -4.216296 -1.160854 -0.104034
v -4.252683 -1.437854 -0.145620
v -4.331331 -1.692590 -0.043593
v -4.387148 -1.967814 0.045602
v -3.910546 -0.601719 -0.163159
v -3.988138 -0.962789 -0.223649
v -4.111927 -1.333141 -0.267160
v -4.201904 -1.668554 -0.214859
v -4.273069 -1.798884 -0.099878
v -4.351543 -1.947675 0.025020
v -3.873622 -0.759035 -0.197169
v -3.917882 -1.082831 -0.289171
v -4.001496 -1.375703 -0.285641
v -4.073086 -1.649491 -0.238382
v -4.175757 -1.808223 -0.140659
v -4.321269 -1.963488 0.025072
v -3.742608 -0.729374 -0.149361
v -3.777709 -1.051411 -0.240495
v -3.820370 -1.239135 -0.269807
v -4.000019 -1.567512 -0.275350
v -3.977657 -1.750845 -0.184909
v -4.075028 -1.904403 -0.041324
v -4.192486 -1.953852 0.017313
v -3.860740 -0.188349 -0.024962
v -3.845990 -0.188820 0.019164
v -3.817430 0.150343 0.048629
v -3.828633 0.149083 -0.000000
v -3.844470 0.498176 0.053132
v -3.856649 0.496801 -0.000000
v -3.887340 1.003866 0.057635
v -3.900566 1.002504 -0.000000
v -3.860820 1.479723 0.062137
v -3.875140 1.480358 -0.000000
v -3.698925 1.787941 0.066640
v -3.712832 1.794492 -0.000000
v -3.469715 1.961504 0.071141
v -3.478430 1.975409 -0.000000
v -3.238225 2.005405 0.075645
v -3.242148 2.021387 -0.000000
v -3.805688 -0.190106 0.051472
v -3.786822 0.153783 0.084233
v -3.811194 0.501935 0.092033
v -3.851206 1.007586 0.099831
v -3.821694 1.477989 0.107631
v -3.660928 1.770041 0.115431
v -3.445903 1.923509 0.123229
v -3.227504 1.961738 0.131029
v -3.750630 -0.191863 0.063305
v -3.745007 0.158482 0.097274
v -3.765736 0.507070 0.106281
v -3.801840 1.012668 0.115288
v -3.768245 1.475619 0.124295
v -3.609021 1.745588 0.133304
v -3.413372 1.871604 0.142309
v -3.695565 -0.193620 0.051497
v -3.703185 0.163182 0.084262
v -3.720269 0.512205 0.092064
v -3.752468 1.017751 0.099865
v -3.714787 1.473248 0.107668
v -3.557104 1.721130 0.115470
v -3.380836 1.819691 0.123273
v -3.655240 -0.194907 0.019209
v -3.672559 0.166625 0.048678
v -3.686972 0.515966 0.053185
v -3.716312 1.021474 0.057693
v -3.675638 1.471512 0.062201
v -3.519086 1.703220 0.066709
v -3.357009 1.781675 0.071216
v -3.640457 -0.195379 -0.024909
v -3.661331 0.167886 0.000058
v -3.674766 0.517345 -0.000063
v -3.703058 1.022838 -0.000069
v -3.661286 1.470876 -0.000074
v -3.507689 1.700214 -0.000000
v -3.348274 1.767738 -0.000085
v -3.655175 -0.194909 -0.069044
v -3.672510 0.166630 -0.048579
v -3.686972 0.515966 -0.053185
v -3.695452 -0.193624 -0.101369
v -3.703099 0.163192 -0.084205
v -3.720269 0.512205 -0.092064
v -3.750500 -0.191867 -0.113230
v -3.744907 0.158493 -0.097274
v -3.765736 0.507070 -0.106281
v -3.805575 -0.190109 -0.101447
v -3.786736 0.153792 -0.084291
v -3.811194 0.501935 -0.092033
v -3.845923 -0.188822 -0.069180
v -3.817381 0.150348 -0.048728
v -3.844470 0.498176 -0.053132
v -3.655240 -0.194907 0.019209
v -3.695565 -0.193620 0.051497
v -3.740631 -0.558176 0.085478
v -3.676450 -0.551317 0.077574
v -3.805688 -0.190106 0.051472
v -3.975337 -0.554961 -0.014407
v -3.932489 -0.556566 0.037354
v -3.896204 -0.629183 0.077883
v -3.818598 -0.522690 0.055572
v -3.750630 -0.191863 0.063305
v -3.778908 -0.541975 0.064258
v -3.845990 -0.188820 0.019164
v -3.860740 -0.188349 -0.024962
v -3.695452 -0.193624 -0.101369
v -3.742608 -0.729374 -0.149361
v -3.873622 -0.759035 -0.197169
v -3.750500 -0.191867 -0.113230
v -3.805575 -0.190109 -0.101447
v -3.910546 -0.601719 -0.163159
v -3.921874 -0.538502 -0.145307
v -3.845923 -0.188822 -0.069180
v -3.655175 -0.194909 -0.069044
v -3.640457 -0.195379 -0.024909
v -3.569386 -0.761644 -0.035893
v -3.697889 -0.951955 0.098793
v -3.666536 -1.140372 0.078261
v -3.820370 -1.239135 -0.269807
v -3.777709 -1.051411 -0.240495
v -3.581963 -1.413947 -0.104371
v -3.639696 -1.242349 0.057190
v -3.977657 -1.750845 -0.184909
v -3.890388 -1.750102 0.017612
v -4.075028 -1.904403 -0.041324
v -4.000019 -1.567512 -0.275350
v -3.683069 -1.591975 -0.115233
v -3.828485 -1.786559 -0.114095
v -4.107191 -1.836520 0.120149
v -4.207566 -1.922824 0.155104
v -4.405365 -1.921443 0.192978
v -4.387148 -1.967814 0.045602
v -4.297769 -1.889903 0.177707
v -4.192486 -1.953852 0.017313
v -4.321269 -1.963488 0.025072
v -4.351543 -1.947675 0.025020
v -4.445835 -2.015127 0.189702
v -3.413372 1.871604 0.142309
v -3.077669 1.871112 0.217368
v -3.227504 1.961738 0.131029
v -3.053102 1.968810 0.051104
v -3.037562 2.001526 -0.000000
v -3.242148 2.021387 -0.000000
v -3.238225 2.005405 0.075645
v -3.358510 1.810253 0.380095
v -3.075310 1.846000 0.363149
v -1.936032 -1.829617 0.488916
v -1.971059 -1.992958 0.500845
v -1.933565 -1.993029 0.438902
v -1.883160 -1.829718 0.401567
v -2.027242 -1.813012 0.555232
v -2.035740 -1.981182 0.547873
v -2.126375 -1.866497 0.502895
v -2.106039 -2.019111 0.510759
v -2.176551 -1.873816 0.445782
v -2.141621 -2.024301 0.470257
v -2.147113 -1.903198 0.362462
v -2.120746 -2.045137 0.411171
v -2.062725 -1.884246 0.307336
v -2.060902 -2.031698 0.372079
v -1.946306 -1.872735 0.344251
v -1.978344 -2.023535 0.398257
v -2.466779 -1.857679 0.570461
v -2.513608 -2.012858 0.558673
v -2.499138 -2.038090 0.504529
v -2.446375 -1.893261 0.494110
v -2.547737 -1.833025 0.609321
v -2.571019 -1.995375 0.586230
v -2.647220 -1.844010 0.594347
v -2.641567 -2.003164 0.575611
v -2.699966 -1.850397 0.570070
v -2.678971 -2.007694 0.558395
v -2.709403 -1.879947 0.508775
v -2.685663 -2.028649 0.514928
v -2.684452 -1.891207 0.447388
v -2.667969 -2.036634 0.471396
v -2.614084 -1.905005 0.404925
v -2.618068 -2.046419 0.441284
v -2.503818 -1.909806 0.431456
v -2.539874 -2.049824 0.460098
v -1.985123 -2.116661 0.394256
v -2.065655 -2.124623 0.368720
v -2.124030 -2.137733 0.406853
v -2.144393 -2.117408 0.464489
v -2.109684 -2.112345 0.503997
v -2.041110 -2.075348 0.540201
v -1.978016 -2.086834 0.494327
v -1.941442 -2.086904 0.433904
v -2.513187 -2.130859 0.497920
v -2.552923 -2.142304 0.454579
v -2.629199 -2.138983 0.436227
v -2.677875 -2.129439 0.465600
v -2.695135 -2.121650 0.508064
v -2.688607 -2.101208 0.550465
v -2.652120 -2.096790 0.567258
v -2.583303 -2.089191 0.577616
v -2.527301 -2.106246 0.550735
v -2.048681 -2.165282 0.450843
v -2.603284 -2.176802 0.510638
v 4.925499 1.917814 0.613413
v 4.953403 1.907939 0.605609
v 4.971872 1.924079 0.586026
v 4.953739 1.952580 0.592256
v 4.925394 1.955229 0.618837
v 4.897808 1.946794 0.628057
v 5.001903 1.914398 0.486724
v 4.973133 1.992779 0.533466
v 4.982364 1.873300 0.536190
v 4.926194 1.859813 0.582137
v 4.852578 1.889721 0.605031
v 4.824747 1.946835 0.626358
v 4.861611 2.001639 0.621913
v 4.935561 2.016016 0.585700
v 4.861618 1.854067 0.618095
v 4.852578 1.889721 0.605031
v 4.824747 1.946835 0.626358
v 4.760921 1.881357 0.613120
v 4.935561 2.016016 0.585700
v 4.935880 2.051665 0.572853
v 4.842883 2.021333 0.638025
v 4.861611 2.001639 0.621913
v 4.973133 1.992779 0.533466
v 5.001903 1.914398 0.486724
v 4.991746 2.009819 0.523206
v 4.944706 1.840663 0.575374
v 4.926194 1.859813 0.582137
v 4.991709 1.844295 0.520761
v 4.982364 1.873300 0.536190
v 4.852582 1.816115 0.603105
v 4.908019 1.796041 0.587882
v 4.963546 1.783161 0.553515
v 4.983034 1.806343 0.505779
v 5.011430 1.875569 0.463205
v 4.964945 2.053575 0.499903
v 4.918466 2.084725 0.532713
v 5.020077 1.978170 0.480978
v 4.881574 2.094571 0.539949
v 4.825996 2.089176 0.576083
v 4.788476 2.028047 0.608619
v 4.798297 2.118191 0.591085
v 4.751519 2.039658 0.634134
v 4.872539 2.159259 0.542891
v 4.927885 2.156560 0.516579
v 5.002440 2.105746 0.468233
v 5.057495 2.002751 0.451974
v 5.075994 1.900999 0.443793
v 5.030289 1.827419 0.440803
v 4.991904 1.760829 0.510386
v 4.936066 1.737668 0.557276
v 4.871155 1.741238 0.592326
v 4.816181 1.797860 0.604026
v 5.085813 1.888503 0.408327
v 5.095375 1.961238 0.401516
v 5.058179 1.788186 0.417387
v 5.019836 1.739907 0.485562
v 4.917973 1.681480 0.544201
v 4.862636 1.684144 0.570155
v 4.752337 1.723388 0.591296
v 4.697607 1.768061 0.576663
v 5.067202 2.027704 0.422291
v 5.030641 2.102197 0.432329
v 4.937950 2.181155 0.486939
v 4.881855 2.194544 0.530288
v 4.807794 2.143653 0.570393
v 4.728963 2.036146 0.614307
v 4.742358 1.882232 0.621650
v 4.688114 2.046378 0.604518
v 4.744050 2.179337 0.556057
v 4.837331 2.235678 0.479332
v 4.893850 2.220523 0.417713
v 4.995978 2.148785 0.344534
v 5.060840 2.053335 0.309324
v 5.097062 1.954206 0.328795
v 5.105589 1.864086 0.347113
v 4.697024 1.862575 0.604048
v 4.832890 2.262727 0.283787
v 4.739441 2.299169 0.369987
v 4.971394 2.146686 0.224781
v 5.072165 2.043630 0.209228
v 5.127157 1.942759 0.211214
v 5.152698 1.830661 0.287042
v 5.133171 1.715563 0.334258
v 5.103427 1.624404 0.434275
v 4.982822 1.503071 0.507606
v 4.927282 1.486953 0.526327
v 4.798410 1.473149 0.570618
v 4.715646 1.502195 0.584339
v 4.615408 1.639641 0.577768
v 4.560751 1.785154 0.562428
v 4.551484 1.841749 0.575191
v 4.533113 1.989009 0.578975
v 4.561299 2.133066 0.547248
v 4.636582 2.263383 0.471997
v 5.049690 2.032731 0.000071
v 4.912303 2.162645 -0.000090
v 5.156645 1.942902 0.119993
v 5.218821 1.803552 0.199306
v 5.216855 1.636645 0.279797
v 5.233176 1.442459 0.362988
v 4.596478 1.512987 0.598982
v 4.679116 1.438434 0.589658
v 4.560024 1.604023 0.589333
v 4.477781 1.687858 0.597407
v 4.459682 1.778884 0.588185
v 4.432610 1.878873 0.577888
v 4.433020 2.024714 0.563794
v 4.747988 2.300163 -0.000276
v 4.634996 2.369115 0.140117
v 4.577573 2.389535 0.256196
v 4.472349 2.325133 0.443764
v 4.389484 2.190421 0.473320
v 5.223191 1.371491 0.388069
v 5.158322 1.236770 0.418043
v 4.955360 1.236724 0.505230
v 4.761601 1.363013 0.571370
v 5.321136 1.795562 0.119606
v 5.177545 1.932323 0.000214
v 5.378289 1.768448 0.000441
v 5.421809 1.685349 0.123555
v 5.424281 1.721152 0.000496
v 5.383208 1.619661 0.202452
v 5.373133 1.541142 0.246712
v 5.334328 1.402713 0.332639
v 5.296963 1.322443 0.357984
v 5.260653 1.184173 0.352062
v 5.250485 1.123029 0.385234
v 4.991713 1.163096 0.504149
v 4.733657 1.227371 0.592883
v 4.641547 1.285422 0.622034
v 4.522247 1.398278 0.644892
v 4.430999 1.535753 0.638888
v 4.404221 1.662433 0.616610
v 4.386380 1.770868 0.596666
v 4.377095 1.871713 0.595743
v 5.604888 1.546091 0.113773
v 5.588763 1.573846 0.000686
v 5.566339 1.498677 0.190905
v 5.528186 1.440180 0.250666
v 5.471928 1.345179 0.313899
v 5.425783 1.264372 0.329687
v 5.397967 1.174238 0.346802
v 5.388455 1.119419 0.351883
v 5.685194 1.452202 0.188749
v 5.730427 1.435668 0.209848
v 5.741781 1.463956 0.124891
v 5.687035 1.499636 0.110765
v 5.647186 1.394606 0.257833
v 5.608974 1.317869 0.319719
v 5.710154 1.360653 0.290072
v 5.563253 1.235295 0.317238
v 5.681726 1.282503 0.333871
v 5.580797 1.174135 0.351054
v 5.672187 1.164767 0.354080
v 5.680007 1.510009 0.000786
v 5.479630 1.111310 0.364188
v 5.813217 1.415581 0.195261
v 5.886832 1.385674 0.172365
v 5.915025 1.382159 0.136820
v 5.842092 1.427708 0.130724
v 5.979357 1.325532 0.125337
v 5.963117 1.307775 0.001098
v 5.908842 1.388968 0.001026
v 5.941384 1.330818 0.178936
v 5.835498 1.436280 0.000946
v 5.743997 1.482739 0.000851
v 5.783731 1.341471 0.284590
v 5.847989 1.311569 0.261476
v 5.931474 1.233483 0.215613
v 5.998088 1.231874 0.107334
v 5.963527 1.232407 0.001121
v 5.961686 1.110978 0.090324
v 5.927110 1.131195 0.001118
v 5.934596 1.054796 0.077039
v 5.908782 1.066916 0.001121
v 5.934596 1.054796 0.077039
v 5.897758 1.009309 0.080583
v 5.871947 1.021428 0.001102
v 5.908782 1.066916 0.001121
v 5.923808 1.025283 0.153084
v 5.878630 0.986485 0.128292
v 5.950684 1.082725 0.175648
v 5.923808 1.025283 0.153084
v 5.934596 1.054796 0.077039
v 5.961686 1.110978 0.090324
v 5.763952 1.062109 0.338641
v 5.755282 1.004149 0.307505
v 5.857750 0.997026 0.236768
v 5.884856 1.062202 0.249545
v 5.800778 1.078596 0.319450
v 5.959462 1.157227 0.187097
v 5.912147 1.117911 0.254197
v 5.857750 0.997026 0.236768
v 5.757506 0.957900 0.210732
v 5.878630 0.986485 0.128292
v 5.923808 1.025283 0.153084
v 5.674999 0.950754 0.227960
v 5.755282 1.004149 0.307505
v 5.884856 1.062202 0.249545
v 5.912147 1.117911 0.254197
v 5.837875 1.141493 0.305184
v 5.800778 1.078596 0.319450
v 5.773410 1.225861 0.323025
v 5.672187 1.164767 0.354080
v 5.764774 1.279824 0.308562
v 5.681726 1.282503 0.333871
v 5.783731 1.341471 0.284590
v 5.710154 1.360653 0.290072
v 5.912147 1.117911 0.254197
v 5.959462 1.157227 0.187097
v 5.895899 1.182730 0.164705
v 5.837875 1.141493 0.305184
v 5.849792 1.193480 0.181047
v 5.764774 1.279824 0.308562
v 5.773410 1.225861 0.323025
v 5.840665 1.221942 0.187128
v 5.803425 1.260787 0.210002
v 5.783731 1.341471 0.284590
v 5.847989 1.311569 0.261476
v 5.931474 1.233483 0.215613
v 5.998088 1.231874 0.107334
v 5.573803 0.952578 0.243886
v 5.674999 0.950754 0.227960
v 5.755282 1.004149 0.307505
v 5.672385 1.007694 0.341778
v 5.580727 0.999330 0.349867
v 5.535184 0.980180 0.341257
v 5.681086 1.054964 0.355860
v 5.763952 1.062109 0.338641
v 5.690122 1.092917 0.370850
v 5.800778 1.078596 0.319450
v 5.672187 1.164767 0.354080
v 5.598282 1.094735 0.386994
v 5.580797 1.174135 0.351054
v 5.479630 1.111310 0.364188
v 5.470775 1.009574 0.355371
v 5.580223 1.047470 0.372696
v 5.580727 0.999330 0.349867
v 5.672385 1.007694 0.341778
v 5.535184 0.980180 0.341257
v 5.425352 1.035967 0.342720
v 5.388455 1.119419 0.351883
v 5.434594 0.970412 0.330823
v 5.480649 0.941387 0.316248
v 5.379461 1.045817 0.349748
v 5.370709 0.980272 0.337432
v 5.373646 0.885375 0.208840
v 5.546347 0.916044 0.246782
v 5.638369 0.904402 0.222548
v 5.674999 0.950754 0.227960
v 5.573803 0.952578 0.243886
v 5.748613 0.920490 0.205099
v 5.757506 0.957900 0.210732
v 5.373646 0.885375 0.208840
v 5.511556 0.863525 0.177613
v 5.546347 0.916044 0.246782
v 5.480649 0.941387 0.316248
v 5.603370 0.852748 0.162335
v 5.638369 0.904402 0.222548
v 5.704630 0.849158 0.128130
v 5.748613 0.920490 0.205099
v 5.241466 1.040469 0.383965
v 5.379461 1.045817 0.349748
v 5.388455 1.119419 0.351883
v 5.250485 1.123029 0.385234
v 5.223571 0.974029 0.362117
v 5.370709 0.980272 0.337432
v 5.299005 0.908991 0.260177
v 5.197562 0.922406 0.302473
v 5.757506 0.957900 0.210732
v 5.748613 0.920490 0.205099
v 5.851404 0.929008 0.105362
v 5.878630 0.986485 0.128292
v 5.897758 1.009309 0.080583
v 5.836005 0.945722 0.001092
v 5.871947 1.021428 0.001102
v 5.851404 0.929008 0.105362
v 5.797411 0.880032 0.072306
v 5.780790 0.891286 0.001059
v 5.836005 0.945722 0.001092
v 5.748613 0.920490 0.205099
v 5.704630 0.849158 0.128130
v 5.679621 0.839500 0.000985
v 5.568745 0.834653 0.071390
v 5.579253 0.837796 0.000896
v 5.603370 0.852748 0.162335
v 5.449164 0.847535 0.103909
v 5.137075 0.824518 0.144842
v 5.112563 0.840686 0.000480
v 5.213434 0.856784 0.000565
v 5.247762 0.848549 0.108546
v 5.511556 0.863525 0.177613
v 5.356900 0.851120 0.138324
v 5.373646 0.885375 0.208840
v 5.264430 0.855571 0.181694
v 5.323232 0.866039 0.000660
v 5.469641 0.838722 0.000798
v 5.299005 0.908991 0.260177
v 5.153735 0.831575 0.218348
v 5.197562 0.922406 0.302473
v 4.963526 0.797382 0.143440
v 4.920855 0.812339 0.000318
v 4.996710 0.810560 0.280771
v 4.669690 0.738163 0.188296
v 4.712067 0.770512 0.333393
v 4.655453 0.758022 0.000098
v 5.004627 0.908637 0.345273
v 4.728809 0.878731 0.405801
v 5.021254 0.951308 0.405567
v 5.223571 0.974029 0.362117
v 5.241466 1.040469 0.383965
v 5.011084 1.066770 0.458562
v 4.743250 1.059210 0.563421
v 4.991713 1.163096 0.504149
v 4.733657 1.227371 0.592883
v 4.744871 0.950945 0.491082
v 4.567896 1.149805 0.642484
v 4.641547 1.285422 0.622034
v 4.496191 1.024566 0.579491
v 4.416475 0.921264 0.458839
v 4.297891 0.911506 0.447987
v 4.399629 0.850459 0.391855
v 4.333503 0.951176 0.481517
v 4.359048 0.700414 0.166651
v 4.380854 0.704574 -0.000130
v 4.319799 0.731007 0.291212
v 4.216374 0.852328 0.405873
v 4.366867 1.131136 0.630581
v 4.449011 1.260929 0.647431
v 4.141189 1.008775 0.499342
v 4.277227 1.077746 0.550819
v 4.175444 1.350332 0.613988
v 4.085564 1.288885 0.544406
v 4.247733 1.381058 0.649596
v 4.329607 1.464801 0.661485
v 4.522247 1.398278 0.644892
v 4.430999 1.535753 0.638888
v 4.404221 1.662433 0.616610
v 4.312225 1.683392 0.639944
v 4.386380 1.770868 0.596666
v 4.303615 1.799914 0.610388
v 4.377095 1.871713 0.595743
v 4.304562 1.906537 0.572242
v 4.221814 1.660769 0.594090
v 4.240116 1.770049 0.583946
v 4.121121 1.614451 0.587188
v 4.067576 1.572668 0.534997
v 4.148883 1.759918 0.573765
v 4.076852 1.746601 0.527436
v 4.832890 2.262727 0.283787
v 4.971394 2.146686 0.224781
v 4.912303 2.162645 -0.000090
v 4.747988 2.300163 -0.000276
v 5.156645 1.942902 0.119993
v 5.177545 1.932323 0.000214
v 5.049690 2.032731 0.000071
v 5.687035 1.499636 0.110765
v 5.741781 1.463956 0.124891
v 5.743997 1.482739 0.000851
v 5.680007 1.510009 0.000786
v 5.842092 1.427708 0.130724
v 5.915025 1.382159 0.136820
v 5.908842 1.388968 0.001026
v 5.835498 1.436280 0.000946
v 4.452383 2.524558 0.130255
v 4.454962 2.523303 -0.000603
v 4.317602 2.588926 -0.000745
v 4.342351 2.581176 0.140317
v 4.440143 2.510529 0.269164
v 4.332083 2.586481 0.194917
v 4.429895 2.495758 0.306894
v 4.339601 2.592642 0.258891
v 4.189883 2.606916 -0.000863
v 4.187258 2.590221 0.135844
v 4.203325 2.589186 0.219164
v 4.211652 2.602538 0.264011
v 4.328606 2.563996 0.343892
v 4.209941 2.600612 0.337597
v 4.410844 2.500167 0.351972
v 4.344028 2.585635 0.470949
v 4.328606 2.563996 0.343892
v 4.209941 2.600612 0.337597
v 4.224730 2.624525 0.491916
v 4.407729 2.531640 0.486692
v 4.410844 2.500167 0.351972
v 4.359483 2.615839 0.596817
v 4.277169 2.652435 0.591369
v 4.423033 2.561337 0.603562
v 4.411541 2.663824 0.713132
v 4.356680 2.682996 0.719050
v 4.476090 2.606654 0.692301
v 4.465268 2.695425 0.757267
v 4.418954 2.707401 0.782531
v 4.520603 2.639162 0.745542
v 4.546655 2.709095 0.803780
v 4.509555 2.719807 0.819972
v 4.574545 2.669863 0.780363
v 4.634996 2.369115 0.140117
v 4.747988 2.300163 -0.000276
v 4.528082 2.467537 -0.000521
v 4.577573 2.389535 0.256196
v 4.454962 2.523303 -0.000603
v 4.452383 2.524558 0.130255
v 4.440143 2.510529 0.269164
v 4.429895 2.495758 0.306894
v 4.410844 2.500167 0.351972
v 4.474318 2.418432 0.361347
v 4.443850 2.449921 0.495432
v 4.474318 2.418432 0.361347
v 4.410844 2.500167 0.351972
v 4.407729 2.531640 0.486692
v 4.440760 2.490353 0.629287
v 4.423033 2.561337 0.603562
v 4.484667 2.534451 0.708888
v 4.476090 2.606654 0.692301
v 4.520165 2.557971 0.762427
v 4.520603 2.639162 0.745542
v 4.592620 2.569879 0.790452
v 4.574545 2.669863 0.780363
v 4.674691 2.598833 0.808006
v 4.656565 2.680542 0.799684
v 4.546655 2.709095 0.803780
v 4.646703 2.728688 0.822295
v 4.509555 2.719807 0.819972
v 4.636909 2.750501 0.856859
v 4.729447 2.606204 0.807513
v 4.748031 2.683805 0.800044
v 4.728931 2.721892 0.832625
v 4.719171 2.751091 0.865965
v 4.821336 2.621498 0.789636
v 4.821325 2.691794 0.791887
v 4.811798 2.728680 0.815406
v 4.801436 2.750224 0.858918
v 5.096148 2.759720 0.774729
v 4.577573 2.389535 0.256196
v 4.429895 2.495758 0.306894
v 4.474318 2.418432 0.361347
v 4.472349 2.325133 0.443764
v 4.472349 2.325133 0.443764
v 4.474318 2.418432 0.361347
v 4.443850 2.449921 0.495432
v 4.442912 2.343263 0.533220
v 4.440760 2.490353 0.629287
v 4.440713 2.398472 0.629128
v 4.474625 2.465214 0.751890
v 4.484667 2.534451 0.708888
v 4.320630 2.385528 0.682583
v 4.314039 2.329460 0.577510
v 4.296769 2.260422 0.528796
v 4.382053 2.433474 0.798757
v 4.538177 2.513353 0.776566
v 4.520165 2.557971 0.762427
v 4.444739 2.475795 0.860515
v 4.601515 2.533324 0.794193
v 4.592620 2.569879 0.790452
v 4.554459 2.511417 0.850571
v 4.683344 2.554221 0.821927
v 4.674691 2.598833 0.808006
v 4.681847 2.551036 0.886235
v 4.755192 2.568818 0.876311
v 4.737893 2.564648 0.830389
v 4.856249 2.593812 0.867067
v 4.829566 2.580797 0.821827
v 4.729447 2.606204 0.807513
v 4.821336 2.621498 0.789636
v 4.497719 2.547480 0.937659
v 4.662221 2.556346 0.940618
v 4.763337 2.590834 0.929248
v 4.883022 2.613658 0.893163
v 4.352603 2.524888 0.890532
v 4.262798 2.490674 0.818316
v 4.192789 2.411967 0.668016
v 4.193959 2.370476 0.616705
v 4.113935 2.334131 0.526471
v 5.096148 2.759720 0.774729
v 4.854957 2.660227 0.924310
v 4.735139 2.645464 0.950890
v 4.615662 2.633870 0.977986
v 4.460582 2.622875 0.957002
v 4.343217 2.589542 0.893106
v 4.244622 2.554467 0.811726
v 4.138687 2.474013 0.642311
v 4.121994 2.458034 0.570029
v 4.078510 2.411810 0.472193
v 4.342998 2.664049 0.904347
v 4.235494 2.636171 0.803613
v 4.460786 2.695616 0.949972
v 4.624800 2.708372 0.989445
v 4.138494 2.557838 0.652651
v 4.104292 2.537976 0.543437
v 4.088356 2.510913 0.453793
v 4.043796 2.386524 0.400392
v 4.078510 2.411810 0.472193
v 4.088356 2.510913 0.453793
v 4.063205 2.509679 0.342987
v 4.035753 2.399538 0.343957
v 4.055262 2.505284 0.297282
v 4.615662 2.633870 0.977986
v 4.735139 2.645464 0.950890
v 4.753015 2.699695 0.973279
v 4.624800 2.708372 0.989445
v 4.854957 2.660227 0.924310
v 4.863709 2.722151 0.936660
v 4.189883 2.606916 -0.000863
v 4.079812 2.571649 -0.000951
v 4.084506 2.570978 0.218168
v 4.187258 2.590221 0.135844
v 4.101754 2.557092 0.265856
v 4.203325 2.589186 0.219164
v 4.100907 2.560626 0.302396
v 4.211652 2.602538 0.264011
v 4.117367 2.568514 0.384500
v 4.209941 2.600612 0.337597
v 4.209941 2.600612 0.337597
v 4.117367 2.568514 0.384500
v 4.151183 2.579059 0.494606
v 4.224730 2.624525 0.491916
v 4.509555 2.719807 0.819972
v 4.462368 2.725999 0.882675
v 4.616626 2.749486 0.939333
v 4.636909 2.750501 0.856859
v 4.418954 2.707401 0.782531
v 4.354196 2.711836 0.826545
v 4.356680 2.682996 0.719050
v 4.273414 2.686575 0.753674
v 4.176065 2.636883 0.618384
v 4.277169 2.652435 0.591369
v 4.055262 2.505284 0.297282
v 4.029016 2.519175 0.249385
v 4.000110 2.424158 0.313254
v 4.035753 2.399538 0.343957
v 3.988172 2.489642 -0.001008
v 4.024214 2.527933 -0.000987
v 4.084506 2.570978 0.218168
v 4.079812 2.571649 -0.000951
v 4.101754 2.557092 0.265856
v 4.063205 2.509679 0.342987
v 4.100907 2.560626 0.302396
v 4.088356 2.510913 0.453793
v 4.117367 2.568514 0.384500
v 4.104292 2.537976 0.543437
v 4.151183 2.579059 0.494606
v 4.117367 2.568514 0.384500
v 4.088356 2.510913 0.453793
v 4.273414 2.686575 0.753674
v 4.356680 2.682996 0.719050
v 4.277169 2.652435 0.591369
v 4.176065 2.636883 0.618384
v 4.138494 2.557838 0.652651
v 4.235494 2.636171 0.803613
v 4.342998 2.664049 0.904347
v 4.354196 2.711836 0.826545
v 4.460786 2.695616 0.949972
v 4.462368 2.725999 0.882675
v 4.616626 2.749486 0.939333
v 4.735445 2.749285 0.940329
v 4.719171 2.751091 0.865965
v 4.636909 2.750501 0.856859
v 4.827733 2.754390 0.905049
v 4.801436 2.750224 0.858918
v 5.096148 2.759720 0.774729
v 4.624800 2.708372 0.989445
v 4.753015 2.699695 0.973279
v 4.863709 2.722151 0.936660
v 3.828001 2.352540 0.233341
v 4.000110 2.424158 0.313254
v 3.988172 2.489642 -0.001008
v 3.787342 2.396113 -0.001159
v 3.870548 2.292106 0.368964
v 3.961908 2.347745 0.374747
v 4.025364 2.359300 0.402597
v 4.043796 2.386524 0.400392
v 4.035753 2.399538 0.343957
v 3.967085 2.280648 0.537643
v 4.077563 2.305187 0.510338
v 3.903911 2.241501 0.512468
v 3.823349 2.141733 0.428356
v 3.857922 2.141554 0.521067
v 4.113935 2.334131 0.526471
v 4.078510 2.411810 0.472193
v 4.010847 2.270246 0.622149
v 4.112302 2.285832 0.595500
v 3.928869 2.223919 0.615683
v 3.892378 2.149432 0.603589
v 4.044730 2.254459 0.744209
v 4.146067 2.278102 0.707372
v 3.990744 2.205448 0.710795
v 3.945464 2.130100 0.689536
v 4.212974 2.303184 0.587113
v 4.296769 2.260422 0.528796
v 4.212058 2.279450 0.625927
v 4.172143 2.303394 0.778972
v 4.229332 2.274522 0.672749
v 4.079122 2.264104 0.845010
v 4.024700 2.187859 0.814219
v 4.215419 2.350484 0.885764
v 4.273005 2.310529 0.762172
v 4.104864 2.298353 0.915735
v 4.059714 2.194906 0.888152
v 4.097362 2.366600 1.239986
v 4.155551 2.388662 1.091960
v 4.102304 2.299960 1.025862
v 4.061989 2.231988 1.178382
v 4.194233 2.408334 1.008471
v 4.307092 2.367482 0.877202
v 4.266263 2.421651 1.054799
v 4.228523 2.435029 1.098575
v 4.170470 2.458441 1.241846
v 4.058311 2.293363 1.338054
v 4.094116 2.426172 1.381032
v 4.046673 2.341349 1.452530
v 4.047406 2.207209 1.015108
v 3.989434 2.118832 0.765086
v 4.022592 2.123052 0.903284
v 4.020299 2.141675 1.002365
v 4.024858 2.106568 1.208099
v 4.036947 1.992167 1.072561
v 4.082988 2.175805 1.450930
v 4.103303 2.038565 1.363737
v 4.152166 1.868775 1.225002
v 4.127903 1.828359 1.090512
v 4.031515 1.968248 0.918460
v 3.966639 1.969285 0.549291
v 3.922437 1.972461 0.483563
v 3.982910 1.987391 0.639809
v 4.059885 1.860460 0.470087
v 4.094112 1.889281 0.578435
v 4.017509 1.996169 0.731654
v 4.150297 1.820575 0.917046
v 4.389484 2.190421 0.473320
v 4.472349 2.325133 0.443764
v 4.342700 2.112281 0.516692
v 4.314791 2.142163 0.540650
v 4.305411 2.059245 0.539407
v 4.433020 2.024714 0.563794
v 4.101726 2.312318 1.438163
v 4.148927 2.388726 1.376879
v 4.129926 2.308770 1.402259
v 4.140097 2.295949 1.367196
v 4.169404 2.306276 1.284031
v 4.149438 2.340550 1.353693
v 4.141759 2.279958 1.295340
v 4.197644 2.394643 1.248646
v 4.197516 2.349135 1.253043
v 4.199317 2.304652 1.174540
v 4.267320 2.121987 0.614940
v 4.274886 2.220030 0.679075
v 4.354411 2.102985 0.802580
v 4.380990 2.207701 0.839016
v 4.369751 2.298204 0.921894
v 4.303193 2.347123 1.044413
v 4.245861 2.375093 1.141312
v 4.218457 2.356834 1.142444
v 4.275405 2.319905 1.046400
v 4.296538 2.243779 0.925459
v 4.289048 2.172969 0.858693
v 4.211815 2.282490 1.039137
v 4.278045 1.976660 0.537351
v 4.290375 2.112337 0.800190
v 4.222795 2.228178 0.952752
v 4.197609 2.164063 0.857433
v 4.153175 2.084823 0.799668
v 4.151090 2.102939 0.889759
v 4.148865 2.148829 0.986567
v 4.154566 2.190480 1.129552
v 4.152557 2.235471 1.217046
v 4.131949 2.050757 0.921856
v 4.119993 2.063095 1.049178
v 4.126160 2.120930 1.172520
v 4.133175 2.175231 1.259323
v 4.159229 1.949902 0.923197
v 4.137657 1.944837 1.061024
v 4.143794 2.013720 1.201386
v 4.123290 2.086854 1.295135
v 4.112680 2.195089 1.366908
v 4.111934 2.234814 1.399949
v 4.232341 1.903079 0.534362
v 4.304562 1.906537 0.572242
v 4.303615 1.799914 0.610388
v 4.240116 1.770049 0.583946
v 4.377095 1.871713 0.595743
v 4.432610 1.878873 0.577888
v 4.148883 1.759918 0.573765
v 4.281287 2.055751 0.787000
v 4.354941 2.064161 0.778851
v 4.245225 2.008532 0.772641
v 5.895899 1.182730 0.164705
v 5.959462 1.157227 0.187097
v 5.998088 1.231874 0.107334
v 5.959462 1.157227 0.187097
v 5.950684 1.082725 0.175648
v 5.961686 1.110978 0.090324
v 5.998088 1.231874 0.107334
v 5.755282 1.004149 0.307505
v 5.763952 1.062109 0.338641
v 5.681086 1.054964 0.355860
v 5.672385 1.007694 0.341778
v 5.849792 1.193480 0.181047
v 5.840665 1.221942 0.187128
v 5.773410 1.225861 0.323025
v 5.837875 1.141493 0.305184
v 5.480649 0.941387 0.316248
v 5.546347 0.916044 0.246782
v 5.573803 0.952578 0.243886
v 5.535184 0.980180 0.341257
v 5.710154 1.360653 0.290072
v 5.730427 1.435668 0.209848
v 5.685194 1.452202 0.188749
v 5.647186 1.394606 0.257833
v 4.991713 1.163096 0.504149
v 5.011084 1.066770 0.458562
v 5.241466 1.040469 0.383965
v 5.250485 1.123029 0.385234
v 4.641547 1.285422 0.622034
v 4.522247 1.398278 0.644892
v 4.449011 1.260929 0.647431
v 4.567896 1.149805 0.642484
v 4.742358 1.882232 0.621650
v 4.728963 2.036146 0.614307
v 4.688114 2.046378 0.604518
v 4.697024 1.862575 0.604048
v 4.760921 1.881357 0.613120
v 4.824747 1.946835 0.626358
v 4.861611 2.001639 0.621913
v 4.842883 2.021333 0.638025
v 4.925394 1.955229 0.618837
v 4.935561 2.016016 0.585700
v 4.861611 2.001639 0.621913
v 4.897808 1.946794 0.628057
v 4.852582 1.816115 0.603105
v 4.861618 1.854067 0.618095
v 4.760921 1.881357 0.613120
v 4.973133 1.992779 0.533466
v 4.991746 2.009819 0.523206
v 4.935880 2.051665 0.572853
v 4.935561 2.016016 0.585700
v 4.788476 2.028047 0.608619
v 4.751519 2.039658 0.634134
v 4.991709 1.844295 0.520761
v 5.011430 1.875569 0.463205
v 5.001903 1.914398 0.486724
v 4.982364 1.873300 0.536190
v 4.918466 2.084725 0.532713
v 4.881574 2.094571 0.539949
v 4.744050 2.179337 0.556057
v 4.837331 2.235678 0.479332
v 4.739441 2.299169 0.369987
v 4.636582 2.263383 0.471997
v 5.075994 1.900999 0.443793
v 5.095375 1.961238 0.401516
v 5.067202 2.027704 0.422291
v 5.057495 2.002751 0.451974
v 4.101726 2.312318 1.438163
v 4.046673 2.341349 1.452530
v 4.082988 2.175805 1.450930
v 4.111934 2.234814 1.399949
v 4.129926 2.308770 1.402259
v 4.150297 1.820575 0.917046
v 4.094112 1.889281 0.578435
v 4.245225 2.008532 0.772641
v 4.159229 1.949902 0.923197
v 4.127903 1.828359 1.090512
v 4.137657 1.944837 1.061024
v 4.152166 1.868775 1.225002
v 4.143794 2.013720 1.201386
v 4.103303 2.038565 1.363737
v 4.123290 2.086854 1.295135
v 4.112680 2.195089 1.366908
v 5.096148 2.759720 0.774729
v 4.863709 2.722151 0.936660
v 4.854957 2.660227 0.924310
v 4.076852 1.746601 0.527436
v 4.148883 1.759918 0.573765
v 4.094112 1.889281 0.578435
v 4.059885 1.860460 0.470087
v 4.380854 0.704574 -0.000130
v 4.359048 0.700414 0.166651
v 4.120842 0.627141 0.185461
v 4.126565 0.642027 -0.000000
v 3.881998 1.764428 0.476337
v 4.067576 1.572668 0.534997
v 3.886058 1.550141 0.504830
v 4.085564 1.288885 0.544406
v 3.988510 1.297806 0.539537
v 4.141189 1.008775 0.499342
v 4.041657 1.039756 0.496922
v 4.216374 0.852328 0.405873
v 4.068249 0.798926 0.400813
v 4.319799 0.731007 0.291212
v 4.105198 0.672581 0.300001
v 3.758215 2.206683 0.323051
v 3.870548 2.292106 0.368964
v 3.828001 2.352540 0.233341
v 3.745669 2.266001 0.241930
v 3.787342 2.396113 -0.001159
v 3.716360 2.343387 -0.000000
v 3.727093 2.308406 0.150049
v 3.922437 1.972461 0.483563
v 3.814876 1.968416 0.443000
v 3.823349 2.141733 0.428356
v 5.096148 2.759720 0.774729
v 4.829566 2.580797 0.821827
v 4.821336 2.621498 0.789636
v 4.856249 2.593812 0.867067
v 4.094112 1.889281 0.578435
v 4.232341 1.903079 0.534362
v 4.245225 2.008532 0.772641
v 1.700797 -2.794792 0.824250
v 1.718315 -2.775468 0.921796
v 1.678986 -2.513137 0.891745
v 1.655948 -2.520927 0.844269
v 1.705953 -3.006628 0.832630
v 1.734568 -2.965876 0.986396
v -0.972514 -1.822778 0.372649
v -0.977375 -1.793126 0.498747
v -1.108758 -1.770749 0.473033
v -1.305099 -1.708460 0.484230
v -1.266738 -1.691944 0.557922
v -1.397474 -1.693815 0.570541
v -1.406693 -1.697325 0.450399
v -3.120907 -1.707924 0.431829
v -2.941731 -1.787431 0.442574
v -3.008323 -1.759271 0.655672
v -3.139394 -1.687482 0.638546
v -2.709403 -1.879947 0.508775
v -2.699966 -1.850397 0.570070
v -2.811581 -1.798210 0.712737
v -3.697889 -0.951955 0.098793
v -3.676450 -0.551317 0.077574
v -3.699784 -0.759901 0.088664
v -3.358510 1.810253 0.380095
v -3.413372 1.871604 0.142309
v -3.392806 1.769365 -0.000000
v -3.380836 1.819691 0.123273
v -3.348274 1.767738 -0.000085
v 4.148927 2.388726 1.376879
v 4.101726 2.312318 1.438163
v 4.129926 2.308770 1.402259
v 4.149438 2.340550 1.353693
v -2.964215 -1.978727 0.776572
v -3.066022 -1.953125 0.719516
v -3.008323 -1.759271 0.655672
v -2.811581 -1.798210 0.712737
v -3.211005 -1.850398 0.700723
v -3.139394 -1.687482 0.638546
v -3.357009 1.781675 0.071216
v -3.357009 1.781675 -0.071216
v -3.380836 1.819691 -0.123273
vn 0.4422 -0.1679 -0.8810
vn 0.3212 -0.3125 -0.8940
vn 0.5959 -0.0881 -0.7982
vn 0.5168 -0.1617 -0.8407
vn 0.7352 -0.0935 -0.6714
vn 0.7754 -0.1506 -0.6133
vn 0.7716 -0.2004 -0.6037
vn 0.4533 -0.3243 -0.8303
vn 0.5190 -0.2451 -0.8189
vn 0.2851 -0.3657 -0.8860
vn 0.3210 -0.3233 -0.8902
vn 0.2827 -0.4094 -0.8674
vn 0.2482 -0.4737 -0.8450
vn 0.2467 -0.4988 -0.8309
vn 0.2946 -0.5721 -0.7655
vn 0.2939 -0.6374 -0.7123
vn 0.2246 -0.6356 -0.7386
vn 0.2753 -0.5928 -0.7568
vn 0.4480 -0.5799 -0.6805
vn 0.6539 -0.3502 -0.6707
vn 0.6616 -0.3914 -0.6396
vn 0.6478 -0.4125 -0.6405
vn 0.3928 -0.4330 -0.8113
vn 0.2772 -0.5705 -0.7731
vn 0.3928 -0.4357 -0.8099
vn 0.4521 -0.3128 -0.8353
vn 0.7161 -0.0476 -0.6964
vn 0.6683 -0.2714 -0.6927
vn 0.7621 -0.1601 -0.6274
vn 0.6368 -0.0085 -0.7710
vn 0.6099 -0.3805 -0.6952
vn 0.3949 -0.0798 -0.9153
vn 0.6133 0.0112 -0.7898
vn 0.6134 0.0142 -0.7897
vn 0.4011 -0.0247 -0.9157
vn 0.3464 -0.0990 -0.9329
vn 0.3445 -0.1313 -0.9296
vn 0.1998 -0.3735 -0.9059
vn 0.2316 -0.2578 -0.9380
vn 0.1228 -0.4137 -0.9021
vn 0.2091 -0.4309 -0.8778
vn 0.1190 -0.5527 -0.8248
vn 0.4752 -0.4913 -0.7299
vn 0.3453 -0.5899 -0.7299
vn 0.7192 -0.0215 -0.6945
vn 0.7424 -0.0012 -0.6699
vn 0.7395 -0.0668 -0.6699
vn 0.7511 -0.0597 -0.6575
vn 0.6680 -0.2869 -0.6866
vn 0.6624 -0.2900 -0.6908
vn 0.5891 -0.4958 -0.6380
vn 0.3578 -0.6402 -0.6798
vn 0.3331 -0.6895 -0.6432
vn 0.0149 -0.7863 -0.6176
vn 0.1096 -0.7257 -0.6792
vn 0.0670 -0.7365 -0.6731
vn 0.1169 -0.7931 -0.5978
vn 0.3814 -0.6920 -0.6129
vn 0.3784 -0.6814 -0.6265
vn 0.9742 -0.2243 -0.0252
vn 0.9829 -0.1779 -0.0484
vn 0.9828 -0.1838 -0.0189
vn 0.9838 -0.1781 -0.0220
vn 0.8395 -0.5426 -0.0301
vn 0.8308 -0.5554 -0.0369
vn 0.6479 -0.7617 0.0076
vn 0.7395 -0.6720 -0.0397
vn 0.4545 -0.8898 -0.0418
vn 0.3836 -0.9235 -0.0065
vn 0.0403 -0.9964 -0.0751
vn 0.0011 -0.9981 -0.0614
vn -0.1541 -0.9866 -0.0537
vn -0.0324 -0.9959 -0.0841
vn -0.0271 -0.9994 0.0200
vn -0.1163 -0.9921 -0.0472
vn 0.6637 -0.0438 -0.7467
vn 0.6776 -0.0387 -0.7344
vn 0.7386 -0.2421 -0.6292
vn 0.7112 -0.2621 -0.6523
vn 0.6211 -0.1465 -0.7699
vn 0.7086 -0.1850 -0.6809
vn 0.7939 -0.4702 -0.3856
vn 0.8519 -0.3825 -0.3577
vn 0.6639 -0.3413 -0.6653
vn 0.6635 -0.3412 -0.6658
vn 0.5969 -0.2143 -0.7732
vn 0.6242 -0.2162 -0.7507
vn 0.6806 -0.2654 -0.6829
vn 0.7092 -0.2623 -0.6543
vn 0.8988 -0.4340 -0.0612
vn 0.8700 -0.4818 -0.1045
vn 0.7763 -0.6274 -0.0617
vn 0.8452 -0.5238 -0.1060
vn 0.6602 -0.0518 -0.7493
vn 0.6585 -0.0880 -0.7474
vn 0.5739 -0.2774 -0.7705
vn 0.5715 -0.2003 -0.7958
vn 0.6048 -0.1957 -0.7719
vn 0.6045 -0.2476 -0.7572
vn 0.5719 -0.2226 -0.7895
vn 0.5457 -0.4654 -0.6969
vn -0.0488 0.0500 -0.9976
vn 0.0434 0.0136 -0.9990
vn 0.0888 0.0140 -0.9959
vn 0.0029 0.0249 -0.9997
vn 0.0519 0.0179 -0.9985
vn -0.0555 -0.0565 -0.9969
vn 0.1489 -0.1245 -0.9810
vn 0.0782 -0.0847 -0.9933
vn 0.1256 -0.1084 -0.9861
vn 0.1150 -0.1234 -0.9857
vn 0.2345 -0.1038 -0.9666
vn 0.0041 -0.1712 -0.9852
vn -0.0869 -0.3177 -0.9442
vn -0.0769 -0.3163 -0.9455
vn 0.0601 -0.3559 -0.9326
vn 0.0678 -0.3634 -0.9292
vn 0.2065 -0.4050 -0.8907
vn 0.1665 -0.3785 -0.9105
vn 0.0791 -0.4092 -0.9090
vn 0.1723 -0.6604 -0.7309
vn 0.1389 -0.3259 -0.9351
vn -0.0325 -0.3283 -0.9440
vn 0.2253 -0.1661 -0.9600
vn -0.0097 -0.4329 -0.9014
vn 0.3164 -0.1454 -0.9374
vn 0.1173 -0.5488 -0.8277
vn 0.3478 -0.4731 -0.8094
vn 0.3022 -0.4599 -0.8350
vn -0.0565 -0.5373 -0.8415
vn 0.2334 -0.6525 -0.7210
vn -0.2166 -0.4890 -0.8450
vn -0.3270 -0.4020 -0.8553
vn -0.1519 -0.4965 -0.8546
vn -0.2773 -0.5529 -0.7857
vn -0.2487 -0.5578 -0.7919
vn -0.2275 -0.6127 -0.7569
vn -0.4352 -0.6895 -0.5790
vn 0.1518 -0.8282 -0.5394
vn -0.5484 -0.7440 -0.3817
vn -0.4281 -0.5891 -0.6853
vn -0.4943 -0.4002 -0.7717
vn -0.0335 -0.4938 -0.8689
vn -0.1229 -0.4665 -0.8759
vn -0.2287 -0.5662 -0.7919
vn 0.0113 -0.5617 -0.8272
vn 0.0344 -0.5641 -0.8250
vn 0.1354 -0.5014 -0.8545
vn 0.1537 -0.5346 -0.8310
vn 0.0930 -0.9792 -0.1805
vn 0.1910 -0.9352 -0.2983
vn 0.2455 -0.9636 -0.1064
vn -0.1688 -0.9830 -0.0717
vn -0.0485 -0.9971 -0.0581
vn 0.0536 -0.9802 -0.1906
vn -0.5347 -0.5532 -0.6388
vn -0.4033 -0.9102 -0.0945
vn -0.1824 -0.9800 -0.0791
vn -0.2666 -0.9015 -0.3408
vn 0.0957 -0.9649 -0.2445
vn 0.0338 -0.9782 -0.2049
vn -0.3084 -0.9201 -0.2415
vn -0.4531 -0.8059 -0.3811
vn -0.4262 -0.8112 -0.4003
vn -0.4581 -0.8766 -0.1473
vn -0.3388 -0.9393 -0.0534
vn -0.3666 -0.9236 -0.1119
vn -0.2186 -0.9087 -0.3557
vn -0.0977 -0.9430 -0.3181
vn -0.3014 -0.9433 -0.1389
vn -0.1640 -0.9712 -0.1727
vn -0.2493 -0.9425 -0.2226
vn -0.0707 -0.9748 -0.2118
vn -0.0668 -0.9718 -0.2260
vn 0.0930 -0.9752 -0.2007
vn 0.1049 -0.9677 -0.2294
vn 0.3048 -0.8897 -0.3398
vn 0.2737 -0.9457 -0.1751
vn 0.2802 -0.9570 -0.0752
vn 0.2499 -0.9679 -0.0271
vn 0.1056 -0.9934 -0.0446
vn 0.0863 -0.9959 -0.0261
vn -0.0617 -0.9977 -0.0287
vn -0.0821 -0.9966 -0.0043
vn -0.2258 -0.9742 0.0023
vn -0.2454 -0.9692 -0.0213
vn -0.0570 -0.9972 -0.0479
vn -0.1151 -0.9932 -0.0182
vn 0.3299 -0.9423 0.0565
vn 0.2139 -0.9766 -0.0214
vn 0.4197 -0.8219 -0.3852
vn 0.4020 -0.8355 -0.3746
vn 0.3738 -0.7299 -0.5722
vn 0.0211 -0.9640 -0.2652
vn 0.0356 -0.9624 -0.2694
vn 0.0941 -0.5907 -0.8014
vn -0.1653 -0.6478 -0.7437
vn 0.0691 -0.7196 -0.6909
vn 0.0725 -0.7223 -0.6878
vn 0.0710 -0.7197 -0.6906
vn 0.1193 -0.6948 -0.7093
vn 0.1686 -0.6879 -0.7059
vn 0.2825 -0.7645 -0.5794
vn 0.4503 -0.8499 -0.2736
vn 0.4729 -0.8066 -0.3547
vn 0.2823 -0.7519 -0.5957
vn 0.2875 -0.7582 -0.5852
vn 0.0878 -0.7751 -0.6257
vn 0.0745 -0.7924 -0.6055
vn 0.0924 -0.8540 -0.5120
vn -0.2903 -0.8833 -0.3682
vn 0.2134 -0.8517 -0.4787
vn 0.2332 -0.8561 -0.4613
vn 0.0708 -0.7152 -0.6954
vn 0.0875 -0.7487 -0.6572
vn 0.0743 -0.7534 -0.6534
vn -0.0303 -0.6992 -0.7143
vn -0.1624 -0.8085 -0.5656
vn 0.4307 -0.6850 -0.5875
vn -0.3743 -0.9271 -0.0179
vn -0.3726 -0.9264 0.0550
vn -0.2582 -0.9591 0.1162
vn -0.2912 -0.9523 0.0914
vn -0.0517 -0.9912 0.1217
vn -0.0191 -0.9947 0.1006
vn 0.1428 -0.9896 0.0199
vn 0.2700 -0.9628 -0.0067
vn 0.0008 -0.9999 0.0108
vn -0.4360 -0.8859 -0.1584
vn 0.1196 -0.9808 0.1542
vn 0.1136 -0.9813 0.1551
vn 0.2791 -0.9460 0.1648
vn 0.1751 -0.9507 0.2558
vn 0.4786 -0.8754 0.0676
vn 0.5834 -0.8115 0.0337
vn -0.1947 -0.9783 -0.0713
vn -0.0682 -0.9952 -0.0700
vn -0.4876 -0.8720 -0.0426
vn -0.5325 -0.8410 -0.0960
vn -0.7288 -0.6692 -0.1452
vn -0.6809 -0.7264 -0.0938
vn -0.8099 -0.5637 -0.1626
vn -0.7514 -0.6551 -0.0791
vn -0.8819 -0.4606 -0.1002
vn -0.9157 -0.4019 -0.0033
vn -0.9831 -0.1806 -0.0295
vn -0.9654 -0.2371 -0.1089
vn -0.9907 0.0376 -0.1306
vn -0.9954 0.0165 -0.0939
vn -0.9588 0.1837 -0.2168
vn -0.9833 0.1535 -0.0981
vn -0.9641 0.1492 -0.2196
vn -0.8934 0.1956 -0.4046
vn -0.9562 0.1389 -0.2575
vn -0.9120 0.0675 -0.4046
vn -0.9794 0.0084 -0.2019
vn -0.9988 -0.0017 -0.0497
vn -0.9991 0.0315 -0.0268
vn -0.9916 0.1147 -0.0591
vn -0.9895 0.1381 -0.0419
vn -0.9862 0.1548 -0.0585
vn -0.9951 0.0982 0.0064
vn -0.9990 0.0443 0.0079
vn -0.9994 0.0252 0.0219
vn -0.9909 -0.1297 0.0354
vn -0.9693 -0.2436 -0.0336
vn -0.8673 -0.4970 0.0285
vn -0.9178 -0.3957 -0.0330
vn -0.8036 -0.5942 0.0332
vn -0.7743 -0.6327 0.0051
vn -0.6626 -0.7474 0.0487
vn -0.6166 -0.7871 0.0171
vn -0.4900 -0.8712 0.0286
vn -0.4559 -0.8889 0.0446
vn -0.3785 -0.9239 0.0556
vn -0.4030 -0.9141 0.0442
vn -0.9867 0.1567 -0.0422
vn -0.9830 0.1742 -0.0580
vn -0.8748 0.0677 -0.4797
vn -0.8885 0.1940 -0.4159
vn -0.8462 0.2270 -0.4821
vn -0.8901 0.1822 -0.4178
vn -0.8896 0.1816 -0.4191
vn -0.8734 -0.0190 -0.4866
vn -0.9039 0.0421 -0.4257
vn -0.8736 -0.0638 -0.4825
vn -0.7997 -0.1852 -0.5711
vn -0.6112 -0.3980 -0.6842
vn -0.7927 -0.2440 -0.5587
vn -0.6257 -0.0673 -0.7771
vn -0.3796 0.1472 -0.9134
vn -0.6972 0.2046 -0.6870
vn -0.6956 0.2188 -0.6843
vn -0.5159 0.1451 -0.8443
vn -0.4232 -0.0022 -0.9060
vn -0.5150 0.0468 -0.8559
vn -0.3951 -0.0361 -0.9179
vn -0.4170 -0.0771 -0.9057
vn -0.3806 -0.1633 -0.9102
vn -0.4420 -0.0881 -0.8927
vn -0.9965 -0.0678 -0.0487
vn -0.9929 -0.1176 -0.0151
vn -0.9694 -0.2233 -0.1024
vn -0.9843 -0.1640 -0.0646
vn -0.4553 -0.0154 -0.8902
vn -0.3883 0.0519 -0.9201
vn -0.0406 0.3179 -0.9473
vn -0.4245 0.1068 -0.8991
vn 0.0071 0.2581 -0.9661
vn -0.2028 0.3046 -0.9306
vn 0.8862 0.3560 -0.2964
vn 0.8402 0.3992 -0.3670
vn 0.0837 -0.2318 -0.9691
vn 0.1967 0.0383 -0.9797
vn 0.3300 -0.4507 -0.8294
vn -0.0073 0.3680 -0.9298
vn 0.2194 0.2121 -0.9523
vn 0.0497 0.6158 -0.7863
vn 0.3138 0.5759 -0.7549
vn 0.3556 0.5235 -0.7743
vn 0.2567 0.3152 -0.9136
vn -0.1335 0.1548 -0.9789
vn -0.2054 -0.0248 -0.9784
vn -0.2997 0.4060 -0.8634
vn -0.2678 0.4019 -0.8756
vn -0.2325 0.2519 -0.9394
vn -0.3573 0.2798 -0.8911
vn 0.6712 0.6768 -0.3024
vn 0.6596 0.6361 -0.4005
vn 0.7842 0.3679 -0.4997
vn 0.7171 0.4346 -0.5448
vn 0.7538 0.6072 -0.2509
vn 0.7080 0.6386 -0.3015
vn -0.6188 0.1181 -0.7766
vn -0.6790 0.1235 -0.7237
vn -0.6567 0.1800 -0.7324
vn -0.7412 -0.0204 -0.6709
vn -0.7017 -0.1212 -0.7021
vn 0.3752 0.8457 -0.3796
vn 0.8674 0.4066 -0.2869
vn 0.8666 0.4074 -0.2882
vn 0.3852 0.4344 -0.8142
vn 0.2139 0.3733 -0.9027
vn 0.3539 0.4376 -0.8266
vn -0.3533 0.1264 -0.9269
vn -0.9878 0.1439 -0.0589
vn -0.9785 -0.0632 -0.1961
vn -0.1513 -0.9829 -0.1045
vn -0.4371 -0.8319 -0.3418
vn -0.9768 -0.1780 -0.1194
vn -0.9763 -0.1789 -0.1217
vn -0.2592 -0.9647 -0.0462
vn -0.6445 -0.7444 -0.1749
vn -0.9723 -0.1398 -0.1872
vn -0.9959 -0.0486 -0.0769
vn -0.8362 -0.5393 -0.0997
vn -0.9318 -0.2851 -0.2247
vn -0.0342 -0.9200 0.3904
vn -0.3088 -0.9160 0.2561
vn -0.8749 -0.0404 0.4827
vn -0.6464 -0.3116 0.6965
vn -0.8701 -0.1153 0.4792
vn -0.8742 -0.1331 0.4670
vn -0.7655 -0.5727 0.2932
vn -0.7906 -0.4940 0.3618
vn -0.2490 -0.9529 0.1734
vn -0.1836 -0.9629 0.1978
vn 0.0337 -0.9875 0.1539
vn 0.0798 -0.9827 0.1672
vn -0.8673 0.2433 0.4343
vn -0.9576 0.0315 0.2863
vn -0.9001 -0.0982 0.4244
vn -0.8680 -0.0407 0.4950
vn 0.1451 0.0772 -0.9864
vn 0.0275 0.1075 -0.9938
vn 0.0146 0.7168 -0.6972
vn 0.0438 0.7146 -0.6981
vn 0.2782 0.2185 -0.9353
vn 0.5277 0.1728 -0.8316
vn -0.2414 -0.1041 -0.9648
vn -0.1699 -0.0468 -0.9843
vn -0.4104 0.3933 -0.8227
vn -0.3015 0.4008 -0.8651
vn -0.7503 0.2487 -0.6125
vn -0.8129 0.0899 -0.5754
vn -0.2937 -0.5490 -0.7825
vn -0.1259 -0.0306 -0.9916
vn -0.3244 -0.4610 -0.8260
vn -0.9788 -0.0560 -0.1970
vn 0.8089 0.5036 0.3035
vn 0.7111 0.5153 0.4784
vn 0.8475 0.3035 0.4355
vn 0.7981 0.3293 0.5045
vn 0.8567 0.3668 -0.3628
vn 0.9050 0.2847 -0.3160
vn 0.4181 0.5412 -0.7296
vn 0.6147 0.7361 -0.2833
vn 0.7853 0.6090 -0.1120
vn 0.6494 0.7251 -0.2292
vn 0.7223 0.6336 -0.2771
vn 0.7219 0.6312 -0.2836
vn 0.8300 0.5295 0.1750
vn 0.8934 0.4418 0.0814
vn 0.8041 0.5909 0.0648
vn 0.8508 0.4959 0.1737
vn 0.8537 0.4161 0.3132
vn 0.9549 0.2793 0.1011
vn 0.1366 -0.2755 0.9516
vn -0.4611 0.1622 0.8724
vn 0.1590 -0.2696 0.9498
vn 0.3384 0.0181 0.9408
vn 0.6662 0.1947 0.7199
vn 0.6213 0.1251 0.7736
vn -0.1076 0.1517 0.9825
vn 0.2731 0.1029 0.9565
vn 0.6128 0.2412 0.7526
vn 0.6561 0.2190 0.7222
vn -0.2343 0.1467 0.9610
vn -0.2079 0.1888 0.9598
vn 0.5512 0.3520 0.7565
vn 0.5507 0.3506 0.7575
vn -0.1041 -0.0943 0.9901
vn -0.0872 -0.0473 0.9951
vn 0.6624 0.1826 0.7265
vn 0.6213 0.2152 0.7535
vn -0.2954 0.1329 0.9461
vn -0.4304 0.0396 0.9017
vn -0.1595 0.0365 0.9865
vn 0.0777 -0.1199 0.9897
vn 0.4308 0.4770 0.7661
vn 0.2636 -0.0974 0.9597
vn 0.4927 0.2504 0.8334
vn 0.4326 0.0472 0.9004
vn 0.3242 -0.9403 0.1037
vn 0.5028 -0.8305 0.2397
vn 0.0114 -0.9941 -0.1077
vn -0.0069 -0.9953 -0.0961
vn 0.8024 -0.5430 -0.2474
vn 0.6206 -0.6820 -0.3871
vn 0.7412 -0.4473 -0.5006
vn 0.8419 -0.5292 -0.1060
vn 0.5386 -0.4113 -0.7353
vn 0.2827 -0.2173 -0.9343
vn 0.0769 -0.0895 -0.9930
vn 0.1922 -0.1805 -0.9646
vn -0.2765 0.1115 -0.9545
vn -0.1678 0.0183 -0.9857
vn -0.9058 0.4146 -0.0878
vn -0.9210 0.3867 -0.0478
vn -0.9295 0.3575 -0.0904
vn -0.9290 0.3586 -0.0913
vn 0.1358 0.0349 -0.9901
vn 0.1059 0.0447 -0.9934
vn 0.1418 -0.1753 -0.9742
vn 0.1073 -0.1985 -0.9742
vn 0.1951 -0.1659 -0.9667
vn 0.1085 -0.1057 -0.9885
vn -0.1679 -0.1598 -0.9728
vn -0.1573 -0.0927 -0.9832
vn -0.1937 -0.0780 -0.9780
vn -0.3650 0.0162 -0.9309
vn -0.4082 0.0289 -0.9124
vn -0.4984 -0.1123 -0.8596
vn -0.3568 -0.1839 -0.9159
vn -0.6661 0.0070 -0.7458
vn -0.4969 -0.0993 -0.8621
vn -0.4312 -0.0514 -0.9008
vn -0.5813 0.0004 -0.8137
vn -0.5059 -0.0695 -0.8598
vn -0.4295 -0.0991 -0.8976
vn -0.4731 0.0227 -0.8807
vn -0.5078 0.0382 -0.8606
vn 0.6409 0.0084 -0.7675
vn 0.7835 -0.0604 -0.6185
vn 0.6214 -0.1295 -0.7727
vn 0.7155 -0.2223 -0.6623
vn 0.6176 -0.1699 -0.7679
vn 0.8646 -0.3878 -0.3195
vn 0.9027 -0.4246 -0.0693
vn 0.9168 -0.2757 -0.2889
vn 0.9768 -0.2138 0.0133
vn 0.9504 -0.2942 0.1006
vn 0.9775 -0.0554 0.2037
vn 0.9478 -0.1009 0.3023
vn 0.8120 -0.3256 0.4844
vn 0.6448 -0.3935 0.6553
vn 0.6555 -0.2991 0.6934
vn 0.4599 -0.3679 0.8082
vn 0.4363 -0.3563 0.8262
vn 0.4057 -0.3060 0.8613
vn 0.4393 -0.3370 0.8327
vn -0.0164 -0.2023 0.9792
vn 0.0073 -0.2253 0.9743
vn -0.0033 -0.2897 0.9571
vn 0.1018 -0.3500 0.9312
vn -0.0302 -0.1593 0.9868
vn 0.1031 -0.0888 0.9907
vn -0.4447 -0.1093 0.8890
vn -0.5010 -0.0327 0.8648
vn -0.1371 -0.1700 0.9759
vn -0.0249 -0.3469 0.9376
vn -0.1470 -0.1816 0.9723
vn -0.0183 -0.2991 0.9540
vn -0.1741 -0.2547 0.9512
vn -0.0846 -0.2953 0.9517
vn -0.0773 -0.1579 0.9844
vn -0.1114 -0.1720 0.9788
vn -0.8305 -0.2229 0.5105
vn -0.5501 -0.1654 0.8186
vn -0.8371 -0.1957 0.5108
vn -0.3522 -0.2989 0.8869
vn -0.3905 -0.2118 0.8959
vn -0.4382 -0.2407 0.8661
vn -0.9755 -0.1721 -0.1368
vn -0.9024 -0.2174 -0.3719
vn -0.8943 -0.1327 -0.4274
vn -0.9394 -0.1174 -0.3222
vn -0.9939 -0.0938 -0.0577
vn -0.9848 -0.1074 -0.1361
vn -0.5344 0.2852 -0.7956
vn -0.4109 0.1965 -0.8902
vn 0.9058 -0.2132 -0.3661
vn 0.9218 -0.2056 -0.3287
vn 0.9077 -0.1884 -0.3749
vn 0.9305 -0.1563 -0.3313
vn 0.9409 -0.0273 -0.3375
vn 0.9419 -0.0282 -0.3348
vn 0.9717 -0.1393 -0.1910
vn 0.9419 -0.0978 -0.3212
vn -0.4197 0.0387 -0.9068
vn -0.4282 0.0392 -0.9028
vn -0.3276 -0.1917 -0.9252
vn -0.3458 -0.1992 -0.9169
vn -0.3448 -0.2045 -0.9161
vn -0.1012 -0.0955 -0.9903
vn -0.1039 -0.1103 -0.9884
vn -0.1117 -0.1077 -0.9879
vn -0.0800 -0.3171 -0.9450
vn -0.3362 -0.1990 -0.9205
vn -0.8368 -0.3034 -0.4558
vn -0.6123 -0.2026 -0.7642
vn -0.6021 -0.2106 -0.7702
vn -0.6112 -0.2186 -0.7607
vn -0.6079 -0.1727 -0.7751
vn -0.6475 -0.1931 -0.7372
vn -0.6487 -0.2223 -0.7279
vn -0.6970 -0.1944 -0.6902
vn -0.9548 -0.2436 0.1705
vn -0.9158 -0.2646 0.3021
vn -0.9418 -0.2896 0.1706
vn -0.9415 -0.2901 0.1717
vn -0.9599 -0.1123 -0.2567
vn -0.9543 -0.2475 0.1676
vn -0.9827 -0.1717 -0.0696
vn -0.9683 0.0115 -0.2493
vn -0.5923 -0.2571 0.7636
vn -0.7155 -0.2127 0.6654
vn -0.6777 -0.2127 0.7039
vn -0.7255 -0.1815 0.6638
vn -0.6392 -0.0947 0.7632
vn -0.6873 -0.1486 0.7110
vn -0.4761 -0.3636 0.8007
vn -0.4538 -0.3803 0.8059
vn 0.9096 0.1189 -0.3981
vn 0.9303 0.1408 -0.3388
vn -0.0869 -0.1747 -0.9808
vn 0.5148 0.0828 -0.8533
vn 0.5891 -0.2846 -0.7563
vn 0.7279 -0.1221 -0.6747
vn 0.6974 -0.0413 -0.7155
vn 0.7308 -0.0233 -0.6822
vn 0.7286 -0.1598 -0.6661
vn 0.5235 -0.2453 -0.8159
vn 0.7304 -0.1665 -0.6624
vn 0.7107 -0.1881 -0.6778
vn -0.3037 0.0568 -0.9511
vn 0.6000 -0.0416 -0.7989
vn 0.0851 -0.1640 -0.9828
vn 0.2565 -0.1047 -0.9609
vn -0.0694 -0.3550 -0.9323
vn -0.0285 -0.2988 -0.9539
vn -0.1481 -0.0792 -0.9858
vn -0.2228 -0.1093 -0.9687
vn -0.2228 -0.1177 -0.9677
vn -0.1658 -0.0909 -0.9820
vn -0.2006 -0.1881 -0.9614
vn -0.3005 -0.1360 -0.9441
vn 0.1898 -0.3313 -0.9242
vn 0.3685 -0.1866 -0.9107
vn -0.0134 -0.0722 -0.9973
vn 0.2079 -0.0033 -0.9781
vn 0.0967 -0.1527 -0.9835
vn 0.0223 -0.1815 -0.9831
vn 0.1050 -0.1764 -0.9787
vn 0.0890 -0.1813 -0.9794
vn 0.1052 0.3689 -0.9235
vn 0.4416 -0.8971 -0.0157
vn 0.6297 -0.7662 0.1284
vn 0.1307 -0.8970 -0.4224
vn -0.6151 -0.2011 0.7624
vn -0.2919 0.1160 0.9494
vn 0.0471 -0.5624 0.8255
vn -0.1374 -0.4302 0.8922
vn -0.1591 0.0612 0.9854
vn -0.4315 -0.0692 0.8994
vn -0.4282 -0.1003 0.8981
vn -0.4615 -0.1345 0.8769
vn -0.8798 -0.1550 0.4494
vn -0.9634 -0.1411 0.2281
vn 0.8609 0.2643 0.4347
vn 0.8503 0.2444 0.4660
vn 0.6212 -0.0540 0.7818
vn 0.4467 -0.0027 0.8947
vn 0.4634 -0.0821 0.8823
vn 0.3214 -0.0369 0.9462
vn -0.4530 -0.1511 0.8786
vn -0.1654 -0.1498 0.9748
vn -0.4676 -0.2047 0.8599
vn -0.4507 -0.2082 0.8680
vn 0.9954 0.0812 0.0518
vn 0.8965 0.1536 0.4157
vn 0.0452 -0.2347 0.9710
vn -0.1953 -0.5867 0.7859
vn 0.1516 0.0671 0.9862
vn -0.0622 -0.0635 0.9960
vn 0.9254 0.0737 0.3718
vn 0.9412 0.0290 0.3365
vn 0.9422 -0.0055 0.3349
vn 0.7762 -0.1806 0.6040
vn 0.7675 -0.2113 0.6052
vn 0.7360 -0.1016 0.6693
vn 0.7519 -0.0252 0.6588
vn 0.9581 -0.2619 0.1158
vn 0.9654 -0.2606 -0.0113
vn 0.9721 -0.2244 -0.0680
vn 0.9235 -0.2647 -0.2777
vn 0.9270 -0.2740 -0.2562
vn 0.5297 -0.2666 -0.8052
vn 0.6480 -0.3455 -0.6787
vn 0.3084 -0.3070 -0.9004
vn 0.1152 -0.1807 -0.9768
vn -0.1201 -0.1877 -0.9749
vn -0.1333 -0.1761 -0.9753
vn -0.4166 -0.1860 -0.8898
vn -0.3518 -0.1473 -0.9244
vn -0.6569 -0.1600 -0.7369
vn -0.8193 -0.3285 -0.4699
vn -0.8670 -0.3080 -0.3916
vn -0.8936 -0.2283 -0.3864
vn 0.9416 -0.3334 -0.0474
vn 0.9606 -0.2770 -0.0212
vn 0.8835 -0.2980 -0.3615
vn 0.8938 -0.3776 -0.2419
vn 0.5796 -0.3110 -0.7532
vn 0.5443 -0.2197 -0.8096
vn 0.1647 -0.2220 -0.9610
vn 0.1107 -0.1616 -0.9806
vn -0.1197 -0.1513 -0.9812
vn -0.1395 -0.1684 -0.9758
vn -0.2124 -0.1257 -0.9691
vn -0.4043 -0.2334 -0.8843
vn -0.6065 -0.3178 -0.7288
vn -0.3939 -0.2365 -0.8882
vn -0.8069 -0.2214 -0.5477
vn -0.8530 -0.3863 -0.3509
vn 0.7257 -0.6545 0.2120
vn 0.4501 -0.6696 -0.5908
vn -0.1154 -0.3014 -0.9465
vn -0.0835 -0.3262 -0.9416
vn 0.3177 -0.3166 -0.8938
vn 0.3090 -0.3020 -0.9019
vn 0.5911 -0.2972 -0.7499
vn 0.6468 -0.3383 -0.6835
vn 0.9418 -0.2965 -0.1586
vn 0.9303 -0.2557 -0.2630
vn 0.9638 -0.2659 0.0213
vn 0.9512 -0.3085 0.0027
vn 0.9660 -0.2579 -0.0209
vn 0.9206 -0.3683 -0.1303
vn -0.0907 -0.0174 -0.9957
vn -0.1408 -0.1025 -0.9847
vn 0.1576 -0.0599 -0.9857
vn 0.2226 0.0088 -0.9749
vn 0.5876 -0.2878 -0.7562
vn 0.4354 -0.0456 -0.8991
vn 0.8768 -0.3144 -0.3638
vn 0.8192 -0.2282 -0.5262
vn -0.8787 -0.4770 0.0194
vn -0.8782 -0.1577 -0.4516
vn -0.8109 -0.1935 -0.5522
vn -0.7959 -0.1758 -0.5793
vn -0.3868 -0.2995 -0.8722
vn -0.3260 -0.3334 -0.8846
vn -0.8368 -0.1606 -0.5234
vn -0.6844 -0.2817 -0.6725
vn -0.1581 -0.2811 -0.9466
vn 0.0249 -0.0890 -0.9957
vn -0.3989 -0.2213 -0.8899
vn -0.4206 -0.2372 -0.8757
vn -0.3245 0.9379 -0.1229
vn -0.3857 0.7656 -0.5149
vn -0.3903 0.8165 -0.4254
vn -0.3785 0.8125 -0.4433
vn -0.2518 0.6258 -0.7382
vn -0.2503 0.6285 -0.7365
vn -0.1245 0.2583 -0.9580
vn -0.1172 0.3144 -0.9420
vn -0.1507 0.3151 -0.9370
vn -0.1650 0.2472 -0.9548
vn -0.1074 0.2611 -0.9593
vn -0.1405 0.1758 -0.9743
vn -0.0235 0.1216 -0.9923
vn -0.0293 0.1077 -0.9938
vn 0.1444 0.0314 -0.9890
vn 0.0750 -0.0970 -0.9925
vn 0.2932 -0.0820 -0.9525
vn 0.2802 -0.1728 -0.9442
vn 0.4164 -0.2939 -0.8604
vn 0.3916 -0.2715 -0.8792
vn 0.4782 -0.3930 -0.7854
vn 0.4774 -0.3904 -0.7872
vn 0.4838 -0.3251 -0.8126
vn 0.5303 -0.4648 -0.7090
vn 0.5255 -0.3583 -0.7717
vn 0.5235 -0.3552 -0.7744
vn 0.7990 -0.5983 0.0602
vn 0.8060 -0.5906 0.0395
vn -0.5202 0.8228 -0.2290
vn -0.5456 0.8219 -0.1636
vn 0.7591 -0.6503 0.0288
vn 0.7611 -0.6478 0.0337
vn 0.4328 -0.3146 -0.8448
vn 0.5773 -0.7289 -0.3680
vn 0.2789 -0.5201 -0.8073
vn 0.2890 -0.5440 -0.7877
vn 0.2827 -0.5404 -0.7925
vn 0.1511 -0.3520 -0.9237
vn 0.1535 -0.3437 -0.9264
vn -0.0053 -0.1709 -0.9853
vn -0.0175 -0.1664 -0.9859
vn -0.1436 0.0917 -0.9854
vn -0.1255 0.0850 -0.9884
vn -0.2394 0.1235 -0.9630
vn -0.1879 0.2208 -0.9571
vn -0.2356 0.0808 -0.9685
vn -0.2333 0.0898 -0.9683
vn -0.3168 0.3653 -0.8753
vn -0.3237 0.3202 -0.8903
vn -0.5048 0.6010 -0.6197
vn -0.4976 0.6617 -0.5608
vn -0.5138 0.7347 -0.4430
vn -0.5060 0.7276 -0.4633
vn 0.7985 -0.5989 -0.0612
vn 0.8329 -0.5509 0.0531
vn -0.2255 0.9499 -0.2164
vn -0.1217 0.9168 -0.3804
vn -0.0629 0.7412 -0.6683
vn 0.0186 0.6720 -0.7403
vn 0.0603 0.4876 -0.8710
vn 0.1662 0.3935 -0.9042
vn 0.1839 0.4247 -0.8865
vn 0.1694 0.3831 -0.9081
vn 0.2430 0.2978 -0.9232
vn 0.2544 0.3167 -0.9138
vn 0.3189 0.1580 -0.9345
vn 0.3686 0.2340 -0.8997
vn 0.3695 0.2451 -0.8963
vn 0.3625 0.2490 -0.8981
vn 0.3459 0.1240 -0.9300
vn 0.4261 0.0046 -0.9047
vn 0.4264 0.0054 -0.9045
vn 0.4940 -0.3734 -0.7852
vn 0.5094 -0.3354 -0.7925
vn 0.4649 -0.2203 -0.8575
vn 0.4510 -0.2863 -0.8454
vn 0.5125 -0.2525 -0.8207
vn 0.5153 -0.2700 -0.8134
vn 0.5433 -0.2507 -0.8012
vn 0.5690 -0.3046 -0.7638
vn -0.3911 0.9142 -0.1060
vn -0.4155 0.8932 -0.1720
vn 0.8318 -0.5507 0.0703
vn 0.8394 -0.5409 0.0529
vn -0.2706 0.8453 -0.4608
vn -0.2371 0.8761 -0.4198
vn -0.2707 0.8917 -0.3629
vn -0.1773 0.6442 -0.7440
vn -0.1786 0.6453 -0.7427
vn -0.0978 0.3391 -0.9357
vn -0.0405 0.2759 -0.9603
vn -0.0285 0.3456 -0.9380
vn -0.0401 0.2745 -0.9608
vn -0.0030 0.2750 -0.9614
vn -0.0007 0.2794 -0.9602
vn 0.0551 0.1282 -0.9902
vn 0.0242 0.0729 -0.9970
vn 0.0561 0.0111 -0.9984
vn 0.2164 0.2092 -0.9536
vn 0.3534 -0.0692 -0.9329
vn 0.3777 -0.0148 -0.9258
vn 0.4544 -0.3589 -0.8153
vn 0.4718 -0.2631 -0.8416
vn 0.4701 -0.2791 -0.8373
vn 0.4744 -0.3946 -0.7869
vn 0.5062 -0.3112 -0.8043
vn 0.5036 -0.2797 -0.8174
vn 0.5446 -0.3175 -0.7762
vn 0.5539 -0.3192 -0.7690
vn 0.7545 -0.6556 0.0320
vn 0.7513 -0.6588 0.0396
vn 0.4158 -0.4292 -0.8018
vn 0.3886 -0.3776 -0.8405
vn 0.4839 -0.4225 -0.7664
vn 0.5063 -0.4800 -0.7164
vn 0.4597 -0.4026 -0.7916
vn 0.4934 -0.4707 -0.7314
vn 0.2847 -0.3186 -0.9041
vn 0.1875 -0.2011 -0.9615
vn 0.1589 -0.3428 -0.9259
vn 0.0227 -0.1018 -0.9945
vn -0.0307 -0.1764 -0.9838
vn -0.1762 0.0798 -0.9811
vn -0.1704 0.2258 -0.9592
vn -0.2097 0.1441 -0.9671
vn -0.2078 0.2990 -0.9314
vn -0.2579 0.0807 -0.9628
vn -0.2925 0.3375 -0.8947
vn -0.3113 0.2052 -0.9279
vn -0.4061 0.5767 -0.7089
vn -0.3492 0.6670 -0.6582
vn -0.3876 0.7793 -0.4925
vn -0.3712 0.8160 -0.4431
vn 0.5617 -0.1921 -0.8047
vn 0.5982 0.1334 -0.7902
vn 0.7654 0.2981 -0.5703
vn 0.4558 0.1744 -0.8728
vn 0.5897 0.1442 -0.7946
vn 0.5031 -0.0039 -0.8642
vn 0.5202 0.0184 -0.8539
vn 0.7493 -0.1990 -0.6316
vn 0.6741 -0.3165 -0.6674
vn 0.6245 -0.3131 -0.7155
vn 0.5294 -0.1380 -0.8371
vn 0.6563 0.4811 -0.5812
vn 0.6080 -0.5787 -0.5436
vn 0.7640 -0.4733 -0.4385
vn 0.8491 -0.3680 -0.3791
vn 0.7663 -0.4682 -0.4398
vn 0.8647 -0.0356 -0.5010
vn 0.8825 0.0033 -0.4703
vn 0.8613 -0.2472 -0.4438
vn 0.8601 -0.2450 -0.4475
vn 0.8821 -0.0538 -0.4679
vn 0.8917 -0.0730 -0.4468
vn 0.8050 0.2912 -0.5169
vn 0.8568 0.2313 -0.4608
vn 0.8003 0.3596 -0.4797
vn 0.8486 0.3213 -0.4204
vn 0.6515 0.5014 -0.5693
vn 0.8184 0.4251 -0.3867
vn 0.8556 -0.3693 -0.3628
vn 0.9406 -0.2453 -0.2347
vn 0.4972 0.4549 -0.7388
vn 0.5265 0.4032 -0.7484
vn 0.6484 0.4496 -0.6144
vn 0.8829 0.3462 -0.3173
vn 0.5915 0.1315 -0.7955
vn 0.9259 0.2063 -0.3163
vn 0.9247 0.2002 -0.3237
vn 0.9464 -0.0016 -0.3231
vn 0.9344 -0.0368 -0.3544
vn 0.9266 -0.2156 -0.3080
vn 0.9097 -0.2422 -0.3373
vn 0.9177 -0.1349 -0.3737
vn 0.9623 -0.0301 -0.2703
vn 0.7021 0.4373 -0.5619
vn 0.5190 0.2782 -0.8082
vn -0.0663 0.9765 -0.2049
vn -0.0894 0.9797 -0.1792
vn -0.0931 0.8290 -0.5515
vn 0.0304 0.7577 -0.6519
vn 0.0256 0.6301 -0.7761
vn 0.2219 0.5630 -0.7961
vn 0.3063 0.4295 -0.8496
vn 0.3206 0.4695 -0.8227
vn 0.3760 0.3412 -0.8615
vn 0.4623 0.4403 -0.7697
vn 0.6810 -0.6298 -0.3737
vn 0.6561 -0.6852 -0.3162
vn 0.1571 0.8570 -0.4907
vn -0.1751 0.8878 -0.4257
vn 0.2508 0.6714 -0.6973
vn 0.0694 0.6883 -0.7221
vn 0.2173 0.6361 -0.7404
vn 0.4789 0.5263 -0.7027
vn 0.5330 0.4853 -0.6931
vn 0.4800 0.5155 -0.7099
vn 0.5324 0.4813 -0.6963
vn 0.4825 0.5136 -0.7095
vn 0.5396 0.4132 -0.7336
vn 0.4858 0.4563 -0.7455
vn 0.5272 0.3502 -0.7742
vn 0.5867 0.2959 -0.7538
vn 0.5778 0.1181 -0.8076
vn 0.7064 -0.0368 -0.7068
vn 0.7308 -0.2610 -0.6307
vn 0.7316 -0.2621 -0.6294
vn 0.7305 -0.0216 -0.6826
vn 0.6847 -0.0934 -0.7229
vn 0.5727 -0.4643 -0.6756
vn 0.5759 -0.4709 -0.6682
vn 0.5584 -0.5734 -0.5995
vn 0.8757 -0.2943 -0.3827
vn 0.8009 -0.4768 -0.3622
vn 0.9691 -0.2258 -0.0993
vn 0.3465 -0.4162 -0.8407
vn 0.4035 -0.3178 -0.8580
vn 0.4013 -0.2706 -0.8751
vn 0.0779 0.9733 -0.2158
vn 0.0420 0.9846 -0.1697
vn 0.2752 -0.4571 -0.8457
vn 0.3416 -0.1556 -0.9269
vn 0.3900 -0.0782 -0.9175
vn 0.3602 -0.2187 -0.9069
vn 0.3338 -0.1373 -0.9326
vn 0.3019 0.1539 -0.9408
vn 0.3205 0.1309 -0.9381
vn 0.3008 0.3508 -0.8868
vn 0.2167 0.4551 -0.8636
vn 0.2222 0.4088 -0.8852
vn 0.2568 0.4614 -0.8492
vn 0.2556 0.5021 -0.8261
vn 0.2973 0.4528 -0.8406
vn 0.2081 0.6116 -0.7633
vn 0.2978 0.4934 -0.8172
vn 0.2208 0.6365 -0.7390
vn 0.1520 0.8083 -0.5688
vn 0.0532 0.6850 -0.7266
vn -0.0260 0.8299 -0.5573
vn 0.0222 0.9195 -0.3924
vn 0.0355 0.8868 -0.4607
vn 0.0372 0.8993 -0.4357
vn -0.0207 0.9615 -0.2740
vn -0.0060 0.8226 -0.5686
vn -0.0059 0.8192 -0.5735
vn -0.0272 0.6561 -0.7542
vn -0.0075 0.8170 -0.5766
vn 0.0053 0.6206 -0.7841
vn 0.0366 0.7111 -0.7022
vn 0.0418 0.4880 -0.8719
vn 0.1187 0.7319 -0.6710
vn 0.1413 0.6192 -0.7724
vn 0.1487 0.4455 -0.8829
vn 0.1273 0.4168 -0.9000
vn 0.1494 0.2359 -0.9602
vn 0.1971 0.1754 -0.9646
vn 0.1755 0.3028 -0.9368
vn 0.2081 0.1162 -0.9712
vn 0.1975 0.1772 -0.9642
vn 0.2556 -0.1262 -0.9585
vn 0.2073 0.1113 -0.9719
vn 0.3279 -0.3864 -0.8621
vn 0.2839 -0.0274 -0.9584
vn 0.4936 -0.1062 -0.8632
vn 0.3383 -0.3633 -0.8681
vn 0.4556 -0.2890 -0.8420
vn 0.4673 -0.3240 -0.8226
vn 0.4086 -0.4388 -0.8003
vn 0.4253 -0.4127 -0.8055
vn 0.3310 -0.6495 -0.6845
vn 0.4000 -0.5306 -0.7473
vn 0.3216 -0.8197 -0.4740
vn 0.2804 -0.7699 -0.5733
vn 0.2684 -0.6662 -0.6958
vn 0.2637 -0.6754 -0.6887
vn 0.2613 -0.9012 -0.3459
vn 0.2157 -0.9396 -0.2658
vn 0.2308 -0.9697 -0.0806
vn 0.2838 -0.9481 -0.1435
vn 0.0527 0.9528 -0.2990
vn 0.0239 0.9677 -0.2509
vn 0.0693 0.8755 -0.4781
vn 0.0504 0.8495 -0.5253
vn 0.0990 0.9339 -0.3436
vn 0.0512 0.8946 -0.4439
vn 0.1453 0.8739 -0.4638
vn 0.1082 0.9009 -0.4204
vn 0.1353 0.5600 -0.8174
vn 0.1958 0.6629 -0.7227
vn -0.0146 0.5308 -0.8474
vn 0.1336 0.6097 -0.7813
vn 0.1316 0.6075 -0.7833
vn 0.0902 0.7020 -0.7064
vn 0.1300 0.6054 -0.7852
vn 0.1541 0.4410 -0.8842
vn 0.1613 0.4609 -0.8726
vn 0.1685 0.3098 -0.9357
vn 0.1751 0.3385 -0.9245
vn 0.2493 0.1010 -0.9632
vn 0.2427 0.0442 -0.9691
vn 0.2091 0.0992 -0.9728
vn 0.2415 -0.1408 -0.9601
vn 0.2689 -0.1774 -0.9467
vn 0.2837 -0.3847 -0.8784
vn 0.2592 -0.4230 -0.8683
vn 0.1965 -0.6859 -0.7007
vn 0.2510 -0.6169 -0.7460
vn 0.1767 -0.8229 -0.5400
vn 0.1867 -0.8094 -0.5568
vn 0.1196 -0.8502 -0.5128
vn 0.1635 -0.8884 -0.4289
vn 0.1153 0.9517 -0.2845
vn 0.0986 0.9657 -0.2404
vn 0.1151 0.9512 -0.2862
vn 0.0887 0.9417 -0.3246
vn 0.0921 0.9526 -0.2901
vn 0.1440 0.9572 -0.2509
vn 0.2588 0.8677 -0.4244
vn 0.1474 0.9627 -0.2267
vn 0.2447 0.8455 -0.4747
vn 0.3718 0.2298 -0.8994
vn 0.5277 0.2961 -0.7961
vn 0.3807 0.2542 -0.8891
vn 0.3623 0.6342 -0.6830
vn 0.5266 0.2938 -0.7978
vn 0.3736 0.6761 -0.6351
vn 0.0265 0.3363 -0.9414
vn 0.0587 0.4695 -0.8810
vn -0.1730 0.3221 -0.9308
vn -0.1533 0.3345 -0.9298
vn -0.1759 0.3174 -0.9319
vn -0.2099 0.2453 -0.9465
vn -0.1984 0.2181 -0.9555
vn -0.3766 0.0055 -0.9263
vn -0.2878 -0.0903 -0.9534
vn -0.3813 -0.4331 -0.8167
vn -0.4084 -0.3707 -0.8341
vn -0.3967 -0.6206 -0.6764
vn -0.4261 -0.5245 -0.7371
vn -0.4187 -0.8331 -0.3615
vn -0.4513 -0.7761 -0.4403
vn 0.1500 -0.1990 -0.9684
vn -0.0083 0.9838 -0.1789
vn -0.0054 0.9849 -0.1732
vn 0.0313 0.8872 -0.4604
vn 0.0110 0.8126 -0.5827
vn -0.0027 0.8319 -0.5549
vn 0.0097 0.8196 -0.5728
vn -0.0020 0.8058 -0.5922
vn -0.0030 0.8066 -0.5911
vn 0.0545 0.5930 -0.8034
vn -0.0233 0.7197 -0.6938
vn 0.0145 0.5321 -0.8465
vn 0.0618 0.4619 -0.8847
vn 0.0518 0.4298 -0.9014
vn -0.0104 0.2834 -0.9590
vn 0.0586 0.3959 -0.9164
vn -0.0500 0.4133 -0.9092
vn -0.1319 0.1842 -0.9740
vn -0.0881 0.0901 -0.9920
vn -0.1286 0.1554 -0.9794
vn -0.0871 0.0967 -0.9915
vn -0.0232 -0.1301 -0.9912
vn -0.0234 -0.1040 -0.9943
vn 0.0586 0.1139 -0.9918
vn 0.1009 -0.2469 -0.9638
vn 0.1499 -0.1848 -0.9713
vn 0.8145 0.2658 -0.5157
vn 0.4408 -0.0201 -0.8974
vn 0.6395 -0.0101 -0.7688
vn 0.1630 -0.2243 -0.9608
vn -0.1170 0.1250 -0.9852
vn 0.2183 -0.0650 -0.9737
vn -0.0329 -0.9983 0.0487
vn 0.0072 -0.9993 0.0355
vn -0.5772 -0.4812 -0.6597
vn -0.4777 -0.5844 -0.6559
vn -0.1456 -0.9886 0.0389
vn -0.5477 -0.7643 -0.3404
vn 0.0545 -0.9978 0.0387
vn -0.1340 -0.9890 0.0622
vn -0.0329 -0.9991 -0.0270
vn 0.0332 -0.9976 0.0614
vn -0.4342 -0.6697 -0.6025
vn -0.4644 -0.6324 -0.6200
vn -0.2568 -0.1875 -0.9481
vn -0.4467 -0.3872 -0.8066
vn -0.2891 -0.5113 -0.8093
vn -0.3720 -0.4761 -0.7969
vn -0.4498 -0.3942 -0.8014
vn 0.0516 -0.2179 -0.9746
vn -0.4341 -0.0319 -0.9003
vn 0.0340 -0.2037 -0.9784
vn -0.4886 -0.0747 -0.8693
vn -0.4672 -0.0037 -0.8842
vn -0.0611 0.9818 -0.1799
vn 0.0328 -0.9988 -0.0370
vn -0.1123 -0.9845 -0.1350
vn -0.1168 -0.8889 -0.4429
vn -0.0167 -0.9622 -0.2718
vn 0.0439 -0.6920 -0.7206
vn -0.0121 -0.6194 -0.7850
vn 0.0114 -0.7903 -0.6126
vn 0.0123 -0.7916 -0.6109
vn 0.0207 -0.5267 -0.8498
vn 0.0590 -0.4768 -0.8770
vn -0.0028 -0.4900 -0.8717
vn 0.0485 -0.5686 -0.8212
vn 0.0429 -0.2889 -0.9564
vn 0.0215 -0.3093 -0.9507
vn 0.0490 -0.3231 -0.9451
vn -0.1210 -0.4310 -0.8942
vn -0.0179 -0.7524 -0.6584
vn -0.0513 0.1068 -0.9930
vn -0.0076 -0.1517 -0.9884
vn 0.0233 0.0991 -0.9948
vn 0.0184 0.1273 -0.9917
vn 0.0227 0.1533 -0.9879
vn 0.0196 0.1647 -0.9861
vn 0.0205 0.2001 -0.9796
vn 0.0045 0.2471 -0.9690
vn 0.0021 0.2849 -0.9585
vn -0.1032 0.4384 -0.8928
vn -0.1132 0.4519 -0.8849
vn -0.1037 0.4193 -0.9019
vn -0.0905 0.5918 -0.8010
vn -0.1332 0.5131 -0.8480
vn -0.1498 0.6400 -0.7537
vn -0.1155 0.7115 -0.6931
vn -0.0961 0.8182 -0.5668
vn -0.1084 0.7997 -0.5905
vn -0.1159 0.8930 -0.4349
vn -0.1067 0.8085 -0.5788
vn -0.1922 0.7656 -0.6140
vn 0.0085 0.9535 -0.3014
vn -0.0009 0.9614 -0.2753
vn 0.0264 0.8239 -0.5661
vn -0.0050 0.8899 -0.4561
vn 0.0633 0.8274 -0.5580
vn 0.0360 0.8942 -0.4461
vn 0.0735 0.8677 -0.4917
vn 0.1311 0.7093 -0.6926
vn 0.1126 0.6753 -0.7289
vn 0.1051 0.7354 -0.6695
vn 0.0612 0.6137 -0.7871
vn 0.0472 0.6503 -0.7582
vn 0.0478 0.5823 -0.8116
vn 0.1932 0.4416 -0.8762
vn 0.1941 0.4517 -0.8708
vn 0.2683 0.2963 -0.9166
vn 0.2675 0.3101 -0.9123
vn 0.3195 0.1549 -0.9348
vn 0.3195 0.1040 -0.9419
vn 0.3109 0.1247 -0.9422
vn 0.3734 -0.0244 -0.9274
vn 0.3146 0.0869 -0.9452
vn 0.3935 -0.1650 -0.9044
vn 0.3589 -0.1166 -0.9261
vn 0.3985 -0.3898 -0.8302
vn 0.4124 -0.3278 -0.8500
vn 0.3702 -0.6037 -0.7061
vn 0.4141 -0.4373 -0.7983
vn 0.3747 -0.6402 -0.6706
vn 0.3142 -0.7823 -0.5378
vn 0.3098 -0.8105 -0.4970
vn 0.3170 -0.8212 -0.4746
vn 0.2869 -0.5327 -0.7962
vn 0.3408 -0.6688 -0.6607
vn 0.3228 -0.9042 -0.2796
vn 0.0278 0.9676 -0.2511
vn 0.0378 0.9613 -0.2729
vn 0.1024 0.9541 -0.2814
vn -0.0069 0.8499 -0.5269
vn 0.1293 0.9459 -0.2976
vn 0.1039 0.9328 -0.3451
vn 0.1496 0.8983 -0.4131
vn 0.1578 0.8925 -0.4226
vn 0.2428 0.5121 -0.8239
vn 0.1702 0.3590 -0.9177
vn 0.1622 0.2680 -0.9497
vn 0.2538 0.3626 -0.8967
vn 0.1038 0.6998 -0.7068
vn 0.2024 0.6267 -0.7525
vn 0.1514 0.6101 -0.7777
vn 0.0906 0.6746 -0.7326
vn -0.0410 0.3973 -0.9168
vn -0.0427 0.4643 -0.8847
vn -0.0776 0.2647 -0.9612
vn -0.0783 0.3362 -0.9385
vn -0.0831 0.2558 -0.9632
vn -0.0013 0.0437 -0.9990
vn -0.0694 -0.1043 -0.9921
vn -0.0345 -0.1687 -0.9851
vn -0.0529 -0.4537 -0.8896
vn -0.0542 -0.4512 -0.8908
vn -0.0705 -0.6718 -0.7373
vn -0.0112 -0.5952 -0.8035
vn -0.0642 -0.8329 -0.5497
vn -0.1109 -0.8769 -0.4677
vn -0.1173 -0.9248 -0.3619
vn -0.1703 -0.8826 -0.4382
vn 0.6212 -0.1126 -0.7755
vn 0.6107 -0.3690 -0.7006
vn -0.7874 -0.0637 -0.6132
vn 0.1143 0.9630 -0.2441
vn 0.0804 0.9576 -0.2765
vn 0.0650 0.9394 -0.3367
vn 0.0793 0.9427 -0.3242
vn 0.0728 0.9695 -0.2341
vn 0.1754 0.9660 -0.1900
vn 0.2956 0.9219 -0.2505
vn 0.1715 0.9740 -0.1478
vn 0.2735 0.8676 -0.4154
vn 0.3723 0.7854 -0.4944
vn 0.2994 0.4047 -0.8640
vn 0.4365 0.4052 -0.8033
vn 0.1113 0.2111 -0.9711
vn 0.3132 0.3294 -0.8907
vn -0.1368 0.0882 -0.9867
vn 0.0704 0.3507 -0.9338
vn -0.2630 0.3021 -0.9163
vn -0.3055 0.1406 -0.9418
vn -0.3532 0.3659 -0.8610
vn -0.3956 0.2923 -0.8707
vn -0.3734 0.2120 -0.9031
vn -0.3996 0.2491 -0.8822
vn -0.3390 0.0116 -0.9407
vn -0.3991 0.0968 -0.9118
vn -0.5612 -0.3485 -0.7507
vn -0.5521 -0.2499 -0.7955
vn -0.6286 -0.4768 -0.6144
vn -0.6301 -0.4251 -0.6498
vn -0.6399 -0.4442 -0.6270
vn -0.6115 -0.6857 -0.3948
vn 0.0586 0.9598 -0.2746
vn 0.0466 0.9529 -0.2996
vn 0.0517 0.9458 -0.3207
vn 0.0446 0.9419 -0.3329
vn 0.1202 0.9749 -0.1872
vn 0.0704 0.9942 -0.0814
vn -0.0261 0.9569 -0.2892
vn 0.1352 0.9809 -0.1396
vn -0.2060 0.7568 -0.6203
vn -0.0217 0.9502 -0.3109
vn -0.1405 0.6597 -0.7382
vn -0.1727 0.2832 -0.9434
vn -0.1407 0.0623 -0.9881
vn -0.1060 0.2192 -0.9699
vn -0.1708 0.0937 -0.9808
vn -0.1479 0.1246 -0.9811
vn -0.0681 0.1608 -0.9846
vn -0.2259 0.2926 -0.9292
vn -0.0952 0.3211 -0.9423
vn -0.0309 0.2854 -0.9579
vn -0.0352 0.2943 -0.9551
vn -0.0375 0.2929 -0.9554
vn -0.1570 0.0976 -0.9828
vn -0.0504 0.0443 -0.9977
vn -0.1124 -0.3341 -0.9358
vn -0.1680 -0.3530 -0.9204
vn -0.2151 -0.4980 -0.8401
vn -0.1189 -0.5702 -0.8128
vn -0.2573 -0.5005 -0.8266
vn -0.2088 -0.5735 -0.7922
vn -0.2813 -0.8109 -0.5132
vn -0.3421 -0.8518 -0.3967
vn -0.4156 -0.8141 -0.4056
vn -0.3399 -0.8756 -0.3432
vn -0.6233 -0.7079 -0.3323
vn -0.5162 -0.6997 -0.4939
vn -0.4595 -0.8256 -0.3276
vn -0.5123 -0.8026 -0.3054
vn 0.0789 0.9806 -0.1794
vn 0.0361 0.9535 -0.2992
vn 0.0823 0.9415 -0.3267
vn 0.0884 0.9467 -0.3097
vn 0.0455 0.9816 -0.1855
vn 0.1038 0.9908 -0.0866
vn 0.0436 0.9462 -0.3205
vn 0.0212 0.9431 -0.3318
vn -0.0518 0.7214 -0.6906
vn 0.0149 0.7451 -0.6668
vn 0.0202 0.2861 -0.9580
vn 0.0344 0.2992 -0.9536
vn 0.0791 0.0400 -0.9961
vn 0.1397 0.1084 -0.9842
vn 0.1399 0.1070 -0.9844
vn 0.2059 0.1886 -0.9602
vn 0.1991 0.3118 -0.9291
vn 0.1881 0.3200 -0.9286
vn 0.1244 0.4136 -0.9019
vn 0.1616 0.4038 -0.9004
vn 0.2064 0.3735 -0.9044
vn 0.1489 0.3206 -0.9355
vn 0.2744 -0.0975 -0.9567
vn 0.1186 0.0155 -0.9928
vn 0.2714 -0.4520 -0.8497
vn 0.2905 -0.4347 -0.8524
vn 0.3962 -0.4756 -0.7854
vn 0.3485 -0.5603 -0.7514
vn 0.4193 -0.5095 -0.7514
vn 0.4104 -0.6321 -0.6573
vn 0.5329 -0.7103 -0.4598
vn 0.1102 0.9597 -0.2584
vn 0.1309 0.9737 -0.1865
vn 0.1271 0.9636 -0.2354
vn 0.1016 0.9446 -0.3120
vn 0.1288 0.9715 -0.1989
vn 0.1058 0.9615 -0.2535
vn 0.0894 0.9375 -0.3362
vn 0.0950 0.9301 -0.3547
vn 0.0295 0.7171 -0.6964
vn -0.0030 0.8475 -0.5309
vn -0.0677 0.5916 -0.8034
vn 0.0003 0.2918 -0.9565
vn 0.0156 0.3189 -0.9476
vn 0.1980 0.1069 -0.9744
vn 0.1804 0.1847 -0.9661
vn 0.2042 0.1360 -0.9694
vn 0.1391 0.2807 -0.9497
vn 0.1347 0.0610 -0.9890
vn -0.0073 0.1633 -0.9865
vn 0.2077 0.4209 -0.8830
vn 0.0449 0.3771 -0.9251
vn -0.0707 0.2253 -0.9717
vn -0.0479 0.0023 -0.9988
vn -0.0898 0.1188 -0.9888
vn -0.0667 -0.3874 -0.9195
vn -0.1438 -0.0797 -0.9864
vn 0.1753 -0.2998 -0.9377
vn 0.3447 -0.4833 -0.8047
vn 0.4649 -0.3459 -0.8150
vn 0.6320 -0.5491 -0.5469
vn 0.1905 0.9331 -0.3051
vn 0.1138 0.8206 -0.5600
vn 0.1203 0.8480 -0.5161
vn -0.0013 0.9761 -0.2175
vn 0.0317 0.9671 -0.2525
vn -0.0011 0.9855 -0.1698
vn 0.0658 0.9329 -0.3541
vn 0.0296 0.9614 -0.2737
vn 0.0388 0.8467 -0.5307
vn 0.0607 0.8577 -0.5106
vn -0.0510 0.5933 -0.8034
vn -0.0616 0.6130 -0.7877
vn -0.1233 0.2834 -0.9510
vn -0.2046 0.4035 -0.8918
vn -0.2157 0.1654 -0.9624
vn -0.1853 0.0583 -0.9810
vn -0.1955 0.0280 -0.9803
vn -0.1836 0.0113 -0.9829
vn -0.2563 0.1133 -0.9599
vn -0.1988 0.0591 -0.9783
vn -0.2614 0.1847 -0.9474
vn -0.3020 0.1077 -0.9472
vn -0.3019 0.1102 -0.9469
vn -0.2811 0.0953 -0.9549
vn -0.1009 -0.0757 -0.9920
vn -0.2251 -0.0112 -0.9743
vn 0.1333 -0.2972 -0.9455
vn -0.0432 -0.2139 -0.9759
vn 0.1455 -0.2651 -0.9532
vn 0.1160 -0.2445 -0.9627
vn 0.2511 -0.3554 -0.9004
vn 0.1454 -0.2699 -0.9519
vn -0.6050 0.7957 0.0310
vn -0.5156 0.8566 -0.0209
vn -0.7448 0.6032 -0.2854
vn -0.6494 0.7298 -0.2136
vn -0.6431 0.4059 -0.6494
vn -0.6440 0.4025 -0.6506
vn -0.6896 0.2400 -0.6833
vn -0.6432 0.4062 -0.6491
vn -0.6413 0.0930 -0.7616
vn -0.6313 0.1261 -0.7652
vn -0.6192 0.0720 -0.7819
vn -0.4952 0.2145 -0.8419
vn -0.4921 0.1336 -0.8602
vn -0.4851 0.1318 -0.8645
vn -0.4970 0.1491 -0.8549
vn -0.4881 0.1440 -0.8608
vn -0.4828 0.0450 -0.8746
vn -0.4860 0.0469 -0.8727
vn -0.4897 0.0674 -0.8693
vn -0.5241 0.0314 -0.8511
vn -0.5816 -0.0668 -0.8107
vn -0.5231 -0.0035 -0.8522
vn -0.5785 -0.0818 -0.8116
vn -0.6387 -0.1226 -0.7596
vn -0.6376 -0.1387 -0.7578
vn -0.6181 -0.1237 -0.7763
vn -0.6162 0.0921 -0.7822
vn -0.7102 0.0080 -0.7039
vn -0.4046 0.9142 0.0216
vn -0.4725 0.8810 -0.0237
vn -0.4054 0.8172 -0.4097
vn -0.6209 0.4962 -0.6068
vn -0.6042 0.4270 -0.6728
vn -0.6356 0.3346 -0.6957
vn -0.6494 0.2107 -0.7307
vn -0.6256 0.2807 -0.7279
vn -0.6301 0.1262 -0.7662
vn -0.6299 0.1267 -0.7662
vn -0.6842 0.1336 -0.7169
vn -0.6247 0.1009 -0.7744
vn -0.5667 0.1083 -0.8168
vn -0.6839 0.1602 -0.7118
vn -0.5746 0.0488 -0.8170
vn -0.6183 0.0831 -0.7816
vn -0.6065 -0.0380 -0.7942
vn -0.6132 -0.0336 -0.7892
vn -0.6193 0.0051 -0.7852
vn -0.6664 -0.0852 -0.7407
vn -0.6719 -0.0630 -0.7380
vn -0.6679 -0.0572 -0.7421
vn -0.6606 -0.1168 -0.7416
vn -0.6715 -0.1224 -0.7308
vn -0.6090 -0.1264 -0.7831
vn -0.6685 -0.0407 -0.7426
vn -0.5599 -0.0031 -0.8285
vn -0.5270 -0.0757 -0.8465
vn -0.9844 0.1022 0.1434
vn -0.9950 -0.0951 0.0295
vn -0.9803 -0.1157 -0.1598
vn -0.9945 -0.1045 0.0025
vn -0.9925 -0.0488 -0.1117
vn -0.9981 -0.0276 -0.0552
vn -0.9813 -0.1095 -0.1582
vn -0.9745 -0.1224 -0.1878
vn -0.9908 -0.0572 -0.1223
vn -0.9905 -0.0656 -0.1213
vn -0.9766 -0.1543 -0.1497
vn -0.9780 -0.1004 -0.1828
vn -0.9688 -0.1372 -0.2063
vn -0.9744 -0.1269 -0.1853
vn -0.9713 -0.1198 -0.2057
vn -0.9269 -0.2120 -0.3097
vn -0.9470 -0.0892 -0.3086
vn -0.9087 -0.1475 -0.3906
vn -0.9034 -0.1782 -0.3901
vn -0.9060 -0.1894 -0.3786
vn -0.9016 -0.2421 -0.3585
vn -0.9506 -0.1783 -0.2540
vn -0.0598 -0.1937 -0.9792
vn -0.1543 -0.2836 -0.9465
vn -0.0520 -0.2136 -0.9755
vn -0.1490 -0.1507 -0.9773
vn -0.2034 -0.0085 -0.9791
vn -0.2214 0.0041 -0.9752
vn -0.2644 0.1210 -0.9568
vn -0.2689 0.1155 -0.9562
vn -0.2701 0.1267 -0.9545
vn -0.2883 0.1418 -0.9470
vn -0.3958 0.1933 -0.8978
vn -0.2783 0.0564 -0.9588
vn -0.5014 0.1253 -0.8561
vn -0.3975 -0.0001 -0.9176
vn -0.5109 0.0517 -0.8581
vn -0.5436 0.0911 -0.8344
vn -0.3461 0.3529 -0.8693
vn -0.5344 0.1259 -0.8358
vn -0.4027 0.4983 -0.7678
vn -0.3260 0.6012 -0.7296
vn -0.2021 0.8290 -0.5214
vn -0.4000 0.5765 -0.7125
vn -0.1064 0.9621 -0.2512
vn -0.2122 0.8976 -0.3865
vn 0.7178 -0.5172 -0.4662
vn 0.6392 -0.5139 -0.5721
vn 0.6911 -0.5244 -0.4974
vn 0.5747 -0.5852 -0.5721
vn 0.1716 -0.0102 0.9851
vn 0.3827 -0.1901 0.9041
vn -0.2823 0.9260 -0.2508
vn -0.1276 0.9755 -0.1793
vn 0.0054 -0.2176 -0.9760
vn -0.6122 0.2785 -0.7400
vn -0.6486 0.2736 -0.7103
vn -0.2073 -0.0448 -0.9772
vn -0.3587 -0.0619 -0.9314
vn -0.4861 0.3207 -0.8129
vn -0.4538 0.1893 -0.8708
vn -0.4061 0.1967 -0.8924
vn 0.7503 -0.6265 0.2113
vn 0.6767 -0.6756 0.2926
vn 0.8540 -0.3907 -0.3437
vn 0.4469 -0.1089 0.8879
vn 0.5247 -0.0510 0.8498
vn -0.3946 0.2617 -0.8808
vn -0.0125 0.2030 -0.9791
vn 0.0064 0.2581 -0.9661
vn -0.1847 0.3057 -0.9340
vn 0.8665 0.3836 -0.3194
vn 0.8149 0.4267 -0.3923
vn 0.0760 -0.2320 -0.9697
vn 0.1791 0.0385 -0.9831
vn 0.3023 -0.4551 -0.8375
vn -0.0067 0.3680 -0.9298
vn 0.2000 0.2130 -0.9564
vn 0.0451 0.6159 -0.7865
vn 0.2873 0.5810 -0.7615
vn 0.3264 0.5294 -0.7831
vn 0.2343 0.3171 -0.9190
vn -0.1213 0.1550 -0.9804
vn -0.1871 -0.0249 -0.9820
vn -0.2741 0.4092 -0.8703
vn -0.2446 0.4045 -0.8812
vn -0.2119 0.2531 -0.9439
vn -0.3279 0.2830 -0.9013
vn 0.5941 0.7017 -0.3932
vn 0.6719 0.6635 -0.3291
vn 0.7537 0.3897 -0.5293
vn 0.6824 0.4558 -0.5714
vn 0.7212 0.6402 -0.2646
vn 0.6729 0.6689 -0.3158
vn -0.5815 0.1223 -0.8043
vn -0.6428 0.1288 -0.7551
vn -0.6199 0.1873 -0.7620
vn -0.7078 -0.0215 -0.7061
vn -0.6663 -0.1268 -0.7348
vn 0.3448 0.8564 -0.3844
vn 0.8452 0.4367 -0.3082
vn 0.8443 0.4374 -0.3095
vn 0.3542 0.4402 -0.8251
vn 0.1949 0.3749 -0.9064
vn 0.3247 0.4425 -0.8359
vn -0.3242 0.1278 -0.9373
vn -0.9853 0.1581 -0.0647
vn -0.9741 -0.0693 -0.2152
vn -0.1376 -0.9849 -0.1047
vn -0.4035 -0.8463 -0.3478
vn -0.9720 -0.1952 -0.1309
vn -0.9714 -0.1961 -0.1335
vn -0.2366 -0.9705 -0.0465
vn -0.6075 -0.7733 -0.1817
vn -0.9667 -0.1532 -0.2051
vn -0.9950 -0.0535 -0.0847
vn -0.8104 -0.5761 -0.1065
vn -0.9189 -0.3099 -0.2442
vn -0.0311 -0.9201 0.3905
vn -0.2826 -0.9238 0.2583
vn -0.8536 -0.0434 0.5191
vn -0.6094 -0.3238 0.7237
vn -0.8482 -0.1239 0.5149
vn -0.8529 -0.1432 0.5021
vn -0.7197 -0.6021 0.3457
vn -0.7757 -0.5452 0.3179
vn -0.2271 -0.9581 0.1743
vn -0.1671 -0.9658 0.1984
vn 0.0306 -0.9876 0.1540
vn 0.0724 -0.9832 0.1673
vn -0.8451 0.2612 0.4664
vn -0.9492 0.0344 0.3127
vn -0.8823 -0.1061 0.4585
vn -0.8459 -0.0437 0.5316
vn 0.1319 0.0773 -0.9882
vn 0.0250 0.1075 -0.9939
vn 0.0133 0.7168 -0.6972
vn 0.0397 0.7147 -0.6983
vn 0.2542 0.2200 -0.9418
vn 0.4911 0.1772 -0.8529
vn -0.2202 -0.1046 -0.9698
vn -0.1546 -0.0469 -0.9869
vn -0.3781 0.3993 -0.8352
vn -0.2758 0.4041 -0.8722
vn -0.7174 0.2621 -0.6454
vn -0.7849 0.0957 -0.6123
vn -0.2686 -0.5532 -0.7886
vn -0.1144 -0.0307 -0.9930
vn -0.2971 -0.4654 -0.8338
vn -0.9744 -0.0615 -0.2161
vn -0.9782 -0.0220 -0.2064
vn -0.9801 -0.0185 -0.1976
vn 0.7805 0.5354 0.3228
vn 0.6761 0.5399 0.5013
vn 0.8230 0.3248 0.4660
vn 0.7688 0.3496 0.5355
vn 0.8332 0.3931 -0.3889
vn 0.8880 0.3078 -0.3417
vn 0.3853 0.5498 -0.7411
vn 0.5774 0.7620 -0.2932
vn 0.7548 0.6451 -0.1186
vn 0.6125 0.7537 -0.2382
vn 0.6879 0.6650 -0.2909
vn 0.6874 0.6624 -0.2977
vn 0.8571 0.4682 0.2147
vn 0.7948 0.6025 0.0724
vn 0.7753 0.6279 0.0689
vn 0.8267 0.5311 0.1860
vn 0.8298 0.4458 0.3356
vn 0.9460 0.3049 0.1104
vn 0.1242 -0.2759 0.9531
vn -0.4265 0.1653 0.8893
vn 0.1446 -0.2702 0.9519
vn 0.3102 0.0182 0.9505
vn 0.6297 0.2028 0.7499
vn 0.5840 0.1296 0.8014
vn -0.0977 0.1519 0.9836
vn 0.2494 0.1036 0.9628
vn 0.5754 0.2496 0.7788
vn 0.6193 0.2279 0.7514
vn -0.2137 0.1474 0.9657
vn -0.1893 0.1895 0.9635
vn 0.5145 0.3612 0.7777
vn 0.5132 0.3616 0.7784
vn -0.1084 -0.0590 0.9923
vn -0.0580 -0.0913 0.9941
vn 0.6258 0.1901 0.7564
vn 0.5840 0.2230 0.7805
vn -0.2702 0.1339 0.9535
vn -0.3971 0.0403 0.9169
vn -0.1450 0.0366 0.9887
vn 0.0706 -0.1199 0.9903
vn 0.3975 0.4850 0.7790
vn 0.2407 -0.0981 0.9656
vn 0.4570 0.2559 0.8518
vn 0.3992 0.0480 0.9156
vn 0.3220 -0.9235 0.2084
vn 0.4107 -0.9092 0.0687
vn 0.0114 -0.9950 -0.0997
vn -0.0086 -0.9937 -0.1116
vn 0.0955 0.3693 -0.9244
vn 0.4078 -0.9129 -0.0160
vn 0.5925 -0.7945 0.1331
vn 0.1188 -0.8983 -0.4230
vn 0.8258 0.2757 0.4919
vn 0.8457 0.2640 0.4638
vn 0.1389 -0.0993 -0.9853
vn -0.1135 -0.0317 -0.9930
vn -0.8978 -0.0072 -0.4403
vn -0.9800 -0.0194 -0.1978
vn -0.5776 0.2687 -0.7708
vn -0.3948 0.2387 -0.8872
vn -0.3711 0.2402 -0.8970
vn 0.5887 -0.1310 -0.7977
vn 0.2336 -0.0885 -0.9683
vn 0.9006 0.0014 -0.4347
vn 0.7504 0.0786 -0.6563
vn -0.8405 -0.2090 0.4999
vn -0.4904 -0.0561 0.8697
vn -0.2269 -0.0660 0.9717
vn -0.0932 0.0043 0.9956
vn -0.1221 0.0204 0.9923
vn -0.0729 0.0097 0.9973
vn 0.5855 -0.0273 0.8102
vn 0.5168 0.0060 0.8561
vn 0.9105 0.0010 0.4134
vn 0.9577 0.0399 0.2849
vn -0.9664 0.2528 -0.0464
vn -0.9741 0.2045 -0.0965
vn -0.9736 -0.0256 -0.2267
vn -0.9882 -0.1406 -0.0605
vn -0.9914 0.1272 -0.0322
vn -0.9781 0.1651 -0.1268
vn -0.9520 -0.3051 0.0255
vn -0.7937 -0.2332 0.5619
vn -0.8746 -0.1144 0.4712
vn -0.9391 -0.2568 0.2284
vn -0.8713 -0.1401 0.4702
vn -0.9969 -0.0752 0.0213
vn -0.9312 -0.2800 0.2335
vn -0.9708 -0.2381 0.0285
vn -0.9816 -0.1901 -0.0174
vn -0.9734 -0.2288 -0.0069
vn -0.9731 -0.2302 -0.0113
vn -0.7597 -0.6487 0.0457
vn -0.9727 -0.2090 -0.1006
vn -0.7400 -0.6418 0.2015
vn -0.8698 -0.3499 0.3479
vn -0.9518 -0.1538 0.2654
vn -0.9380 0.0502 0.3429
vn -0.9635 -0.2456 0.1061
vn -0.9612 0.0834 0.2630
vn -0.9888 -0.0783 0.1274
vn -0.9939 0.0163 0.1095
vn -0.9708 -0.0843 -0.2248
vn -0.9708 -0.0843 -0.2247
vn -0.9736 0.0518 -0.2222
vn -0.9730 0.0521 -0.2248
vn -0.8657 0.4473 -0.2246
vn -0.8678 0.4528 -0.2046
vn -0.5985 0.7755 -0.2011
vn -0.5911 0.7749 -0.2239
vn -0.1867 0.9596 -0.2104
vn -0.1861 0.9593 -0.2123
vn -0.7547 -0.0698 -0.6524
vn -0.7547 -0.0698 -0.6523
vn -0.7606 0.0363 -0.6482
vn -0.7570 0.0367 -0.6524
vn -0.7008 0.3591 -0.6164
vn -0.6714 0.3522 -0.6521
vn -0.4865 0.6267 -0.6088
vn -0.4565 0.6065 -0.6510
vn -0.1565 0.7606 -0.6300
vn -0.1559 0.7627 -0.6276
vn -0.2950 -0.0381 -0.9547
vn -0.2950 -0.0381 -0.9548
vn -0.2991 0.0029 -0.9542
vn -0.2975 0.0030 -0.9547
vn -0.2706 0.1235 -0.9547
vn -0.2891 0.1389 -0.9472
vn -0.1968 0.2273 -0.9537
vn -0.2064 0.2528 -0.9452
vn -0.0858 0.2959 -0.9513
vn 0.2978 0.0042 -0.9546
vn 0.2980 0.0043 -0.9546
vn 0.3017 -0.0404 -0.9525
vn 0.2951 -0.0408 -0.9546
vn 0.2831 -0.1983 -0.9384
vn 0.2410 -0.1833 -0.9530
vn 0.1293 -0.2689 -0.9544
vn 0.1537 -0.3481 -0.9248
vn 0.7570 0.0381 -0.6523
vn 0.7571 0.0382 -0.6521
vn 0.7603 -0.0740 -0.6453
vn 0.7543 -0.0747 -0.6523
vn 0.6702 -0.4450 -0.5940
vn 0.6255 -0.4352 -0.6476
vn 0.3829 -0.7297 -0.5666
vn 0.3165 -0.6912 -0.6497
vn 0.9728 0.0544 -0.2250
vn 0.9728 0.0545 -0.2249
vn 0.9711 -0.0900 -0.2212
vn 0.9701 -0.0905 -0.2250
vn 0.8113 -0.5519 -0.1931
vn 0.8195 -0.5488 -0.1647
vn 0.4196 -0.8797 -0.2239
vn 0.3877 -0.9155 -0.1075
vn -0.1888 0.4955 -0.8478
vn 0.0947 0.9750 -0.2011
vn 0.2314 0.7859 -0.5735
vn 0.2314 0.7852 -0.5743
vn 0.2038 0.8306 -0.5182
vn -0.0571 0.9634 -0.2618
vn -0.1134 0.9788 -0.1704
vn 0.8465 -0.1441 -0.5125
vn 0.5791 -0.0648 -0.8127
vn -0.4602 -0.0156 -0.8877
vn -0.7455 -0.0652 -0.6633
vn -0.9362 -0.2564 0.2404
vn -0.4509 -0.3635 0.8152
vn 0.3136 -0.3785 0.8709
vn 0.7494 -0.3586 0.5566
vn 0.7495 -0.3585 0.5566
vn 0.8804 -0.2939 -0.3723
vn 0.3794 -0.1834 -0.9069
vn -0.1347 -0.1206 -0.9835
vn -0.4029 -0.1211 -0.9072
vn -0.9650 -0.1450 -0.2185
vn -0.9242 -0.1619 0.3459
vn -0.9242 -0.1619 0.3460
vn -0.5345 -0.1963 0.8220
vn 0.2163 -0.2488 0.9441
vn 0.7399 -0.3124 0.5958
vn 0.3005 0.0191 0.9536
vn -0.5551 0.0584 0.8297
vn -0.9361 0.0494 0.3482
vn -0.7499 -0.0186 -0.6612
vn -0.4462 -0.0474 -0.8937
vn -0.4463 -0.0474 -0.8937
vn 0.5733 -0.0990 -0.8133
vn 0.8512 -0.0989 -0.5154
vn 0.6786 -0.0179 0.7343
vn 0.7441 -0.0653 0.6649
vn 0.7440 -0.0653 0.6649
vn 0.2349 0.0248 0.9717
vn -0.4982 0.1069 0.8604
vn -0.9115 0.1218 0.3928
vn -0.9898 0.0929 -0.1076
vn -0.4144 -0.0344 -0.9094
vn -0.1406 -0.0722 -0.9874
vn -0.1407 -0.0722 -0.9874
vn 0.3950 -0.1352 -0.9087
vn 0.9312 -0.1642 -0.3254
vn 0.5874 -0.7266 -0.3564
vn 0.3495 -0.6750 -0.6498
vn 0.0060 -0.7051 -0.7091
vn -0.3572 -0.8340 -0.4207
vn -0.4223 -0.8913 -0.1651
vn -0.0784 -0.8998 0.4293
vn 0.2331 -0.8515 0.4697
vn 0.5858 -0.8096 0.0377
vn 0.4523 -0.7560 -0.4732
vn 0.1762 -0.6229 -0.7622
vn -0.0542 -0.5986 -0.7992
vn -0.2486 -0.6560 -0.7126
vn -0.4711 -0.7640 -0.4409
vn -0.5130 -0.8568 0.0514
vn -0.3637 -0.8755 0.3183
vn 0.0755 -0.8781 0.4726
vn 0.4304 -0.8883 0.1600
vn 0.3506 -0.1334 -0.9270
vn 0.6751 -0.1040 -0.7303
vn 0.3459 0.2665 -0.8996
vn 0.6110 0.2226 -0.7597
vn 0.7707 0.3782 -0.5128
vn 0.9451 0.1874 -0.2676
vn 0.9503 -0.0948 -0.2966
vn 0.8066 -0.3206 -0.4965
vn 0.5886 -0.5981 -0.5440
vn 0.0811 -0.4723 -0.8777
vn 0.0783 -0.4724 -0.8779
vn -0.0219 -0.3591 -0.9331
vn 0.0531 -0.4095 -0.9108
vn -0.0231 0.0962 -0.9951
vn 0.8336 0.2876 -0.4716
vn 0.6728 0.2642 -0.6911
vn 0.0500 0.3548 -0.9336
vn 0.1110 -0.2997 -0.9475
vn 0.4827 0.2931 -0.8253
vn 0.4647 -0.2524 -0.8487
vn 0.6188 -0.2222 -0.7535
vn 0.4710 0.1482 -0.8696
vn 0.4173 0.4041 -0.8140
vn 0.5682 0.2754 -0.7754
vn 0.7574 -0.0992 -0.6453
vn 0.4400 -0.1120 -0.8910
vn 0.1108 -0.3878 -0.9150
vn 0.7579 0.0004 -0.6523
vn 0.4913 -0.1642 -0.8554
vn 0.9248 -0.3025 -0.2307
vn 0.9440 -0.2828 -0.1698
vn 0.7301 0.6106 -0.3069
vn 0.6636 0.6926 -0.2825
vn 0.8156 0.5653 -0.1235
vn 0.7528 -0.1735 -0.6350
vn 0.2029 0.7445 -0.6360
vn 0.3538 0.6772 -0.6452
vn -0.4615 0.1137 -0.8798
vn -0.3254 0.5921 -0.7372
vn 0.5853 0.0929 -0.8055
vn 0.5532 0.1006 -0.8269
vn 0.5211 0.0572 -0.8516
vn 0.5421 0.0375 -0.8395
vn 0.4300 0.0190 -0.9026
vn 0.2361 0.1834 -0.9543
vn 0.5895 0.1027 -0.8012
vn 0.5997 0.0537 -0.7985
vn 0.5385 0.1571 -0.8279
vn 0.5032 0.1545 -0.8503
vn 0.3501 -0.1884 -0.9176
vn 0.5941 0.0434 -0.8032
vn 0.3725 -0.2675 -0.8886
vn 0.8393 0.0784 -0.5380
vn 0.6343 0.1992 -0.7470
vn 0.6830 -0.3600 -0.6355
vn 0.8634 0.2145 -0.4566
vn 0.4519 -0.2342 -0.8608
vn 0.4767 -0.2175 -0.8517
vn 0.0857 -0.1211 -0.9889
vn 0.2367 -0.0807 -0.9682
vn 0.0598 -0.0689 -0.9958
vn 0.9499 -0.0971 -0.2972
vn 0.9166 -0.2225 -0.3322
vn 0.3714 -0.2668 -0.8893
vn 0.7381 0.2352 -0.6323
vn 0.7831 0.2065 -0.5867
vn 0.6121 -0.3608 -0.7037
vn 0.6505 -0.0319 -0.7588
vn 0.4335 -0.3343 -0.8369
vn 0.3769 -0.3836 -0.8431
vn 0.0967 -0.2477 -0.9640
vn -0.1507 -0.3382 -0.9289
vn -0.1678 -0.2158 -0.9619
vn -0.2327 0.0333 -0.9720
vn 0.7781 0.3317 -0.5333
vn 0.7647 0.2983 -0.5712
vn 0.7117 0.4817 -0.5113
vn 0.6795 0.4344 -0.5912
vn 0.6004 0.5033 -0.6215
vn 0.4286 0.2014 -0.8808
vn 0.2001 0.5719 -0.7956
vn 0.3303 0.2390 -0.9131
vn -0.5775 0.6337 -0.5147
vn -0.5661 0.6292 -0.5326
vn -0.6416 -0.1383 -0.7544
vn 0.4193 0.0796 -0.9043
vn 0.3529 -0.4595 -0.8151
vn -0.0158 0.3483 -0.9373
vn -0.1035 0.4402 -0.8919
vn 0.0275 0.7894 -0.6132
vn 0.1010 0.5209 -0.8476
vn 0.4545 0.8672 -0.2036
vn 0.4363 0.8473 -0.3028
vn 0.6377 0.7557 -0.1492
vn 0.6533 0.7570 -0.0143
vn 0.8228 0.5678 0.0236
vn 0.8992 0.4349 -0.0480
vn 0.9373 0.3476 -0.0261
vn 0.9187 0.3947 0.0169
vn 0.9952 0.0970 -0.0137
vn 0.9364 -0.0914 -0.3389
vn 0.9013 -0.2142 -0.3766
vn -0.2439 -0.2713 -0.9311
vn 0.4306 0.8983 -0.0871
vn 0.4099 0.8989 -0.1549
vn 0.6011 0.7873 0.1372
vn 0.5734 0.8192 0.0028
vn 0.6946 0.7025 0.1549
vn 0.8334 0.5512 -0.0408
vn 0.9079 0.3703 -0.1963
vn 0.8763 0.4788 -0.0527
vn 0.9168 0.3449 -0.2011
vn 0.8209 0.1873 -0.5395
vn 0.7858 0.1159 -0.6076
vn 0.8000 0.0536 -0.5976
vn 0.7805 0.3287 -0.5317
vn 0.8015 0.1721 -0.5727
vn 0.5210 -0.0020 -0.8536
vn 0.4976 0.0030 -0.8674
vn 0.4213 -0.0630 -0.9047
vn 0.3368 -0.0702 -0.9389
vn 0.3329 -0.0993 -0.9377
vn 0.1677 -0.0588 -0.9841
vn 0.1487 -0.0431 -0.9879
vn -0.0882 -0.0167 -0.9960
vn -0.1674 0.1156 -0.9791
vn -0.0947 0.0691 -0.9931
vn -0.1335 -0.2766 -0.9517
vn -0.1554 -0.2415 -0.9579
vn -0.1928 -0.0119 -0.9812
vn -0.1467 -0.0437 -0.9882
vn -0.1826 0.5686 -0.8020
vn -0.1429 0.3915 -0.9090
vn -0.2482 0.2544 -0.9347
vn 0.6813 0.7207 0.1280
vn 0.7020 0.7033 0.1120
vn 0.7100 0.6951 0.1124
vn 0.8424 0.4646 -0.2730
vn 0.8157 0.5145 -0.2645
vn 0.7689 0.4691 -0.4345
vn 0.7035 0.3020 -0.6434
vn 0.8092 0.1002 -0.5789
vn 0.7122 0.3262 -0.6216
vn 0.7714 0.3391 -0.5385
vn 0.1335 0.1443 -0.9805
vn 0.1230 0.0123 -0.9923
vn 0.1099 0.1482 -0.9828
vn 0.1994 0.1765 -0.9639
vn 0.1634 0.0655 -0.9844
vn 0.2360 0.1443 -0.9610
vn 0.2533 -0.1732 -0.9518
vn 0.0153 -0.0238 -0.9996
vn 0.0594 0.1182 -0.9912
vn -0.0664 0.2270 -0.9716
vn -0.1157 0.0959 -0.9886
vn 0.4913 0.8704 0.0322
vn 0.4259 0.9012 -0.0807
vn 0.4505 0.8903 -0.0662
vn 0.1588 0.8707 -0.4656
vn 0.2498 0.8642 -0.4368
vn -0.2650 0.3593 -0.8948
vn 0.0324 0.4857 -0.8735
vn -0.2385 0.4164 -0.8774
vn 0.5271 0.2163 -0.8218
vn 0.5039 0.0210 -0.8635
vn 0.3414 -0.0897 -0.9356
vn 0.4400 -0.0121 -0.8979
vn 0.3945 -0.0332 -0.9183
vn 0.3288 -0.0426 -0.9434
vn 0.2722 -0.0844 -0.9585
vn 0.1487 -0.0430 -0.9879
vn 0.1918 -0.0281 -0.9810
vn 0.6664 0.7439 -0.0504
vn 0.5261 0.5857 -0.6166
vn 0.6275 0.7685 -0.1252
vn 0.7188 0.6640 -0.2060
vn 0.7052 0.6855 -0.1809
vn 0.5420 0.4961 -0.6783
vn 0.5484 0.5243 -0.6515
vn 0.4207 0.3901 -0.8191
vn 0.4192 0.4044 -0.8128
vn 0.4116 0.3879 -0.8247
vn 0.4036 0.3982 -0.8237
vn 0.3705 0.2627 -0.8909
vn 0.4250 0.0866 -0.9010
vn 0.4747 -0.1617 -0.8652
vn 0.3879 0.0182 -0.9215
vn 0.6198 0.2921 -0.7284
vn 0.4270 0.0864 -0.9001
vn 0.3883 0.1785 -0.9041
vn 0.3568 0.1627 -0.9199
vn 0.3641 0.0723 -0.9286
vn 0.3188 0.1207 -0.9401
vn 0.3448 0.0773 -0.9355
vn 0.3006 0.1262 -0.9454
vn 0.2812 0.1942 -0.9398
vn 0.2565 0.2115 -0.9431
vn 0.2558 0.2026 -0.9452
vn 0.2711 0.1748 -0.9466
vn 0.1795 0.2071 -0.9617
vn 0.1797 0.2065 -0.9618
vn 0.1011 0.1202 -0.9876
vn 0.1001 0.1287 -0.9866
vn 0.3017 0.0365 -0.9527
vn 0.5965 0.7679 -0.2335
vn 0.6647 0.7421 -0.0863
vn 0.4953 0.6075 -0.6210
vn 0.4274 0.5809 -0.6927
vn 0.3365 0.4293 -0.8382
vn 0.3411 0.5536 -0.7597
vn 0.2722 0.4513 -0.8499
vn 0.2881 0.4065 -0.8670
vn 0.1725 0.0931 -0.9806
vn 0.2826 0.1667 -0.9446
vn 0.1757 -0.0881 -0.9805
vn 0.0501 0.1714 -0.9839
vn 0.2222 0.4361 -0.8720
vn 0.0443 0.0846 -0.9954
vn 0.3857 0.7842 -0.4861
vn 0.1831 0.9252 -0.3325
vn -0.0466 0.6410 -0.7661
vn -0.1623 0.0603 -0.9849
vn 0.0582 0.4719 -0.8797
vn -0.0152 0.1703 -0.9853
vn -0.2821 0.4010 -0.8716
vn 0.5728 0.8187 -0.0400
vn 0.4913 0.8598 -0.1393
vn 0.2998 0.7386 -0.6038
vn 0.4469 0.7596 -0.4726
vn 0.2209 0.6859 -0.6934
vn 0.2510 0.6068 -0.7542
vn 0.0685 0.5244 -0.8487
vn 0.1684 0.5666 -0.8066
vn -0.0436 -0.0059 -0.9990
vn 0.1159 0.1263 -0.9852
vn -0.0201 0.4793 -0.8774
vn 0.1204 0.1492 -0.9814
vn -0.0224 0.2391 -0.9707
vn -0.1230 0.1127 -0.9860
vn 0.4718 0.8039 -0.3621
vn 0.4312 0.8650 -0.2565
vn 0.8174 0.5466 0.1818
vn 0.6615 0.7500 -0.0074
vn 0.6322 0.6744 -0.3814
vn 0.6359 0.6328 -0.4418
vn 0.3372 0.9404 -0.0443
vn 0.4484 0.8828 -0.1398
vn 0.3025 0.8915 -0.3373
vn 0.2740 0.9155 -0.2946
vn 0.2846 0.6895 -0.6660
vn 0.2294 0.6814 -0.6951
vn 0.4476 0.5819 -0.6790
vn 0.5007 0.5777 -0.6446
vn 0.6200 0.2206 -0.7530
vn 0.4812 0.5594 -0.6749
vn 0.8173 0.0532 -0.5738
vn 0.9626 0.2223 0.1549
vn 0.9528 0.0053 0.3036
vn 0.8473 0.1095 -0.5197
vn 0.9253 -0.2370 0.2960
vn 0.8642 -0.3110 0.3955
vn 0.8853 -0.2524 0.3906
vn 0.8755 -0.3413 0.3421
vn 0.7360 -0.5961 0.3210
vn 0.7201 -0.6091 0.3323
vn 0.7647 -0.6299 0.1360
vn 0.6745 -0.7339 0.0807
vn 0.9028 -0.4292 0.0257
vn 0.9100 -0.4134 0.0314
vn 0.4791 -0.4699 -0.7414
vn 0.5541 -0.3692 -0.7461
vn 0.5485 -0.3747 -0.7475
vn 0.7588 -0.1854 -0.6244
vn 0.8355 -0.4371 -0.3330
vn 0.7769 -0.4158 -0.4728
vn 0.7046 -0.5195 -0.4834
vn 0.3245 -0.9334 -0.1532
vn 0.5783 -0.7938 -0.1884
vn 0.2317 -0.8756 -0.4238
vn 0.1664 -0.8882 -0.4283
vn 0.6072 -0.1828 -0.7732
vn 0.4730 -0.3009 -0.8281
vn 0.2776 0.0283 -0.9603
vn 0.3078 0.0341 -0.9508
vn 0.2928 0.1387 -0.9461
vn 0.1260 0.2756 -0.9530
vn 0.2799 0.3899 -0.8773
vn 0.1524 0.3171 -0.9361
vn 0.1270 0.8141 -0.5666
vn 0.5041 0.7783 -0.3743
vn 0.3613 0.7851 -0.5030
vn 0.7700 0.5226 -0.3660
vn 0.9200 0.2319 -0.3160
vn 0.9139 -0.1318 -0.3839
vn -0.0577 -0.6852 -0.7260
vn -0.1612 -0.6223 -0.7660
vn -0.1769 -0.6198 -0.7646
vn -0.2549 -0.2795 -0.9257
vn 0.5596 -0.7487 -0.3554
vn 0.0704 -0.7306 -0.6792
vn 0.1224 -0.9124 -0.3905
vn 0.0648 -0.8576 -0.5102
vn 0.1180 -0.9114 -0.3943
vn 0.3003 -0.8798 -0.3685
vn 0.2194 -0.4031 -0.8885
vn 0.3794 0.2033 -0.9026
vn 0.4863 0.3119 -0.8163
vn 0.0124 0.4146 -0.9099
vn 0.1720 0.2644 -0.9489
vn -0.1216 0.3870 -0.9140
vn -0.1974 -0.0676 -0.9780
vn 0.1797 -0.3981 -0.8996
vn 0.1563 -0.3402 -0.9273
vn 0.1789 -0.3110 -0.9334
vn 0.1180 -0.4245 -0.8977
vn -0.0593 -0.2682 -0.9615
vn 0.0041 -0.4255 -0.9049
vn 0.0093 -0.4284 -0.9035
vn -0.1468 -0.1718 -0.9741
vn -0.2983 -0.0566 -0.9528
vn -0.3767 -0.2166 -0.9007
vn -0.0406 -0.5035 -0.8631
vn -0.0412 -0.4998 -0.8652
vn 0.1416 -0.0460 -0.9889
vn 0.0714 -0.1934 -0.9785
vn 0.1154 -0.1616 -0.9801
vn -0.2574 -0.7276 -0.6358
vn -0.0628 -0.8037 -0.5917
vn 0.1473 -0.2288 -0.9623
vn 0.2409 -0.1045 -0.9649
vn 0.1803 -0.1882 -0.9654
vn 0.2195 -0.2825 -0.9338
vn -0.0288 -0.8743 -0.4846
vn 0.2252 -0.8272 -0.5148
vn 0.0066 -0.7980 -0.6026
vn 0.0669 -0.7762 -0.6270
vn 0.1793 -0.7705 -0.6117
vn 0.2060 -0.7987 -0.5654
vn 0.2420 -0.0413 -0.9694
vn 0.2332 -0.0567 -0.9708
vn 0.1694 -0.3488 -0.9218
vn 0.2430 -0.2104 -0.9470
vn 0.1541 -0.7933 -0.5890
vn 0.1344 -0.7873 -0.6017
vn 0.1507 -0.7791 -0.6086
vn 0.5607 -0.5220 -0.6428
vn 0.6827 -0.2648 -0.6810
vn 0.8529 -0.4050 0.3296
vn 0.7354 -0.6770 0.0290
vn 0.9145 -0.3580 0.1885
vn 0.7240 -0.6577 0.2080
vn 0.6780 -0.6879 0.2591
vn 0.4818 -0.7627 -0.4315
vn 0.4873 -0.7893 -0.3734
vn 0.4430 -0.8657 0.2331
vn 0.0817 -0.9949 -0.0586
vn 0.3205 -0.9472 -0.0088
vn 0.0169 -0.9990 0.0410
vn -0.0474 -0.9761 -0.2123
vn 0.0276 -0.9824 -0.1849
vn 0.1671 -0.9764 0.1368
vn 0.1563 -0.9800 0.1231
vn -0.0685 -0.9614 -0.2665
vn 0.0314 -0.9820 -0.1865
vn -0.0411 -0.8949 -0.4445
vn 0.1460 -0.9030 -0.4040
vn 0.0835 -0.9914 0.1011
vn -0.0890 -0.9938 -0.0662
vn -0.0085 -0.9990 0.0447
vn -0.0087 -0.9864 0.1640
vn -0.1832 -0.9820 -0.0468
vn -0.0028 -0.9954 -0.0962
vn 0.0981 -0.8423 -0.5301
vn 0.1866 -0.7145 -0.6743
vn 0.3250 -0.8422 -0.4301
vn 0.2252 -0.9734 -0.0421
vn 0.2251 -0.9734 -0.0424
vn 0.1446 -0.9788 0.1448
vn 0.1541 -0.9788 0.1349
vn 0.1548 -0.9863 -0.0572
vn 0.1537 -0.9863 -0.0598
vn 0.2039 -0.9780 -0.0446
vn 0.1677 -0.9715 -0.1676
vn 0.1728 -0.9731 0.1525
vn 0.1990 -0.9729 0.1176
vn 0.2182 -0.5485 -0.8072
vn 0.3368 -0.7221 -0.6042
vn 0.2348 -0.5654 -0.7907
vn 0.2260 -0.5479 -0.8054
vn 0.2494 -0.3625 -0.8980
vn 0.2350 -0.3883 -0.8911
vn 0.2058 -0.8247 -0.5269
vn 0.1877 -0.7817 -0.5947
vn 0.2881 -0.1493 -0.9459
vn 0.3509 -0.3420 -0.8717
vn 0.2503 -0.5353 -0.8067
vn 0.3483 -0.3655 -0.8632
vn 0.1907 -0.7666 -0.6132
vn 0.2051 -0.8247 -0.5271
vn 0.3445 -0.1429 -0.9278
vn 0.2931 -0.0150 -0.9560
vn 0.1307 -0.5494 -0.8252
vn 0.1261 -0.5024 -0.8554
vn 0.0063 -0.7617 -0.6480
vn 0.0036 -0.7635 -0.6458
vn -0.0101 -0.6859 -0.7276
vn -0.0183 -0.6358 -0.7716
vn 0.1276 -0.9853 0.1135
vn 0.1911 -0.9816 -0.0005
vn 0.0692 -0.9635 -0.2585
vn 0.1057 -0.9767 -0.1869
vn -0.0187 -0.6369 -0.7707
vn 0.0504 -0.6630 -0.7469
vn 0.0531 -0.6265 -0.7776
vn 0.0127 -0.5574 -0.8301
vn 0.0287 -0.6905 -0.7227
vn -0.0118 -0.4439 -0.8960
vn -0.0498 -0.0975 -0.9940
vn -0.0520 -0.5305 -0.8461
vn -0.0708 -0.5031 -0.8613
vn -0.1015 -0.5875 -0.8029
vn -0.4127 -0.3491 -0.8413
vn -0.2550 -0.2027 -0.9455
vn -0.0783 -0.7311 -0.6777
vn -0.2378 -0.5457 -0.8036
vn -0.2517 -0.6494 -0.7176
vn -0.4876 -0.3658 -0.7928
vn -0.3474 -0.2347 -0.9079
vn -0.0481 -0.0986 -0.9940
vn -0.0465 -0.0957 -0.9943
vn 0.0779 -0.0231 -0.9967
vn 0.1291 0.1286 -0.9833
vn 0.1434 0.1083 -0.9837
vn 0.2873 0.2245 -0.9312
vn 0.2447 0.2553 -0.9354
vn 0.2864 0.2187 -0.9328
vn -0.1412 0.3346 -0.9317
vn 0.1720 0.0248 -0.9848
vn -0.4781 0.1602 -0.8636
vn -0.4516 0.1879 -0.8722
vn -0.2992 0.1590 -0.9408
vn -0.4618 0.0505 -0.8856
vn -0.1491 0.1792 -0.9725
vn -0.4419 0.0001 -0.8971
vn -0.6069 -0.0121 -0.7947
vn -0.6709 -0.0630 -0.7388
vn -0.1200 0.1139 -0.9862
vn -0.1225 0.1121 -0.9861
vn -0.7232 0.0684 -0.6872
vn -0.5555 0.1809 -0.8116
vn 0.6391 0.7638 0.0905
vn 0.6119 0.7839 0.1053
vn 0.6172 0.7859 -0.0382
vn 0.5162 0.8457 -0.1354
vn 0.3914 0.9182 -0.0607
vn 0.5285 0.8487 -0.0182
vn 0.5419 0.8400 -0.0275
vn 0.4309 0.9020 0.0263
vn 0.4576 0.8892 -0.0005
vn 0.5084 0.8511 -0.1308
vn 0.4575 0.8892 0.0004
vn 0.6346 0.7586 0.1476
vn 0.5444 0.7203 -0.4299
vn 0.0569 0.9974 -0.0453
vn 0.1385 0.9825 -0.1242
vn 0.0605 0.9945 0.0853
vn 0.0225 0.9997 -0.0081
vn 0.0726 0.9919 0.1041
vn -0.0325 0.9596 0.2797
vn 0.2610 0.9041 -0.3384
vn 0.0782 0.9965 -0.0279
vn 0.6071 0.7259 -0.3232
vn 0.5931 0.7861 -0.1738
vn 0.2776 0.9450 0.1730
vn 0.2986 0.9342 0.1953
vn 0.6127 0.7635 0.2044
vn 0.6608 0.7341 0.1562
vn 0.2278 0.8996 0.3726
vn 0.4066 0.8758 0.2601
vn 0.6613 0.7070 0.2508
vn 0.6436 0.7174 0.2666
vn 0.3895 0.8110 0.4366
vn 0.2477 0.8515 0.4622
vn 0.4731 0.7194 0.5085
vn 0.5493 0.5641 0.6165
vn 0.0294 0.9230 0.3837
vn 0.1670 0.6941 0.7003
vn 0.3482 0.6420 0.6831
vn 0.3489 0.5073 0.7880
vn 0.0469 0.9332 0.3564
vn 0.0625 0.8923 0.4470
vn 0.2849 0.4559 0.8432
vn 0.2992 0.6368 0.7106
vn 0.6029 0.7920 -0.0966
vn 0.6319 0.7538 -0.1800
vn 0.6463 0.7619 -0.0422
vn 0.6064 0.7951 -0.0044
vn 0.6620 0.7377 -0.1328
vn 0.6201 0.6586 -0.4263
vn 0.7488 0.6110 -0.2567
vn 0.7874 0.6154 -0.0344
vn 0.9151 0.3968 0.0716
vn 0.9730 0.2263 0.0459
vn 0.9018 0.3758 0.2136
vn 0.8527 0.0238 0.5219
vn 0.8771 -0.0062 0.4804
vn 0.7977 -0.1269 0.5895
vn 0.8383 -0.0255 0.5446
vn 0.5374 0.0121 0.8432
vn 0.3812 -0.1902 0.9047
vn 0.2280 -0.0569 0.9720
vn 0.2348 -0.0468 0.9709
vn 0.0503 0.5380 0.8414
vn 0.1500 0.4453 0.8827
vn -0.0240 0.8076 0.5892
vn -0.0628 0.8359 0.5453
vn 0.0075 -0.0997 0.9950
vn 0.0041 -0.0968 0.9953
vn -0.0115 0.4231 0.9060
vn 0.1463 0.6844 0.7143
vn 0.0661 0.7601 0.6464
vn 0.1336 0.8547 0.5015
vn -0.1826 -0.0508 0.9819
vn -0.1140 0.0318 0.9930
vn -0.2158 0.4847 0.8476
vn -0.1527 0.5971 0.7875
vn -0.0291 0.8930 0.4491
vn -0.1988 0.7077 0.6780
vn -0.1618 0.8685 0.4686
vn -0.1758 0.4966 0.8500
vn -0.0701 0.0319 0.9970
vn 0.6199 0.6576 -0.4281
vn 0.6908 0.4704 -0.5491
vn 0.9717 0.1446 -0.1869
vn 0.9511 0.0957 -0.2936
vn 0.9997 -0.0006 -0.0232
vn 0.9639 -0.0000 0.2663
vn 0.8928 -0.3239 0.3130
vn 0.2864 -0.8526 -0.4370
vn 0.2567 -0.8351 -0.4866
vn 0.4600 -0.8285 -0.3193
vn 0.3170 -0.5985 -0.7358
vn 0.2211 -0.9372 -0.2699
vn 0.4505 -0.8307 -0.3272
vn 0.6089 -0.4804 0.6312
vn 0.7973 0.1355 0.5882
vn 0.5310 -0.8167 -0.2257
vn 0.4064 -0.8918 -0.1987
vn 0.3618 -0.0074 0.9322
vn 0.3135 -0.1695 0.9343
vn 0.3001 -0.9496 0.0909
vn 0.3235 -0.9414 0.0958
vn 0.3620 -0.2130 0.9075
vn 0.2241 -0.0451 0.9735
vn 0.3206 -0.9421 0.0985
vn 0.2605 -0.9646 0.0417
vn 0.2356 -0.9719 0.0005
vn 0.1941 -0.9800 0.0440
vn 0.2399 -0.9708 0.0022
vn 0.1863 -0.9679 -0.1686
vn 0.2188 -0.4361 0.8729
vn 0.0307 -0.2923 0.9558
vn -0.0474 -0.6255 0.7788
vn 0.0030 -0.4818 0.8763
vn 0.0419 -0.9132 -0.4055
vn 0.2454 -0.9523 -0.1815
vn 0.3379 -0.8863 -0.3166
vn 0.2551 -0.9491 -0.1847
vn 0.2825 -0.8808 -0.3800
vn 0.2550 -0.9061 -0.3376
vn -0.1281 -0.6811 -0.7209
vn 0.3052 -0.7930 -0.5273
vn -0.2421 -0.7252 -0.6446
vn -0.1686 -0.7249 -0.6679
vn -0.2878 -0.7868 -0.5461
vn -0.2298 -0.8508 -0.4726
vn -0.1426 -0.8695 -0.4729
vn -0.2266 -0.7599 -0.6093
vn -0.2219 -0.5245 -0.8220
vn -0.1415 -0.8684 -0.4753
vn 0.5763 -0.8167 -0.0298
vn 0.3326 -0.3776 -0.8642
vn 0.2389 -0.2486 -0.9387
vn 0.2386 -0.3016 -0.9231
vn 0.1983 -0.2708 -0.9420
vn 0.0070 -0.4308 -0.9024
vn -0.1074 -0.2964 -0.9490
vn -0.2395 -0.3503 -0.9055
vn -0.4534 -0.1011 -0.8856
vn -0.6137 -0.0939 -0.7840
vn -0.5946 -0.1180 -0.7953
vn -0.7981 -0.1676 -0.5787
vn -0.7282 -0.4063 -0.5520
vn 0.5726 -0.1886 -0.7979
vn -0.8092 -0.5059 -0.2987
vn -0.7676 -0.5068 -0.3923
vn -0.6921 -0.1989 -0.6939
vn -0.8915 -0.0975 -0.4423
vn -0.6832 -0.0038 -0.7302
vn -0.6061 -0.1204 -0.7862
vn -0.4439 -0.1350 -0.8858
vn -0.3806 0.0900 -0.9203
vn -0.2399 0.0941 -0.9662
vn -0.1234 -0.1361 -0.9830
vn -0.8305 -0.0701 -0.5526
vn -0.8316 -0.0379 -0.5540
vn -0.9435 -0.1043 -0.3145
vn -0.9724 -0.0308 -0.2314
vn -0.9020 -0.0574 -0.4280
vn -0.9828 0.1232 -0.1375
vn -0.9454 0.2477 -0.2118
vn -0.9096 0.1615 -0.3829
vn -0.9644 0.2202 -0.1464
vn -0.9456 0.2605 -0.1948
vn 0.0874 -0.4046 -0.9103
vn 0.2339 -0.1758 -0.9562
vn 0.2458 -0.4380 -0.8647
vn 0.3474 -0.2304 -0.9090
vn -0.1787 0.9839 -0.0069
vn -0.3031 0.9464 -0.1112
vn -0.1517 0.9876 -0.0415
vn -0.1459 0.9344 -0.3249
vn -0.3817 0.9191 0.0978
vn -0.3773 0.9044 0.1992
vn -0.3592 0.9331 0.0176
vn -0.3197 0.9474 -0.0174
vn -0.3737 0.9214 0.1070
vn -0.5221 0.8492 -0.0790
vn -0.1423 0.9896 0.0228
vn -0.1676 0.9608 0.2210
vn -0.0566 0.9885 0.1402
vn -0.0581 0.9811 0.1844
vn -0.0667 0.9633 0.2600
vn -0.1110 0.9592 0.2599
vn -0.5126 0.8128 0.2767
vn -0.1938 0.9664 0.1690
vn -0.6562 0.5482 -0.5186
vn -0.3994 0.4309 -0.8092
vn -0.9278 0.3563 -0.1102
vn -0.7276 0.6849 -0.0382
vn -0.6176 0.7855 -0.0396
vn -0.6772 0.7356 -0.0169
vn -0.4931 0.7710 -0.4029
vn -0.4886 0.7291 -0.4792
vn -0.7727 0.6305 -0.0737
vn -0.7654 0.6386 0.0795
vn -0.7820 0.5994 -0.1708
vn -0.7641 0.6386 -0.0918
vn -0.7746 0.6064 -0.1798
vn -0.7060 0.7028 0.0867
vn -0.2023 0.9574 0.2061
vn -0.0439 0.9774 0.2066
vn -0.7386 0.6555 0.1578
vn -0.8559 0.4848 -0.1799
vn -0.8211 0.5053 -0.2654
vn -0.6652 0.7147 -0.2162
vn -0.5367 0.7623 -0.3618
vn -0.5652 0.7367 -0.3712
vn -0.3878 0.8093 -0.4412
vn -0.3133 0.8683 -0.3846
vn 0.0015 0.9997 -0.0240
vn -0.0083 0.9999 -0.0103
vn -0.0424 0.9985 -0.0335
vn 0.0027 0.9958 0.0914
vn -0.0497 0.9969 0.0617
vn -0.1669 0.9001 -0.4025
vn -0.3377 0.6999 -0.6293
vn 0.1404 0.5820 -0.8010
vn -0.0040 0.7728 -0.6347
vn 0.1462 0.5829 -0.7993
vn 0.1830 0.7848 -0.5921
vn 0.2463 0.8046 -0.5403
vn -0.4540 0.8684 -0.1995
vn -0.4100 0.8807 -0.2371
vn -0.5223 0.6777 -0.5176
vn -0.4787 0.7363 -0.4783
vn 0.0706 0.8166 -0.5729
vn -0.7943 0.5574 -0.2417
vn -0.3931 0.6877 -0.6104
vn -0.1096 0.9178 -0.3815
vn -0.3786 0.7405 -0.5553
vn -0.5882 0.7410 -0.3239
vn -0.4970 0.7756 -0.3891
vn -0.8509 0.4011 -0.3393
vn -0.8506 0.4187 -0.3180
vn -0.8852 -0.0840 -0.4576
vn -0.6580 0.4917 -0.5704
vn -0.6518 0.5024 -0.5681
vn -0.1640 0.9652 -0.2038
vn -0.0818 0.9641 -0.2525
vn -0.4905 0.8317 -0.2603
vn -0.5924 0.7031 -0.3933
vn -0.8626 0.4210 -0.2803
vn -0.8685 0.3724 -0.3271
vn -0.1644 0.9714 -0.1713
vn -0.1238 0.9867 -0.1056
vn -0.4916 0.8358 -0.2446
vn -0.7216 0.4193 -0.5509
vn -0.7758 0.2890 -0.5609
vn -0.7757 0.3112 -0.5491
vn 0.3718 0.9179 0.1388
vn -0.1412 0.9514 -0.2738
vn -0.4875 0.1314 -0.8632
vn 0.0471 0.9974 -0.0547
vn -0.1034 0.8497 -0.5171
vn -0.0856 0.9488 0.3040
vn 0.0748 0.9942 -0.0770
vn -0.3669 0.9296 -0.0362
vn -0.2968 0.9292 0.2201
vn -0.8240 0.4481 -0.3467
vn -0.7203 0.6695 -0.1817
vn -0.1250 0.9255 0.3575
vn -0.1198 0.9398 0.3199
vn -0.4879 0.8543 0.1790
vn -0.4667 0.8506 0.2421
vn -0.9196 0.3584 -0.1611
vn -0.8239 0.4477 -0.3475
vn -0.9464 0.3016 0.1157
vn -0.7623 0.6128 0.2083
vn -0.4778 0.7599 0.4407
vn -0.7645 0.6441 0.0272
vn -0.7621 0.6130 0.2087
vn -0.2029 0.9001 0.3855
vn -0.2018 0.9229 0.3279
vn 0.0966 0.9066 0.4108
vn -0.5326 0.8450 0.0477
vn 0.0072 0.9580 0.2866
vn -0.7631 0.6117 0.2088
vn -0.4850 0.8103 0.3289
vn -0.7502 0.6027 0.2718
vn -0.9415 0.3021 0.1493
vn -0.9190 0.3216 0.2282
vn -0.8960 0.4252 0.1281
vn -0.8588 0.5115 0.0274
vn -0.8605 0.5094 0.0004
vn -0.9135 0.2259 -0.3383
vn -0.7928 0.3323 -0.5110
vn -0.9231 0.3210 -0.2117
vn -0.8063 0.4872 -0.3354
vn -0.9077 0.4001 0.1268
vn -0.8924 0.4393 0.1032
vn -0.9255 0.3779 -0.0253
vn -0.9396 0.3116 0.1414
vn -0.9516 0.2988 -0.0721
vn -0.9940 -0.1091 -0.0034
vn -0.9593 0.2555 0.1203
vn -0.9768 -0.2142 0.0095
vn -0.9734 0.0152 -0.2287
vn -0.8935 -0.3275 -0.3073
vn -0.8464 -0.4612 -0.2664
vn -0.8752 -0.4053 -0.2640
vn -0.8743 -0.4740 -0.1044
vn -0.8507 -0.4410 -0.2860
vn -0.9976 -0.0533 -0.0434
vn -0.9938 -0.1116 0.0020
vn -0.7682 -0.4034 -0.4971
vn -0.8595 -0.3988 -0.3197
vn -0.8089 -0.4482 -0.3805
vn -0.8690 -0.4313 -0.2425
vn -0.5636 -0.7366 -0.3740
vn -0.5546 -0.7612 -0.3362
vn -0.5552 -0.7907 -0.2580
vn -0.9718 -0.2328 -0.0381
vn -0.9716 -0.0331 -0.2341
vn -0.8404 -0.3129 -0.4425
vn -0.8472 -0.3936 -0.3568
vn -0.8385 -0.3101 -0.4481
vn -0.5434 -0.7913 -0.2803
vn -0.8040 -0.5945 -0.0128
vn -0.7789 -0.6262 0.0352
vn -0.7775 -0.6247 0.0723
vn 0.4607 -0.0896 -0.8830
vn 0.6627 0.0187 -0.7486
vn 0.5988 -0.0797 -0.7969
vn 0.5971 0.1696 -0.7840
vn 0.0092 0.4811 -0.8766
vn -0.0570 0.4267 -0.9026
vn 0.4325 0.4273 -0.7939
vn 0.3612 0.4374 -0.8235
vn 0.9422 -0.1006 -0.3195
vn 0.9445 -0.1034 -0.3118
vn 0.7149 -0.6789 -0.1676
vn 0.5256 0.7188 -0.4550
vn 0.8510 0.3989 -0.3417
vn 0.9257 -0.1560 -0.3445
vn 0.9003 0.0394 -0.4334
vn 0.8825 -0.4002 -0.2470
vn 0.8732 -0.2890 -0.3925
vn 0.9684 0.1662 -0.1857
vn 0.8298 -0.3489 -0.4355
vn 0.9010 -0.0803 0.4263
vn 0.8107 0.2754 0.5166
vn 0.6264 0.6583 -0.4173
vn 0.2358 0.9717 -0.0153
vn 0.7215 0.6352 -0.2758
vn 0.6780 0.5048 0.5344
vn 0.7895 0.4239 0.4439
vn 0.8507 -0.1040 -0.5153
vn 0.7555 0.4607 0.4657
vn 0.7934 0.4617 0.3966
vn 0.7505 0.6602 0.0288
vn 0.8667 0.3853 -0.3170
vn 0.8097 0.4775 -0.3412
vn 0.7659 0.3003 -0.5685
vn 0.8699 0.4011 -0.2869
vn 0.8409 0.4537 -0.2951
vn 0.9140 0.0364 -0.4040
vn 0.5552 -0.8303 -0.0473
vn 0.5952 -0.5660 -0.5705
vn 0.4949 -0.7119 -0.4983
vn 0.5268 -0.6748 -0.5168
vn 0.6016 -0.5736 -0.5559
vn 0.4565 -0.5694 -0.6837
vn 0.3863 -0.6541 -0.6504
vn 0.9545 -0.2496 -0.1633
vn 0.9541 -0.2687 -0.1321
vn 0.3875 -0.7599 -0.5219
vn 0.9428 -0.3093 0.1241
vn 0.6729 0.6992 0.2415
vn 0.3296 -0.3838 -0.8626
vn -0.1274 -0.6901 -0.7124
vn 0.3610 -0.7595 -0.5411
vn 0.3860 -0.7581 -0.5257
vn 0.3435 -0.8188 -0.4600
vn 0.0571 -0.6881 -0.7234
vn 0.1349 -0.6865 -0.7145
vn 0.0481 -0.6058 -0.7941
vn 0.8210 -0.5557 -0.1307
vn 0.7586 -0.5818 -0.2932
vn 0.8234 -0.5471 -0.1504
vn 0.8851 -0.4551 -0.0973
vn 0.7464 -0.5166 -0.4196
vn 0.8989 -0.4116 -0.1503
vn 0.8664 -0.4357 -0.2439
vn 0.8664 -0.4362 -0.2432
vn 0.7100 -0.5657 -0.4193
vn 0.9509 -0.2984 -0.0820
vn 0.9645 -0.2293 -0.1308
vn 0.9535 -0.2781 -0.1165
vn 0.9564 -0.2885 -0.0459
vn 0.9415 -0.3207 -0.1033
vn 0.9446 -0.2826 -0.1670
vn 0.9640 -0.2535 -0.0807
vn 0.9629 -0.1549 -0.2208
vn 0.9849 0.1549 -0.0775
vn 0.9526 0.2598 -0.1586
vn 0.9846 0.1361 0.1098
vn 0.9850 0.1321 0.1112
vn 0.9807 0.1810 -0.0733
vn 0.9934 -0.1146 0.0086
vn 0.9808 -0.0316 -0.1927
vn 0.9654 -0.1520 -0.2120
vn 0.9618 -0.2617 -0.0805
vn 0.9139 -0.2493 -0.3204
vn 0.9083 -0.2319 -0.3482
vn -0.4591 0.2505 -0.8524
vn -0.4788 0.2819 -0.8314
vn -0.4539 0.3037 -0.8377
vn -0.4121 0.1140 -0.9040
vn -0.0941 0.4147 -0.9051
vn -0.1179 0.2441 -0.9626
vn 0.2942 0.0911 -0.9514
vn 0.2943 0.0903 -0.9514
vn -0.1414 0.3385 -0.9303
vn -0.0679 -0.2161 -0.9740
vn 0.1521 -0.5139 -0.8442
vn 0.1450 -0.3876 -0.9104
vn 0.0431 -0.2334 -0.9714
vn 0.2213 0.6639 -0.7143
vn 0.9376 0.2567 -0.2345
vn 0.8966 0.2399 0.3724
vn 0.4367 -0.8814 -0.1803
vn 0.8311 -0.5238 -0.1869
vn 0.7533 -0.6314 -0.1844
vn 0.0439 0.7187 -0.6939
vn 0.9372 -0.3058 -0.1677
vn 0.9880 -0.1294 -0.0845
vn 0.2178 -0.4870 -0.8458
vn 0.3493 -0.3260 -0.8785
vn 0.9447 0.2603 -0.1997
vn 0.7746 0.5139 -0.3685
vn 0.2938 -0.7744 -0.5604
vn 0.7349 -0.5176 -0.4382
vn 0.0388 0.7250 -0.6877
vn -0.0143 0.7719 -0.6356
vn 0.4093 -0.0587 -0.9105
vn 0.2469 -0.3735 -0.8942
vn 0.1375 -0.0550 -0.9890
vn 0.1198 0.0841 -0.9892
vn -0.2363 -0.0139 -0.9716
vn -0.3666 0.0125 -0.9303
vn -0.0616 -0.1398 -0.9883
vn 0.4695 -0.2471 -0.8477
vn 0.3368 0.4066 -0.8492
vn 0.2339 0.2593 -0.9370
vn -0.1370 -0.3355 -0.9320
vn 0.7357 0.2238 -0.6393
vn 0.6782 -0.3526 -0.6447
vn 0.5498 -0.0778 -0.8317
vn 0.9411 0.0268 -0.3370
vn 0.9064 0.0704 -0.4165
vn 0.8440 -0.1108 -0.5248
vn 0.3140 0.7952 -0.5187
vn 0.1085 0.8988 -0.4247
vn 0.0803 0.7543 -0.6516
vn 0.8359 0.1087 -0.5381
vn 0.8582 0.2186 -0.4644
vn 0.2776 0.0516 -0.9593
vn 0.7831 -0.0495 -0.6199
vn 0.9367 -0.2360 -0.2587
vn 0.9827 -0.0595 0.1751
vn 0.5965 -0.8021 -0.0284
vn 0.9902 -0.0500 -0.1301
vn 0.9856 -0.0753 -0.1515
vn 0.9967 0.0467 0.0665
vn 0.9828 -0.1182 0.1418
vn 0.9693 0.0931 -0.2275
vn 0.9675 -0.0474 -0.2485
vn 0.9454 -0.0631 -0.3196
vn 0.9692 -0.0629 -0.2381
vn 0.9351 -0.2161 -0.2809
vn 0.5808 -0.2374 -0.7787
vn -0.9542 0.0085 -0.2992
vn -0.4936 -0.2392 -0.8362
vn 0.2884 -0.9551 0.0678
vn 0.2388 -0.9710 -0.0070
vn -0.1945 0.4180 -0.8874
vn -0.1779 0.1264 -0.9759
vn -0.2485 0.0553 -0.9670
vn -0.1666 0.0221 -0.9858
vn -0.0387 0.1207 -0.9919
vn -0.0778 -0.1734 -0.9818
vn -0.0654 -0.1757 -0.9823
vn -0.1406 -0.3803 -0.9141
vn 0.1356 -0.4593 -0.8779
vn 0.1911 -0.5832 -0.7895
vn 0.1821 -0.5802 -0.7939
vn 0.3017 -0.8995 -0.3160
vn 0.2570 -0.8858 -0.3865
vn -0.6140 0.6312 -0.4739
vn -0.6423 0.5680 -0.5147
vn -0.5517 0.7969 -0.2462
vn -0.5835 0.7807 -0.2237
vn -0.6340 0.6454 -0.4261
vn 0.0600 -0.0463 -0.9971
vn -0.3538 0.0363 -0.9346
vn -0.3544 0.0959 -0.9302
vn -0.8221 0.0877 -0.5626
vn -0.6089 0.4493 -0.6537
vn 0.2445 -0.5706 0.7840
vn 0.5454 -0.8342 0.0817
vn 0.2126 -0.8977 -0.3858
vn -0.9629 -0.1728 -0.2072
vn -0.8912 -0.0825 -0.4460
vn -0.9820 -0.0200 -0.1880
vn -0.9835 -0.0168 -0.1800
vn -0.2965 -0.9508 -0.0904
vn -0.2050 -0.9545 -0.2166
vn -0.1215 -0.9919 -0.0383
vn 0.0335 -0.9788 -0.2019
vn -0.4053 -0.9142 0.0059
vn -0.4843 -0.8739 -0.0431
vn -0.3716 -0.9284 -0.0066
vn -0.1371 -0.8839 -0.4472
vn -0.2372 -0.9574 -0.1646
vn -0.9265 -0.3560 -0.1219
vn 0.7497 0.5840 0.3112
vn 0.0345 0.9241 0.3806
vn 0.7868 0.0089 -0.6171
vn 0.9466 -0.1316 -0.2942
vn 0.1654 -0.4502 0.8775
vn 0.3741 -0.3887 0.8420
vn -0.0407 -0.3016 0.9526
vn -0.1013 -0.3156 0.9435
vn 0.4422 -0.1679 0.8810
vn 0.3212 -0.3125 0.8940
vn 0.5959 -0.0881 0.7982
vn 0.5168 -0.1617 0.8407
vn 0.7352 -0.0935 0.6714
vn 0.7716 -0.2004 0.6037
vn 0.7754 -0.1506 0.6133
vn 0.4533 -0.3243 0.8303
vn 0.5190 -0.2451 0.8189
vn 0.2851 -0.3657 0.8860
vn 0.3210 -0.3233 0.8902
vn 0.2827 -0.4094 0.8674
vn 0.2482 -0.4737 0.8450
vn 0.2467 -0.4988 0.8309
vn 0.2946 -0.5721 0.7655
vn 0.2939 -0.6374 0.7123
vn 0.2246 -0.6356 0.7386
vn 0.2753 -0.5928 0.7568
vn 0.4480 -0.5799 0.6805
vn 0.6539 -0.3502 0.6707
vn 0.6616 -0.3914 0.6396
vn 0.6478 -0.4125 0.6405
vn 0.2772 -0.5705 0.7731
vn 0.3928 -0.4330 0.8113
vn 0.3928 -0.4357 0.8099
vn 0.4521 -0.3128 0.8353
vn 0.7161 -0.0476 0.6964
vn 0.6683 -0.2714 0.6927
vn 0.7621 -0.1601 0.6274
vn 0.6368 -0.0085 0.7710
vn 0.6099 -0.3805 0.6952
vn 0.3949 -0.0798 0.9153
vn 0.6133 0.0112 0.7898
vn 0.6134 0.0142 0.7897
vn 0.4011 -0.0247 0.9157
vn 0.3445 -0.1313 0.9296
vn 0.3464 -0.0990 0.9329
vn 0.1998 -0.3735 0.9059
vn 0.2316 -0.2578 0.9380
vn 0.1228 -0.4137 0.9021
vn 0.2091 -0.4309 0.8778
vn 0.1190 -0.5527 0.8248
vn 0.4752 -0.4913 0.7299
vn 0.3453 -0.5899 0.7299
vn 0.7192 -0.0215 0.6945
vn 0.7424 -0.0012 0.6699
vn 0.7395 -0.0668 0.6699
vn 0.7511 -0.0597 0.6575
vn 0.6680 -0.2869 0.6866
vn 0.6624 -0.2900 0.6908
vn 0.5891 -0.4958 0.6380
vn 0.3578 -0.6402 0.6798
vn 0.3331 -0.6895 0.6432
vn 0.0149 -0.7863 0.6176
vn 0.1096 -0.7257 0.6792
vn 0.0670 -0.7365 0.6731
vn 0.1169 -0.7931 0.5978
vn 0.3814 -0.6920 0.6129
vn 0.3784 -0.6814 0.6265
vn 0.9830 -0.1823 0.0223
vn 0.9732 -0.2241 0.0509
vn 0.9828 -0.1838 0.0189
vn 0.9838 -0.1781 0.0220
vn 0.8395 -0.5426 0.0301
vn 0.8308 -0.5554 0.0369
vn 0.6479 -0.7617 -0.0076
vn 0.7395 -0.6720 0.0397
vn 0.4545 -0.8898 0.0418
vn 0.3836 -0.9235 0.0065
vn 0.0403 -0.9964 0.0751
vn 0.0011 -0.9981 0.0614
vn -0.1541 -0.9866 0.0537
vn -0.0324 -0.9959 0.0841
vn -0.0271 -0.9994 -0.0200
vn -0.1163 -0.9921 0.0472
vn 0.6637 -0.0438 0.7467
vn 0.6776 -0.0387 0.7344
vn 0.7386 -0.2421 0.6292
vn 0.7112 -0.2621 0.6523
vn 0.6211 -0.1465 0.7699
vn 0.7086 -0.1850 0.6809
vn 0.7939 -0.4702 0.3856
vn 0.8519 -0.3825 0.3577
vn 0.6639 -0.3413 0.6653
vn 0.6635 -0.3412 0.6658
vn 0.5969 -0.2143 0.7732
vn 0.6242 -0.2162 0.7507
vn 0.6806 -0.2654 0.6829
vn 0.7092 -0.2623 0.6543
vn 0.8988 -0.4340 0.0612
vn 0.8700 -0.4818 0.1045
vn 0.7763 -0.6274 0.0617
vn 0.8452 -0.5238 0.1060
vn 0.6602 -0.0518 0.7493
vn 0.6585 -0.0880 0.7474
vn 0.5739 -0.2774 0.7705
vn 0.5715 -0.2003 0.7958
vn 0.6048 -0.1957 0.7719
vn 0.6045 -0.2476 0.7572
vn 0.5719 -0.2226 0.7895
vn 0.5457 -0.4654 0.6969
vn -0.0488 0.0500 0.9976
vn 0.0434 0.0136 0.9990
vn 0.0888 0.0140 0.9959
vn 0.0029 0.0249 0.9997
vn 0.0519 0.0179 0.9985
vn -0.0555 -0.0565 0.9969
vn 0.1489 -0.1245 0.9810
vn 0.0782 -0.0847 0.9933
vn 0.1256 -0.1084 0.9861
vn 0.1150 -0.1234 0.9857
vn 0.2345 -0.1038 0.9666
vn 0.0041 -0.1712 0.9852
vn -0.0869 -0.3177 0.9442
vn -0.0769 -0.3163 0.9455
vn 0.0601 -0.3559 0.9326
vn 0.0678 -0.3634 0.9292
vn 0.2065 -0.4050 0.8907
vn 0.1665 -0.3785 0.9105
vn 0.0791 -0.4092 0.9090
vn 0.1723 -0.6604 0.7309
vn 0.1389 -0.3259 0.9351
vn -0.0325 -0.3283 0.9440
vn 0.2253 -0.1661 0.9600
vn -0.0097 -0.4329 0.9014
vn 0.3164 -0.1454 0.9374
vn 0.1173 -0.5488 0.8277
vn 0.3478 -0.4731 0.8094
vn 0.3022 -0.4599 0.8350
vn -0.0565 -0.5373 0.8415
vn 0.2334 -0.6525 0.7210
vn -0.2166 -0.4890 0.8450
vn -0.3270 -0.4020 0.8553
vn -0.1519 -0.4965 0.8546
vn -0.2773 -0.5529 0.7857
vn -0.2487 -0.5578 0.7919
vn -0.2275 -0.6127 0.7569
vn -0.4352 -0.6895 0.5790
vn 0.1518 -0.8282 0.5394
vn -0.5484 -0.7440 0.3817
vn -0.4281 -0.5891 0.6853
vn -0.4943 -0.4002 0.7717
vn -0.0335 -0.4938 0.8689
vn -0.1229 -0.4665 0.8759
vn -0.2287 -0.5662 0.7919
vn 0.0113 -0.5617 0.8272
vn 0.0344 -0.5641 0.8250
vn 0.1354 -0.5014 0.8545
vn 0.1537 -0.5346 0.8310
vn 0.0930 -0.9792 0.1805
vn 0.1910 -0.9352 0.2983
vn 0.2455 -0.9636 0.1064
vn -0.1688 -0.9830 0.0717
vn -0.0485 -0.9971 0.0581
vn 0.0536 -0.9802 0.1906
vn -0.5347 -0.5532 0.6388
vn -0.4033 -0.9102 0.0945
vn -0.1824 -0.9800 0.0791
vn -0.2666 -0.9015 0.3408
vn 0.0957 -0.9649 0.2445
vn 0.0338 -0.9782 0.2049
vn -0.3084 -0.9201 0.2415
vn -0.4531 -0.8059 0.3811
vn -0.4262 -0.8112 0.4003
vn -0.4581 -0.8766 0.1473
vn -0.3388 -0.9393 0.0534
vn -0.3666 -0.9236 0.1119
vn -0.2186 -0.9087 0.3557
vn -0.0977 -0.9430 0.3181
vn -0.3014 -0.9433 0.1389
vn -0.1640 -0.9712 0.1727
vn -0.2493 -0.9425 0.2226
vn -0.0707 -0.9748 0.2118
vn -0.0668 -0.9718 0.2260
vn 0.0930 -0.9752 0.2007
vn 0.1049 -0.9677 0.2294
vn 0.3048 -0.8897 0.3398
vn 0.2737 -0.9457 0.1751
vn 0.2802 -0.9570 0.0752
vn 0.2499 -0.9679 0.0271
vn 0.1056 -0.9934 0.0446
vn 0.0863 -0.9959 0.0261
vn -0.0617 -0.9977 0.0287
vn -0.0821 -0.9966 0.0043
vn -0.2258 -0.9742 -0.0023
vn -0.2454 -0.9692 0.0213
vn -0.0570 -0.9972 0.0479
vn -0.1151 -0.9932 0.0182
vn 0.3299 -0.9423 -0.0565
vn 0.2139 -0.9766 0.0214
vn 0.4197 -0.8219 0.3852
vn 0.4020 -0.8355 0.3746
vn 0.3738 -0.7299 0.5722
vn 0.0211 -0.9640 0.2652
vn 0.0356 -0.9624 0.2694
vn 0.0941 -0.5907 0.8014
vn -0.1653 -0.6478 0.7437
vn 0.0691 -0.7196 0.6909
vn 0.0725 -0.7223 0.6878
vn 0.0710 -0.7197 0.6906
vn 0.1193 -0.6948 0.7093
vn 0.2825 -0.7645 0.5794
vn 0.1686 -0.6879 0.7059
vn 0.4503 -0.8499 0.2736
vn 0.4729 -0.8066 0.3547
vn 0.2823 -0.7519 0.5957
vn 0.2875 -0.7582 0.5852
vn 0.0878 -0.7751 0.6257
vn 0.0745 -0.7924 0.6055
vn 0.0924 -0.8540 0.5120
vn -0.2903 -0.8833 0.3682
vn 0.2134 -0.8517 0.4787
vn 0.2332 -0.8561 0.4613
vn 0.0708 -0.7152 0.6954
vn 0.0875 -0.7487 0.6572
vn 0.0743 -0.7534 0.6534
vn -0.0303 -0.6992 0.7143
vn 0.4307 -0.6850 0.5875
vn -0.1624 -0.8085 0.5656
vn -0.3743 -0.9271 0.0179
vn -0.3726 -0.9264 -0.0550
vn -0.2582 -0.9591 -0.1162
vn -0.2912 -0.9523 -0.0914
vn -0.0517 -0.9912 -0.1217
vn -0.0191 -0.9947 -0.1006
vn 0.1428 -0.9896 -0.0199
vn 0.2700 -0.9628 0.0067
vn 0.0008 -0.9999 -0.0108
vn -0.4360 -0.8859 0.1584
vn 0.1196 -0.9808 -0.1542
vn 0.1136 -0.9813 -0.1551
vn 0.2791 -0.9460 -0.1648
vn 0.1751 -0.9507 -0.2558
vn 0.4786 -0.8754 -0.0676
vn 0.5834 -0.8115 -0.0337
vn -0.1947 -0.9783 0.0713
vn -0.0682 -0.9952 0.0700
vn -0.4876 -0.8720 0.0426
vn -0.5325 -0.8410 0.0960
vn -0.7288 -0.6692 0.1452
vn -0.6809 -0.7264 0.0938
vn -0.8099 -0.5637 0.1626
vn -0.7514 -0.6551 0.0791
vn -0.8819 -0.4606 0.1002
vn -0.9157 -0.4019 0.0033
vn -0.9831 -0.1806 0.0295
vn -0.9654 -0.2371 0.1089
vn -0.9907 0.0376 0.1306
vn -0.9954 0.0165 0.0939
vn -0.9588 0.1837 0.2168
vn -0.9833 0.1535 0.0981
vn -0.9641 0.1492 0.2196
vn -0.8934 0.1956 0.4046
vn -0.9562 0.1389 0.2575
vn -0.9120 0.0675 0.4046
vn -0.9794 0.0084 0.2019
vn -0.9988 -0.0017 0.0497
vn -0.9991 0.0315 0.0268
vn -0.9916 0.1147 0.0591
vn -0.9895 0.1381 0.0419
vn -0.9862 0.1548 0.0585
vn -0.9951 0.0982 -0.0064
vn -0.9990 0.0443 -0.0079
vn -0.9994 0.0252 -0.0219
vn -0.9693 -0.2436 0.0336
vn -0.9909 -0.1297 -0.0354
vn -0.8673 -0.4970 -0.0285
vn -0.9178 -0.3957 0.0330
vn -0.8036 -0.5942 -0.0332
vn -0.7743 -0.6327 -0.0051
vn -0.6626 -0.7474 -0.0487
vn -0.6166 -0.7871 -0.0171
vn -0.4900 -0.8712 -0.0286
vn -0.4559 -0.8889 -0.0446
vn -0.3785 -0.9239 -0.0556
vn -0.4030 -0.9141 -0.0442
vn -0.9830 0.1742 0.0580
vn -0.9867 0.1567 0.0422
vn -0.8748 0.0677 0.4797
vn -0.8885 0.1940 0.4159
vn -0.8462 0.2270 0.4821
vn -0.8901 0.1822 0.4178
vn -0.8896 0.1816 0.4191
vn -0.8734 -0.0190 0.4866
vn -0.9039 0.0421 0.4257
vn -0.7997 -0.1852 0.5711
vn -0.8736 -0.0638 0.4825
vn -0.6112 -0.3980 0.6842
vn -0.7927 -0.2440 0.5587
vn -0.6257 -0.0673 0.7771
vn -0.3796 0.1472 0.9134
vn -0.6972 0.2046 0.6870
vn -0.6956 0.2188 0.6843
vn -0.5159 0.1451 0.8443
vn -0.4232 -0.0022 0.9060
vn -0.5150 0.0468 0.8559
vn -0.3951 -0.0361 0.9179
vn -0.4170 -0.0771 0.9057
vn -0.3806 -0.1633 0.9102
vn -0.4420 -0.0881 0.8927
vn -0.9965 -0.0678 0.0487
vn -0.9929 -0.1176 0.0151
vn -0.9694 -0.2233 0.1024
vn -0.9843 -0.1640 0.0646
vn -0.4553 -0.0154 0.8902
vn -0.3883 0.0519 0.9201
vn -0.0406 0.3179 0.9473
vn -0.4245 0.1068 0.8991
vn 0.0071 0.2581 0.9661
vn -0.2028 0.3046 0.9306
vn 0.8862 0.3560 0.2964
vn 0.8402 0.3992 0.3670
vn 0.0837 -0.2318 0.9691
vn 0.1967 0.0383 0.9797
vn 0.3300 -0.4507 0.8294
vn -0.0073 0.3680 0.9298
vn 0.2194 0.2121 0.9523
vn 0.0497 0.6158 0.7863
vn 0.3138 0.5759 0.7549
vn 0.3556 0.5235 0.7743
vn 0.2567 0.3152 0.9136
vn -0.1335 0.1548 0.9789
vn -0.2054 -0.0248 0.9784
vn -0.2997 0.4060 0.8634
vn -0.2678 0.4019 0.8756
vn -0.2325 0.2519 0.9394
vn -0.3573 0.2798 0.8911
vn 0.6313 0.6766 0.3792
vn 0.7070 0.6335 0.3143
vn 0.7171 0.4346 0.5448
vn 0.7842 0.3679 0.4997
vn 0.7538 0.6072 0.2509
vn 0.7080 0.6386 0.3015
vn -0.6188 0.1181 0.7766
vn -0.6790 0.1235 0.7237
vn -0.6567 0.1800 0.7324
vn -0.7412 -0.0204 0.6709
vn -0.7017 -0.1212 0.7021
vn 0.3752 0.8457 0.3796
vn 0.8674 0.4066 0.2869
vn 0.8666 0.4074 0.2882
vn 0.3852 0.4344 0.8142
vn 0.2139 0.3733 0.9027
vn 0.3539 0.4376 0.8266
vn -0.3533 0.1264 0.9269
vn -0.9878 0.1439 0.0589
vn -0.9785 -0.0632 0.1961
vn -0.1513 -0.9829 0.1045
vn -0.4371 -0.8319 0.3418
vn -0.9768 -0.1780 0.1194
vn -0.9763 -0.1789 0.1217
vn -0.2592 -0.9647 0.0462
vn -0.6445 -0.7444 0.1749
vn -0.9723 -0.1398 0.1872
vn -0.9959 -0.0486 0.0769
vn -0.8362 -0.5393 0.0997
vn -0.9318 -0.2851 0.2247
vn -0.0342 -0.9200 -0.3904
vn -0.3088 -0.9160 -0.2561
vn -0.8749 -0.0404 -0.4827
vn -0.6464 -0.3116 -0.6965
vn -0.8701 -0.1153 -0.4792
vn -0.8742 -0.1331 -0.4670
vn -0.7655 -0.5727 -0.2932
vn -0.7906 -0.4940 -0.3618
vn -0.2490 -0.9529 -0.1734
vn -0.1836 -0.9629 -0.1978
vn 0.0337 -0.9875 -0.1539
vn 0.0798 -0.9827 -0.1672
vn -0.8673 0.2433 -0.4343
vn -0.9576 0.0315 -0.2863
vn -0.9001 -0.0982 -0.4244
vn -0.8680 -0.0407 -0.4950
vn 0.1451 0.0772 0.9864
vn 0.0275 0.1075 0.9938
vn 0.0146 0.7168 0.6972
vn 0.0438 0.7146 0.6981
vn 0.2782 0.2185 0.9353
vn 0.5277 0.1728 0.8316
vn -0.2414 -0.1041 0.9648
vn -0.1699 -0.0468 0.9843
vn -0.4104 0.3933 0.8227
vn -0.3015 0.4008 0.8651
vn -0.7503 0.2487 0.6125
vn -0.8129 0.0899 0.5754
vn -0.2937 -0.5490 0.7825
vn -0.1259 -0.0306 0.9916
vn -0.3243 -0.4610 0.8260
vn -0.9788 -0.0560 0.1970
vn 0.8089 0.5036 -0.3035
vn 0.7111 0.5153 -0.4784
vn 0.8475 0.3035 -0.4355
vn 0.7981 0.3293 -0.5045
vn 0.8567 0.3668 0.3628
vn 0.9050 0.2847 0.3160
vn 0.4181 0.5412 0.7296
vn 0.6147 0.7361 0.2833
vn 0.7853 0.6090 0.1120
vn 0.6494 0.7251 0.2292
vn 0.7223 0.6336 0.2771
vn 0.7219 0.6312 0.2836
vn 0.8300 0.5295 -0.1750
vn 0.8934 0.4418 -0.0814
vn 0.8041 0.5909 -0.0648
vn 0.8508 0.4959 -0.1737
vn 0.8537 0.4161 -0.3132
vn 0.9549 0.2793 -0.1011
vn 0.1366 -0.2755 -0.9516
vn -0.4611 0.1622 -0.8724
vn 0.1590 -0.2696 -0.9498
vn 0.3384 0.0181 -0.9408
vn 0.6662 0.1947 -0.7199
vn 0.6213 0.1251 -0.7736
vn -0.1076 0.1517 -0.9825
vn 0.2731 0.1029 -0.9565
vn 0.6128 0.2412 -0.7526
vn 0.6561 0.2190 -0.7222
vn -0.2343 0.1467 -0.9610
vn -0.2079 0.1888 -0.9598
vn 0.5512 0.3520 -0.7565
vn 0.5507 0.3506 -0.7575
vn -0.1041 -0.0943 -0.9901
vn -0.0872 -0.0473 -0.9951
vn 0.6624 0.1826 -0.7265
vn 0.6213 0.2152 -0.7535
vn -0.2954 0.1329 -0.9461
vn -0.4304 0.0396 -0.9017
vn -0.1595 0.0365 -0.9865
vn 0.0777 -0.1199 -0.9897
vn 0.4308 0.4770 -0.7661
vn 0.2636 -0.0974 -0.9597
vn 0.4326 0.0472 -0.9004
vn 0.4927 0.2504 -0.8334
vn 0.3242 -0.9403 -0.1037
vn 0.5028 -0.8305 -0.2397
vn 0.0114 -0.9941 0.1077
vn -0.0069 -0.9953 0.0961
vn 0.8024 -0.5430 0.2474
vn 0.6206 -0.6820 0.3871
vn 0.7412 -0.4473 0.5006
vn 0.8419 -0.5292 0.1060
vn 0.5386 -0.4113 0.7353
vn 0.2827 -0.2173 0.9343
vn 0.0769 -0.0895 0.9930
vn 0.1922 -0.1805 0.9646
vn -0.2765 0.1115 0.9545
vn -0.1678 0.0183 0.9857
vn -0.9058 0.4146 0.0878
vn -0.9210 0.3867 0.0478
vn -0.9295 0.3575 0.0904
vn -0.9290 0.3586 0.0913
vn 0.1358 0.0349 0.9901
vn 0.1059 0.0447 0.9934
vn 0.1418 -0.1753 0.9742
vn 0.1073 -0.1985 0.9742
vn 0.1951 -0.1659 0.9667
vn 0.1085 -0.1057 0.9885
vn -0.1679 -0.1598 0.9728
vn -0.1573 -0.0927 0.9832
vn -0.1937 -0.0780 0.9780
vn -0.3650 0.0162 0.9309
vn -0.4082 0.0289 0.9124
vn -0.4984 -0.1123 0.8596
vn -0.3568 -0.1839 0.9159
vn -0.6661 0.0070 0.7458
vn -0.4969 -0.0993 0.8621
vn -0.4312 -0.0514 0.9008
vn -0.5813 0.0004 0.8137
vn -0.5059 -0.0695 0.8598
vn -0.4295 -0.0991 0.8976
vn -0.4731 0.0227 0.8807
vn -0.5078 0.0382 0.8606
vn 0.6409 0.0084 0.7675
vn 0.7835 -0.0604 0.6185
vn 0.6214 -0.1295 0.7727
vn 0.7155 -0.2223 0.6623
vn 0.6176 -0.1699 0.7679
vn 0.8646 -0.3878 0.3195
vn 0.9027 -0.4246 0.0693
vn 0.9168 -0.2757 0.2889
vn 0.9768 -0.2138 -0.0133
vn 0.9504 -0.2942 -0.1006
vn 0.9775 -0.0554 -0.2037
vn 0.9478 -0.1009 -0.3023
vn 0.8120 -0.3256 -0.4844
vn 0.6448 -0.3935 -0.6553
vn 0.6555 -0.2991 -0.6934
vn 0.4599 -0.3679 -0.8082
vn 0.4363 -0.3563 -0.8262
vn 0.4057 -0.3060 -0.8613
vn 0.4393 -0.3370 -0.8327
vn -0.0164 -0.2023 -0.9792
vn 0.0073 -0.2253 -0.9743
vn -0.0033 -0.2897 -0.9571
vn 0.1018 -0.3500 -0.9312
vn -0.0302 -0.1593 -0.9868
vn 0.1031 -0.0888 -0.9907
vn -0.4447 -0.1093 -0.8890
vn -0.5010 -0.0327 -0.8648
vn -0.1371 -0.1700 -0.9759
vn -0.0249 -0.3469 -0.9376
vn -0.1470 -0.1816 -0.9723
vn -0.0183 -0.2991 -0.9540
vn -0.1741 -0.2547 -0.9512
vn -0.0846 -0.2953 -0.9517
vn -0.0773 -0.1579 -0.9844
vn -0.1114 -0.1720 -0.9788
vn -0.8305 -0.2229 -0.5105
vn -0.5501 -0.1654 -0.8186
vn -0.8371 -0.1957 -0.5108
vn -0.3522 -0.2989 -0.8869
vn -0.3905 -0.2118 -0.8959
vn -0.4382 -0.2407 -0.8661
vn -0.9755 -0.1721 0.1368
vn -0.9024 -0.2174 0.3719
vn -0.8943 -0.1327 0.4274
vn -0.9394 -0.1174 0.3222
vn -0.9939 -0.0938 0.0577
vn -0.9848 -0.1074 0.1361
vn -0.5344 0.2852 0.7956
vn -0.4109 0.1965 0.8902
vn 0.9058 -0.2132 0.3661
vn 0.9218 -0.2056 0.3287
vn 0.9077 -0.1884 0.3749
vn 0.9305 -0.1563 0.3313
vn 0.9409 -0.0273 0.3375
vn 0.9419 -0.0282 0.3348
vn 0.9717 -0.1393 0.1910
vn 0.9419 -0.0978 0.3212
vn -0.4197 0.0387 0.9068
vn -0.4282 0.0392 0.9028
vn -0.3276 -0.1917 0.9252
vn -0.3458 -0.1992 0.9169
vn -0.3448 -0.2045 0.9161
vn -0.1012 -0.0955 0.9903
vn -0.1039 -0.1103 0.9884
vn -0.1117 -0.1077 0.9879
vn -0.0800 -0.3171 0.9450
vn -0.3362 -0.1990 0.9205
vn -0.8368 -0.3034 0.4558
vn -0.6123 -0.2026 0.7642
vn -0.6021 -0.2106 0.7702
vn -0.6112 -0.2186 0.7607
vn -0.6079 -0.1727 0.7751
vn -0.6475 -0.1931 0.7372
vn -0.6487 -0.2223 0.7279
vn -0.6970 -0.1944 0.6902
vn -0.9548 -0.2436 -0.1705
vn -0.9158 -0.2646 -0.3021
vn -0.9415 -0.2901 -0.1717
vn -0.9418 -0.2896 -0.1706
vn -0.9599 -0.1123 0.2567
vn -0.9543 -0.2475 -0.1676
vn -0.9827 -0.1717 0.0696
vn -0.9683 0.0115 0.2493
vn -0.5923 -0.2571 -0.7636
vn -0.7155 -0.2127 -0.6654
vn -0.6777 -0.2127 -0.7039
vn -0.7255 -0.1815 -0.6638
vn -0.6392 -0.0947 -0.7632
vn -0.6873 -0.1486 -0.7110
vn -0.4761 -0.3636 -0.8007
vn -0.4538 -0.3803 -0.8059
vn 0.9096 0.1189 0.3981
vn 0.9303 0.1408 0.3388
vn -0.0869 -0.1747 0.9808
vn 0.5148 0.0828 0.8533
vn 0.5891 -0.2846 0.7563
vn 0.7279 -0.1221 0.6747
vn 0.6974 -0.0413 0.7155
vn 0.7308 -0.0233 0.6822
vn 0.7286 -0.1598 0.6661
vn 0.5235 -0.2453 0.8159
vn 0.7304 -0.1665 0.6624
vn 0.7107 -0.1881 0.6778
vn -0.3037 0.0568 0.9511
vn 0.6000 -0.0416 0.7989
vn 0.0851 -0.1640 0.9828
vn 0.2565 -0.1047 0.9609
vn -0.0694 -0.3550 0.9323
vn -0.0285 -0.2988 0.9539
vn -0.1481 -0.0792 0.9858
vn -0.2228 -0.1093 0.9687
vn -0.2228 -0.1177 0.9677
vn -0.1658 -0.0909 0.9820
vn -0.2006 -0.1881 0.9614
vn -0.3005 -0.1360 0.9441
vn 0.1898 -0.3313 0.9242
vn 0.3685 -0.1866 0.9107
vn -0.0134 -0.0722 0.9973
vn 0.2079 -0.0033 0.9781
vn 0.0967 -0.1527 0.9835
vn 0.0223 -0.1815 0.9831
vn 0.1050 -0.1764 0.9787
vn 0.0890 -0.1813 0.9794
vn 0.1052 0.3689 0.9235
vn 0.4416 -0.8971 0.0157
vn 0.6297 -0.7662 -0.1284
vn 0.1307 -0.8970 0.4224
vn -0.6151 -0.2011 -0.7624
vn -0.2919 0.1160 -0.9494
vn -0.1374 -0.4302 -0.8922
vn 0.0471 -0.5624 -0.8255
vn -0.1591 0.0612 -0.9854
vn -0.4315 -0.0692 -0.8994
vn -0.4282 -0.1003 -0.8981
vn -0.4615 -0.1345 -0.8769
vn -0.8798 -0.1550 -0.4494
vn -0.9634 -0.1411 -0.2281
vn 0.8609 0.2643 -0.4347
vn 0.8503 0.2444 -0.4660
vn 0.6212 -0.0540 -0.7818
vn 0.4467 -0.0027 -0.8947
vn 0.4634 -0.0821 -0.8823
vn 0.3214 -0.0369 -0.9462
vn -0.4530 -0.1511 -0.8786
vn -0.1654 -0.1498 -0.9748
vn -0.4676 -0.2047 -0.8599
vn -0.4507 -0.2082 -0.8680
vn 0.9954 0.0812 -0.0518
vn 0.8965 0.1536 -0.4157
vn 0.0452 -0.2347 -0.9710
vn -0.1953 -0.5867 -0.7859
vn 0.1516 0.0671 -0.9862
vn -0.0622 -0.0635 -0.9960
vn 0.9254 0.0737 -0.3718
vn 0.9412 0.0290 -0.3365
vn 0.9422 -0.0055 -0.3349
vn 0.7762 -0.1806 -0.6040
vn 0.7675 -0.2113 -0.6052
vn 0.7360 -0.1016 -0.6693
vn 0.7519 -0.0252 -0.6588
vn 0.9581 -0.2619 -0.1158
vn 0.9654 -0.2606 0.0113
vn 0.9721 -0.2244 0.0680
vn 0.9235 -0.2647 0.2777
vn 0.9270 -0.2740 0.2562
vn 0.5297 -0.2666 0.8052
vn 0.6480 -0.3455 0.6787
vn 0.3084 -0.3070 0.9004
vn 0.1152 -0.1807 0.9768
vn -0.1201 -0.1877 0.9749
vn -0.1333 -0.1761 0.9753
vn -0.4166 -0.1860 0.8898
vn -0.3518 -0.1473 0.9244
vn -0.6569 -0.1600 0.7369
vn -0.8193 -0.3285 0.4699
vn -0.8670 -0.3080 0.3916
vn -0.8936 -0.2283 0.3864
vn 0.9416 -0.3334 0.0474
vn 0.9606 -0.2770 0.0212
vn 0.8835 -0.2980 0.3615
vn 0.8938 -0.3776 0.2419
vn 0.5443 -0.2197 0.8096
vn 0.5796 -0.3110 0.7532
vn 0.1647 -0.2220 0.9610
vn 0.1107 -0.1616 0.9806
vn -0.1197 -0.1513 0.9812
vn -0.1395 -0.1684 0.9758
vn -0.2124 -0.1257 0.9691
vn -0.4043 -0.2334 0.8843
vn -0.3939 -0.2365 0.8882
vn -0.6065 -0.3178 0.7288
vn -0.8069 -0.2214 0.5477
vn -0.8530 -0.3863 0.3509
vn 0.7257 -0.6545 -0.2120
vn 0.4501 -0.6696 0.5908
vn -0.1154 -0.3014 0.9465
vn -0.0835 -0.3262 0.9416
vn 0.3177 -0.3166 0.8938
vn 0.3090 -0.3020 0.9019
vn 0.5911 -0.2972 0.7499
vn 0.6468 -0.3383 0.6835
vn 0.9418 -0.2965 0.1586
vn 0.9303 -0.2557 0.2630
vn 0.9638 -0.2659 -0.0213
vn 0.9512 -0.3085 -0.0027
vn 0.9660 -0.2579 0.0209
vn 0.9206 -0.3683 0.1303
vn -0.0907 -0.0174 0.9957
vn -0.1408 -0.1025 0.9847
vn 0.1576 -0.0599 0.9857
vn 0.2226 0.0088 0.9749
vn 0.5876 -0.2878 0.7562
vn 0.4354 -0.0456 0.8991
vn 0.8768 -0.3144 0.3638
vn 0.8192 -0.2282 0.5262
vn -0.8787 -0.4770 -0.0194
vn -0.8782 -0.1577 0.4516
vn -0.8109 -0.1935 0.5522
vn -0.7959 -0.1758 0.5793
vn -0.3868 -0.2995 0.8722
vn -0.3260 -0.3334 0.8846
vn -0.8368 -0.1606 0.5234
vn -0.6844 -0.2817 0.6725
vn -0.1581 -0.2811 0.9466
vn 0.0249 -0.0890 0.9957
vn -0.3989 -0.2213 0.8899
vn -0.4206 -0.2372 0.8757
vn -0.3245 0.9379 0.1229
vn -0.3857 0.7656 0.5149
vn -0.3903 0.8165 0.4253
vn -0.3785 0.8125 0.4433
vn -0.2518 0.6258 0.7382
vn -0.2503 0.6285 0.7365
vn -0.1245 0.2583 0.9580
vn -0.1172 0.3144 0.9420
vn -0.1507 0.3151 0.9370
vn -0.1650 0.2472 0.9548
vn -0.1074 0.2611 0.9593
vn -0.1405 0.1758 0.9743
vn -0.0235 0.1216 0.9923
vn -0.0293 0.1077 0.9938
vn 0.1444 0.0314 0.9890
vn 0.0750 -0.0970 0.9925
vn 0.2932 -0.0820 0.9525
vn 0.2802 -0.1728 0.9442
vn 0.4164 -0.2939 0.8604
vn 0.3916 -0.2715 0.8792
vn 0.4782 -0.3930 0.7854
vn 0.4774 -0.3904 0.7872
vn 0.4838 -0.3251 0.8126
vn 0.5303 -0.4648 0.7090
vn 0.5255 -0.3583 0.7717
vn 0.5235 -0.3552 0.7744
vn 0.7990 -0.5983 -0.0602
vn 0.8060 -0.5906 -0.0395
vn -0.5202 0.8228 0.2290
vn -0.5456 0.8219 0.1636
vn 0.7591 -0.6503 -0.0288
vn 0.7611 -0.6478 -0.0337
vn 0.4328 -0.3146 0.8448
vn 0.5773 -0.7289 0.3680
vn 0.2789 -0.5201 0.8073
vn 0.2890 -0.5440 0.7877
vn 0.2827 -0.5404 0.7925
vn 0.1511 -0.3520 0.9237
vn 0.1535 -0.3437 0.9264
vn -0.0053 -0.1709 0.9853
vn -0.0175 -0.1664 0.9859
vn -0.1436 0.0917 0.9854
vn -0.1255 0.0850 0.9884
vn -0.2394 0.1235 0.9630
vn -0.1879 0.2208 0.9571
vn -0.2356 0.0808 0.9685
vn -0.2333 0.0898 0.9683
vn -0.3168 0.3653 0.8753
vn -0.3237 0.3202 0.8903
vn -0.5048 0.6010 0.6197
vn -0.4976 0.6617 0.5608
vn -0.5138 0.7347 0.4430
vn -0.5060 0.7276 0.4633
vn 0.7985 -0.5989 0.0612
vn 0.8329 -0.5509 -0.0531
vn -0.2255 0.9499 0.2164
vn -0.1217 0.9168 0.3804
vn -0.0629 0.7412 0.6683
vn 0.0186 0.6720 0.7403
vn 0.0603 0.4876 0.8710
vn 0.1662 0.3935 0.9042
vn 0.1839 0.4247 0.8865
vn 0.1694 0.3831 0.9081
vn 0.2430 0.2978 0.9232
vn 0.2544 0.3167 0.9138
vn 0.3189 0.1580 0.9345
vn 0.3686 0.2340 0.8997
vn 0.3695 0.2451 0.8963
vn 0.3625 0.2490 0.8981
vn 0.3459 0.1240 0.9300
vn 0.4261 0.0046 0.9047
vn 0.4264 0.0054 0.9045
vn 0.4940 -0.3734 0.7852
vn 0.5094 -0.3354 0.7925
vn 0.4649 -0.2203 0.8575
vn 0.4510 -0.2863 0.8454
vn 0.5125 -0.2525 0.8207
vn 0.5153 -0.2700 0.8134
vn 0.5690 -0.3046 0.7638
vn 0.5433 -0.2507 0.8012
vn -0.3911 0.9142 0.1060
vn -0.4155 0.8932 0.1720
vn 0.8318 -0.5507 -0.0703
vn 0.8394 -0.5409 -0.0529
vn -0.2706 0.8453 0.4608
vn -0.2371 0.8761 0.4198
vn -0.2707 0.8917 0.3629
vn -0.1786 0.6453 0.7427
vn -0.1773 0.6442 0.7440
vn -0.0978 0.3391 0.9357
vn -0.0405 0.2760 0.9603
vn -0.0285 0.3456 0.9380
vn -0.0401 0.2745 0.9608
vn -0.0030 0.2750 0.9614
vn -0.0007 0.2794 0.9602
vn 0.0551 0.1282 0.9902
vn 0.0242 0.0729 0.9970
vn 0.0561 0.0111 0.9984
vn 0.2164 0.2092 0.9536
vn 0.3534 -0.0692 0.9329
vn 0.3777 -0.0148 0.9258
vn 0.4544 -0.3589 0.8153
vn 0.4718 -0.2631 0.8416
vn 0.4701 -0.2791 0.8373
vn 0.4744 -0.3946 0.7869
vn 0.5062 -0.3112 0.8043
vn 0.5036 -0.2797 0.8174
vn 0.5446 -0.3175 0.7762
vn 0.5539 -0.3192 0.7690
vn 0.7545 -0.6556 -0.0320
vn 0.7513 -0.6588 -0.0396
vn 0.4158 -0.4292 0.8018
vn 0.3886 -0.3776 0.8405
vn 0.4839 -0.4225 0.7664
vn 0.5063 -0.4800 0.7164
vn 0.4597 -0.4026 0.7916
vn 0.4934 -0.4707 0.7314
vn 0.2847 -0.3186 0.9041
vn 0.1875 -0.2011 0.9615
vn 0.1589 -0.3428 0.9259
vn 0.0227 -0.1018 0.9945
vn -0.0307 -0.1764 0.9838
vn -0.1762 0.0798 0.9811
vn -0.1704 0.2258 0.9592
vn -0.2097 0.1441 0.9671
vn -0.2078 0.2990 0.9314
vn -0.2579 0.0807 0.9628
vn -0.2925 0.3375 0.8947
vn -0.3113 0.2052 0.9279
vn -0.4061 0.5767 0.7089
vn -0.3492 0.6670 0.6582
vn -0.3876 0.7793 0.4925
vn -0.3712 0.8160 0.4431
vn 0.5617 -0.1921 0.8047
vn 0.5982 0.1334 0.7902
vn 0.7654 0.2981 0.5703
vn 0.4558 0.1744 0.8728
vn 0.5897 0.1442 0.7946
vn 0.5202 0.0184 0.8539
vn 0.5031 -0.0039 0.8642
vn 0.7493 -0.1990 0.6316
vn 0.6741 -0.3165 0.6674
vn 0.6245 -0.3131 0.7155
vn 0.5294 -0.1380 0.8371
vn 0.6563 0.4811 0.5812
vn 0.6080 -0.5787 0.5436
vn 0.7640 -0.4733 0.4385
vn 0.8491 -0.3680 0.3791
vn 0.7663 -0.4682 0.4398
vn 0.8647 -0.0356 0.5010
vn 0.8825 0.0033 0.4703
vn 0.8613 -0.2472 0.4438
vn 0.8601 -0.2450 0.4475
vn 0.8821 -0.0538 0.4679
vn 0.8917 -0.0730 0.4468
vn 0.8050 0.2912 0.5169
vn 0.8568 0.2313 0.4608
vn 0.8003 0.3596 0.4797
vn 0.8486 0.3213 0.4204
vn 0.6515 0.5014 0.5693
vn 0.8184 0.4251 0.3867
vn 0.8556 -0.3693 0.3628
vn 0.9406 -0.2453 0.2347
vn 0.4972 0.4549 0.7388
vn 0.5265 0.4032 0.7484
vn 0.6484 0.4496 0.6144
vn 0.8829 0.3462 0.3173
vn 0.5915 0.1315 0.7955
vn 0.9259 0.2063 0.3163
vn 0.9247 0.2002 0.3237
vn 0.9464 -0.0016 0.3231
vn 0.9344 -0.0368 0.3544
vn 0.9266 -0.2156 0.3080
vn 0.9097 -0.2422 0.3373
vn 0.9177 -0.1349 0.3737
vn 0.9623 -0.0301 0.2703
vn 0.7021 0.4373 0.5619
vn 0.5190 0.2782 0.8082
vn -0.0663 0.9765 0.2049
vn -0.0894 0.9797 0.1792
vn -0.0931 0.8290 0.5515
vn 0.0304 0.7577 0.6519
vn 0.0256 0.6301 0.7761
vn 0.2219 0.5630 0.7961
vn 0.3063 0.4295 0.8496
vn 0.3206 0.4695 0.8227
vn 0.3760 0.3412 0.8615
vn 0.4623 0.4403 0.7697
vn 0.6810 -0.6298 0.3737
vn 0.6561 -0.6852 0.3162
vn 0.1571 0.8570 0.4907
vn -0.1751 0.8878 0.4257
vn 0.2508 0.6714 0.6973
vn 0.0694 0.6883 0.7221
vn 0.2173 0.6361 0.7404
vn 0.4789 0.5263 0.7027
vn 0.5330 0.4853 0.6931
vn 0.4800 0.5155 0.7099
vn 0.5324 0.4813 0.6963
vn 0.4825 0.5136 0.7095
vn 0.5396 0.4132 0.7336
vn 0.4858 0.4563 0.7455
vn 0.5272 0.3502 0.7742
vn 0.5867 0.2959 0.7538
vn 0.5778 0.1181 0.8076
vn 0.7064 -0.0368 0.7068
vn 0.7308 -0.2610 0.6307
vn 0.7316 -0.2621 0.6294
vn 0.7305 -0.0216 0.6826
vn 0.6847 -0.0934 0.7229
vn 0.5727 -0.4643 0.6756
vn 0.5759 -0.4709 0.6682
vn 0.5584 -0.5734 0.5995
vn 0.8757 -0.2943 0.3827
vn 0.8009 -0.4768 0.3622
vn 0.9691 -0.2258 0.0993
vn 0.3465 -0.4162 0.8407
vn 0.4035 -0.3178 0.8580
vn 0.4013 -0.2706 0.8751
vn 0.0779 0.9733 0.2158
vn 0.0420 0.9846 0.1697
vn 0.2752 -0.4571 0.8457
vn 0.3416 -0.1556 0.9269
vn 0.3900 -0.0782 0.9175
vn 0.3602 -0.2187 0.9069
vn 0.3338 -0.1373 0.9326
vn 0.3019 0.1539 0.9408
vn 0.3205 0.1309 0.9381
vn 0.2167 0.4551 0.8636
vn 0.3008 0.3508 0.8868
vn 0.2222 0.4088 0.8852
vn 0.2568 0.4614 0.8492
vn 0.2556 0.5021 0.8261
vn 0.2973 0.4528 0.8406
vn 0.2081 0.6116 0.7633
vn 0.2978 0.4934 0.8172
vn 0.2208 0.6365 0.7390
vn 0.1520 0.8083 0.5688
vn 0.0532 0.6850 0.7266
vn -0.0260 0.8299 0.5573
vn 0.0222 0.9195 0.3924
vn 0.0355 0.8868 0.4607
vn 0.0372 0.8993 0.4357
vn -0.0207 0.9615 0.2740
vn -0.0060 0.8226 0.5686
vn -0.0059 0.8192 0.5735
vn -0.0272 0.6561 0.7542
vn -0.0075 0.8170 0.5766
vn 0.0053 0.6206 0.7841
vn 0.0366 0.7111 0.7022
vn 0.0418 0.4880 0.8718
vn 0.1187 0.7319 0.6710
vn 0.1413 0.6192 0.7724
vn 0.1487 0.4455 0.8829
vn 0.1273 0.4168 0.9000
vn 0.1494 0.2359 0.9602
vn 0.1971 0.1754 0.9646
vn 0.1755 0.3028 0.9368
vn 0.2081 0.1162 0.9712
vn 0.1975 0.1772 0.9642
vn 0.2556 -0.1262 0.9585
vn 0.2073 0.1113 0.9719
vn 0.3279 -0.3864 0.8621
vn 0.2839 -0.0274 0.9584
vn 0.4936 -0.1062 0.8632
vn 0.3383 -0.3633 0.8681
vn 0.4556 -0.2890 0.8420
vn 0.4673 -0.3240 0.8226
vn 0.4086 -0.4388 0.8003
vn 0.4253 -0.4127 0.8055
vn 0.3310 -0.6495 0.6845
vn 0.4000 -0.5306 0.7473
vn 0.3216 -0.8197 0.4740
vn 0.2804 -0.7699 0.5733
vn 0.2684 -0.6662 0.6958
vn 0.2637 -0.6754 0.6887
vn 0.2613 -0.9012 0.3459
vn 0.2157 -0.9396 0.2658
vn 0.2308 -0.9697 0.0806
vn 0.2838 -0.9481 0.1435
vn 0.0239 0.9677 0.2509
vn 0.0527 0.9528 0.2990
vn 0.0693 0.8755 0.4781
vn 0.0504 0.8495 0.5253
vn 0.0990 0.9339 0.3436
vn 0.0512 0.8946 0.4439
vn 0.1453 0.8739 0.4638
vn 0.1082 0.9009 0.4204
vn 0.1353 0.5600 0.8174
vn 0.1958 0.6629 0.7227
vn -0.0146 0.5308 0.8474
vn 0.1336 0.6097 0.7813
vn 0.1316 0.6075 0.7833
vn 0.0902 0.7020 0.7064
vn 0.1300 0.6054 0.7852
vn 0.1541 0.4410 0.8842
vn 0.1613 0.4609 0.8726
vn 0.1685 0.3098 0.9357
vn 0.1751 0.3385 0.9245
vn 0.2493 0.1010 0.9632
vn 0.2427 0.0442 0.9691
vn 0.2091 0.0992 0.9728
vn 0.2415 -0.1408 0.9601
vn 0.2689 -0.1774 0.9467
vn 0.2837 -0.3847 0.8784
vn 0.2592 -0.4230 0.8683
vn 0.1965 -0.6859 0.7007
vn 0.2510 -0.6169 0.7460
vn 0.1867 -0.8094 0.5568
vn 0.1767 -0.8229 0.5400
vn 0.1196 -0.8502 0.5128
vn 0.1635 -0.8884 0.4289
vn 0.1153 0.9517 0.2845
vn 0.0986 0.9657 0.2404
vn 0.1151 0.9512 0.2862
vn 0.0887 0.9417 0.3246
vn 0.0921 0.9526 0.2901
vn 0.1440 0.9572 0.2509
vn 0.2588 0.8677 0.4244
vn 0.1474 0.9627 0.2267
vn 0.2447 0.8455 0.4747
vn 0.3718 0.2298 0.8994
vn 0.3807 0.2542 0.8891
vn 0.5277 0.2961 0.7961
vn 0.3623 0.6342 0.6830
vn 0.5266 0.2938 0.7978
vn 0.3736 0.6761 0.6351
vn 0.0265 0.3363 0.9414
vn 0.0587 0.4695 0.8810
vn -0.1730 0.3221 0.9308
vn -0.1533 0.3345 0.9298
vn -0.1759 0.3174 0.9319
vn -0.2099 0.2453 0.9465
vn -0.1984 0.2181 0.9555
vn -0.3766 0.0055 0.9263
vn -0.2878 -0.0903 0.9534
vn -0.3813 -0.4331 0.8167
vn -0.4084 -0.3707 0.8341
vn -0.3967 -0.6206 0.6764
vn -0.4261 -0.5245 0.7371
vn -0.4187 -0.8331 0.3615
vn -0.4513 -0.7761 0.4403
vn 0.1500 -0.1990 0.9684
vn -0.0083 0.9838 0.1789
vn -0.0054 0.9849 0.1732
vn 0.0313 0.8872 0.4604
vn 0.0110 0.8126 0.5827
vn -0.0027 0.8319 0.5549
vn 0.0097 0.8196 0.5728
vn -0.0020 0.8058 0.5922
vn -0.0030 0.8066 0.5911
vn 0.0545 0.5930 0.8034
vn -0.0233 0.7197 0.6939
vn 0.0145 0.5321 0.8465
vn 0.0618 0.4619 0.8847
vn 0.0518 0.4298 0.9014
vn -0.0104 0.2834 0.9590
vn 0.0586 0.3959 0.9164
vn -0.0500 0.4133 0.9092
vn -0.1319 0.1842 0.9740
vn -0.0881 0.0901 0.9920
vn -0.1286 0.1554 0.9794
vn -0.0871 0.0967 0.9915
vn -0.0232 -0.1301 0.9912
vn -0.0234 -0.1040 0.9943
vn 0.0586 0.1139 0.9918
vn 0.1009 -0.2469 0.9638
vn 0.1499 -0.1848 0.9713
vn 0.8145 0.2658 0.5157
vn 0.4408 -0.0201 0.8974
vn 0.6395 -0.0101 0.7688
vn 0.1630 -0.2243 0.9608
vn -0.1170 0.1250 0.9852
vn 0.2183 -0.0650 0.9737
vn -0.0329 -0.9983 -0.0487
vn 0.0072 -0.9993 -0.0355
vn -0.5772 -0.4812 0.6597
vn -0.4777 -0.5844 0.6559
vn -0.1456 -0.9886 -0.0389
vn -0.5477 -0.7643 0.3404
vn 0.0545 -0.9978 -0.0387
vn -0.1340 -0.9890 -0.0622
vn -0.0329 -0.9991 0.0270
vn 0.0332 -0.9976 -0.0614
vn -0.4342 -0.6697 0.6025
vn -0.4644 -0.6324 0.6200
vn -0.2568 -0.1875 0.9481
vn -0.4467 -0.3872 0.8066
vn -0.2891 -0.5113 0.8093
vn -0.3720 -0.4761 0.7969
vn -0.4498 -0.3942 0.8014
vn 0.0516 -0.2179 0.9746
vn -0.4341 -0.0319 0.9003
vn 0.0340 -0.2037 0.9784
vn -0.4886 -0.0747 0.8693
vn -0.4672 -0.0037 0.8842
vn -0.0611 0.9818 0.1799
vn 0.0328 -0.9988 0.0370
vn -0.1123 -0.9845 0.1350
vn -0.1168 -0.8889 0.4429
vn -0.0167 -0.9622 0.2718
vn 0.0439 -0.6920 0.7206
vn -0.0121 -0.6194 0.7850
vn 0.0114 -0.7903 0.6126
vn 0.0123 -0.7916 0.6109
vn 0.0207 -0.5267 0.8498
vn 0.0590 -0.4768 0.8770
vn -0.0028 -0.4900 0.8717
vn 0.0485 -0.5686 0.8212
vn 0.0429 -0.2889 0.9564
vn 0.0215 -0.3093 0.9507
vn 0.0490 -0.3231 0.9451
vn -0.1210 -0.4310 0.8942
vn -0.0179 -0.7524 0.6584
vn -0.0076 -0.1517 0.9884
vn -0.0513 0.1068 0.9930
vn 0.0233 0.0991 0.9948
vn 0.0184 0.1273 0.9917
vn 0.0227 0.1533 0.9879
vn 0.0196 0.1647 0.9861
vn 0.0205 0.2001 0.9796
vn 0.0045 0.2471 0.9690
vn -0.1032 0.4384 0.8928
vn 0.0021 0.2849 0.9585
vn -0.1132 0.4519 0.8849
vn -0.1037 0.4193 0.9019
vn -0.0905 0.5918 0.8010
vn -0.1332 0.5131 0.8480
vn -0.1498 0.6400 0.7537
vn -0.1155 0.7115 0.6931
vn -0.0961 0.8182 0.5668
vn -0.1084 0.7997 0.5905
vn -0.1159 0.8930 0.4349
vn -0.1067 0.8085 0.5788
vn -0.1922 0.7656 0.6140
vn 0.0085 0.9535 0.3014
vn -0.0009 0.9614 0.2753
vn 0.0264 0.8239 0.5661
vn -0.0050 0.8899 0.4561
vn 0.0633 0.8274 0.5580
vn 0.0360 0.8942 0.4461
vn 0.0735 0.8677 0.4917
vn 0.1311 0.7093 0.6926
vn 0.1126 0.6753 0.7289
vn 0.1051 0.7354 0.6695
vn 0.0612 0.6137 0.7871
vn 0.0472 0.6503 0.7582
vn 0.0478 0.5823 0.8116
vn 0.1932 0.4416 0.8762
vn 0.1941 0.4517 0.8708
vn 0.2683 0.2963 0.9166
vn 0.2675 0.3101 0.9123
vn 0.3195 0.1549 0.9348
vn 0.3195 0.1040 0.9419
vn 0.3109 0.1247 0.9422
vn 0.3146 0.0869 0.9452
vn 0.3734 -0.0244 0.9274
vn 0.3935 -0.1650 0.9044
vn 0.3589 -0.1166 0.9261
vn 0.3985 -0.3898 0.8302
vn 0.4124 -0.3278 0.8500
vn 0.3702 -0.6037 0.7061
vn 0.4141 -0.4373 0.7983
vn 0.3747 -0.6402 0.6706
vn 0.3142 -0.7823 0.5378
vn 0.3098 -0.8105 0.4970
vn 0.3170 -0.8212 0.4746
vn 0.2869 -0.5327 0.7962
vn 0.3408 -0.6688 0.6607
vn 0.3228 -0.9042 0.2796
vn 0.0278 0.9676 0.2511
vn 0.0378 0.9613 0.2729
vn 0.1024 0.9541 0.2814
vn -0.0069 0.8499 0.5269
vn 0.1293 0.9459 0.2976
vn 0.1039 0.9328 0.3451
vn 0.1496 0.8983 0.4131
vn 0.1578 0.8925 0.4226
vn 0.2428 0.5121 0.8239
vn 0.1702 0.3590 0.9177
vn 0.1622 0.2680 0.9497
vn 0.2538 0.3626 0.8967
vn 0.1038 0.6998 0.7068
vn 0.2024 0.6267 0.7525
vn 0.1514 0.6101 0.7777
vn 0.0906 0.6746 0.7326
vn -0.0427 0.4643 0.8847
vn -0.0410 0.3973 0.9168
vn -0.0776 0.2647 0.9612
vn -0.0783 0.3362 0.9385
vn -0.0831 0.2558 0.9632
vn -0.0013 0.0437 0.9990
vn -0.0694 -0.1043 0.9921
vn -0.0345 -0.1687 0.9851
vn -0.0529 -0.4537 0.8896
vn -0.0542 -0.4512 0.8908
vn -0.0705 -0.6718 0.7373
vn -0.0112 -0.5952 0.8035
vn -0.0642 -0.8329 0.5497
vn -0.1109 -0.8769 0.4677
vn -0.1173 -0.9248 0.3619
vn -0.1703 -0.8826 0.4382
vn 0.6212 -0.1126 0.7755
vn 0.6107 -0.3690 0.7006
vn -0.7874 -0.0637 0.6132
vn 0.1143 0.9630 0.2441
vn 0.0804 0.9576 0.2765
vn 0.0650 0.9394 0.3367
vn 0.0793 0.9427 0.3242
vn 0.0728 0.9695 0.2341
vn 0.1754 0.9660 0.1900
vn 0.2956 0.9219 0.2505
vn 0.1715 0.9740 0.1478
vn 0.2735 0.8676 0.4154
vn 0.3723 0.7854 0.4944
vn 0.2994 0.4047 0.8640
vn 0.4365 0.4052 0.8033
vn 0.1113 0.2111 0.9711
vn 0.3132 0.3294 0.8907
vn -0.1368 0.0882 0.9867
vn 0.0704 0.3507 0.9338
vn -0.2630 0.3021 0.9163
vn -0.3055 0.1406 0.9418
vn -0.3532 0.3659 0.8610
vn -0.3956 0.2923 0.8707
vn -0.3734 0.2120 0.9031
vn -0.3996 0.2491 0.8822
vn -0.3390 0.0116 0.9407
vn -0.3991 0.0968 0.9118
vn -0.5612 -0.3485 0.7507
vn -0.5521 -0.2499 0.7955
vn -0.6286 -0.4768 0.6144
vn -0.6301 -0.4251 0.6498
vn -0.6399 -0.4442 0.6270
vn -0.6115 -0.6857 0.3948
vn 0.0586 0.9598 0.2746
vn 0.0466 0.9529 0.2996
vn 0.0446 0.9419 0.3329
vn 0.0517 0.9458 0.3207
vn 0.1202 0.9749 0.1872
vn 0.0704 0.9942 0.0814
vn -0.0261 0.9569 0.2892
vn 0.1352 0.9809 0.1396
vn -0.0217 0.9502 0.3109
vn -0.2060 0.7568 0.6203
vn -0.1405 0.6597 0.7382
vn -0.1727 0.2832 0.9434
vn -0.1407 0.0623 0.9881
vn -0.1060 0.2192 0.9699
vn -0.1708 0.0937 0.9808
vn -0.1479 0.1246 0.9811
vn -0.0681 0.1608 0.9846
vn -0.2259 0.2926 0.9292
vn -0.0952 0.3211 0.9423
vn -0.0309 0.2854 0.9579
vn -0.0352 0.2943 0.9551
vn -0.0375 0.2929 0.9554
vn -0.1570 0.0976 0.9828
vn -0.0504 0.0443 0.9977
vn -0.1124 -0.3341 0.9358
vn -0.1680 -0.3530 0.9204
vn -0.2151 -0.4980 0.8401
vn -0.1189 -0.5702 0.8128
vn -0.2573 -0.5005 0.8266
vn -0.2088 -0.5735 0.7922
vn -0.2813 -0.8109 0.5132
vn -0.3421 -0.8518 0.3967
vn -0.4156 -0.8141 0.4056
vn -0.3399 -0.8756 0.3432
vn -0.6233 -0.7079 0.3323
vn -0.5162 -0.6997 0.4939
vn -0.4595 -0.8256 0.3276
vn -0.5123 -0.8026 0.3054
vn 0.0789 0.9806 0.1794
vn 0.0361 0.9535 0.2992
vn 0.0823 0.9415 0.3267
vn 0.0884 0.9467 0.3097
vn 0.0455 0.9816 0.1855
vn 0.1038 0.9908 0.0866
vn 0.0436 0.9462 0.3205
vn 0.0212 0.9431 0.3318
vn -0.0518 0.7214 0.6906
vn 0.0149 0.7451 0.6668
vn 0.0202 0.2861 0.9580
vn 0.0344 0.2992 0.9536
vn 0.0791 0.0400 0.9961
vn 0.1397 0.1084 0.9842
vn 0.1399 0.1070 0.9844
vn 0.2059 0.1886 0.9602
vn 0.1991 0.3118 0.9291
vn 0.1881 0.3200 0.9286
vn 0.1244 0.4136 0.9019
vn 0.1616 0.4038 0.9004
vn 0.2064 0.3735 0.9044
vn 0.1489 0.3206 0.9355
vn 0.2744 -0.0975 0.9567
vn 0.1186 0.0155 0.9928
vn 0.2714 -0.4520 0.8497
vn 0.2905 -0.4347 0.8524
vn 0.3962 -0.4756 0.7854
vn 0.3485 -0.5603 0.7514
vn 0.4193 -0.5095 0.7514
vn 0.4104 -0.6321 0.6573
vn 0.5329 -0.7103 0.4598
vn 0.1102 0.9597 0.2584
vn 0.1309 0.9737 0.1865
vn 0.1271 0.9636 0.2354
vn 0.1016 0.9446 0.3120
vn 0.1288 0.9715 0.1989
vn 0.1058 0.9615 0.2535
vn 0.0894 0.9375 0.3362
vn 0.0950 0.9301 0.3547
vn 0.0295 0.7171 0.6964
vn -0.0030 0.8475 0.5309
vn -0.0677 0.5916 0.8034
vn 0.0003 0.2918 0.9565
vn 0.0156 0.3189 0.9476
vn 0.1980 0.1069 0.9744
vn 0.1804 0.1847 0.9661
vn 0.2042 0.1360 0.9694
vn 0.1391 0.2807 0.9497
vn 0.1347 0.0610 0.9890
vn -0.0073 0.1633 0.9865
vn 0.2077 0.4209 0.8830
vn 0.0449 0.3771 0.9251
vn -0.0707 0.2253 0.9717
vn -0.0479 0.0023 0.9988
vn -0.0898 0.1188 0.9888
vn -0.1438 -0.0797 0.9864
vn -0.0667 -0.3874 0.9195
vn 0.1753 -0.2998 0.9377
vn 0.3447 -0.4833 0.8047
vn 0.4649 -0.3459 0.8150
vn 0.6320 -0.5491 0.5469
vn 0.1905 0.9331 0.3051
vn 0.1138 0.8206 0.5600
vn 0.1203 0.8480 0.5161
vn -0.0013 0.9761 0.2175
vn 0.0317 0.9671 0.2525
vn -0.0011 0.9855 0.1698
vn 0.0658 0.9329 0.3541
vn 0.0296 0.9614 0.2737
vn 0.0388 0.8467 0.5307
vn 0.0607 0.8577 0.5106
vn -0.0510 0.5933 0.8034
vn -0.0616 0.6130 0.7877
vn -0.1233 0.2834 0.9510
vn -0.2046 0.4035 0.8918
vn -0.2157 0.1654 0.9624
vn -0.1853 0.0583 0.9810
vn -0.1955 0.0280 0.9803
vn -0.1836 0.0113 0.9829
vn -0.2179 0.1218 0.9683
vn -0.2514 0.0574 0.9662
vn -0.2614 0.1847 0.9474
vn -0.3020 0.1077 0.9472
vn -0.3019 0.1102 0.9469
vn -0.2811 0.0953 0.9549
vn -0.1009 -0.0757 0.9920
vn -0.2251 -0.0112 0.9743
vn -0.0432 -0.2139 0.9759
vn 0.1333 -0.2972 0.9455
vn 0.1455 -0.2651 0.9532
vn 0.1160 -0.2445 0.9627
vn 0.2511 -0.3554 0.9004
vn 0.1454 -0.2699 0.9519
vn -0.6050 0.7957 -0.0310
vn -0.5156 0.8566 0.0209
vn -0.7448 0.6032 0.2854
vn -0.6494 0.7298 0.2136
vn -0.6431 0.4059 0.6494
vn -0.6440 0.4025 0.6506
vn -0.6896 0.2400 0.6833
vn -0.6432 0.4062 0.6491
vn -0.6413 0.0930 0.7616
vn -0.6313 0.1261 0.7652
vn -0.6192 0.0720 0.7819
vn -0.4952 0.2145 0.8419
vn -0.4921 0.1336 0.8602
vn -0.4851 0.1318 0.8645
vn -0.4970 0.1491 0.8549
vn -0.4881 0.1440 0.8608
vn -0.4828 0.0450 0.8746
vn -0.4860 0.0469 0.8727
vn -0.4897 0.0674 0.8693
vn -0.5241 0.0314 0.8511
vn -0.5816 -0.0668 0.8107
vn -0.5231 -0.0035 0.8522
vn -0.5785 -0.0818 0.8116
vn -0.6387 -0.1226 0.7596
vn -0.6376 -0.1387 0.7578
vn -0.6181 -0.1237 0.7763
vn -0.6162 0.0921 0.7822
vn -0.7102 0.0080 0.7039
vn -0.4725 0.8810 0.0237
vn -0.4046 0.9142 -0.0216
vn -0.4054 0.8172 0.4097
vn -0.6209 0.4962 0.6068
vn -0.6042 0.4270 0.6728
vn -0.6356 0.3346 0.6957
vn -0.6494 0.2107 0.7307
vn -0.6256 0.2807 0.7279
vn -0.6301 0.1262 0.7662
vn -0.6299 0.1267 0.7662
vn -0.6842 0.1336 0.7169
vn -0.6247 0.1009 0.7744
vn -0.5667 0.1083 0.8168
vn -0.6839 0.1602 0.7118
vn -0.5746 0.0488 0.8170
vn -0.6183 0.0831 0.7816
vn -0.6132 -0.0336 0.7892
vn -0.6065 -0.0380 0.7942
vn -0.6193 0.0051 0.7852
vn -0.6664 -0.0852 0.7407
vn -0.6719 -0.0630 0.7380
vn -0.6679 -0.0572 0.7421
vn -0.6606 -0.1168 0.7416
vn -0.6715 -0.1224 0.7308
vn -0.6090 -0.1264 0.7831
vn -0.6685 -0.0407 0.7426
vn -0.5599 -0.0031 0.8285
vn -0.5270 -0.0757 0.8465
vn -0.9844 0.1022 -0.1434
vn -0.9950 -0.0951 -0.0295
vn -0.9803 -0.1157 0.1598
vn -0.9945 -0.1045 -0.0025
vn -0.9925 -0.0488 0.1117
vn -0.9981 -0.0276 0.0552
vn -0.9813 -0.1095 0.1582
vn -0.9745 -0.1224 0.1878
vn -0.9908 -0.0572 0.1223
vn -0.9905 -0.0656 0.1213
vn -0.9766 -0.1543 0.1497
vn -0.9780 -0.1004 0.1828
vn -0.9688 -0.1372 0.2063
vn -0.9744 -0.1269 0.1853
vn -0.9713 -0.1198 0.2057
vn -0.9269 -0.2120 0.3097
vn -0.9470 -0.0892 0.3086
vn -0.9087 -0.1475 0.3906
vn -0.9034 -0.1782 0.3901
vn -0.9060 -0.1894 0.3786
vn -0.9016 -0.2421 0.3585
vn -0.9506 -0.1783 0.2540
vn -0.0598 -0.1937 0.9792
vn -0.1543 -0.2836 0.9465
vn -0.0520 -0.2136 0.9755
vn -0.1490 -0.1507 0.9773
vn -0.2034 -0.0085 0.9791
vn -0.2214 0.0041 0.9752
vn -0.2644 0.1210 0.9568
vn -0.2689 0.1155 0.9562
vn -0.2701 0.1267 0.9545
vn -0.2883 0.1418 0.9470
vn -0.3958 0.1933 0.8978
vn -0.2783 0.0564 0.9588
vn -0.5014 0.1253 0.8561
vn -0.3975 -0.0001 0.9176
vn -0.5109 0.0517 0.8581
vn -0.5436 0.0911 0.8344
vn -0.3461 0.3529 0.8693
vn -0.5344 0.1259 0.8358
vn -0.4027 0.4983 0.7678
vn -0.3260 0.6012 0.7296
vn -0.2021 0.8290 0.5214
vn -0.4000 0.5765 0.7125
vn -0.2122 0.8976 0.3865
vn -0.1064 0.9621 0.2512
vn 0.7178 -0.5172 0.4662
vn 0.6392 -0.5139 0.5721
vn 0.6911 -0.5244 0.4974
vn 0.5747 -0.5852 0.5721
vn 0.1716 -0.0102 -0.9851
vn 0.3827 -0.1901 -0.9041
vn -0.2823 0.9260 0.2508
vn -0.1276 0.9755 0.1793
vn 0.0054 -0.2176 0.9760
vn -0.6122 0.2785 0.7400
vn -0.6486 0.2736 0.7103
vn -0.2073 -0.0448 0.9772
vn -0.3587 -0.0619 0.9314
vn -0.4861 0.3207 0.8129
vn -0.4538 0.1893 0.8708
vn -0.4061 0.1967 0.8924
vn 0.7503 -0.6265 -0.2113
vn 0.6767 -0.6756 -0.2926
vn 0.8540 -0.3907 0.3437
vn 0.4469 -0.1089 -0.8879
vn 0.5247 -0.0510 -0.8498
vn -0.3946 0.2617 0.8808
vn -0.0125 0.2030 0.9791
vn 0.0064 0.2581 0.9661
vn -0.1847 0.3057 0.9340
vn 0.8665 0.3836 0.3194
vn 0.8149 0.4267 0.3923
vn 0.0760 -0.2320 0.9697
vn 0.1791 0.0385 0.9831
vn 0.3023 -0.4551 0.8375
vn -0.0067 0.3680 0.9298
vn 0.2000 0.2130 0.9564
vn 0.0451 0.6159 0.7865
vn 0.2873 0.5810 0.7615
vn 0.3264 0.5294 0.7831
vn 0.2343 0.3171 0.9190
vn -0.1213 0.1550 0.9804
vn -0.1871 -0.0249 0.9820
vn -0.2741 0.4092 0.8703
vn -0.2446 0.4045 0.8812
vn -0.2119 0.2531 0.9439
vn -0.3279 0.2830 0.9013
vn 0.5941 0.7017 0.3932
vn 0.6719 0.6635 0.3291
vn 0.6824 0.4558 0.5714
vn 0.7537 0.3897 0.5293
vn 0.7212 0.6402 0.2646
vn 0.6729 0.6689 0.3158
vn -0.5815 0.1223 0.8043
vn -0.6428 0.1288 0.7551
vn -0.6199 0.1873 0.7620
vn -0.7078 -0.0215 0.7061
vn -0.6663 -0.1268 0.7348
vn 0.3448 0.8564 0.3844
vn 0.8452 0.4367 0.3082
vn 0.8443 0.4374 0.3095
vn 0.3542 0.4402 0.8251
vn 0.1949 0.3749 0.9064
vn 0.3247 0.4425 0.8359
vn -0.3242 0.1278 0.9373
vn -0.9853 0.1581 0.0647
vn -0.9741 -0.0693 0.2152
vn -0.1376 -0.9849 0.1047
vn -0.4035 -0.8463 0.3478
vn -0.9720 -0.1952 0.1309
vn -0.9714 -0.1961 0.1335
vn -0.2366 -0.9705 0.0465
vn -0.6075 -0.7733 0.1817
vn -0.9841 -0.0378 0.1733
vn -0.9746 -0.1841 0.1274
vn -0.8104 -0.5761 0.1065
vn -0.9189 -0.3099 0.2442
vn -0.0311 -0.9201 -0.3905
vn -0.2826 -0.9238 -0.2583
vn -0.8536 -0.0434 -0.5191
vn -0.6094 -0.3238 -0.7237
vn -0.8482 -0.1239 -0.5149
vn -0.8529 -0.1432 -0.5021
vn -0.7197 -0.6021 -0.3457
vn -0.7757 -0.5452 -0.3179
vn -0.2271 -0.9581 -0.1743
vn -0.1671 -0.9658 -0.1984
vn 0.0306 -0.9876 -0.1540
vn 0.0724 -0.9832 -0.1673
vn -0.8451 0.2612 -0.4664
vn -0.9492 0.0344 -0.3127
vn -0.8823 -0.1061 -0.4585
vn -0.8459 -0.0437 -0.5316
vn 0.0250 0.1075 0.9939
vn 0.1319 0.0773 0.9882
vn 0.0133 0.7168 0.6972
vn 0.0397 0.7147 0.6983
vn 0.2542 0.2200 0.9418
vn 0.4911 0.1772 0.8529
vn -0.2202 -0.1046 0.9698
vn -0.1546 -0.0469 0.9869
vn -0.3781 0.3993 0.8352
vn -0.2758 0.4041 0.8722
vn -0.7174 0.2621 0.6454
vn -0.7848 0.0957 0.6123
vn -0.2686 -0.5532 0.7886
vn -0.1144 -0.0307 0.9930
vn -0.2971 -0.4654 0.8338
vn -0.9744 -0.0615 0.2161
vn -0.9782 -0.0220 0.2064
vn -0.9801 -0.0185 0.1976
vn 0.6761 0.5399 -0.5013
vn 0.7805 0.5354 -0.3228
vn 0.8230 0.3248 -0.4660
vn 0.7688 0.3496 -0.5355
vn 0.8332 0.3931 0.3889
vn 0.8880 0.3078 0.3417
vn 0.3853 0.5498 0.7411
vn 0.5774 0.7620 0.2932
vn 0.7548 0.6451 0.1186
vn 0.6125 0.7537 0.2382
vn 0.6879 0.6650 0.2909
vn 0.6874 0.6624 0.2977
vn 0.8571 0.4682 -0.2147
vn 0.7948 0.6025 -0.0724
vn 0.7753 0.6279 -0.0689
vn 0.8267 0.5311 -0.1860
vn 0.8298 0.4458 -0.3356
vn 0.9460 0.3049 -0.1104
vn 0.1242 -0.2759 -0.9531
vn -0.4265 0.1653 -0.8893
vn 0.1446 -0.2702 -0.9519
vn 0.3102 0.0182 -0.9505
vn 0.6297 0.2028 -0.7499
vn 0.5840 0.1296 -0.8014
vn -0.0977 0.1519 -0.9836
vn 0.2494 0.1036 -0.9628
vn 0.5754 0.2496 -0.7788
vn 0.6193 0.2279 -0.7514
vn -0.2137 0.1474 -0.9657
vn -0.1893 0.1895 -0.9635
vn 0.5145 0.3612 -0.7777
vn 0.5132 0.3616 -0.7784
vn -0.1084 -0.0590 -0.9923
vn -0.0580 -0.0913 -0.9941
vn 0.6258 0.1901 -0.7564
vn 0.5840 0.2230 -0.7805
vn -0.2702 0.1339 -0.9535
vn -0.3971 0.0403 -0.9169
vn -0.1450 0.0366 -0.9887
vn 0.0706 -0.1199 -0.9903
vn 0.3975 0.4850 -0.7790
vn 0.2407 -0.0981 -0.9656
vn 0.3992 0.0480 -0.9156
vn 0.4570 0.2559 -0.8518
vn 0.3220 -0.9235 -0.2084
vn 0.4107 -0.9092 -0.0687
vn 0.0114 -0.9950 0.0997
vn -0.0086 -0.9937 0.1116
vn 0.0955 0.3693 0.9244
vn 0.4078 -0.9129 0.0160
vn 0.5925 -0.7945 -0.1331
vn 0.1188 -0.8983 0.4230
vn 0.8258 0.2757 -0.4919
vn 0.8457 0.2640 -0.4638
vn 0.1389 -0.0993 0.9853
vn -0.1135 -0.0317 0.9930
vn -0.8978 -0.0072 0.4403
vn -0.9800 -0.0194 0.1978
vn -0.5776 0.2687 0.7708
vn -0.3948 0.2387 0.8872
vn -0.3711 0.2402 0.8970
vn 0.5887 -0.1310 0.7977
vn 0.2336 -0.0885 0.9683
vn 0.9006 0.0014 0.4347
vn 0.7504 0.0786 0.6563
vn -0.8405 -0.2090 -0.4999
vn -0.4904 -0.0561 -0.8697
vn -0.2269 -0.0660 -0.9717
vn -0.0932 0.0043 -0.9956
vn -0.1221 0.0204 -0.9923
vn -0.0729 0.0097 -0.9973
vn 0.5855 -0.0273 -0.8102
vn 0.5168 0.0060 -0.8561
vn 0.9105 0.0010 -0.4134
vn 0.9577 0.0399 -0.2849
vn -0.9741 0.2045 0.0965
vn -0.9664 0.2528 0.0464
vn -0.9736 -0.0256 0.2267
vn -0.9882 -0.1406 0.0605
vn -0.9914 0.1272 0.0322
vn -0.9781 0.1651 0.1268
vn -0.9520 -0.3051 -0.0255
vn -0.7937 -0.2332 -0.5619
vn -0.8746 -0.1144 -0.4712
vn -0.9391 -0.2568 -0.2284
vn -0.8713 -0.1401 -0.4702
vn -0.9969 -0.0752 -0.0213
vn -0.9312 -0.2800 -0.2335
vn -0.9708 -0.2381 -0.0285
vn -0.9816 -0.1901 0.0174
vn -0.9734 -0.2288 0.0069
vn -0.9731 -0.2302 0.0113
vn -0.7597 -0.6487 -0.0457
vn -0.9727 -0.2090 0.1006
vn -0.7400 -0.6418 -0.2015
vn -0.8698 -0.3499 -0.3479
vn -0.9518 -0.1538 -0.2654
vn -0.9380 0.0502 -0.3429
vn -0.9635 -0.2456 -0.1061
vn -0.9612 0.0834 -0.2630
vn -0.9888 -0.0783 -0.1274
vn -0.9939 0.0163 -0.1095
vn 0.1178 0.0408 0.9922
vn 0.1397 0.0370 0.9895
vn 0.0811 0.0533 0.9953
vn 0.0743 0.0507 0.9959
vn 0.4396 -0.0247 0.8978
vn 0.4396 -0.0600 0.8962
vn 0.4520 -0.0649 0.8897
vn 0.6904 -0.3542 0.6309
vn 0.6934 -0.3563 0.6262
vn 0.6970 -0.4308 0.5733
vn 0.6965 -0.4317 0.5732
vn 0.7055 -0.5244 0.4767
vn -0.4799 0.0151 0.8772
vn 0.1394 0.1192 0.9830
vn 0.0766 0.0506 0.9958
vn 0.1397 0.0637 0.9881
vn 0.1732 0.0867 0.9811
vn 0.2804 -0.0558 0.9583
vn 0.2949 -0.0350 0.9549
vn 0.4329 -0.2695 0.8602
vn 0.3919 -0.3230 0.8614
vn 0.4262 -0.4146 0.8040
vn 0.5045 -0.3090 0.8062
vn -0.1277 0.1768 0.9759
vn -0.0530 0.1401 0.9887
vn -0.0269 0.2665 0.9635
vn 0.2309 0.0435 0.9720
vn 0.2364 0.0819 0.9682
vn 0.2468 0.0741 0.9662
vn 0.1127 -0.0616 0.9917
vn 0.0460 -0.0023 0.9989
vn 0.0578 0.0145 0.9982
vn 0.2702 -0.2589 0.9273
vn 0.2582 -0.0983 0.9611
vn 0.5513 -0.3311 0.7658
vn 0.3078 -0.0250 0.9511
vn 0.0275 0.1294 0.9912
vn 0.0078 0.1643 0.9864
vn -0.3803 0.3337 0.8626
vn -0.1873 0.1333 0.9732
vn -0.2979 0.0801 0.9512
vn -0.2741 0.0101 0.9617
vn -0.1303 0.1007 0.9864
vn -0.1545 0.1225 0.9804
vn -0.1198 0.1360 0.9834
vn 0.2115 -0.0887 0.9733
vn -0.3806 0.2984 0.8753
vn -0.0592 0.1339 0.9892
vn 0.6942 -0.4680 0.5469
vn -0.5154 0.2586 0.8170
vn -0.4398 0.1531 0.8850
vn 0.3385 -0.1032 -0.9353
vn -0.8093 0.3121 0.4977
vn -0.1224 0.0996 0.9875
vn -0.5381 0.4594 0.7067
vn 0.1290 0.0398 0.9909
vn -0.7125 0.3621 0.6010
vn -0.7162 0.3646 0.5951
vn -0.7486 0.3239 0.5785
vn -0.7627 0.3479 0.5451
vn -0.8530 0.2646 0.4498
vn -0.5374 0.1445 0.8309
vn -0.6268 0.3773 0.6818
vn -0.3325 0.2299 0.9146
vn -0.3947 0.3228 0.8602
vn -0.8612 0.3837 -0.3332
vn -0.8852 0.3386 -0.3190
vn -0.8784 0.3436 -0.3323
vn -0.8396 0.4402 -0.3182
vn -0.9179 0.3810 -0.1105
vn -0.9804 0.1483 -0.1297
vn -0.9408 0.2231 -0.2553
vn -0.9431 0.1789 -0.2803
vn -0.9227 0.2095 -0.3237
vn -0.8941 0.0367 -0.4464
vn -0.9246 -0.0127 -0.3807
vn -0.2732 0.2158 -0.9374
vn -0.4819 0.2313 -0.8451
vn -0.4562 0.2527 -0.8532
vn -0.6724 0.2517 -0.6961
vn -0.7787 0.1127 -0.6172
vn -0.3856 0.1863 -0.9036
vn -0.8390 -0.0215 -0.5437
vn -0.7347 -0.0443 -0.6769
vn -0.7821 -0.1033 -0.6145
vn -0.3983 -0.2087 -0.8932
vn 0.1744 0.2470 -0.9532
vn -0.4153 0.2364 -0.8784
vn -0.5340 0.1424 -0.8334
vn -0.1063 0.1510 -0.9828
vn -0.2065 -0.1138 -0.9718
vn -0.1629 -0.1092 -0.9806
vn -0.0883 -0.4802 -0.8727
vn -0.3767 -0.4886 -0.7870
vn -0.3769 -0.4875 -0.7876
vn -0.2749 -0.5290 -0.8029
vn 0.2887 0.2250 -0.9306
vn 0.2716 0.2345 -0.9334
vn 0.3481 -0.1106 -0.9309
vn -0.0361 0.1622 -0.9861
vn 0.1259 -0.0522 -0.9907
vn -0.4037 -0.0521 -0.9134
vn 0.0376 -0.4384 -0.8980
vn -0.0479 -0.5010 -0.8641
vn 0.0417 -0.6964 -0.7165
vn -0.0120 -0.7244 -0.6892
vn 0.0214 -0.7850 -0.6191
vn -0.9729 0.0626 0.2225
vn -0.9461 0.0666 0.3170
vn -0.9710 -0.0784 0.2257
vn -0.9713 -0.0783 0.2247
vn -0.9708 -0.0843 0.2247
vn -0.9708 -0.0843 0.2248
vn -0.9736 0.0518 0.2222
vn -0.9730 0.0521 0.2248
vn -0.8657 0.4473 0.2246
vn -0.8678 0.4528 0.2046
vn -0.5985 0.7755 0.2011
vn -0.5911 0.7749 0.2239
vn -0.1867 0.9596 0.2104
vn -0.1861 0.9593 0.2123
vn -0.6258 -0.0399 0.7790
vn -0.7586 0.0073 0.6515
vn -0.7534 -0.0674 0.6542
vn -0.7550 -0.0671 0.6523
vn -0.7547 -0.0698 0.6523
vn -0.7547 -0.0698 0.6524
vn -0.7606 0.0363 0.6482
vn -0.7570 0.0367 0.6524
vn -0.7008 0.3591 0.6164
vn -0.6714 0.3522 0.6521
vn -0.4865 0.6267 0.6088
vn -0.4565 0.6065 0.6510
vn -0.1565 0.7606 0.6300
vn -0.1559 0.7627 0.6276
vn -0.2120 -0.0909 0.9730
vn -0.2892 -0.0751 0.9543
vn -0.2931 -0.0421 0.9551
vn -0.2945 -0.0420 0.9547
vn -0.2950 -0.0381 0.9548
vn -0.2950 -0.0381 0.9547
vn -0.2991 0.0029 0.9542
vn -0.2975 0.0030 0.9547
vn -0.2706 0.1235 0.9547
vn -0.2891 0.1389 0.9472
vn -0.1968 0.2273 0.9537
vn -0.2064 0.2528 0.9452
vn -0.0858 0.2959 0.9513
vn 0.3044 -0.0807 0.9491
vn 0.2057 -0.0977 0.9737
vn 0.2978 -0.0070 0.9546
vn 0.2991 -0.0067 0.9542
vn 0.2980 0.0043 0.9546
vn 0.2978 0.0042 0.9546
vn 0.3017 -0.0404 0.9525
vn 0.2951 -0.0408 0.9546
vn 0.2831 -0.1983 0.9384
vn 0.2410 -0.1833 0.9530
vn 0.1293 -0.2689 0.9544
vn 0.1537 -0.3481 0.9248
vn 0.7586 -0.0167 0.6513
vn 0.6228 -0.0583 0.7802
vn 0.7582 0.0229 0.6516
vn 0.7567 0.0224 0.6534
vn 0.7571 0.0382 0.6521
vn 0.7570 0.0381 0.6523
vn 0.7603 -0.0740 0.6453
vn 0.7543 -0.0747 0.6523
vn 0.6702 -0.4450 0.5940
vn 0.6255 -0.4352 0.6476
vn 0.3829 -0.7297 0.5666
vn 0.3165 -0.6912 0.6497
vn 0.9478 0.0327 0.3172
vn 0.9738 0.0283 0.2256
vn 0.9735 0.0372 0.2258
vn 0.9738 0.0375 0.2242
vn 0.9730 0.0545 0.2244
vn 0.9729 0.0545 0.2245
vn 0.9712 -0.0900 0.2207
vn 0.9703 -0.0905 0.2245
vn 0.8113 -0.5519 0.1926
vn 0.8195 -0.5489 0.1647
vn 0.4197 -0.8798 0.2234
vn 0.3878 -0.9154 0.1075
vn 0.9717 0.0713 -0.2252
vn 0.9469 0.0632 -0.3151
vn 0.9737 0.0373 -0.2248
vn 0.9737 0.0374 -0.2247
vn 0.7532 0.0731 -0.6537
vn 0.6261 0.0508 -0.7781
vn 0.7582 0.0228 -0.6516
vn 0.7574 0.0226 -0.6525
vn 0.2926 0.0522 -0.9548
vn 0.2117 0.0411 -0.9765
vn 0.2990 -0.0068 -0.9542
vn 0.2991 -0.0068 -0.9542
vn -0.2075 0.0478 -0.9771
vn -0.3024 0.0640 -0.9510
vn -0.2918 -0.0421 -0.9555
vn -0.2945 -0.0419 -0.9547
vn -0.6215 0.0730 -0.7800
vn -0.7584 0.1026 -0.6436
vn -0.7526 -0.0674 -0.6550
vn -0.7550 -0.0671 -0.6523
vn -0.9433 0.0985 -0.3171
vn -0.9692 0.1086 -0.2210
vn -0.9709 -0.0785 -0.2262
vn -0.9713 -0.0783 -0.2247
vn 0.1136 0.0783 0.9904
vn 0.6242 0.0899 0.7760
vn -0.7454 0.2339 0.6243
vn -0.5685 0.1657 0.8058
vn 0.2748 0.0012 0.9615
vn -0.2095 0.0202 0.9776
vn -0.2048 0.0192 0.9786
vn -0.4354 0.1368 0.8898
vn -0.9061 0.2920 0.3060
vn 0.3312 0.0552 -0.9419
vn 0.2126 0.0977 -0.9722
vn -0.1999 0.1858 -0.9620
vn -0.1319 0.1798 -0.9748
vn -0.2851 0.2128 -0.9346
vn -0.5916 0.2921 -0.7514
vn -0.9023 0.2724 -0.3343
vn 0.9429 -0.1068 -0.3156
vn 0.6261 0.0147 -0.7796
vn 0.7764 0.0566 0.6277
vn 0.5571 0.0859 -0.8260
vn 0.5929 0.0109 0.8052
vn 0.5696 -0.0011 -0.8219
vn 0.7394 0.0132 0.6731
vn 0.6986 0.0362 0.7146
vn 0.9187 -0.0587 0.3906
vn 0.5562 0.0761 -0.8275
vn 0.7071 0.1201 -0.6968
vn 0.6666 -0.6889 -0.2847
vn 0.5778 -0.3033 -0.7577
vn 0.4527 -0.2041 -0.8680
vn 0.3431 -0.2617 -0.9021
vn -0.9109 -0.1004 -0.4003
vn 0.8678 -0.3286 -0.3727
vn 0.5001 -0.7582 0.4184
vn 0.6740 -0.6234 0.3963
vn 0.3080 -0.8959 0.3200
vn 0.4768 -0.8449 0.2424
vn -0.2975 -0.9379 0.1786
vn 0.0929 -0.9024 0.4208
vn -0.4149 -0.7929 0.4462
vn 0.5418 -0.8314 0.1238
vn 0.8896 -0.3925 0.2335
vn 0.2092 -0.0142 0.9778
vn -0.6159 0.1466 0.7741
vn -0.9133 0.2656 -0.3089
vn 0.9426 0.1122 0.3146
vn -0.1888 0.4955 0.8478
vn 0.0947 0.9750 0.2011
vn 0.2314 0.7859 0.5735
vn 0.2314 0.7852 0.5743
vn 0.2038 0.8306 0.5182
vn -0.0571 0.9634 0.2618
vn -0.1134 0.9788 0.1704
vn 0.8465 -0.1441 0.5125
vn 0.5791 -0.0648 0.8127
vn -0.4602 -0.0156 0.8877
vn -0.7455 -0.0652 0.6633
vn -0.9362 -0.2564 -0.2404
vn -0.4509 -0.3635 -0.8152
vn 0.3136 -0.3785 -0.8709
vn 0.7494 -0.3586 -0.5566
vn 0.7494 -0.3585 -0.5566
vn 0.8804 -0.2939 0.3723
vn 0.3794 -0.1834 0.9069
vn -0.1347 -0.1206 0.9835
vn -0.4029 -0.1211 0.9072
vn -0.9650 -0.1450 0.2185
vn -0.9242 -0.1619 -0.3459
vn -0.9242 -0.1619 -0.3460
vn -0.5345 -0.1963 -0.8220
vn 0.2163 -0.2488 -0.9441
vn 0.7399 -0.3124 -0.5958
vn 0.3005 0.0191 -0.9536
vn -0.5551 0.0584 -0.8297
vn -0.9361 0.0494 -0.3482
vn -0.7499 -0.0186 0.6612
vn -0.4462 -0.0474 0.8937
vn -0.4463 -0.0474 0.8937
vn 0.5733 -0.0990 0.8133
vn 0.8512 -0.0989 0.5154
vn 0.6786 -0.0179 -0.7343
vn 0.7440 -0.0653 -0.6649
vn 0.7441 -0.0653 -0.6649
vn 0.2349 0.0248 -0.9717
vn -0.4982 0.1069 -0.8604
vn -0.9115 0.1218 -0.3928
vn -0.9898 0.0929 0.1076
vn -0.4144 -0.0344 0.9094
vn -0.1407 -0.0722 0.9874
vn -0.1406 -0.0722 0.9874
vn 0.3950 -0.1352 0.9087
vn 0.9312 -0.1642 0.3254
vn 0.5874 -0.7266 0.3564
vn 0.3495 -0.6750 0.6498
vn 0.0060 -0.7051 0.7091
vn -0.3572 -0.8340 0.4207
vn -0.4223 -0.8913 0.1651
vn -0.0784 -0.8998 -0.4293
vn 0.2331 -0.8515 -0.4697
vn 0.5858 -0.8096 -0.0377
vn 0.4523 -0.7560 0.4732
vn 0.1762 -0.6229 0.7622
vn -0.0542 -0.5986 0.7992
vn -0.2486 -0.6560 0.7126
vn -0.4711 -0.7640 0.4409
vn -0.5130 -0.8568 -0.0514
vn -0.3637 -0.8755 -0.3183
vn 0.0755 -0.8781 -0.4726
vn 0.4304 -0.8883 -0.1600
vn 0.3506 -0.1334 0.9270
vn 0.6751 -0.1040 0.7303
vn 0.3459 0.2665 0.8996
vn 0.6110 0.2226 0.7597
vn 0.7707 0.3782 0.5128
vn 0.9451 0.1874 0.2676
vn 0.9503 -0.0948 0.2966
vn 0.8067 -0.3206 0.4965
vn 0.5886 -0.5981 0.5440
vn 0.0811 -0.4723 0.8777
vn 0.0783 -0.4724 0.8779
vn -0.0219 -0.3591 0.9331
vn 0.0531 -0.4095 0.9108
vn -0.0231 0.0962 0.9951
vn 0.8336 0.2876 0.4716
vn 0.6728 0.2642 0.6911
vn 0.0500 0.3548 0.9336
vn 0.1110 -0.2997 0.9475
vn 0.4827 0.2931 0.8253
vn 0.4647 -0.2524 0.8487
vn 0.6188 -0.2222 0.7535
vn 0.4710 0.1482 0.8696
vn 0.4173 0.4041 0.8140
vn 0.5682 0.2754 0.7754
vn 0.7574 -0.0992 0.6453
vn 0.4400 -0.1120 0.8910
vn 0.1108 -0.3878 0.9151
vn 0.7579 0.0004 0.6523
vn 0.4913 -0.1642 0.8554
vn 0.9248 -0.3025 0.2307
vn 0.9440 -0.2828 0.1698
vn 0.7301 0.6106 0.3069
vn 0.6636 0.6926 0.2825
vn 0.8156 0.5653 0.1235
vn 0.7528 -0.1735 0.6350
vn 0.2029 0.7445 0.6360
vn 0.3538 0.6772 0.6452
vn -0.4615 0.1137 0.8798
vn -0.3254 0.5921 0.7372
vn 0.5853 0.0929 0.8055
vn 0.5532 0.1006 0.8269
vn 0.5211 0.0572 0.8516
vn 0.5421 0.0375 0.8395
vn 0.4306 0.1437 0.8910
vn 0.1877 -0.0184 0.9821
vn 0.5895 0.1027 0.8012
vn 0.5997 0.0537 0.7985
vn 0.5385 0.1571 0.8279
vn 0.5032 0.1545 0.8503
vn 0.3501 -0.1884 0.9176
vn 0.5941 0.0434 0.8032
vn 0.3725 -0.2675 0.8886
vn 0.7570 0.2102 0.6187
vn 0.8024 0.0372 0.5956
vn 0.6830 -0.3600 0.6355
vn 0.8634 0.2145 0.4566
vn 0.4519 -0.2342 0.8608
vn 0.4767 -0.2175 0.8517
vn 0.0857 -0.1211 0.9889
vn 0.2367 -0.0807 0.9682
vn 0.0598 -0.0689 0.9958
vn 0.9499 -0.0971 0.2972
vn 0.9166 -0.2225 0.3322
vn 0.3714 -0.2668 0.8893
vn 0.7381 0.2352 0.6323
vn 0.7831 0.2065 0.5867
vn 0.6121 -0.3608 0.7037
vn 0.6505 -0.0319 0.7588
vn 0.4335 -0.3343 0.8369
vn 0.3769 -0.3836 0.8431
vn 0.0967 -0.2477 0.9640
vn -0.1507 -0.3382 0.9289
vn -0.1678 -0.2158 0.9619
vn -0.2327 0.0333 0.9720
vn 0.7781 0.3317 0.5333
vn 0.7647 0.2984 0.5712
vn 0.7117 0.4817 0.5113
vn 0.6795 0.4344 0.5912
vn 0.6004 0.5033 0.6215
vn 0.4286 0.2015 0.8808
vn 0.2001 0.5719 0.7956
vn 0.3303 0.2389 0.9131
vn -0.5775 0.6337 0.5147
vn -0.5661 0.6292 0.5326
vn -0.6416 -0.1383 0.7544
vn 0.4193 0.0796 0.9043
vn 0.3529 -0.4595 0.8151
vn -0.0158 0.3483 0.9373
vn -0.1035 0.4402 0.8919
vn 0.0275 0.7894 0.6132
vn 0.1010 0.5209 0.8476
vn 0.4545 0.8672 0.2036
vn 0.4363 0.8473 0.3028
vn 0.6377 0.7557 0.1492
vn 0.6533 0.7570 0.0143
vn 0.8228 0.5678 -0.0236
vn 0.8992 0.4348 0.0480
vn 0.9373 0.3476 0.0261
vn 0.9187 0.3947 -0.0169
vn 0.9952 0.0970 0.0137
vn 0.9364 -0.0914 0.3389
vn 0.9013 -0.2142 0.3766
vn -0.2439 -0.2713 0.9311
vn 0.4306 0.8983 0.0871
vn 0.4099 0.8989 0.1549
vn 0.6011 0.7873 -0.1372
vn 0.5734 0.8192 -0.0028
vn 0.6946 0.7025 -0.1549
vn 0.8334 0.5512 0.0408
vn 0.9079 0.3703 0.1963
vn 0.8763 0.4788 0.0527
vn 0.9168 0.3449 0.2011
vn 0.8209 0.1873 0.5395
vn 0.7775 0.0905 0.6223
vn 0.8092 0.1002 0.5789
vn 0.8214 0.2783 0.4979
vn 0.7456 0.2689 0.6097
vn 0.5121 0.0100 0.8588
vn 0.5060 -0.0167 0.8624
vn 0.4213 -0.0630 0.9047
vn 0.3368 -0.0702 0.9389
vn 0.3329 -0.0993 0.9377
vn 0.1677 -0.0588 0.9841
vn 0.1487 -0.0431 0.9879
vn -0.0882 -0.0167 0.9960
vn -0.1674 0.1156 0.9791
vn -0.0947 0.0691 0.9931
vn -0.1335 -0.2766 0.9517
vn -0.1554 -0.2415 0.9579
vn -0.1928 -0.0119 0.9812
vn -0.1467 -0.0437 0.9882
vn -0.1826 0.5686 0.8020
vn -0.1429 0.3915 0.9090
vn -0.2482 0.2544 0.9347
vn 0.6815 0.7205 -0.1279
vn 0.7020 0.7033 -0.1121
vn 0.7100 0.6952 -0.1125
vn 0.8424 0.4646 0.2730
vn 0.8157 0.5145 0.2645
vn 0.7689 0.4691 0.4345
vn 0.7035 0.3020 0.6434
vn 0.7122 0.3262 0.6216
vn 0.7714 0.3391 0.5385
vn 0.1335 0.1443 0.9805
vn 0.1230 0.0123 0.9923
vn 0.1099 0.1482 0.9828
vn 0.1994 0.1765 0.9639
vn 0.1634 0.0655 0.9844
vn 0.2360 0.1443 0.9610
vn 0.2533 -0.1732 0.9518
vn 0.0153 -0.0238 0.9996
vn 0.0594 0.1182 0.9912
vn -0.0664 0.2270 0.9716
vn -0.1157 0.0959 0.9886
vn 0.4913 0.8704 -0.0321
vn 0.4259 0.9012 0.0807
vn 0.4505 0.8903 0.0662
vn 0.1588 0.8707 0.4656
vn 0.2498 0.8642 0.4368
vn -0.2650 0.3593 0.8948
vn 0.0324 0.4857 0.8735
vn -0.2385 0.4164 0.8774
vn 0.5271 0.2163 0.8218
vn 0.5039 0.0210 0.8635
vn 0.3414 -0.0897 0.9356
vn 0.4400 -0.0121 0.8979
vn 0.3945 -0.0332 0.9183
vn 0.3288 -0.0426 0.9434
vn 0.2722 -0.0844 0.9585
vn 0.1487 -0.0430 0.9879
vn 0.1918 -0.0281 0.9810
vn 0.6664 0.7439 0.0506
vn 0.5261 0.5857 0.6166
vn 0.6273 0.7686 0.1260
vn 0.7185 0.6638 0.2076
vn 0.7048 0.6856 0.1820
vn 0.5420 0.4961 0.6783
vn 0.5484 0.5243 0.6515
vn 0.4207 0.3901 0.8191
vn 0.4192 0.4044 0.8128
vn 0.4116 0.3879 0.8247
vn 0.4036 0.3982 0.8237
vn 0.3705 0.2627 0.8909
vn 0.4250 0.0866 0.9010
vn 0.4747 -0.1617 0.8652
vn 0.3879 0.0182 0.9215
vn 0.6198 0.2921 0.7284
vn 0.4270 0.0864 0.9001
vn 0.3883 0.1785 0.9041
vn 0.3568 0.1627 0.9199
vn 0.3641 0.0723 0.9286
vn 0.3188 0.1207 0.9401
vn 0.3448 0.0773 0.9355
vn 0.3006 0.1262 0.9454
vn 0.2812 0.1942 0.9398
vn 0.2565 0.2115 0.9431
vn 0.2558 0.2026 0.9452
vn 0.2471 0.2183 0.9441
vn 0.2132 0.1158 0.9701
vn 0.1797 0.2065 0.9618
vn 0.1011 0.1202 0.9876
vn 0.1001 0.1287 0.9866
vn 0.3017 0.0365 0.9527
vn 0.5963 0.7675 0.2353
vn 0.6645 0.7421 0.0874
vn 0.4953 0.6075 0.6210
vn 0.4274 0.5809 0.6927
vn 0.3365 0.4293 0.8382
vn 0.3411 0.5536 0.7597
vn 0.2722 0.4513 0.8499
vn 0.2881 0.4065 0.8670
vn 0.1725 0.0931 0.9806
vn 0.2826 0.1667 0.9446
vn 0.1757 -0.0881 0.9805
vn 0.0501 0.1714 0.9839
vn 0.2222 0.4361 0.8720
vn 0.0443 0.0846 0.9954
vn 0.3857 0.7842 0.4861
vn 0.1831 0.9252 0.3325
vn -0.0466 0.6410 0.7661
vn -0.1623 0.0603 0.9849
vn 0.0582 0.4719 0.8797
vn -0.0152 0.1703 0.9853
vn -0.2821 0.4010 0.8716
vn 0.5728 0.8187 0.0406
vn 0.4912 0.8595 0.1409
vn 0.2998 0.7386 0.6038
vn 0.4469 0.7596 0.4726
vn 0.2209 0.6859 0.6934
vn 0.2510 0.6068 0.7542
vn 0.0685 0.5244 0.8487
vn 0.1684 0.5666 0.8066
vn 0.1159 0.1263 0.9852
vn -0.0436 -0.0059 0.9990
vn -0.0201 0.4793 0.8774
vn 0.1204 0.1492 0.9814
vn -0.0224 0.2391 0.9707
vn -0.1230 0.1127 0.9860
vn 0.4718 0.8039 0.3621
vn 0.4312 0.8650 0.2565
vn 0.6615 0.7499 0.0075
vn 0.8171 0.5460 -0.1849
vn 0.6322 0.6744 0.3814
vn 0.6359 0.6328 0.4418
vn 0.3372 0.9404 0.0450
vn 0.4480 0.8827 0.1417
vn 0.3025 0.8915 0.3373
vn 0.2740 0.9155 0.2946
vn 0.2846 0.6895 0.6660
vn 0.2294 0.6814 0.6951
vn 0.4476 0.5819 0.6790
vn 0.5007 0.5777 0.6446
vn 0.6200 0.2206 0.7530
vn 0.4812 0.5594 0.6749
vn 0.8173 0.0532 0.5738
vn 0.9621 0.2227 -0.1576
vn 0.9509 0.0051 -0.3094
vn 0.8473 0.1095 0.5197
vn 0.9238 -0.2357 -0.3018
vn 0.8608 -0.3097 -0.4038
vn 0.8819 -0.2515 -0.3988
vn 0.8732 -0.3381 -0.3509
vn 0.7340 -0.5942 -0.3290
vn 0.7174 -0.6076 -0.3409
vn 0.7647 -0.6299 -0.1360
vn 0.6745 -0.7339 -0.0807
vn 0.9028 -0.4292 -0.0257
vn 0.9100 -0.4134 -0.0314
vn 0.5115 -0.3652 0.7778
vn 0.5632 -0.4549 0.6899
vn 0.5231 -0.4371 0.7317
vn 0.7588 -0.1854 0.6244
vn 0.8355 -0.4371 0.3330
vn 0.7490 -0.5145 0.4175
vn 0.7344 -0.4113 0.5400
vn 0.3245 -0.9334 0.1532
vn 0.5783 -0.7938 0.1884
vn 0.2317 -0.8756 0.4238
vn 0.1664 -0.8882 0.4283
vn 0.6072 -0.1828 0.7732
vn 0.4730 -0.3009 0.8281
vn 0.2776 0.0283 0.9603
vn 0.3078 0.0341 0.9508
vn 0.2928 0.1387 0.9461
vn 0.1260 0.2756 0.9530
vn 0.2799 0.3899 0.8773
vn 0.1524 0.3171 0.9361
vn 0.1270 0.8141 0.5666
vn 0.5041 0.7783 0.3743
vn 0.3613 0.7851 0.5030
vn 0.7700 0.5226 0.3660
vn 0.9200 0.2319 0.3160
vn 0.9139 -0.1318 0.3839
vn -0.0577 -0.6852 0.7260
vn -0.1612 -0.6223 0.7660
vn -0.1769 -0.6198 0.7646
vn -0.2549 -0.2795 0.9257
vn 0.5596 -0.7487 0.3554
vn 0.0704 -0.7306 0.6792
vn 0.0544 -0.8925 0.4477
vn 0.1463 -0.8834 0.4453
vn 0.1180 -0.9114 0.3943
vn 0.3003 -0.8798 0.3685
vn 0.2194 -0.4031 0.8885
vn 0.3794 0.2033 0.9026
vn 0.4863 0.3119 0.8163
vn 0.0124 0.4146 0.9099
vn 0.1720 0.2644 0.9489
vn -0.1216 0.3870 0.9140
vn -0.1974 -0.0676 0.9780
vn 0.1797 -0.3981 0.8996
vn 0.1563 -0.3402 0.9273
vn 0.1797 -0.4200 0.8896
vn 0.1111 -0.3025 0.9467
vn -0.0593 -0.2682 0.9615
vn 0.0041 -0.4255 0.9049
vn 0.0093 -0.4284 0.9035
vn -0.1468 -0.1718 0.9741
vn -0.2983 -0.0566 0.9528
vn -0.3767 -0.2166 0.9007
vn -0.0406 -0.5035 0.8631
vn -0.0412 -0.4998 0.8652
vn 0.1416 -0.0460 0.9889
vn 0.0714 -0.1934 0.9785
vn 0.1154 -0.1616 0.9801
vn -0.2574 -0.7276 0.6358
vn -0.0628 -0.8037 0.5917
vn 0.1473 -0.2288 0.9623
vn 0.2409 -0.1045 0.9649
vn 0.1878 -0.2590 0.9475
vn 0.2167 -0.1955 0.9565
vn -0.0288 -0.8743 0.4846
vn 0.2252 -0.8272 0.5148
vn 0.0066 -0.7980 0.6026
vn 0.0669 -0.7762 0.6270
vn 0.1793 -0.7705 0.6117
vn 0.2060 -0.7987 0.5654
vn 0.2420 -0.0413 0.9694
vn 0.2332 -0.0567 0.9708
vn 0.1694 -0.3488 0.9218
vn 0.2430 -0.2104 0.9470
vn 0.1541 -0.7933 0.5890
vn 0.1344 -0.7873 0.6017
vn 0.1507 -0.7791 0.6086
vn 0.5607 -0.5220 0.6428
vn 0.6827 -0.2648 0.6810
vn 0.8503 -0.4037 -0.3377
vn 0.7351 -0.6773 -0.0293
vn 0.9143 -0.3564 -0.1922
vn 0.7246 -0.6557 -0.2121
vn 0.6768 -0.6863 -0.2663
vn 0.4818 -0.7627 0.4315
vn 0.4873 -0.7893 0.3734
vn 0.4425 -0.8641 -0.2397
vn 0.0813 -0.9949 0.0596
vn 0.3205 -0.9472 0.0089
vn 0.0170 -0.9990 -0.0420
vn -0.0474 -0.9761 0.2123
vn 0.0276 -0.9824 0.1849
vn 0.1668 -0.9763 -0.1377
vn 0.1565 -0.9798 -0.1245
vn -0.0685 -0.9614 0.2665
vn 0.0314 -0.9820 0.1865
vn -0.0411 -0.8949 0.4445
vn 0.1460 -0.9030 0.4040
vn 0.0836 -0.9912 -0.1022
vn -0.0887 -0.9938 0.0673
vn -0.0084 -0.9989 -0.0458
vn -0.0088 -0.9861 -0.1660
vn -0.1833 -0.9819 0.0475
vn -0.0028 -0.9954 0.0962
vn 0.0981 -0.8423 0.5301
vn 0.1866 -0.7145 0.6743
vn 0.3250 -0.8422 0.4301
vn 0.2251 -0.9734 0.0424
vn 0.2252 -0.9734 0.0421
vn 0.1448 -0.9787 -0.1455
vn 0.1541 -0.9787 -0.1358
vn 0.1548 -0.9863 0.0572
vn 0.1537 -0.9863 0.0598
vn 0.2039 -0.9780 0.0446
vn 0.1677 -0.9715 0.1676
vn 0.1791 -0.9769 -0.1166
vn 0.1980 -0.9670 -0.1601
vn 0.2182 -0.5485 0.8072
vn 0.3368 -0.7221 0.6042
vn 0.2260 -0.5479 0.8054
vn 0.2348 -0.5654 0.7907
vn 0.2494 -0.3625 0.8980
vn 0.2350 -0.3883 0.8911
vn 0.2058 -0.8247 0.5269
vn 0.1877 -0.7817 0.5947
vn 0.2881 -0.1493 0.9459
vn 0.3509 -0.3420 0.8717
vn 0.2503 -0.5353 0.8067
vn 0.3483 -0.3655 0.8632
vn 0.1907 -0.7666 0.6132
vn 0.2051 -0.8247 0.5271
vn 0.3445 -0.1429 0.9278
vn 0.2931 -0.0150 0.9560
vn 0.1307 -0.5494 0.8252
vn 0.1261 -0.5024 0.8554
vn 0.0063 -0.7617 0.6480
vn 0.0036 -0.7635 0.6458
vn -0.0101 -0.6859 0.7276
vn -0.0183 -0.6358 0.7716
vn 0.1276 -0.9853 -0.1136
vn 0.1911 -0.9816 0.0005
vn 0.0692 -0.9635 0.2585
vn 0.1057 -0.9767 0.1869
vn -0.0187 -0.6369 0.7707
vn 0.0504 -0.6630 0.7469
vn 0.0531 -0.6265 0.7776
vn 0.0127 -0.5574 0.8301
vn 0.0287 -0.6905 0.7227
vn -0.0118 -0.4439 0.8960
vn -0.0498 -0.0975 0.9940
vn -0.0520 -0.5305 0.8461
vn -0.0708 -0.5031 0.8613
vn -0.1015 -0.5875 0.8029
vn -0.2550 -0.2027 0.9455
vn -0.4127 -0.3491 0.8413
vn -0.0783 -0.7311 0.6777
vn -0.2378 -0.5457 0.8036
vn -0.2517 -0.6494 0.7176
vn -0.4876 -0.3658 0.7928
vn -0.3474 -0.2347 0.9079
vn -0.0481 -0.0986 0.9940
vn -0.0465 -0.0957 0.9943
vn 0.0779 -0.0231 0.9967
vn 0.1291 0.1286 0.9832
vn 0.1434 0.1083 0.9837
vn 0.2873 0.2245 0.9312
vn 0.2447 0.2553 0.9354
vn 0.2864 0.2187 0.9328
vn -0.1412 0.3346 0.9317
vn 0.1720 0.0248 0.9848
vn -0.4781 0.1602 0.8636
vn -0.4516 0.1879 0.8722
vn -0.2992 0.1590 0.9408
vn -0.4618 0.0505 0.8856
vn -0.1491 0.1792 0.9725
vn -0.4419 0.0001 0.8971
vn -0.6069 -0.0121 0.7947
vn -0.6709 -0.0630 0.7388
vn -0.1200 0.1139 0.9862
vn -0.1225 0.1121 0.9861
vn -0.7232 0.0684 0.6872
vn -0.5555 0.1809 0.8116
vn 0.6392 0.7637 -0.0904
vn 0.6119 0.7839 -0.1052
vn 0.6172 0.7859 0.0383
vn 0.5157 0.8457 0.1373
vn 0.3913 0.9182 0.0616
vn 0.5285 0.8487 0.0185
vn 0.5418 0.8400 0.0280
vn 0.4310 0.9020 -0.0260
vn 0.4576 0.8892 0.0005
vn 0.5084 0.8511 0.1308
vn 0.4575 0.8892 -0.0004
vn 0.6346 0.7586 -0.1476
vn 0.5444 0.7203 0.4299
vn 0.0569 0.9974 0.0448
vn 0.1383 0.9828 0.1227
vn 0.0605 0.9945 -0.0853
vn 0.0225 0.9997 0.0081
vn 0.0726 0.9919 -0.1041
vn -0.0325 0.9596 -0.2796
vn 0.2610 0.9041 0.3384
vn 0.0782 0.9965 0.0279
vn 0.6071 0.7259 0.3232
vn 0.5931 0.7861 0.1738
vn 0.2988 0.9383 -0.1740
vn 0.2731 0.9423 -0.1936
vn 0.6127 0.7635 -0.2044
vn 0.6608 0.7341 -0.1562
vn 0.2278 0.8996 -0.3726
vn 0.4066 0.8758 -0.2601
vn 0.6613 0.7070 -0.2508
vn 0.6436 0.7174 -0.2666
vn 0.3895 0.8110 -0.4366
vn 0.2477 0.8515 -0.4622
vn 0.5875 0.6208 -0.5191
vn 0.4145 0.6859 -0.5981
vn 0.0294 0.9230 -0.3837
vn 0.1670 0.6941 -0.7003
vn 0.3482 0.6420 -0.6831
vn 0.3489 0.5073 -0.7880
vn 0.0469 0.9332 -0.3564
vn 0.0625 0.8923 -0.4470
vn 0.2992 0.6368 -0.7106
vn 0.2849 0.4559 -0.8432
vn 0.6028 0.7921 0.0961
vn 0.6319 0.7538 0.1800
vn 0.6463 0.7619 0.0419
vn 0.6064 0.7951 0.0043
vn 0.6620 0.7377 0.1328
vn 0.6201 0.6586 0.4263
vn 0.7488 0.6110 0.2567
vn 0.7874 0.6154 0.0344
vn 0.9151 0.3968 -0.0716
vn 0.9730 0.2263 -0.0459
vn 0.9018 0.3758 -0.2136
vn 0.8527 0.0238 -0.5219
vn 0.8771 -0.0062 -0.4804
vn 0.7977 -0.1269 -0.5895
vn 0.8383 -0.0255 -0.5446
vn 0.5374 0.0121 -0.8432
vn 0.3812 -0.1902 -0.9047
vn 0.2280 -0.0569 -0.9720
vn 0.2348 -0.0468 -0.9709
vn 0.0503 0.5380 -0.8414
vn 0.1500 0.4453 -0.8827
vn -0.0240 0.8076 -0.5892
vn -0.0628 0.8359 -0.5453
vn 0.0075 -0.0997 -0.9950
vn 0.0041 -0.0968 -0.9953
vn -0.0115 0.4231 -0.9060
vn 0.1463 0.6844 -0.7143
vn 0.0661 0.7601 -0.6464
vn 0.1336 0.8547 -0.5015
vn -0.1826 -0.0508 -0.9819
vn -0.1140 0.0318 -0.9930
vn -0.2158 0.4847 -0.8476
vn -0.1527 0.5971 -0.7875
vn -0.0291 0.8930 -0.4491
vn -0.1988 0.7077 -0.6780
vn -0.1618 0.8685 -0.4686
vn -0.1758 0.4966 -0.8500
vn -0.0701 0.0319 -0.9970
vn 0.6200 0.6576 0.4281
vn 0.6908 0.4704 0.5491
vn 0.9717 0.1446 0.1869
vn 0.9511 0.0957 0.2936
vn 0.9997 -0.0006 0.0232
vn 0.9639 -0.0000 -0.2663
vn 0.8928 -0.3239 -0.3130
vn 0.2864 -0.8526 0.4370
vn 0.2567 -0.8351 0.4866
vn 0.4600 -0.8285 0.3193
vn 0.3170 -0.5985 0.7358
vn 0.2211 -0.9372 0.2699
vn 0.4505 -0.8307 0.3272
vn 0.6089 -0.4804 -0.6312
vn 0.7973 0.1355 -0.5882
vn 0.5310 -0.8167 0.2257
vn 0.4064 -0.8918 0.1987
vn 0.3618 -0.0074 -0.9322
vn 0.3135 -0.1695 -0.9343
vn 0.3001 -0.9496 -0.0909
vn 0.3235 -0.9414 -0.0958
vn 0.3620 -0.2130 -0.9075
vn 0.2241 -0.0451 -0.9735
vn 0.3206 -0.9421 -0.0985
vn 0.2605 -0.9646 -0.0417
vn 0.2356 -0.9719 -0.0005
vn 0.1941 -0.9800 -0.0440
vn 0.2399 -0.9708 -0.0022
vn 0.1863 -0.9679 0.1686
vn 0.2188 -0.4361 -0.8729
vn 0.0307 -0.2923 -0.9558
vn -0.0474 -0.6255 -0.7788
vn 0.0030 -0.4818 -0.8763
vn 0.0419 -0.9132 0.4055
vn 0.2454 -0.9523 0.1815
vn 0.3379 -0.8863 0.3166
vn 0.2551 -0.9491 0.1847
vn 0.2825 -0.8808 0.3800
vn 0.2550 -0.9061 0.3376
vn -0.1281 -0.6811 0.7209
vn 0.3052 -0.7930 0.5273
vn -0.2421 -0.7252 0.6446
vn -0.1686 -0.7249 0.6679
vn -0.2878 -0.7868 0.5461
vn -0.2298 -0.8508 0.4726
vn -0.1426 -0.8695 0.4729
vn -0.2266 -0.7599 0.6093
vn -0.2219 -0.5245 0.8220
vn -0.1415 -0.8684 0.4753
vn 0.5763 -0.8167 0.0298
vn 0.3326 -0.3776 0.8642
vn 0.2389 -0.2486 0.9387
vn 0.2386 -0.3016 0.9231
vn 0.1983 -0.2708 0.9420
vn 0.0070 -0.4308 0.9024
vn -0.1074 -0.2964 0.9490
vn -0.2395 -0.3503 0.9055
vn -0.4534 -0.1011 0.8856
vn -0.6137 -0.0939 0.7840
vn -0.5946 -0.1180 0.7953
vn -0.7981 -0.1676 0.5787
vn -0.7282 -0.4063 0.5520
vn 0.5726 -0.1886 0.7979
vn -0.8092 -0.5059 0.2987
vn -0.7676 -0.5068 0.3923
vn -0.6921 -0.1989 0.6939
vn -0.8915 -0.0975 0.4423
vn -0.6832 -0.0038 0.7302
vn -0.6061 -0.1204 0.7862
vn -0.4439 -0.1350 0.8858
vn -0.3806 0.0900 0.9203
vn -0.2399 0.0941 0.9662
vn -0.1234 -0.1361 0.9830
vn -0.8305 -0.0701 0.5526
vn -0.8316 -0.0379 0.5540
vn -0.9435 -0.1043 0.3145
vn -0.9724 -0.0308 0.2314
vn -0.9020 -0.0574 0.4280
vn -0.9828 0.1232 0.1375
vn -0.9454 0.2477 0.2118
vn -0.9096 0.1615 0.3829
vn -0.9644 0.2202 0.1464
vn -0.9456 0.2605 0.1948
vn 0.2339 -0.1758 0.9562
vn 0.0874 -0.4046 0.9103
vn 0.2458 -0.4380 0.8647
vn 0.3474 -0.2304 0.9090
vn -0.1788 0.9839 0.0068
vn -0.3034 0.9465 0.1098
vn -0.1517 0.9876 0.0415
vn -0.1459 0.9344 0.3249
vn -0.3817 0.9191 -0.0978
vn -0.3773 0.9044 -0.1992
vn -0.3592 0.9331 -0.0176
vn -0.3197 0.9474 0.0174
vn -0.3737 0.9214 -0.1070
vn -0.5221 0.8492 0.0790
vn -0.1423 0.9896 -0.0228
vn -0.1676 0.9608 -0.2210
vn -0.0566 0.9885 -0.1402
vn -0.0581 0.9811 -0.1844
vn -0.0667 0.9633 -0.2600
vn -0.1110 0.9592 -0.2599
vn -0.5126 0.8128 -0.2767
vn -0.1938 0.9664 -0.1690
vn -0.6562 0.5482 0.5186
vn -0.3994 0.4309 0.8092
vn -0.9281 0.3559 0.1094
vn -0.7277 0.6849 0.0379
vn -0.6176 0.7855 0.0393
vn -0.6772 0.7356 0.0168
vn -0.4931 0.7710 0.4029
vn -0.4886 0.7291 0.4792
vn -0.7727 0.6305 0.0737
vn -0.7654 0.6386 -0.0795
vn -0.7820 0.5994 0.1708
vn -0.7641 0.6386 0.0918
vn -0.7746 0.6064 0.1798
vn -0.7060 0.7028 -0.0867
vn -0.2023 0.9574 -0.2061
vn -0.0439 0.9774 -0.2066
vn -0.7386 0.6555 -0.1578
vn -0.8559 0.4848 0.1799
vn -0.8211 0.5053 0.2654
vn -0.6652 0.7147 0.2162
vn -0.5367 0.7623 0.3618
vn -0.5652 0.7367 0.3712
vn -0.3878 0.8093 0.4412
vn -0.3133 0.8683 0.3846
vn 0.0015 0.9997 0.0240
vn -0.0083 0.9999 0.0103
vn -0.0424 0.9985 0.0335
vn 0.0027 0.9958 -0.0914
vn -0.0497 0.9969 -0.0617
vn -0.1669 0.9001 0.4025
vn -0.3377 0.6999 0.6293
vn 0.1404 0.5820 0.8010
vn -0.0040 0.7728 0.6347
vn 0.1462 0.5829 0.7993
vn 0.1830 0.7848 0.5921
vn 0.2463 0.8046 0.5403
vn -0.4536 0.8689 0.1983
vn -0.4105 0.8811 0.2349
vn -0.5223 0.6777 0.5176
vn -0.4787 0.7363 0.4783
vn 0.0706 0.8166 0.5729
vn -0.7943 0.5574 0.2417
vn -0.3931 0.6877 0.6104
vn -0.1096 0.9178 0.3815
vn -0.3786 0.7405 0.5553
vn -0.5882 0.7410 0.3239
vn -0.4970 0.7756 0.3891
vn -0.8509 0.4011 0.3393
vn -0.8506 0.4187 0.3180
vn -0.8852 -0.0840 0.4576
vn -0.6580 0.4917 0.5704
vn -0.6518 0.5024 0.5681
vn -0.1640 0.9652 0.2038
vn -0.0818 0.9641 0.2525
vn -0.4905 0.8317 0.2603
vn -0.5924 0.7031 0.3933
vn -0.8626 0.4210 0.2803
vn -0.8685 0.3724 0.3271
vn -0.1644 0.9714 0.1713
vn -0.1238 0.9867 0.1056
vn -0.4916 0.8358 0.2446
vn -0.7216 0.4193 0.5509
vn -0.7758 0.2890 0.5609
vn -0.7757 0.3112 0.5491
vn 0.3718 0.9179 -0.1388
vn -0.1412 0.9514 0.2738
vn -0.4875 0.1314 0.8632
vn 0.0471 0.9974 0.0547
vn -0.1034 0.8497 0.5171
vn -0.0856 0.9488 -0.3040
vn 0.0748 0.9942 0.0771
vn -0.3669 0.9296 0.0362
vn -0.2968 0.9292 -0.2201
vn -0.8240 0.4481 0.3467
vn -0.7203 0.6695 0.1817
vn -0.1250 0.9255 -0.3575
vn -0.1198 0.9398 -0.3199
vn -0.4879 0.8543 -0.1790
vn -0.4667 0.8506 -0.2421
vn -0.9196 0.3584 0.1611
vn -0.8239 0.4477 0.3475
vn -0.9464 0.3016 -0.1157
vn -0.7623 0.6128 -0.2083
vn -0.4778 0.7599 -0.4407
vn -0.7645 0.6441 -0.0272
vn -0.7621 0.6130 -0.2087
vn -0.2029 0.9001 -0.3855
vn -0.2018 0.9229 -0.3279
vn 0.0966 0.9066 -0.4108
vn -0.5326 0.8450 -0.0477
vn 0.0072 0.9580 -0.2866
vn -0.7631 0.6117 -0.2088
vn -0.4850 0.8103 -0.3289
vn -0.7502 0.6027 -0.2718
vn -0.9415 0.3021 -0.1493
vn -0.9190 0.3216 -0.2282
vn -0.8960 0.4252 -0.1281
vn -0.8588 0.5115 -0.0274
vn -0.8605 0.5094 -0.0004
vn -0.9135 0.2259 0.3383
vn -0.7928 0.3323 0.5110
vn -0.9231 0.3210 0.2117
vn -0.8063 0.4872 0.3354
vn -0.9077 0.4001 -0.1268
vn -0.8924 0.4393 -0.1032
vn -0.9255 0.3779 0.0253
vn -0.9396 0.3116 -0.1414
vn -0.9516 0.2988 0.0721
vn -0.9940 -0.1091 0.0034
vn -0.9593 0.2555 -0.1203
vn -0.9768 -0.2142 -0.0095
vn -0.9734 0.0152 0.2287
vn -0.8935 -0.3275 0.3073
vn -0.8464 -0.4612 0.2664
vn -0.8752 -0.4053 0.2640
vn -0.8743 -0.4740 0.1044
vn -0.8507 -0.4410 0.2860
vn -0.9976 -0.0533 0.0434
vn -0.9938 -0.1116 -0.0020
vn -0.7682 -0.4034 0.4971
vn -0.8595 -0.3988 0.3197
vn -0.8089 -0.4482 0.3805
vn -0.8690 -0.4313 0.2425
vn -0.5636 -0.7366 0.3740
vn -0.5546 -0.7612 0.3362
vn -0.5552 -0.7907 0.2580
vn -0.9718 -0.2328 0.0381
vn -0.9716 -0.0331 0.2341
vn -0.8404 -0.3129 0.4425
vn -0.8472 -0.3936 0.3568
vn -0.8385 -0.3101 0.4481
vn -0.5434 -0.7913 0.2803
vn -0.8040 -0.5945 0.0128
vn -0.7789 -0.6262 -0.0352
vn -0.7775 -0.6247 -0.0723
vn 0.4607 -0.0896 0.8830
vn 0.6627 0.0188 0.7486
vn 0.5988 -0.0797 0.7969
vn 0.5972 0.1696 0.7840
vn 0.0092 0.4811 0.8766
vn -0.0570 0.4267 0.9026
vn 0.4325 0.4273 0.7939
vn 0.3612 0.4374 0.8235
vn 0.9422 -0.1006 0.3195
vn 0.9445 -0.1034 0.3118
vn 0.7149 -0.6789 0.1676
vn 0.5256 0.7188 0.4550
vn 0.8510 0.3989 0.3417
vn 0.9257 -0.1560 0.3445
vn 0.9003 0.0394 0.4334
vn 0.8732 -0.2890 0.3925
vn 0.8825 -0.4002 0.2470
vn 0.9684 0.1662 0.1857
vn 0.8298 -0.3489 0.4355
vn 0.9010 -0.0803 -0.4263
vn 0.8107 0.2754 -0.5166
vn 0.6264 0.6583 0.4173
vn 0.2358 0.9717 0.0153
vn 0.7215 0.6352 0.2758
vn 0.6780 0.5048 -0.5344
vn 0.7895 0.4239 -0.4439
vn 0.8507 -0.1040 0.5153
vn 0.7555 0.4607 -0.4657
vn 0.7934 0.4617 -0.3966
vn 0.7505 0.6602 -0.0288
vn 0.8667 0.3853 0.3170
vn 0.8097 0.4775 0.3412
vn 0.7659 0.3003 0.5685
vn 0.8699 0.4011 0.2869
vn 0.8409 0.4537 0.2951
vn 0.9140 0.0364 0.4040
vn 0.5552 -0.8304 0.0473
vn 0.5952 -0.5660 0.5705
vn 0.4949 -0.7119 0.4983
vn 0.5268 -0.6748 0.5168
vn 0.6016 -0.5736 0.5559
vn 0.4565 -0.5694 0.6837
vn 0.3863 -0.6541 0.6504
vn 0.9545 -0.2496 0.1633
vn 0.9541 -0.2687 0.1321
vn 0.3875 -0.7599 0.5219
vn 0.9428 -0.3093 -0.1241
vn 0.6729 0.6992 -0.2415
vn 0.3296 -0.3838 0.8626
vn -0.1274 -0.6901 0.7124
vn 0.3610 -0.7595 0.5411
vn 0.3860 -0.7581 0.5257
vn 0.3435 -0.8188 0.4600
vn 0.0571 -0.6881 0.7234
vn 0.1349 -0.6865 0.7145
vn 0.0481 -0.6059 0.7941
vn 0.8210 -0.5557 0.1307
vn 0.7586 -0.5818 0.2932
vn 0.8234 -0.5471 0.1504
vn 0.8851 -0.4551 0.0973
vn 0.7464 -0.5166 0.4196
vn 0.8989 -0.4116 0.1503
vn 0.8664 -0.4357 0.2439
vn 0.8664 -0.4362 0.2432
vn 0.7101 -0.5657 0.4193
vn 0.9509 -0.2984 0.0820
vn 0.9645 -0.2293 0.1308
vn 0.9535 -0.2781 0.1165
vn 0.9564 -0.2885 0.0459
vn 0.9415 -0.3207 0.1033
vn 0.9446 -0.2826 0.1670
vn 0.9640 -0.2535 0.0807
vn 0.9629 -0.1549 0.2208
vn 0.9849 0.1549 0.0775
vn 0.9526 0.2598 0.1586
vn 0.9846 0.1361 -0.1098
vn 0.9850 0.1321 -0.1112
vn 0.9807 0.1810 0.0733
vn 0.9934 -0.1146 -0.0086
vn 0.9808 -0.0316 0.1927
vn 0.9654 -0.1520 0.2120
vn 0.9618 -0.2617 0.0805
vn 0.9139 -0.2493 0.3204
vn 0.9083 -0.2319 0.3482
vn -0.4591 0.2505 0.8524
vn -0.4788 0.2819 0.8314
vn -0.4539 0.3037 0.8377
vn -0.4121 0.1140 0.9040
vn -0.0941 0.4147 0.9051
vn -0.1179 0.2441 0.9626
vn 0.2942 0.0911 0.9514
vn 0.2943 0.0903 0.9514
vn -0.1414 0.3385 0.9303
vn -0.0679 -0.2161 0.9740
vn 0.1521 -0.5139 0.8442
vn 0.1450 -0.3876 0.9104
vn 0.0431 -0.2334 0.9714
vn 0.2213 0.6639 0.7143
vn 0.9376 0.2567 0.2345
vn 0.8966 0.2398 -0.3724
vn 0.4367 -0.8814 0.1803
vn 0.8311 -0.5238 0.1869
vn 0.7533 -0.6313 0.1844
vn 0.0439 0.7187 0.6939
vn 0.9372 -0.3058 0.1677
vn 0.9880 -0.1294 0.0845
vn 0.2178 -0.4870 0.8458
vn 0.3493 -0.3260 0.8785
vn 0.9447 0.2603 0.1997
vn 0.7746 0.5139 0.3685
vn 0.2938 -0.7744 0.5604
vn 0.7349 -0.5176 0.4382
vn 0.0388 0.7250 0.6877
vn -0.0143 0.7719 0.6356
vn 0.4093 -0.0587 0.9105
vn 0.2469 -0.3735 0.8942
vn 0.1375 -0.0550 0.9890
vn 0.1198 0.0841 0.9892
vn -0.2363 -0.0139 0.9716
vn -0.3666 0.0125 0.9303
vn -0.0616 -0.1398 0.9883
vn 0.4695 -0.2471 0.8477
vn 0.3368 0.4066 0.8492
vn 0.2339 0.2593 0.9370
vn -0.1370 -0.3355 0.9320
vn 0.7357 0.2238 0.6393
vn 0.6782 -0.3526 0.6447
vn 0.5498 -0.0778 0.8317
vn 0.9411 0.0268 0.3370
vn 0.9064 0.0704 0.4165
vn 0.8440 -0.1109 0.5248
vn 0.3140 0.7952 0.5187
vn 0.1085 0.8988 0.4247
vn 0.0803 0.7543 0.6516
vn 0.8359 0.1087 0.5381
vn 0.8582 0.2186 0.4644
vn 0.2776 0.0516 0.9593
vn 0.7831 -0.0495 0.6199
vn 0.9367 -0.2360 0.2587
vn 0.9827 -0.0595 -0.1751
vn 0.5965 -0.8021 0.0284
vn 0.9902 -0.0500 0.1301
vn 0.9856 -0.0753 0.1515
vn 0.9967 0.0467 -0.0665
vn 0.9828 -0.1182 -0.1418
vn 0.9693 0.0931 0.2275
vn 0.9675 -0.0474 0.2485
vn 0.9454 -0.0631 0.3196
vn 0.9692 -0.0629 0.2381
vn 0.9351 -0.2161 0.2809
vn 0.5808 -0.2374 0.7786
vn -0.9542 0.0085 0.2992
vn -0.4936 -0.2392 0.8362
vn 0.2388 -0.9710 0.0070
vn 0.2884 -0.9551 -0.0678
vn -0.1945 0.4180 0.8874
vn -0.1779 0.1264 0.9759
vn -0.2485 0.0553 0.9670
vn -0.1666 0.0221 0.9858
vn -0.0387 0.1207 0.9919
vn -0.0778 -0.1734 0.9818
vn -0.0654 -0.1757 0.9823
vn -0.1406 -0.3803 0.9141
vn 0.1356 -0.4593 0.8779
vn 0.1911 -0.5832 0.7895
vn 0.1821 -0.5802 0.7939
vn 0.3017 -0.8995 0.3160
vn 0.2570 -0.8858 0.3865
vn -0.6140 0.6312 0.4739
vn -0.6423 0.5680 0.5147
vn -0.5505 0.7985 0.2438
vn -0.5788 0.7841 0.2242
vn -0.6340 0.6454 0.4260
vn 0.0600 -0.0463 0.9971
vn -0.3538 0.0363 0.9346
vn -0.3544 0.0959 0.9302
vn -0.8221 0.0877 0.5626
vn -0.6089 0.4493 0.6537
vn 0.2445 -0.5706 -0.7840
vn 0.5454 -0.8342 -0.0817
vn 0.2126 -0.8977 0.3858
vn -0.9629 -0.1728 0.2072
vn -0.8912 -0.0825 0.4460
vn -0.9820 -0.0200 0.1880
vn -0.9835 -0.0168 0.1800
vn -0.2965 -0.9508 0.0904
vn -0.2050 -0.9545 0.2166
vn -0.1215 -0.9919 0.0383
vn 0.0335 -0.9788 0.2019
vn -0.4053 -0.9142 -0.0059
vn -0.4843 -0.8739 0.0431
vn -0.3716 -0.9284 0.0066
vn -0.1371 -0.8839 0.4472
vn -0.2372 -0.9574 0.1646
vn 0.0035 0.0527 0.9986
vn -0.9265 -0.3560 0.1219
vn 0.7497 0.5840 -0.3112
vn 0.0330 0.9242 -0.3805
vn 0.7868 0.0089 0.6171
vn 0.9466 -0.1316 0.2942
vn 0.1654 -0.4502 -0.8775
vn 0.3741 -0.3887 -0.8420
vn -0.1013 -0.3156 -0.9435
vn -0.0407 -0.3016 -0.9526
vn 0.8473 0.5311 -0.0000
vt 0.000000 0.000000
vt 0.707358 0.994697
vt 0.695640 0.997357
vt 0.695640 0.970393
vt 0.814477 0.607801
vt 0.820606 0.568750
vt 0.824634 0.597610
vt 0.836098 0.588610
vt 0.845424 0.609683
vt 0.835027 0.558883
vt 0.847180 0.580139
vt 0.861867 0.604885
vt 0.814477 0.531054
vt 0.827707 0.531502
vt 0.826462 0.961302
vt 0.829569 0.970303
vt 0.814827 0.974509
vt 0.829273 0.995454
vt 0.815863 0.995454
vt 0.644796 0.957668
vt 0.644796 0.940682
vt 0.671958 0.948396
vt 0.666404 0.929792
vt 0.670310 0.975094
vt 0.646503 0.971291
vt 0.704327 0.938920
vt 0.695640 0.916318
vt 0.710932 0.916433
vt 0.723966 0.929517
vt 0.695640 0.970393
vt 0.713894 0.970393
vt 0.732329 0.945093
vt 0.734357 0.968537
vt 0.952118 0.658669
vt 0.941624 0.660177
vt 0.934763 0.624403
vt 0.950188 0.715745
vt 0.950341 0.763037
vt 0.934763 0.720983
vt 0.936829 0.764125
vt 0.936431 0.695969
vt 0.948855 0.686574
vt 0.999660 0.067561
vt 0.991094 0.053532
vt 0.999660 0.037808
vt 0.965355 0.939418
vt 0.972935 0.939339
vt 0.964625 0.966278
vt 0.975743 0.956379
vt 0.976993 0.242819
vt 0.992835 0.216955
vt 0.992835 0.247350
vt 0.962508 0.576430
vt 0.978248 0.550424
vt 0.978248 0.588347
vt 0.965596 0.618937
vt 0.951222 0.580660
vt 0.971858 0.550728
vt 0.975743 0.900666
vt 0.961741 0.904700
vt 0.940317 0.774463
vt 0.917850 0.794839
vt 0.917850 0.767593
vt 0.962351 0.875313
vt 0.989884 0.795718
vt 0.989884 0.760136
vt 0.998924 0.780663
vt 0.992190 0.171088
vt 0.992190 0.216955
vt 0.978267 0.172873
vt 0.976993 0.211730
vt 0.985992 0.417480
vt 0.985992 0.450728
vt 0.958790 0.425962
vt 0.961567 0.413903
vt 0.621847 0.775956
vt 0.606368 0.736841
vt 0.631364 0.733192
vt 0.633511 0.506442
vt 0.615303 0.579926
vt 0.611123 0.508619
vt 0.583494 0.578503
vt 0.586465 0.516188
vt 0.632458 0.442979
vt 0.613353 0.437211
vt 0.626676 0.395709
vt 0.612107 0.396308
vt 0.585815 0.388374
vt 0.593466 0.440704
vt 0.567461 0.451056
vt 0.553973 0.393830
vt 0.527513 0.381271
vt 0.536142 0.448033
vt 0.479762 0.415304
vt 0.630523 0.347933
vt 0.609615 0.341090
vt 0.634154 0.302952
vt 0.612459 0.302746
vt 0.572451 0.335130
vt 0.577848 0.296682
vt 0.537369 0.332801
vt 0.547435 0.293119
vt 0.518752 0.285176
vt 0.639051 0.853761
vt 0.620938 0.898350
vt 0.621773 0.843347
vt 0.964692 0.044161
vt 0.937036 0.058810
vt 0.953646 0.000000
vt 0.620938 0.898349
vt 0.641357 0.938032
vt 0.620938 0.970132
vt 0.644796 0.733950
vt 0.636404 0.685422
vt 0.624724 0.688524
vt 0.604999 0.690591
vt 0.572056 0.691839
vt 0.542055 0.692804
vt 0.620938 0.775956
vt 0.643709 0.788610
vt 0.964692 0.077399
vt 0.613617 0.278945
vt 0.634130 0.281872
vt 0.576532 0.279696
vt 0.549979 0.276028
vt 0.509847 0.262165
vt 0.924371 0.914870
vt 0.934568 0.882403
vt 0.947363 0.902683
vt 0.961741 0.875313
vt 0.961741 0.938738
vt 0.616111 0.233902
vt 0.635318 0.236883
vt 0.591033 0.232796
vt 0.534019 0.210610
vt 0.632934 0.181607
vt 0.619222 0.179711
vt 0.590227 0.177347
vt 0.533236 0.176241
vt 0.622816 0.096558
vt 0.644796 0.098006
vt 0.596939 0.097944
vt 0.564531 0.098233
vt 0.518050 0.098833
vt 0.570353 0.042514
vt 0.533292 0.046713
vt 0.565907 -0.000000
vt 0.567405 0.973365
vt 0.564940 0.963527
vt 0.589619 0.959386
vt 0.589619 0.987697
vt 0.950972 0.788069
vt 0.957451 0.788069
vt 0.953309 0.794839
vt 0.941904 0.323310
vt 0.931462 0.328702
vt 0.938484 0.318532
vt 0.928358 0.321595
vt 0.928558 0.363751
vt 0.933696 0.366399
vt 0.935808 0.380647
vt 0.940248 0.378395
vt 0.941904 0.386542
vt 0.915415 0.371551
vt 0.925390 0.388301
vt 0.911023 0.354608
vt 0.926494 0.332438
vt 0.917780 0.327545
vt 0.896541 0.351932
vt 0.914545 0.339541
vt 0.897572 0.335223
vt 0.909351 0.319606
vt 0.916877 0.306556
vt 0.931918 0.297618
vt 0.978248 0.606104
vt 0.994193 0.585880
vt 0.994193 0.620715
vt 0.896901 0.310973
vt 0.909627 0.290292
vt 0.925006 0.587890
vt 0.928562 0.623165
vt 0.913668 0.590820
vt 0.999454 0.108706
vt 0.991432 0.096937
vt 0.999454 0.077399
vt 0.944251 0.605286
vt 0.933557 0.580369
vt 0.517791 0.988312
vt 0.507884 0.994688
vt 0.507884 0.959355
vt 0.862576 0.965456
vt 0.862576 0.992208
vt 0.848736 0.973186
vt 0.913668 0.558178
vt 0.924045 0.555667
vt 0.951222 0.569018
vt 0.939706 0.550424
vt 0.953779 0.981668
vt 0.948193 0.990980
vt 0.948193 0.975250
vt 0.988957 0.835088
vt 0.995986 0.838446
vt 0.986596 0.849975
vt 0.994411 0.850718
vt 0.995308 0.863914
vt 0.987867 0.862014
vt 0.989508 0.873608
vt 0.995986 0.874328
vt 0.800153 0.961466
vt 0.814827 0.961302
vt 0.802757 0.981517
vt 0.813595 0.976962
vt 0.814827 0.995796
vt 0.723526 0.981588
vt 0.727871 0.970393
vt 0.733070 0.987864
vt 0.723526 0.994528
vt 0.676976 0.984110
vt 0.681675 0.977906
vt 0.681675 0.989648
vt 0.955510 0.950098
vt 0.955087 0.938738
vt 0.960073 0.950142
vt 0.828104 0.609683
vt 0.832291 0.613311
vt 0.827238 0.621952
vt 0.837342 0.621952
vt 0.868048 0.610255
vt 0.862593 0.610674
vt 0.866624 0.597385
vt 0.955087 0.962953
vt 0.868116 0.618329
vt 0.861867 0.618329
vt 0.961741 0.966278
vt 0.974465 0.974482
vt 0.961741 0.988553
vt 0.972219 0.994500
vt 0.959519 0.077399
vt 0.953380 0.091450
vt 0.939996 0.091233
vt 0.938383 0.109837
vt 0.949064 0.108668
vt 0.947988 0.149421
vt 0.946110 0.132596
vt 0.957286 0.144968
vt 0.957005 0.133058
vt 0.954392 0.161529
vt 0.959519 0.156374
vt 0.937036 0.134432
vt 0.844215 0.391864
vt 0.844215 0.375044
vt 0.852323 0.407280
vt 0.866824 0.385472
vt 0.866338 0.402728
vt 0.633357 0.985267
vt 0.626463 0.996733
vt 0.620938 0.980582
vt 0.620938 0.995450
vt 0.630628 0.970132
vt 0.932461 0.975250
vt 0.941499 0.977710
vt 0.933013 0.989269
vt 0.941499 0.991887
vt 0.814477 0.623372
vt 0.814477 0.610212
vt 0.827213 0.618755
vt 0.827238 0.609683
vt 0.667389 0.991429
vt 0.656968 0.989224
vt 0.664287 0.975884
vt 0.656968 0.975094
vt 0.867361 0.915137
vt 0.867361 0.903385
vt 0.871648 0.912731
vt 0.910674 0.621025
vt 0.910674 0.611337
vt 0.913470 0.613910
vt 0.973791 0.527323
vt 0.973791 0.550279
vt 0.953081 0.531335
vt 0.948193 0.975250
vt 0.948193 0.989607
vt 0.941499 0.981087
vt 0.943661 0.991765
vt 0.524037 0.945957
vt 0.518374 0.924623
vt 0.541389 0.937170
vt 0.532337 0.919484
vt 0.533573 0.968439
vt 0.523695 0.963346
vt 0.518374 0.980469
vt 0.991023 0.543084
vt 0.984000 0.545006
vt 0.991023 0.498257
vt 0.978245 0.540853
vt 0.597132 0.845767
vt 0.571792 0.824585
vt 0.604346 0.832192
vt 0.588895 0.808740
vt 0.613197 0.859245
vt 0.620938 0.841972
vt 0.590917 0.909679
vt 0.572838 0.889781
vt 0.603497 0.886905
vt 0.584217 0.870693
vt 0.566373 0.874740
vt 0.561998 0.859522
vt 0.564286 0.841397
vt 0.591539 0.855002
vt 0.610529 0.870950
vt 0.568770 0.812530
vt 0.547749 0.947917
vt 0.541389 0.977856
vt 0.541389 0.934194
vt 0.548801 0.835603
vt 0.545525 0.919484
vt 0.564940 0.940282
vt 0.555461 0.960489
vt 0.567151 0.905718
vt 0.557857 0.896575
vt 0.587124 0.919484
vt 0.515518 0.810643
vt 0.536748 0.814340
vt 0.515757 0.827480
vt 0.533079 0.830600
vt 0.514594 0.847792
vt 0.535827 0.846976
vt 0.541565 0.906527
vt 0.525823 0.883428
vt 0.753548 0.917991
vt 0.754296 0.963556
vt 0.734357 0.920915
vt 0.735294 0.962498
vt 0.776095 0.964761
vt 0.776095 0.916318
vt 0.957137 0.327727
vt 0.942810 0.316857
vt 0.957137 0.277290
vt 0.486602 0.904669
vt 0.479762 0.884270
vt 0.546297 0.780225
vt 0.569666 0.775956
vt 0.526854 0.782983
vt 0.511246 0.787350
vt 0.482387 0.826150
vt 0.479762 0.801025
vt 0.596890 0.791762
vt 0.815457 0.389883
vt 0.844215 0.397170
vt 0.813743 0.408394
vt 0.840520 0.375335
vt 0.813743 0.375044
vt 0.760258 0.898881
vt 0.756716 0.916160
vt 0.747848 0.898881
vt 0.656968 0.993716
vt 0.644796 0.990531
vt 0.656968 0.975094
vt 0.860548 0.617610
vt 0.855499 0.622992
vt 0.855499 0.609683
vt 0.975743 0.982576
vt 0.990426 0.986784
vt 0.987283 0.995771
vt 0.990143 0.961622
vt 0.976787 0.961622
vt 0.917850 0.767593
vt 0.914215 0.795678
vt 0.894473 0.767593
vt 0.901854 0.792997
vt 0.479762 0.941824
vt 0.509348 0.954096
vt 0.482323 0.959355
vt 0.502272 0.920901
vt 0.518374 0.928196
vt 0.479762 0.919484
vt 0.680111 0.929792
vt 0.695533 0.934716
vt 0.677537 0.948401
vt 0.695107 0.951290
vt 0.679667 0.976582
vt 0.695533 0.977906
vt 0.671958 0.949093
vt 0.710837 0.989715
vt 0.707358 0.970393
vt 0.722444 0.988803
vt 0.723526 0.970393
vt 0.878468 0.857876
vt 0.884254 0.876388
vt 0.872019 0.883424
vt 0.891694 0.910009
vt 0.871983 0.915573
vt 0.890214 0.798925
vt 0.901403 0.797064
vt 0.894256 0.828363
vt 0.905136 0.828913
vt 0.976993 0.203900
vt 0.958304 0.201037
vt 0.976792 0.171088
vt 0.959958 0.171590
vt 0.958304 0.220931
vt 0.973293 0.226954
vt 0.962501 0.248306
vt 0.973700 0.250601
vt 0.877039 0.833422
vt 0.871983 0.795741
vt 0.885037 0.829219
vt 0.882721 0.799952
vt 0.906571 0.910437
vt 0.899542 0.868730
vt 0.891504 0.847013
vt 0.911142 0.868041
vt 0.924371 0.906375
vt 0.904729 0.847106
vt 0.990507 -0.000000
vt 0.999554 0.016889
vt 0.990507 0.030602
vt 0.963123 0.104252
vt 0.962321 0.077399
vt 0.970748 0.104301
vt 0.973534 0.087253
vt 0.894473 0.625062
vt 0.908910 0.624403
vt 0.904042 0.666036
vt 0.921837 0.659199
vt 0.913611 0.707011
vt 0.934763 0.693995
vt 0.915034 0.624797
vt 0.973534 0.142947
vt 0.959520 0.138974
vt 0.831288 0.904044
vt 0.867361 0.903385
vt 0.839428 0.925718
vt 0.864722 0.925976
vt 0.867361 0.965456
vt 0.913249 0.728021
vt 0.911733 0.767593
vt 0.894473 0.724292
vt 0.895344 0.702907
vt 0.959940 0.168335
vt 0.904566 0.433739
vt 0.912325 0.419604
vt 0.930499 0.435916
vt 0.935308 0.419156
vt 0.839859 0.447120
vt 0.828618 0.464575
vt 0.824647 0.443945
vt 0.814477 0.460766
vt 0.862248 0.456456
vt 0.839923 0.478626
vt 0.859239 0.496077
vt 0.864748 0.842182
vt 0.846471 0.826732
vt 0.857503 0.807946
vt 0.819112 0.816267
vt 0.833494 0.795955
vt 0.805729 0.811374
vt 0.818360 0.795741
vt 0.938975 0.407532
vt 0.916931 0.410464
vt 0.845257 0.428004
vt 0.831273 0.429738
vt 0.867929 0.436301
vt 0.992707 0.273686
vt 0.979608 0.292538
vt 0.979608 0.250601
vt 0.863160 0.861024
vt 0.814671 0.835522
vt 0.840362 0.845728
vt 0.800562 0.826089
vt 0.994688 0.550425
vt 0.994688 0.582379
vt 0.978248 0.564165
vt 0.980156 0.585880
vt 0.867929 0.520416
vt 0.851981 0.531054
vt 0.848589 0.506819
vt 0.829900 0.497391
vt 0.818211 0.484107
vt 0.927098 0.456402
vt 0.942811 0.455314
vt 0.896541 0.449781
vt 0.942811 0.388301
vt 0.589619 0.979056
vt 0.597903 0.959386
vt 0.597903 0.997569
vt 0.833883 0.865111
vt 0.805930 0.847196
vt 0.858433 0.879287
vt 0.857458 0.412903
vt 0.871983 0.886723
vt 0.841191 0.409007
vt 0.923864 0.992125
vt 0.910553 0.979523
vt 0.923864 0.973872
vt 0.794327 0.838636
vt 0.779353 0.835610
vt 0.010928 0.951962
vt 0.038100 0.954659
vt 0.026542 0.985450
vt 0.685894 0.721524
vt 0.686188 0.773334
vt 0.646331 0.731727
vt 0.644796 0.779745
vt 0.737682 0.717778
vt 0.727186 0.764830
vt 0.766559 0.714894
vt 0.754238 0.766032
vt 0.653689 0.581334
vt 0.659522 0.532396
vt 0.680639 0.577562
vt 0.683680 0.524990
vt 0.698738 0.525536
vt 0.689685 0.577443
vt 0.713271 0.524104
vt 0.702231 0.579201
vt 0.738530 0.525431
vt 0.716553 0.579927
vt 0.731529 0.581445
vt 0.751187 0.534786
vt 0.775040 0.533668
vt 0.752485 0.584606
vt 0.781271 0.447337
vt 0.814477 0.453441
vt 0.767941 0.496892
vt 0.791493 0.500580
vt 0.870166 0.401617
vt 0.893723 0.401010
vt 0.875482 0.458856
vt 0.021558 0.906335
vt 0.000000 0.909126
vt 0.032019 0.855067
vt 0.057651 0.860893
vt 0.048747 0.909096
vt 0.644796 0.684467
vt 0.647334 0.648760
vt 0.687980 0.683696
vt 0.691663 0.649823
vt 0.743619 0.680738
vt 0.726580 0.646780
vt 0.754295 0.650769
vt 0.772230 0.683159
vt 0.776941 0.646455
vt 0.703086 0.452857
vt 0.701991 0.490802
vt 0.670880 0.457766
vt 0.679590 0.493476
vt 0.737457 0.443282
vt 0.725780 0.487095
vt 0.766438 0.443345
vt 0.751351 0.492606
vt 0.712245 0.624051
vt 0.737420 0.623428
vt 0.701829 0.616630
vt 0.686793 0.616356
vt 0.669222 0.618926
vt 0.644796 0.624403
vt 0.725272 0.805545
vt 0.685658 0.806385
vt 0.644796 0.806356
vt 0.702659 0.430282
vt 0.734970 0.633893
vt 0.697561 0.635245
vt 0.968093 0.413903
vt 0.958790 0.379071
vt 0.973799 0.376076
vt 0.758803 0.631394
vt 0.779353 0.624403
vt 0.676246 0.420868
vt 0.700525 0.409007
vt 0.663133 0.436779
vt 0.884014 0.703254
vt 0.894473 0.724326
vt 0.858205 0.733788
vt 0.876222 0.745084
vt 0.862656 0.765553
vt 0.844644 0.747696
vt 0.831288 0.912710
vt 0.821972 0.934284
vt 0.806382 0.903385
vt 0.801275 0.929356
vt 0.852983 0.777879
vt 0.827372 0.795741
vt 0.829632 0.762659
vt 0.806403 0.782331
vt 0.891984 0.461138
vt 0.887153 0.484203
vt 0.868693 0.465106
vt 0.869215 0.486142
vt 0.875461 0.521043
vt 0.892171 0.508498
vt 0.901572 0.559010
vt 0.892597 0.562239
vt 0.165546 0.872731
vt 0.207412 0.885957
vt 0.164512 0.877716
vt 0.913668 0.599102
vt 0.891753 0.757721
vt 0.831288 0.961302
vt 0.813409 0.955921
vt 0.648402 0.632545
vt 0.649823 0.627222
vt 0.691657 0.624787
vt 0.912093 0.507070
vt 0.912514 0.481205
vt 0.913668 0.458856
vt 0.791657 0.937501
vt 0.779353 0.909061
vt 0.644796 0.425920
vt 0.958790 0.327727
vt 0.890527 0.368417
vt 0.869278 0.370962
vt 0.031766 0.822360
vt 0.056688 0.828387
vt 0.858927 0.694839
vt 0.867571 0.674507
vt 0.883142 0.681501
vt 0.052556 0.815858
vt 0.037746 0.813043
vt 0.093061 0.828626
vt 0.161401 0.851718
vt 0.208572 0.859651
vt 0.253452 0.893372
vt 0.249169 0.867410
vt 0.291051 0.875322
vt 0.287502 0.902457
vt 0.329403 0.878092
vt 0.794987 0.795741
vt 0.789991 0.756988
vt 0.808411 0.738206
vt 0.820420 0.727322
vt 0.844669 0.708995
vt 0.893096 0.665996
vt 0.633357 0.970403
vt 0.643943 0.970132
vt 0.643943 0.992752
vt 0.822703 0.654137
vt 0.793703 0.684651
vt 0.893010 0.358251
vt 0.868693 0.358409
vt 0.890826 0.322222
vt 0.869845 0.323433
vt 0.779353 0.698447
vt 0.978601 0.327727
vt 0.992024 0.375836
vt 0.973799 0.375836
vt 0.341642 0.824629
vt 0.356741 0.825250
vt 0.296886 0.813402
vt 0.257588 0.804346
vt 0.210932 0.796527
vt 0.161468 0.793411
vt 0.104265 0.779389
vt 0.128446 0.839403
vt 0.066028 0.775588
vt 0.043081 0.773341
vt 0.031620 0.775366
vt 0.058948 0.620441
vt 0.020504 0.622483
vt 0.040041 0.546932
vt 0.022064 0.550295
vt 0.060754 0.547952
vt 0.088346 0.617375
vt 0.140428 0.621579
vt 0.083839 0.554391
vt 0.180929 0.635155
vt 0.123639 0.555835
vt 0.218925 0.644752
vt 0.158576 0.545695
vt 0.222144 0.555715
vt 0.279779 0.648153
vt 0.288418 0.589534
vt 0.306318 0.647492
vt 0.327001 0.651784
vt 0.319030 0.590445
vt 0.346283 0.651893
vt 0.342733 0.588241
vt 0.369552 0.656556
vt 0.364566 0.593241
vt 0.718762 0.311383
vt 0.689118 0.320614
vt 0.672727 0.259103
vt 0.389186 0.595797
vt 0.695469 0.245916
vt 0.731592 0.301926
vt 0.722278 0.230628
vt 0.952118 0.743235
vt 0.970129 0.731109
vt 0.966109 0.786130
vt 0.021757 0.483165
vt 0.041072 0.433087
vt 0.039246 0.482592
vt 0.055409 0.474956
vt 0.054147 0.432693
vt 0.074201 0.420873
vt 0.072432 0.476588
vt 0.095898 0.485211
vt 0.101172 0.423179
vt 0.129800 0.411805
vt 0.128344 0.482681
vt 0.151753 0.377748
vt 0.186403 0.450731
vt 0.282738 0.492603
vt 0.212905 0.367767
vt 0.294781 0.398874
vt 0.328908 0.510988
vt 0.335789 0.415063
vt 0.352730 0.513542
vt 0.383394 0.432354
vt 0.382525 0.517622
vt 0.439209 0.436467
vt 0.419498 0.516223
vt 0.476102 0.444311
vt 0.644796 0.178172
vt 0.658057 0.084678
vt 0.678458 0.161270
vt 0.715577 0.136529
vt 0.697342 0.072877
vt 0.735818 0.058927
vt 0.749942 0.123086
vt 0.776199 0.119353
vt 0.760890 0.055357
vt 0.036322 0.384974
vt 0.019510 0.390730
vt 0.029544 0.338294
vt 0.015681 0.345081
vt 0.051468 0.374560
vt 0.046377 0.335029
vt 0.079131 0.362676
vt 0.071081 0.322813
vt 0.108106 0.356464
vt 0.092531 0.313683
vt 0.116101 0.302515
vt 0.127092 0.346639
vt 0.161735 0.323044
vt 0.143919 0.280307
vt 0.200108 0.334118
vt 0.185298 0.281150
vt 0.232795 0.341231
vt 0.223434 0.296453
vt 0.295909 0.345822
vt 0.269447 0.304662
vt 0.310702 0.295243
vt 0.335395 0.353099
vt 0.408830 0.359212
vt 0.355838 0.295664
vt 0.442753 0.314741
vt 0.469924 0.361254
vt 0.836515 0.903385
vt 0.789827 0.874257
vt 0.800935 0.857596
vt 0.896540 0.272222
vt 0.870342 0.275282
vt 0.036562 0.724895
vt 0.047559 0.727502
vt 0.065883 0.728594
vt 0.096789 0.728405
vt 0.127123 0.729378
vt 0.195177 0.737273
vt 0.221963 0.739352
vt 0.273442 0.747989
vt 0.300758 0.751937
vt 0.328805 0.754941
vt 0.356337 0.757074
vt 0.376391 0.823052
vt 0.385557 0.760800
vt 0.783255 0.624403
vt 0.779353 0.901926
vt 0.912949 0.973872
vt 0.912949 0.915573
vt 0.923864 0.963336
vt 0.980758 0.666498
vt 0.980758 0.624403
vt 0.993151 0.629113
vt 0.977618 0.795741
vt 0.986596 0.856000
vt 0.977618 0.865559
vt 0.868693 0.171088
vt 0.705435 0.409007
vt 0.935613 0.270601
vt 0.935613 0.171088
vt 0.958304 0.254550
vt 0.762683 0.219525
vt 0.796955 0.209535
vt 0.813743 0.116307
vt 0.952118 0.687973
vt 0.020924 0.437007
vt 0.682896 0.000000
vt 0.644796 0.011688
vt 0.976158 0.793098
vt 0.970129 0.760136
vt 0.989884 0.760136
vt 0.778996 0.994452
vt 0.766470 0.976390
vt 0.778996 0.964760
vt 0.013230 0.320074
vt 0.028090 0.316406
vt 0.043990 0.310587
vt 0.813743 0.375044
vt 0.814014 0.351541
vt 0.841340 0.361433
vt 0.844906 0.344038
vt 0.087170 0.294979
vt 0.868693 0.334333
vt 0.117963 0.275301
vt 0.149895 0.254870
vt 0.193261 0.254958
vt 0.248400 0.247711
vt 0.276424 0.250700
vt 0.300595 0.249369
vt 0.338156 0.252843
vt 0.379684 0.254130
vt 0.010909 0.272764
vt 0.024874 0.270376
vt 0.039603 0.264593
vt 0.837136 0.300271
vt 0.813743 0.307178
vt 0.098540 0.226949
vt 0.055442 0.257777
vt 0.146686 0.215860
vt 0.184224 0.219320
vt 0.225568 0.217174
vt 0.260598 0.216706
vt 0.280858 0.218609
vt 0.308371 0.232025
vt 0.337246 0.238072
vt 0.377036 0.233020
vt 0.958790 0.400454
vt 0.958284 0.456402
vt 0.942810 0.407245
vt 0.009289 0.217495
vt 0.022770 0.212597
vt 0.033160 0.208624
vt 0.839171 0.244876
vt 0.815027 0.253674
vt 0.053291 0.200757
vt 0.097844 0.191818
vt 0.152075 0.185549
vt 0.195339 0.173874
vt 0.234394 0.175736
vt 0.264437 0.183312
vt 0.287617 0.198488
vt 0.313889 0.211927
vt 0.343200 0.213378
vt 0.391820 0.199178
vt 0.006766 0.126898
vt -0.000000 0.133987
vt 0.942810 0.327727
vt 0.022537 0.121584
vt 0.820419 0.171088
vt 0.041677 0.118750
vt 0.067425 0.114830
vt 0.109213 0.112313
vt 0.166158 0.116627
vt 0.229863 0.134803
vt 0.253383 0.141397
vt 0.265795 0.144409
vt 0.301099 0.152955
vt 0.332892 0.160043
vt 0.357888 0.164076
vt 0.394693 0.171717
vt 0.922376 0.000000
vt 0.937036 0.023871
vt 0.908648 0.046449
vt 0.918995 0.073908
vt 0.059300 0.057975
vt 0.092404 0.059545
vt 0.128648 0.067358
vt 0.187111 0.082306
vt 0.236568 0.099396
vt 0.273355 0.106846
vt 0.299715 0.109014
vt 0.327031 0.124436
vt 0.370297 0.132063
vt 0.404101 0.139166
vt 0.444561 0.142448
vt 0.937036 0.097514
vt 0.931369 0.141956
vt 0.066464 0.017229
vt 0.081044 -0.000000
vt 0.092537 0.024722
vt 0.455738 0.098756
vt 0.479762 0.131720
vt 0.991093 0.049933
vt 0.964692 0.074299
vt 0.964692 0.037808
vt 0.413072 0.099736
vt 0.378878 0.096469
vt 0.327026 0.084664
vt 0.299296 0.073064
vt 0.125711 0.032743
vt 0.159448 0.038899
vt 0.598148 0.920332
vt 0.598148 0.959386
vt 0.583214 0.919484
vt 0.566066 0.942998
vt 0.564940 0.922127
vt 0.926109 0.955115
vt 0.955087 0.964683
vt 0.924372 0.975250
vt 0.951347 0.940514
vt 0.924372 0.938738
vt 0.559032 0.986522
vt 0.553971 0.992751
vt 0.553971 0.977856
vt 0.979608 0.314292
vt 0.994373 0.318300
vt 0.991163 0.327407
vt 0.994373 0.292538
vt 0.980898 0.292816
vt 0.908648 0.143704
vt 0.933710 0.141956
vt 0.920086 0.168747
vt 0.933710 0.170524
vt 0.881903 0.972235
vt 0.871983 0.945369
vt 0.896349 0.958030
vt 0.890307 0.915573
vt 0.871983 0.916307
vt 0.906996 0.941812
vt 0.912949 0.918166
vt 0.862576 0.965456
vt 0.871761 0.983104
vt 0.862576 0.998638
vt 0.972009 0.312120
vt 0.959874 0.303009
vt 0.968573 0.285023
vt 0.960975 0.285566
vt 0.786193 0.988382
vt 0.787647 0.961435
vt 0.798505 0.987735
vt 0.800154 0.961302
vt 0.964693 0.037808
vt 0.977963 -0.000000
vt 0.978096 0.036728
vt 0.986074 0.000765
vt 0.990507 0.037808
vt 0.998691 0.375836
vt 0.998691 0.408582
vt 0.990042 0.400370
vt 0.779353 0.961302
vt 0.969800 0.253462
vt 0.979608 0.282194
vt 0.979608 0.253422
vt 0.978246 0.458856
vt 0.993911 0.460419
vt 0.978246 0.498257
vt 0.958304 0.250601
vt 0.991024 0.537506
vt 0.991024 0.498257
vt 0.998964 0.500686
vt 0.990426 0.961622
vt 0.998131 0.962447
vt 0.990426 0.999712
vt 0.999339 0.997406
vt 0.992024 0.331441
vt 1.000000 0.327727
vt 1.000000 0.358925
vt 0.507098 0.984650
vt 0.507884 0.993010
vt 0.479762 0.980958
vt 0.483097 0.971837
vt 0.507884 0.959355
vt 0.867361 0.949037
vt 0.871204 0.950918
vt 0.867361 0.956237
vt 0.871533 0.955391
vt 0.978841 0.944135
vt 0.983132 0.952624
vt 0.975743 0.951258
vt 0.992314 0.724194
vt 0.996206 0.727488
vt 0.988069 0.737663
vt 0.935613 0.280154
vt 0.942720 0.270601
vt 0.942720 0.287768
vt 0.689542 0.871536
vt 0.679261 0.866042
vt 0.688658 0.865120
vt 0.987175 0.947096
vt 0.989650 0.957545
vt 0.695640 0.866487
vt 0.983774 0.936979
vt 0.686102 0.876281
vt 0.676100 0.873119
vt 0.993964 0.943191
vt 0.993964 0.961622
vt 0.643837 0.898350
vt 0.643837 0.912659
vt 0.641357 0.908758
vt 0.991546 0.934732
vt 0.987162 0.920536
vt 0.978128 0.931232
vt 0.827923 0.033588
vt 0.836323 0.039869
vt 0.830292 0.050028
vt 0.676908 0.830960
vt 0.684243 0.814135
vt 0.682032 0.828361
vt 0.989507 0.746108
vt 0.996205 0.756288
vt 0.985136 0.749554
vt 0.983515 0.740712
vt 0.988403 0.727235
vt 0.663825 0.823037
vt 0.673863 0.806385
vt 0.659294 0.839937
vt 0.976827 0.312291
vt 0.976827 0.324665
vt 0.968140 0.319768
vt 0.644796 0.842477
vt 0.662648 0.855038
vt 0.645671 0.859195
vt 0.657249 0.874924
vt 0.665710 0.867065
vt 0.664531 0.888048
vt 0.679371 0.897131
vt 0.865373 0.070236
vt 0.849469 0.092099
vt 0.843845 0.063757
vt 0.836048 0.081181
vt 0.843445 0.055212
vt 0.866758 0.061491
vt 0.867137 0.041674
vt 0.861691 0.030221
vt 0.840914 0.019261
vt 0.820100 0.015160
vt 0.644796 0.883437
vt 0.840959 0.113199
vt 0.814869 0.119578
vt 0.832245 0.101389
vt 0.670145 0.929792
vt 0.657189 0.904241
vt 0.857293 0.013232
vt 0.868626 0.023559
vt 0.844190 0.010350
vt 0.831643 0.000315
vt 0.819204 0.000000
vt 0.813743 0.014658
vt 0.881348 0.105017
vt 0.871217 0.108726
vt 0.897751 0.092079
vt 0.896921 0.060780
vt 0.879427 0.034130
vt 0.973534 0.107962
vt 0.991432 0.112425
vt 0.974076 0.129077
vt 0.991428 0.121680
vt 0.843311 0.138677
vt 0.831010 0.148001
vt 0.813743 0.136317
vt 0.855722 0.134187
vt 0.877434 0.123063
vt 0.887781 0.115298
vt 0.884388 0.985599
vt 0.871983 0.996805
vt 0.871983 0.972235
vt 0.974970 0.077399
vt 0.991432 0.082122
vt 0.853709 0.171088
vt 0.863647 0.162216
vt 0.873730 0.153714
vt 0.887910 0.141779
vt 0.897344 0.133071
vt 0.903066 0.107437
vt 0.908648 0.126699
vt 0.896397 0.160283
vt 0.904771 0.152175
vt 0.546961 0.987180
vt 0.541389 0.993547
vt 0.973798 0.401662
vt 0.986593 0.400131
vt 0.979429 0.413758
vt 0.990042 0.413258
vt 0.977478 0.385285
vt 0.988695 0.381123
vt 0.866299 0.580125
vt 0.867218 0.597385
vt 0.861867 0.585622
vt 0.867218 0.563457
vt 0.982531 0.376236
vt 0.990042 0.375836
vt 0.598148 0.968713
vt 0.614515 0.971211
vt 0.598148 0.989421
vt 0.720717 0.888651
vt 0.736962 0.890568
vt 0.715339 0.916318
vt 0.734425 0.915179
vt 0.747848 0.850166
vt 0.729451 0.848979
vt 0.709830 0.887230
vt 0.703252 0.916277
vt 0.713238 0.846216
vt 0.695640 0.842708
vt 0.708061 0.809716
vt 0.733580 0.806385
vt 0.747848 0.807789
vt 0.944966 0.795741
vt 0.934017 0.829524
vt 0.924371 0.831079
vt 0.947142 0.835710
vt 0.963835 0.841976
vt 0.950965 0.864530
vt 0.964054 0.860012
vt 0.964979 0.875313
vt 0.939345 0.868492
vt 0.924371 0.867255
vt 0.975743 0.875313
vt 0.994669 0.893051
vt 0.975743 0.920536
vt 0.831288 0.968205
vt 0.848736 0.965456
vt 0.848736 0.987207
vt 0.932461 0.975250
vt 0.932260 0.993450
vt 0.924372 0.978264
vt 0.924372 0.994391
vt 0.991892 0.666498
vt 0.991892 0.686327
vt 0.981069 0.668136
vt 0.980758 0.687106
vt 0.598148 0.936102
vt 0.618605 0.919484
vt 0.618605 0.956214
vt 0.599541 0.968713
vt 0.618605 0.968441
vt 0.771222 0.914490
vt 0.771222 0.898881
vt 0.779273 0.913323
vt 0.997006 0.711034
vt 0.983515 0.710499
vt 0.986491 0.693636
vt 0.983515 0.724194
vt 0.993456 0.687973
vt 0.872135 0.623536
vt 0.876803 0.599241
vt 0.887173 0.620206
vt 0.889928 0.599102
vt 0.868693 0.599102
vt 0.980720 0.687973
vt 0.983515 0.702250
vt 0.970129 0.692687
vt 0.971482 0.703343
vt 0.981452 0.718273
vt 0.972505 0.718280
vt 0.950973 0.781091
vt 0.941458 0.779802
vt 0.950973 0.764191
vt 0.940317 0.768192
vt 0.946642 0.794839
vt 0.940406 0.791585
vt 0.980550 0.741386
vt 0.971755 0.739656
vt 0.978502 0.760136
vt 0.970129 0.756769
vt 0.966243 0.673088
vt 0.980758 0.683754
vt 0.967653 0.684482
vt 0.952118 0.687973
vt 0.964688 0.655166
vt 0.980429 0.668557
vt 0.977113 0.649539
vt 0.959943 0.628074
vt 0.953689 0.638458
vt 0.952118 0.624403
vt 0.968106 0.507722
vt 0.978246 0.527323
vt 0.953081 0.511323
vt 0.962162 0.494348
vt 0.957432 0.495961
vt 0.954199 0.161681
vt 0.954199 0.170109
vt 0.948258 0.168212
vt 0.976146 0.480672
vt 0.957391 0.485740
vt 0.953081 0.458856
vt 0.952347 0.468857
vt 0.946970 0.468569
vt 0.940934 0.482430
vt 0.940217 0.469360
vt 0.896540 0.280423
vt 0.906830 0.260793
vt 0.912639 0.283932
vt 0.907444 0.986686
vt 0.899891 0.996093
vt 0.899891 0.972235
vt 0.931941 0.250093
vt 0.915319 0.273465
vt 0.922644 0.241384
vt 0.896900 0.258512
vt 0.899492 0.245601
vt 0.900069 0.228100
vt 0.922032 0.287252
vt 0.914675 0.226026
vt 0.898858 0.200475
vt 0.909889 0.205696
vt 0.907094 0.189950
vt 0.896720 0.193083
vt 0.896540 0.171088
vt 0.906402 0.173292
vt 0.912121 0.174517
vt 0.934829 0.482474
vt 0.930137 0.481590
vt 0.927442 0.497932
vt 0.922180 0.496446
vt 0.926531 0.518959
vt 0.913668 0.516214
vt 0.915627 0.533616
vt 0.930191 0.532553
vt 0.861867 0.546959
vt 0.864375 0.531054
vt 0.867978 0.543385
vt 0.867978 0.563457
vt 0.937858 0.500789
vt 0.930153 0.290292
vt 0.924325 0.545930
vt 0.932270 0.544476
vt 0.937750 0.515739
vt 0.942828 0.531983
vt 0.952052 0.544579
vt 0.953081 0.532193
vt 0.952701 0.516787
vt 0.952412 0.496246
vt 0.951871 0.482043
vt 0.964979 0.872481
vt 0.967068 0.859285
vt 0.973662 0.856709
vt 0.966132 0.843960
vt 0.977618 0.838430
vt 0.968486 0.822662
vt 0.977094 0.819136
vt 0.967217 0.808659
vt 0.975263 0.805029
vt 0.964979 0.795741
vt 0.954753 0.475472
vt 0.970165 0.458856
vt 0.959357 0.464354
vt 0.978246 0.461578
vt 0.941669 0.161681
vt 0.935950 0.171088
vt 0.935613 0.161681
vt 0.676976 0.990787
vt 0.671958 0.981527
vt 0.676976 0.977906
vt 0.936396 0.550425
vt 0.935613 0.254954
vt 0.957137 0.316346
vt 0.968139 0.312291
vt 0.968139 0.327727
vt 0.846413 0.609683
vt 0.855499 0.609683
vt 0.855028 0.622409
vt 0.837342 0.622525
vt 0.839707 0.610666
vt 0.846413 0.622525
vt 0.846021 0.609683
vt 0.897160 0.991009
vt 0.892793 0.990845
vt 0.899891 0.972235
vt 0.884388 0.972235
vt 0.771222 0.898881
vt 0.767609 0.914263
vt 0.760258 0.901012
vt 0.760258 0.914789
vt 0.986596 0.834098
vt 0.996719 0.795741
vt 0.996719 0.835088
vt 0.985992 0.413904
vt 0.996959 0.421968
vt 0.985992 0.454135
vt 0.910674 0.623332
vt 0.891066 0.621711
vt 0.910674 0.601087
vt 0.889928 0.599102
vt 0.870890 0.926860
vt 0.870890 0.938002
vt 0.867361 0.929508
vt 0.564618 0.989434
vt 0.559032 0.989434
vt 0.562795 0.977856
vt 0.867361 0.915138
vt 0.871617 0.917576
vt 0.867361 0.926860
vt 0.913206 0.608725
vt 0.910674 0.611337
vt 0.910674 0.599102
vt 0.614515 0.968713
vt 0.620323 0.986560
vt 0.614515 0.987017
vt 0.948258 0.170280
vt 0.941669 0.169951
vt 0.946578 0.161681
vt 0.941669 0.161785
vt 0.644796 0.788524
vt 0.644016 0.794572
vt 0.644016 0.775956
vt 0.867361 0.938002
vt 0.870812 0.944669
vt 0.867361 0.949037
vt 0.754429 0.985793
vt 0.734357 0.987385
vt 0.753422 0.964912
vt 0.734357 0.964760
vt 0.961726 0.979459
vt 0.955087 0.973641
vt 0.961726 0.965096
vt 0.957220 0.962953
vt 0.771522 0.875685
vt 0.761203 0.898881
vt 0.757065 0.872305
vt 0.747848 0.890145
vt 0.759948 0.850361
vt 0.778240 0.856916
vt 0.766470 0.826868
vt 0.757369 0.833138
vt 0.756319 0.806385
vt 0.749910 0.816787
vt 0.747848 0.810045
vt 0.766470 0.964760
vt 0.764529 0.996917
vt 0.754429 0.964760
vt 0.994004 0.161442
vt 0.973533 0.166234
vt 0.973533 0.129077
vt 0.546961 0.977856
vt 0.551991 0.980631
vt 0.546961 0.988842
vt 0.553971 0.987917
s 0
f 3/1/1 4/1/1 2/1/1
f 1/1/2 2/1/2 4/1/2
f 5/1/3 6/1/3 3/1/3
f 4/1/4 3/1/4 6/1/4
f 6/1/5 5/1/5 7/1/5
f 7/1/6 8/1/6 6/1/6
f 8/1/7 9/1/7 6/1/7
f 10/1/8 4/1/8 9/1/8
f 6/1/9 9/1/9 4/1/9
f 11/1/10 1/1/10 10/1/10
f 4/1/11 10/1/11 1/1/11
f 10/1/12 12/1/12 11/1/12
f 11/1/13 12/1/13 13/1/13
f 13/1/14 12/1/14 15/1/14
f 12/1/15 14/1/15 15/1/15
f 15/1/16 14/1/16 16/1/16
f 16/1/17 14/1/17 18/1/17
f 14/1/18 17/1/18 18/1/18
f 18/1/19 17/1/19 19/1/19
f 19/1/20 17/1/20 20/1/20
f 22/1/21 20/1/21 21/1/21
f 20/1/22 17/1/22 21/1/22
f 21/1/23 17/1/23 12/1/23
f 17/1/24 14/1/24 12/1/24
f 12/1/25 10/1/25 21/1/25
f 10/1/26 9/1/26 21/1/26
f 8/1/27 22/1/27 9/1/27
f 21/2/28 9/3/28 22/4/28
f 8/1/29 7/1/29 23/1/29
f 22/5/30 24/6/30 25/7/30
f 25/1/31 20/1/31 22/1/31
f 20/1/32 25/1/32 27/1/32
f 25/7/33 26/8/33 27/9/33
f 26/8/34 25/7/34 24/6/34
f 20/1/35 27/1/35 28/1/35
f 20/1/36 28/1/36 19/1/36
f 28/1/37 29/1/37 19/1/37
f 30/1/38 18/1/38 29/1/38
f 19/1/39 29/1/39 18/1/39
f 18/1/40 30/1/40 31/1/40
f 18/1/41 31/1/41 16/1/41
f 31/1/42 32/1/42 16/1/42
f 33/1/43 15/1/43 32/1/43
f 16/1/44 32/1/44 15/1/44
f 34/10/45 35/11/45 24/6/45
f 24/6/46 35/11/46 26/8/46
f 35/11/47 36/12/47 26/8/47
f 26/8/48 36/12/48 27/9/48
f 36/1/49 37/1/49 27/1/49
f 27/1/50 37/1/50 28/1/50
f 37/1/51 38/1/51 29/1/51
f 39/1/52 30/1/52 38/1/52
f 29/1/53 38/1/53 30/1/53
f 40/1/54 31/1/54 39/1/54
f 30/1/55 39/1/55 31/1/55
f 32/1/56 31/1/56 41/1/56
f 31/1/57 40/1/57 41/1/57
f 41/1/58 42/1/58 32/1/58
f 32/1/59 42/1/59 33/1/59
f 44/1/60 35/1/60 43/1/60
f 34/1/61 43/1/61 35/1/61
f 45/1/62 36/1/62 44/1/62
f 35/1/63 44/1/63 36/1/63
f 37/1/64 36/1/64 46/1/64
f 36/1/65 45/1/65 46/1/65
f 47/1/66 38/1/66 46/1/66
f 37/1/67 46/1/67 38/1/67
f 48/1/68 39/1/68 47/1/68
f 38/1/69 47/1/69 39/1/69
f 49/1/70 40/1/70 48/1/70
f 39/1/71 48/1/71 40/1/71
f 50/1/72 41/1/72 49/1/72
f 40/1/73 49/1/73 41/1/73
f 42/1/74 41/1/74 51/1/74
f 41/1/75 50/1/75 51/1/75
f 52/1/76 53/1/76 54/1/76
f 54/1/77 55/1/77 52/1/77
f 52/1/78 55/1/78 56/1/78
f 56/1/79 57/1/79 52/1/79
f 52/1/80 57/1/80 58/1/80
f 7/1/81 5/1/81 59/1/81
f 59/1/82 5/1/82 60/1/82
f 60/1/83 58/1/83 59/1/83
f 56/1/84 23/1/84 57/1/84
f 7/1/85 57/1/85 23/1/85
f 23/1/86 56/1/86 24/1/86
f 24/1/87 56/1/87 61/1/87
f 24/6/88 61/13/88 34/10/88
f 61/13/89 62/14/89 34/10/89
f 34/1/90 62/1/90 43/1/90
f 62/1/91 63/1/91 43/1/91
f 64/1/92 65/1/92 62/1/92
f 63/1/93 62/1/93 65/1/93
f 24/1/94 22/1/94 8/1/94
f 23/1/95 24/1/95 8/1/95
f 59/1/96 58/1/96 57/1/96
f 7/1/97 59/1/97 57/1/97
f 55/1/98 66/1/98 56/1/98
f 66/1/99 61/1/99 56/1/99
f 66/1/100 64/1/100 61/1/100
f 61/1/101 64/1/101 62/1/101
f 67/1/102 68/1/102 69/1/102
f 68/1/103 67/1/103 70/1/103
f 70/1/104 67/1/104 71/1/104
f 72/1/105 69/1/105 73/1/105
f 73/1/106 69/1/106 74/1/106
f 69/1/107 68/1/107 74/1/107
f 75/1/108 74/1/108 70/1/108
f 74/1/109 68/1/109 70/1/109
f 71/1/110 76/1/110 70/1/110
f 75/1/111 70/1/111 76/1/111
f 76/1/112 71/1/112 77/1/112
f 77/1/113 71/1/113 78/1/113
f 79/1/114 72/1/114 80/1/114
f 72/1/115 73/1/115 80/1/115
f 81/1/116 80/1/116 74/1/116
f 80/1/117 73/1/117 74/1/117
f 82/1/118 81/1/118 75/1/118
f 81/1/119 74/1/119 75/1/119
f 75/1/120 83/1/120 82/1/120
f 82/1/121 83/1/121 84/1/121
f 83/1/122 75/1/122 76/1/122
f 83/1/123 76/1/123 85/1/123
f 76/1/124 77/1/124 85/1/124
f 78/1/125 86/1/125 77/1/125
f 85/1/126 77/1/126 86/1/126
f 86/1/127 78/1/127 87/1/127
f 87/1/128 88/1/128 86/1/128
f 86/1/129 88/1/129 85/1/129
f 88/1/130 84/1/130 85/1/130
f 85/1/131 84/1/131 83/1/131
f 90/1/132 87/1/132 89/1/132
f 87/1/133 78/1/133 89/1/133
f 90/1/134 89/1/134 92/1/134
f 89/1/135 91/1/135 92/1/135
f 92/1/136 91/1/136 93/1/136
f 94/1/137 95/1/137 97/1/137
f 95/1/138 96/1/138 97/1/138
f 97/1/139 96/1/139 98/1/139
f 100/1/140 96/1/140 99/1/140
f 96/1/141 95/1/141 99/1/141
f 95/1/142 94/1/142 101/1/142
f 101/1/143 94/1/143 102/1/143
f 103/1/144 104/1/144 94/1/144
f 102/1/145 94/1/145 104/1/145
f 104/1/146 103/1/146 105/1/146
f 105/1/147 103/1/147 106/1/147
f 103/1/148 107/1/148 106/1/148
f 106/1/149 107/1/149 108/1/149
f 110/1/150 106/1/150 109/1/150
f 106/1/151 108/1/151 109/1/151
f 110/1/152 105/1/152 106/1/152
f 105/1/153 110/1/153 104/1/153
f 111/1/154 102/1/154 110/1/154
f 104/1/155 110/1/155 102/1/155
f 99/1/156 95/1/156 101/1/156
f 100/1/157 99/1/157 112/1/157
f 99/1/158 111/1/158 112/1/158
f 112/1/159 113/1/159 100/1/159
f 100/1/160 98/1/160 96/1/160
f 98/1/161 100/1/161 114/1/161
f 115/1/162 116/1/162 117/1/162
f 117/1/163 116/1/163 118/1/163
f 118/1/164 116/1/164 119/1/164
f 119/1/165 116/1/165 120/1/165
f 121/1/166 120/1/166 115/1/166
f 120/1/167 116/1/167 115/1/167
f 119/1/168 120/1/168 122/1/168
f 122/1/169 120/1/169 123/1/169
f 120/1/170 121/1/170 123/1/170
f 124/1/171 125/1/171 126/1/171
f 124/1/172 126/1/172 127/1/172
f 129/1/173 130/1/173 128/1/173
f 127/1/174 128/1/174 130/1/174
f 131/1/175 132/1/175 129/1/175
f 130/1/176 129/1/176 132/1/176
f 133/1/177 134/1/177 131/1/177
f 132/1/178 131/1/178 134/1/178
f 134/1/179 135/1/179 132/1/179
f 135/1/180 136/1/180 132/1/180
f 132/1/181 136/1/181 130/1/181
f 136/1/182 137/1/182 130/1/182
f 130/1/183 137/1/183 127/1/183
f 137/1/184 138/1/184 127/1/184
f 138/1/185 139/1/185 127/1/185
f 127/1/186 139/1/186 124/1/186
f 142/1/187 143/1/187 141/1/187
f 140/1/188 141/1/188 143/1/188
f 145/1/189 143/1/189 144/1/189
f 143/1/190 142/1/190 144/1/190
f 147/1/191 143/1/191 146/1/191
f 145/1/192 146/1/192 143/1/192
f 147/1/193 146/1/193 148/1/193
f 148/1/194 149/1/194 147/1/194
f 147/1/195 149/1/195 150/1/195
f 151/1/196 152/1/196 154/1/196
f 152/1/197 153/1/197 154/1/197
f 156/1/198 154/1/198 155/1/198
f 154/1/199 153/1/199 155/1/199
f 156/1/200 155/1/200 158/1/200
f 155/1/201 157/1/201 158/1/201
f 157/1/202 148/1/202 158/1/202
f 158/1/203 148/1/203 146/1/203
f 159/1/204 160/1/204 145/1/204
f 146/1/205 145/1/205 160/1/205
f 158/1/206 146/1/206 161/1/206
f 160/1/207 161/1/207 146/1/207
f 162/1/208 156/1/208 161/1/208
f 158/1/209 161/1/209 156/1/209
f 164/1/210 156/1/210 163/1/210
f 156/1/211 162/1/211 163/1/211
f 164/1/212 165/1/212 156/1/212
f 165/1/213 166/1/213 156/1/213
f 154/1/214 156/1/214 167/1/214
f 156/1/215 166/1/215 167/1/215
f 151/1/216 154/1/216 168/1/216
f 154/1/217 167/1/217 168/1/217
f 168/1/218 169/1/218 151/1/218
f 151/1/219 169/1/219 170/1/219
f 172/1/220 173/1/220 171/1/220
f 171/1/221 173/1/221 174/1/221
f 173/1/222 175/1/222 174/1/222
f 174/1/223 175/1/223 176/1/223
f 176/1/224 175/1/224 178/1/224
f 175/1/225 177/1/225 178/1/225
f 164/1/226 178/1/226 165/1/226
f 178/1/227 177/1/227 165/1/227
f 164/1/228 163/1/228 178/1/228
f 163/1/229 179/1/229 178/1/229
f 180/1/230 181/1/230 179/1/230
f 178/1/231 179/1/231 181/1/231
f 181/1/232 180/1/232 144/1/232
f 180/1/233 182/1/233 144/1/233
f 145/1/234 144/1/234 159/1/234
f 144/1/235 182/1/235 159/1/235
f 183/1/236 184/1/236 185/1/236
f 186/1/237 185/1/237 184/1/237
f 188/1/238 189/1/238 187/1/238
f 187/1/239 189/1/239 190/1/239
f 192/1/240 190/1/240 191/1/240
f 190/1/241 189/1/241 191/1/241
f 191/1/242 193/1/242 192/1/242
f 192/1/243 193/1/243 194/1/243
f 194/1/244 193/1/244 196/1/244
f 193/1/245 195/1/245 196/1/245
f 196/1/246 195/1/246 198/1/246
f 195/1/247 197/1/247 198/1/247
f 197/1/248 199/1/248 198/1/248
f 198/1/249 199/1/249 200/1/249
f 202/1/250 200/1/250 201/1/250
f 200/1/251 199/1/251 201/1/251
f 201/1/252 203/1/252 202/1/252
f 202/1/253 203/1/253 204/1/253
f 205/1/254 206/1/254 203/1/254
f 204/1/255 203/1/255 206/1/255
f 206/1/256 205/1/256 207/1/256
f 205/1/257 208/1/257 207/1/257
f 207/1/258 208/1/258 209/1/258
f 208/1/259 205/1/259 210/1/259
f 205/1/260 203/1/260 210/1/260
f 201/1/261 199/1/261 211/1/261
f 211/1/262 199/1/262 212/1/262
f 199/1/263 197/1/263 212/1/263
f 212/1/264 197/1/264 213/1/264
f 213/1/265 197/1/265 214/1/265
f 197/1/266 195/1/266 214/1/266
f 215/1/267 214/1/267 193/1/267
f 214/1/268 195/1/268 193/1/268
f 191/1/269 216/1/269 193/1/269
f 215/1/270 193/1/270 216/1/270
f 189/1/271 217/1/271 191/1/271
f 216/1/272 191/1/272 217/1/272
f 189/1/273 188/1/273 217/1/273
f 217/1/274 188/1/274 218/1/274
f 220/1/275 218/1/275 219/1/275
f 218/1/276 188/1/276 219/1/276
f 203/1/277 201/1/277 210/1/277
f 210/1/278 201/1/278 211/1/278
f 206/1/279 221/1/279 204/1/279
f 202/1/280 204/1/280 222/1/280
f 204/1/281 221/1/281 222/1/281
f 223/1/282 200/1/282 222/1/282
f 202/1/283 222/1/283 200/1/283
f 224/1/284 198/1/284 223/1/284
f 200/1/285 223/1/285 198/1/285
f 198/1/286 224/1/286 196/1/286
f 224/1/287 225/1/287 196/1/287
f 226/1/288 194/1/288 225/1/288
f 196/1/289 225/1/289 194/1/289
f 194/1/290 226/1/290 192/1/290
f 227/1/291 228/1/291 229/1/291
f 221/1/292 227/1/292 222/1/292
f 222/1/293 227/1/293 223/1/293
f 227/1/294 229/1/294 223/1/294
f 230/1/295 224/1/295 229/1/295
f 223/1/296 229/1/296 224/1/296
f 225/1/297 224/1/297 231/1/297
f 224/1/298 230/1/298 231/1/298
f 225/1/299 231/1/299 226/1/299
f 231/1/300 230/1/300 232/1/300
f 234/1/301 207/1/301 233/1/301
f 207/1/302 209/1/302 233/1/302
f 235/1/303 236/1/303 233/1/303
f 234/1/304 233/1/304 236/1/304
f 230/1/305 229/1/305 232/1/305
f 232/1/306 229/1/306 228/1/306
f 237/1/307 238/1/307 240/1/307
f 238/1/308 239/1/308 240/1/308
f 244/1/309 241/1/309 243/1/309
f 241/1/310 242/1/310 243/1/310
f 246/1/311 244/1/311 245/1/311
f 244/1/312 243/1/312 245/1/312
f 237/1/313 240/1/313 247/1/313
f 247/1/314 248/1/314 249/1/314
f 249/1/315 248/1/315 250/1/315
f 251/1/316 252/1/316 254/1/316
f 252/1/317 253/1/317 254/1/317
f 254/1/318 253/1/318 256/1/318
f 253/1/319 255/1/319 256/1/319
f 255/1/320 257/1/320 256/1/320
f 256/1/321 257/1/321 258/1/321
f 259/1/322 260/1/322 258/1/322
f 258/1/323 260/1/323 256/1/323
f 256/1/324 260/1/324 254/1/324
f 260/1/325 261/1/325 254/1/325
f 254/1/326 261/1/326 251/1/326
f 261/1/327 262/1/327 251/1/327
f 255/1/328 253/1/328 263/1/328
f 263/1/329 253/1/329 264/1/329
f 264/1/330 253/1/330 265/1/330
f 253/1/331 252/1/331 265/1/331
f 268/1/332 265/1/332 267/1/332
f 265/1/333 266/1/333 267/1/333
f 261/1/334 270/1/334 262/1/334
f 269/1/335 262/1/335 270/1/335
f 261/1/336 260/1/336 270/1/336
f 271/1/337 270/1/337 260/1/337
f 260/1/338 259/1/338 271/1/338
f 272/1/339 265/1/339 252/1/339
f 273/1/340 274/1/340 276/1/340
f 274/1/341 275/1/341 276/1/341
f 278/1/342 279/1/342 277/1/342
f 277/1/343 279/1/343 280/1/343
f 279/1/344 278/1/344 282/1/344
f 281/1/345 282/1/345 278/1/345
f 285/1/346 286/1/346 284/1/346
f 283/1/347 284/1/347 286/1/347
f 285/1/348 287/1/348 286/1/348
f 286/1/349 287/1/349 288/1/349
f 291/1/350 292/1/350 290/1/350
f 289/1/351 290/1/351 292/1/351
f 296/1/352 293/1/352 295/1/352
f 293/1/353 294/1/353 295/1/353
f 297/1/354 298/1/354 291/1/354
f 292/1/355 291/1/355 298/1/355
f 293/1/356 298/1/356 294/1/356
f 298/1/357 297/1/357 294/1/357
f 302/1/358 299/1/358 301/1/358
f 299/1/359 300/1/359 301/1/359
f 304/1/360 305/1/360 303/1/360
f 303/1/361 305/1/361 306/1/361
f 304/1/362 303/1/362 308/1/362
f 303/1/363 307/1/363 308/1/363
f 309/1/364 310/1/364 307/1/364
f 308/1/365 307/1/365 310/1/365
f 309/1/366 311/1/366 310/1/366
f 310/1/367 311/1/367 312/1/367
f 311/1/368 313/1/368 312/1/368
f 312/1/369 313/1/369 314/1/369
f 318/1/370 315/1/370 317/1/370
f 315/1/371 316/1/371 317/1/371
f 319/1/372 320/1/372 318/1/372
f 318/1/373 320/1/373 315/1/373
f 322/1/374 323/1/374 321/1/374
f 321/1/375 323/1/375 324/1/375
f 327/1/376 328/1/376 326/1/376
f 325/1/377 326/1/377 328/1/377
f 329/1/378 330/1/378 332/1/378
f 330/1/379 331/1/379 332/1/379
f 331/1/380 330/1/380 334/1/380
f 330/1/381 333/1/381 334/1/381
f 337/1/382 338/1/382 336/1/382
f 335/1/383 336/1/383 338/1/383
f 340/1/384 339/1/384 338/1/384
f 339/1/385 335/1/385 338/1/385
f 341/1/386 342/1/386 343/1/386
f 345/1/387 342/1/387 344/1/387
f 344/1/388 342/1/388 341/1/388
f 344/1/389 346/1/389 347/1/389
f 348/1/390 349/1/390 351/1/390
f 349/1/391 350/1/391 351/1/391
f 354/1/392 355/1/392 353/1/392
f 352/1/393 353/1/393 355/1/393
f 356/1/394 357/1/394 359/1/394
f 357/15/395 358/16/395 359/17/395
f 363/1/396 360/1/396 362/1/396
f 360/1/397 361/1/397 362/1/397
f 365/1/398 362/1/398 364/1/398
f 362/1/399 361/1/399 364/1/399
f 358/16/400 364/18/400 359/17/400
f 364/18/401 361/19/401 359/17/401
f 365/1/402 364/1/402 367/1/402
f 364/1/403 366/1/403 367/1/403
f 366/1/404 364/1/404 368/1/404
f 364/1/405 358/1/405 368/1/405
f 369/1/406 368/1/406 357/1/406
f 368/1/407 358/1/407 357/1/407
f 370/1/408 371/1/408 372/1/408
f 370/1/409 372/1/409 373/1/409
f 371/1/410 374/1/410 372/1/410
f 374/1/411 375/1/411 372/1/411
f 377/1/412 375/1/412 376/1/412
f 374/1/413 376/1/413 375/1/413
f 379/1/414 372/1/414 378/1/414
f 372/1/415 375/1/415 378/1/415
f 378/1/416 375/1/416 380/1/416
f 375/1/417 377/1/417 380/1/417
f 384/20/418 381/21/418 383/22/418
f 381/21/419 382/23/419 383/22/419
f 383/22/420 385/24/420 384/20/420
f 384/20/421 385/24/421 386/25/421
f 387/1/422 388/1/422 382/1/422
f 382/1/423 388/1/423 383/1/423
f 389/1/424 385/1/424 388/1/424
f 383/1/425 388/1/425 385/1/425
f 392/1/426 393/1/426 391/1/426
f 390/1/427 391/1/427 393/1/427
f 394/26/428 395/27/428 396/28/428
f 397/29/429 394/26/429 396/28/429
f 398/30/430 394/26/430 399/31/430
f 397/29/431 400/32/431 394/26/431
f 399/31/432 394/26/432 401/33/432
f 401/33/433 394/26/433 400/32/433
f 403/1/434 402/1/434 400/1/434
f 402/1/435 401/1/435 400/1/435
f 406/1/436 403/1/436 405/1/436
f 404/1/437 405/1/437 403/1/437
f 409/1/438 410/1/438 408/1/438
f 407/1/439 408/1/439 410/1/439
f 412/1/440 410/1/440 411/1/440
f 410/1/441 409/1/441 411/1/441
f 411/1/442 413/1/442 412/1/442
f 412/1/443 413/1/443 414/1/443
f 416/1/444 414/1/444 415/1/444
f 414/1/445 413/1/445 415/1/445
f 418/1/446 416/1/446 417/1/446
f 416/1/447 415/1/447 417/1/447
f 419/1/448 420/1/448 422/1/448
f 420/1/449 421/1/449 422/1/449
f 422/1/450 423/1/450 419/1/450
f 423/1/451 424/1/451 419/1/451
f 425/1/452 426/1/452 428/1/452
f 426/1/453 427/1/453 428/1/453
f 427/1/454 429/1/454 428/1/454
f 428/1/455 429/1/455 430/1/455
f 415/1/456 413/1/456 429/1/456
f 430/1/457 429/1/457 413/1/457
f 427/1/458 431/1/458 429/1/458
f 429/1/459 431/1/459 415/1/459
f 431/1/460 417/1/460 415/1/460
f 426/1/461 432/1/461 427/1/461
f 432/1/462 433/1/462 427/1/462
f 434/1/463 431/1/463 433/1/463
f 427/1/464 433/1/464 431/1/464
f 435/1/465 417/1/465 434/1/465
f 431/1/466 434/1/466 417/1/466
f 437/1/467 433/1/467 436/1/467
f 432/1/468 436/1/468 433/1/468
f 438/1/469 434/1/469 437/1/469
f 433/1/470 437/1/470 434/1/470
f 420/1/471 435/1/471 438/1/471
f 434/1/472 438/1/472 435/1/472
f 428/1/473 440/1/473 425/1/473
f 439/1/474 425/1/474 440/1/474
f 440/1/475 428/1/475 441/1/475
f 428/1/476 430/1/476 441/1/476
f 413/1/477 411/1/477 430/1/477
f 441/1/79 430/1/79 411/1/79
f 442/1/478 411/1/478 409/1/478
f 443/1/479 441/1/479 442/1/479
f 411/1/480 442/1/480 441/1/480
f 441/1/481 443/1/481 440/1/481
f 443/1/482 444/1/482 440/1/482
f 440/1/483 444/1/483 439/1/483
f 444/1/484 445/1/484 439/1/484
f 442/1/485 446/1/485 443/1/485
f 446/1/486 447/1/486 443/1/486
f 443/1/487 447/1/487 444/1/487
f 444/1/488 447/1/488 449/1/488
f 447/1/489 448/1/489 449/1/489
f 450/1/490 448/1/490 446/1/490
f 446/1/491 448/1/491 447/1/491
f 451/1/492 452/1/492 450/1/492
f 450/1/493 452/1/493 448/1/493
f 452/1/494 453/1/494 448/1/494
f 448/1/495 453/1/495 449/1/495
f 454/1/496 455/1/496 453/1/496
f 449/1/497 453/1/497 455/1/497
f 422/1/498 421/1/498 456/1/498
f 456/1/499 421/1/499 457/1/499
f 456/1/500 457/1/500 458/1/500
f 457/1/501 451/1/501 458/1/501
f 452/1/502 451/1/502 459/1/502
f 451/1/503 457/1/503 459/1/503
f 459/1/504 460/1/504 452/1/504
f 452/1/505 460/1/505 453/1/505
f 453/1/506 460/1/506 454/1/506
f 460/1/507 461/1/507 454/1/507
f 462/1/508 459/1/508 421/1/508
f 457/1/509 421/1/509 459/1/509
f 462/1/510 463/1/510 459/1/510
f 459/1/511 463/1/511 460/1/511
f 460/1/512 463/1/512 461/1/512
f 463/1/513 464/1/513 461/1/513
f 462/1/514 438/1/514 463/1/514
f 438/1/515 437/1/515 463/1/515
f 436/1/516 464/1/516 437/1/516
f 463/1/517 437/1/517 464/1/517
f 421/1/518 420/1/518 462/1/518
f 420/1/519 438/1/519 462/1/519
f 419/1/520 465/1/520 420/1/520
f 435/1/521 420/1/521 465/1/521
f 469/1/522 466/1/522 468/1/522
f 466/1/523 467/1/523 468/1/523
f 468/1/524 470/1/524 469/1/524
f 469/1/525 470/1/525 471/1/525
f 471/1/526 470/1/526 473/1/526
f 470/1/527 472/1/527 473/1/527
f 474/1/528 475/1/528 472/1/528
f 473/1/529 472/1/529 475/1/529
f 478/1/530 479/1/530 477/1/530
f 476/1/531 477/1/531 479/1/531
f 476/1/532 480/1/532 477/1/532
f 480/1/533 481/1/533 477/1/533
f 480/1/534 482/1/534 481/1/534
f 482/1/535 483/1/535 481/1/535
f 483/1/536 482/1/536 485/1/536
f 484/1/537 485/1/537 482/1/537
f 485/1/538 484/1/538 487/1/538
f 486/1/539 487/1/539 484/1/539
f 489/1/540 488/1/540 476/1/540
f 488/1/541 480/1/541 476/1/541
f 482/1/542 480/1/542 490/1/542
f 490/1/543 480/1/543 488/1/543
f 490/1/544 491/1/544 482/1/544
f 491/1/545 484/1/545 482/1/545
f 484/1/546 491/1/546 486/1/546
f 492/1/547 486/1/547 491/1/547
f 488/1/548 489/1/548 493/1/548
f 493/1/549 489/1/549 494/1/549
f 490/1/550 488/1/550 495/1/550
f 495/1/551 488/1/551 493/1/551
f 491/1/552 490/1/552 496/1/552
f 496/1/553 490/1/553 495/1/553
f 492/1/554 491/1/554 497/1/554
f 497/1/555 491/1/555 496/1/555
f 499/1/556 498/1/556 494/1/556
f 498/1/557 493/1/557 494/1/557
f 495/1/558 493/1/558 500/1/558
f 500/1/559 493/1/559 498/1/559
f 501/1/560 496/1/560 500/1/560
f 496/1/561 495/1/561 500/1/561
f 497/1/562 496/1/562 502/1/562
f 502/1/563 496/1/563 501/1/563
f 504/1/564 467/1/564 503/1/564
f 467/1/565 466/1/565 503/1/565
f 506/1/566 505/1/566 504/1/566
f 505/34/567 467/35/567 504/36/567
f 474/1/568 472/1/568 508/1/568
f 507/1/569 508/1/569 472/1/569
f 509/37/570 507/38/570 470/39/570
f 507/38/571 472/40/571 470/39/571
f 468/41/572 467/35/572 510/42/572
f 510/42/573 467/35/573 505/34/573
f 510/42/574 509/37/574 468/41/574
f 509/37/575 470/39/575 468/41/575
f 477/1/576 511/1/576 478/1/576
f 478/1/577 511/1/577 512/1/577
f 505/1/578 506/1/578 511/1/578
f 511/1/579 506/1/579 512/1/579
f 513/1/580 514/1/580 487/1/580
f 485/1/581 487/1/581 514/1/581
f 514/1/582 515/1/582 485/1/582
f 483/1/583 485/1/583 515/1/583
f 515/1/584 516/1/584 483/1/584
f 481/1/585 483/1/585 516/1/585
f 481/1/586 516/1/586 477/1/586
f 477/1/587 516/1/587 511/1/587
f 514/1/588 513/1/588 507/1/588
f 513/1/589 508/1/589 507/1/589
f 515/1/590 514/1/590 509/1/590
f 514/1/591 507/1/591 509/1/591
f 516/1/592 515/1/592 510/1/592
f 515/1/593 509/1/593 510/1/593
f 510/1/594 505/1/594 516/1/594
f 511/1/595 516/1/595 505/1/595
f 517/43/596 518/44/596 519/45/596
f 521/1/597 522/1/597 520/1/597
f 522/1/598 523/1/598 520/1/598
f 520/1/599 523/1/599 524/1/599
f 526/1/600 527/1/600 525/1/600
f 525/1/601 527/1/601 528/1/601
f 529/1/602 530/1/602 532/1/602
f 530/1/603 531/1/603 532/1/603
f 529/1/604 532/1/604 533/1/604
f 533/1/605 532/1/605 534/1/605
f 533/1/606 534/1/606 535/1/606
f 535/1/607 534/1/607 536/1/607
f 528/1/608 527/1/608 538/1/608
f 527/1/609 537/1/609 538/1/609
f 540/46/610 541/47/610 539/48/610
f 539/48/611 541/47/611 542/49/611
f 541/50/612 545/51/612 544/52/612
f 543/53/613 544/54/613 545/55/613
f 545/55/614 546/56/614 543/53/614
f 535/1/615 543/1/615 546/1/615
f 526/57/616 525/58/616 543/53/616
f 543/53/617 525/58/617 544/54/617
f 543/1/618 535/1/618 526/1/618
f 535/1/619 536/1/619 526/1/619
f 545/59/620 541/47/620 547/60/620
f 547/60/621 541/47/621 540/46/621
f 549/1/622 530/1/622 548/1/622
f 548/1/623 530/1/623 529/1/623
f 533/1/624 550/1/624 529/1/624
f 550/1/625 548/1/625 529/1/625
f 549/1/626 548/1/626 552/1/626
f 551/1/627 552/1/627 548/1/627
f 551/1/628 548/1/628 553/1/628
f 553/1/629 548/1/629 550/1/629
f 550/1/630 546/1/630 553/1/630
f 554/1/631 553/1/631 546/1/631
f 546/61/632 545/62/632 554/63/632
f 547/60/633 554/64/633 545/59/633
f 558/1/634 555/1/634 557/1/634
f 555/1/635 556/1/635 557/1/635
f 560/1/636 556/1/636 559/1/636
f 559/1/637 556/1/637 555/1/637
f 562/1/638 560/1/638 561/1/638
f 561/65/639 560/66/639 559/67/639
f 561/1/640 563/1/640 562/1/640
f 563/1/641 564/1/641 562/1/641
f 566/1/642 564/1/642 565/1/642
f 565/1/643 564/1/643 563/1/643
f 566/1/644 565/1/644 568/1/644
f 567/1/645 568/1/645 565/1/645
f 568/1/646 567/1/646 570/1/646
f 569/1/647 570/1/647 567/1/647
f 569/1/648 571/1/648 570/1/648
f 571/1/649 572/1/649 570/1/649
f 556/1/650 573/1/650 557/1/650
f 573/1/651 574/1/651 557/1/651
f 575/1/652 573/1/652 560/1/652
f 560/1/653 573/1/653 556/1/653
f 576/1/654 575/1/654 562/1/654
f 562/1/655 575/1/655 560/1/655
f 577/1/656 576/1/656 564/1/656
f 564/1/657 576/1/657 562/1/657
f 566/1/658 578/1/658 564/1/658
f 578/1/659 577/1/659 564/1/659
f 578/1/660 566/1/660 579/1/660
f 568/1/661 579/1/661 566/1/661
f 570/1/662 580/1/662 568/1/662
f 580/1/663 579/1/663 568/1/663
f 580/1/664 570/1/664 581/1/664
f 572/1/665 581/1/665 570/1/665
f 552/1/666 582/1/666 549/1/666
f 582/1/667 583/1/667 549/1/667
f 565/1/668 563/1/668 585/1/668
f 584/1/669 585/1/669 563/1/669
f 586/1/670 584/1/670 561/1/670
f 584/1/671 563/1/671 561/1/671
f 587/1/672 586/1/672 559/1/672
f 586/1/673 561/1/673 559/1/673
f 552/1/674 587/1/674 555/1/674
f 587/1/675 559/1/675 555/1/675
f 552/1/676 555/1/676 582/1/676
f 555/1/677 558/1/677 582/1/677
f 573/1/678 588/1/678 574/1/678
f 574/1/679 588/1/679 589/1/679
f 591/1/680 577/1/680 590/1/680
f 577/1/681 578/1/681 590/1/681
f 577/1/682 591/1/682 576/1/682
f 576/1/683 591/1/683 592/1/683
f 575/1/684 576/1/684 593/1/684
f 576/1/685 592/1/685 593/1/685
f 573/1/686 575/1/686 588/1/686
f 575/1/687 593/1/687 588/1/687
f 595/1/688 571/1/688 594/1/688
f 571/1/689 569/1/689 594/1/689
f 581/1/690 596/1/690 580/1/690
f 596/1/691 597/1/691 580/1/691
f 567/1/692 565/1/692 598/1/692
f 565/1/693 585/1/693 598/1/693
f 569/1/694 567/1/694 594/1/694
f 567/1/695 598/1/695 594/1/695
f 579/1/696 599/1/696 578/1/696
f 599/1/697 590/1/697 578/1/697
f 580/1/698 597/1/698 579/1/698
f 597/1/699 599/1/699 579/1/699
f 603/1/700 600/1/700 602/1/700
f 600/1/701 601/1/701 602/1/701
f 601/1/702 600/1/702 605/1/702
f 604/1/703 605/1/703 600/1/703
f 604/1/704 606/1/704 605/1/704
f 606/1/705 607/1/705 605/1/705
f 609/1/706 607/1/706 608/1/706
f 608/1/707 607/1/707 606/1/707
f 608/1/708 610/1/708 609/1/708
f 610/1/709 611/1/709 609/1/709
f 613/1/710 611/1/710 612/1/710
f 612/1/711 611/1/711 610/1/711
f 615/1/712 613/1/712 614/1/712
f 614/1/713 613/1/713 612/1/713
f 617/1/714 615/1/714 616/1/714
f 616/1/715 615/1/715 614/1/715
f 619/1/716 617/1/716 618/1/716
f 618/1/717 617/1/717 616/1/717
f 619/1/718 618/1/718 621/1/718
f 620/1/719 621/1/719 618/1/719
f 623/1/720 621/1/720 622/1/720
f 622/1/721 621/1/721 620/1/721
f 625/1/722 623/1/722 624/1/722
f 624/1/723 623/1/723 622/1/723
f 624/1/724 626/1/724 625/1/724
f 626/1/725 627/1/725 625/1/725
f 629/1/726 627/1/726 628/1/726
f 628/1/727 627/1/727 626/1/727
f 631/1/728 632/1/728 630/1/728
f 630/1/729 632/1/729 633/1/729
f 635/1/730 636/1/730 634/1/730
f 634/1/731 636/1/731 637/1/731
f 634/1/732 637/1/732 638/1/732
f 634/1/733 638/1/733 639/1/733
f 639/1/734 638/1/734 640/1/734
f 639/1/735 640/1/735 641/1/735
f 641/1/736 640/1/736 642/1/736
f 643/1/737 641/1/737 644/1/737
f 641/1/738 642/1/738 644/1/738
f 646/1/739 645/1/739 644/1/739
f 645/1/740 643/1/740 644/1/740
f 648/1/741 647/1/741 646/1/741
f 647/1/742 645/1/742 646/1/742
f 649/1/743 647/1/743 650/1/743
f 647/1/744 648/1/744 650/1/744
f 651/1/745 649/1/745 652/1/745
f 649/1/746 650/1/746 652/1/746
f 653/1/747 651/1/747 654/1/747
f 651/1/748 652/1/748 654/1/748
f 654/1/749 656/1/749 653/1/749
f 655/1/750 653/1/750 656/1/750
f 655/1/751 656/1/751 631/1/751
f 631/1/752 656/1/752 632/1/752
f 658/1/753 659/1/753 657/1/753
f 657/1/754 659/1/754 660/1/754
f 662/1/755 663/1/755 661/1/755
f 661/1/756 663/1/756 664/1/756
f 661/1/757 664/1/757 665/1/757
f 665/1/758 664/1/758 666/1/758
f 665/1/759 666/1/759 667/1/759
f 667/1/760 666/1/760 668/1/760
f 669/1/761 667/1/761 670/1/761
f 667/1/762 668/1/762 670/1/762
f 670/1/763 672/1/763 669/1/763
f 671/1/764 669/1/764 672/1/764
f 672/1/765 674/1/765 671/1/765
f 673/1/766 671/1/766 674/1/766
f 676/1/767 675/1/767 674/1/767
f 675/1/768 673/1/768 674/1/768
f 677/1/769 675/1/769 676/1/769
f 676/1/770 679/1/770 677/1/770
f 678/1/771 677/1/771 679/1/771
f 680/1/772 678/1/772 681/1/772
f 678/1/773 679/1/773 681/1/773
f 682/1/774 680/1/774 683/1/774
f 680/1/775 681/1/775 683/1/775
f 684/1/776 682/1/776 685/1/776
f 682/1/777 683/1/777 685/1/777
f 658/1/778 684/1/778 659/1/778
f 684/1/779 685/1/779 659/1/779
f 600/1/780 603/1/780 632/1/780
f 633/1/781 632/1/781 603/1/781
f 627/1/782 629/1/782 659/1/782
f 660/1/783 659/1/783 629/1/783
f 663/1/784 602/1/784 601/1/784
f 605/1/785 664/1/785 601/1/785
f 664/1/786 663/1/786 601/1/786
f 664/1/787 605/1/787 666/1/787
f 666/1/788 605/1/788 607/1/788
f 666/1/789 607/1/789 668/1/789
f 668/1/790 607/1/790 609/1/790
f 670/1/791 668/1/791 611/1/791
f 668/1/792 609/1/792 611/1/792
f 672/1/793 670/1/793 613/1/793
f 670/1/794 611/1/794 613/1/794
f 613/1/795 615/1/795 672/1/795
f 674/1/796 672/1/796 615/1/796
f 615/1/797 617/1/797 674/1/797
f 676/1/798 674/1/798 617/1/798
f 617/1/799 619/1/799 676/1/799
f 679/1/800 676/1/800 619/1/800
f 681/1/801 679/1/801 621/1/801
f 679/1/802 619/1/802 621/1/802
f 683/1/803 681/1/803 623/1/803
f 681/1/804 621/1/804 623/1/804
f 623/1/805 625/1/805 683/1/805
f 685/1/806 683/1/806 625/1/806
f 627/68/807 659/69/807 625/70/807
f 659/69/808 685/71/808 625/70/808
f 637/1/809 636/1/809 626/1/809
f 636/1/810 628/1/810 626/1/810
f 626/1/811 624/1/811 637/1/811
f 638/1/812 637/1/812 624/1/812
f 640/1/813 638/1/813 622/1/813
f 638/1/814 624/1/814 622/1/814
f 640/1/815 622/1/815 620/1/815
f 640/1/816 620/1/816 642/1/816
f 642/1/817 620/1/817 618/1/817
f 618/1/818 616/1/818 642/1/818
f 644/1/819 642/1/819 616/1/819
f 616/1/820 614/1/820 644/1/820
f 646/1/821 644/1/821 614/1/821
f 614/1/822 612/1/822 646/1/822
f 648/1/822 646/1/822 612/1/822
f 650/1/823 648/1/823 610/1/823
f 648/1/824 612/1/824 610/1/824
f 610/1/825 608/1/825 650/1/825
f 652/1/826 650/1/826 608/1/826
f 654/1/827 652/1/827 606/1/827
f 652/1/828 608/1/828 606/1/828
f 606/1/829 604/1/829 654/1/829
f 656/1/830 654/1/830 604/1/830
f 632/1/831 656/1/831 600/1/831
f 656/1/832 604/1/832 600/1/832
f 682/1/833 686/1/833 680/1/833
f 687/1/834 688/1/834 675/1/834
f 688/1/835 673/1/835 675/1/835
f 677/1/836 689/1/836 675/1/836
f 689/1/837 687/1/837 675/1/837
f 690/1/838 689/1/838 678/1/838
f 689/1/839 677/1/839 678/1/839
f 686/1/840 691/1/840 692/1/840
f 692/1/841 678/1/841 686/1/841
f 678/1/842 680/1/842 686/1/842
f 692/1/843 690/1/843 678/1/843
f 693/1/844 694/1/844 695/1/844
f 698/1/845 699/1/845 697/1/845
f 696/1/846 697/1/846 699/1/846
f 700/1/847 696/1/847 701/1/847
f 696/1/848 699/1/848 701/1/848
f 701/1/849 703/1/849 700/1/849
f 702/1/850 700/1/850 703/1/850
f 702/1/851 703/1/851 704/1/851
f 704/1/852 703/1/852 705/1/852
f 704/1/853 705/1/853 706/1/853
f 706/1/854 705/1/854 707/1/854
f 709/1/855 708/1/855 707/1/855
f 708/1/856 706/1/856 707/1/856
f 708/1/857 709/1/857 710/1/857
f 710/1/858 709/1/858 711/1/858
f 694/1/859 693/1/859 711/1/859
f 693/1/860 710/1/860 711/1/860
f 696/1/861 700/1/861 712/1/861
f 700/1/862 691/1/862 712/1/862
f 693/1/863 695/1/863 713/1/863
f 713/1/864 688/1/864 693/1/864
f 710/1/865 693/1/865 688/1/865
f 708/1/866 710/1/866 687/1/866
f 710/1/867 688/1/867 687/1/867
f 706/1/868 708/1/868 689/1/868
f 708/1/869 687/1/869 689/1/869
f 689/1/870 690/1/870 706/1/870
f 704/1/871 706/1/871 690/1/871
f 702/1/872 704/1/872 692/1/872
f 704/1/873 690/1/873 692/1/873
f 692/1/874 691/1/874 702/1/874
f 700/1/875 702/1/875 691/1/875
f 688/1/876 713/1/876 673/1/876
f 713/1/877 671/1/877 673/1/877
f 661/1/878 714/1/878 662/1/878
f 714/1/879 715/1/879 662/1/879
f 714/72/880 661/73/880 716/74/880
f 716/1/881 661/1/881 665/1/881
f 716/1/882 665/1/882 717/1/882
f 717/1/883 665/1/883 667/1/883
f 667/1/884 669/1/884 717/1/884
f 695/1/885 717/1/885 669/1/885
f 669/1/886 671/1/886 695/1/886
f 713/1/887 695/1/887 671/1/887
f 720/1/888 698/1/888 719/1/888
f 718/1/889 719/1/889 698/1/889
f 716/74/890 721/75/890 714/72/890
f 721/1/891 722/1/891 714/1/891
f 717/1/892 723/1/892 716/1/892
f 723/1/893 721/1/893 716/1/893
f 723/1/894 717/1/894 724/1/894
f 724/1/895 717/1/895 695/1/895
f 694/1/896 725/1/896 695/1/896
f 725/1/897 724/1/897 695/1/897
f 725/1/898 694/1/898 726/1/898
f 726/1/899 694/1/899 711/1/899
f 709/1/900 727/1/900 711/1/900
f 727/1/901 726/1/901 711/1/901
f 727/1/902 709/1/902 728/1/902
f 728/1/903 709/1/903 707/1/903
f 728/1/904 707/1/904 729/1/904
f 729/1/905 707/1/905 705/1/905
f 703/1/906 730/1/906 705/1/906
f 730/1/907 729/1/907 705/1/907
f 703/1/908 701/1/908 730/1/908
f 731/1/909 730/1/909 701/1/909
f 731/1/910 701/1/910 732/1/910
f 732/1/911 701/1/911 699/1/911
f 699/1/912 698/1/912 732/1/912
f 720/1/913 732/1/913 698/1/913
f 718/1/914 589/1/914 719/1/914
f 589/1/915 588/1/915 719/1/915
f 720/1/916 719/1/916 733/1/916
f 734/1/917 732/1/917 733/1/917
f 732/1/918 720/1/918 733/1/918
f 722/1/919 736/1/919 735/1/919
f 735/1/920 736/1/920 737/1/920
f 732/1/921 734/1/921 731/1/921
f 731/1/922 734/1/922 738/1/922
f 730/1/923 731/1/923 738/1/923
f 730/1/924 738/1/924 729/1/924
f 729/1/925 738/1/925 739/1/925
f 740/1/926 728/1/926 739/1/926
f 728/1/927 729/1/927 739/1/927
f 728/1/928 740/1/928 727/1/928
f 727/1/929 740/1/929 741/1/929
f 741/1/930 742/1/930 727/1/930
f 726/1/931 727/1/931 742/1/931
f 726/1/932 742/1/932 725/1/932
f 725/1/933 742/1/933 743/1/933
f 744/1/934 724/1/934 743/1/934
f 724/1/935 725/1/935 743/1/935
f 724/1/936 744/1/936 723/1/936
f 723/1/937 744/1/937 745/1/937
f 723/1/938 745/1/938 721/1/938
f 721/76/939 745/77/939 746/78/939
f 721/1/940 746/1/940 722/1/940
f 722/1/941 746/1/941 736/1/941
f 747/1/942 748/1/942 750/1/942
f 748/1/943 749/1/943 750/1/943
f 748/79/944 747/80/944 752/81/944
f 751/82/945 752/81/945 747/80/945
f 753/1/946 754/1/946 751/1/946
f 754/83/947 752/81/947 751/82/947
f 755/1/948 756/1/948 753/1/948
f 756/1/949 754/1/949 753/1/949
f 757/1/950 758/1/950 755/1/950
f 758/1/951 756/1/951 755/1/951
f 758/1/952 757/1/952 760/1/952
f 759/1/953 760/1/953 757/1/953
f 760/1/954 759/1/954 762/1/954
f 761/1/955 762/1/955 759/1/955
f 763/1/956 764/1/956 761/1/956
f 764/1/957 762/1/957 761/1/957
f 765/1/958 766/1/958 763/1/958
f 766/1/959 764/1/959 763/1/959
f 767/1/960 768/1/960 765/1/960
f 768/1/961 766/1/961 765/1/961
f 769/1/962 770/1/962 767/1/962
f 770/1/963 768/1/963 767/1/963
f 772/1/964 770/1/964 771/1/964
f 771/1/965 770/1/965 769/1/965
f 773/1/966 774/1/966 771/1/966
f 774/1/967 772/1/967 771/1/967
f 776/1/968 774/1/968 775/1/968
f 775/1/969 774/1/969 773/1/969
f 778/1/970 776/1/970 777/1/970
f 777/1/971 776/1/971 775/1/971
f 778/1/972 777/1/972 780/1/972
f 779/1/973 780/1/973 777/1/973
f 782/1/974 780/1/974 781/1/974
f 781/1/975 780/1/975 779/1/975
f 784/1/976 782/1/976 783/1/976
f 783/1/977 782/1/977 781/1/977
f 786/1/978 784/1/978 785/1/978
f 785/1/979 784/1/979 783/1/979
f 787/1/980 788/1/980 790/1/980
f 788/1/981 789/1/981 790/1/981
f 787/84/982 791/85/982 788/86/982
f 791/85/983 792/87/983 788/86/983
f 794/88/984 792/87/984 793/89/984
f 793/89/985 792/87/985 791/85/985
f 795/90/986 796/91/986 793/89/986
f 796/91/987 794/88/987 793/89/987
f 798/92/988 796/91/988 797/93/988
f 797/93/989 796/91/989 795/90/989
f 800/1/990 798/1/990 799/1/990
f 799/94/991 798/92/991 797/93/991
f 801/1/992 802/1/992 799/1/992
f 802/1/993 800/1/993 799/1/993
f 802/1/994 801/1/994 804/1/994
f 803/1/995 804/1/995 801/1/995
f 804/1/996 803/1/996 806/1/996
f 805/1/997 806/1/997 803/1/997
f 806/1/998 805/1/998 808/1/998
f 807/1/999 808/1/999 805/1/999
f 808/1/1000 807/1/1000 810/1/1000
f 809/1/1001 810/1/1001 807/1/1001
f 810/1/1002 809/1/1002 812/1/1002
f 811/1/1003 812/1/1003 809/1/1003
f 811/1/1004 813/1/1004 812/1/1004
f 813/1/1005 814/1/1005 812/1/1005
f 816/1/1006 814/1/1006 815/1/1006
f 815/1/1007 814/1/1007 813/1/1007
f 818/1/1008 816/1/1008 817/1/1008
f 817/1/1009 816/1/1009 815/1/1009
f 819/1/1010 820/1/1010 817/1/1010
f 820/1/1011 818/1/1011 817/1/1011
f 821/1/1012 822/1/1012 824/1/1012
f 822/1/1013 823/1/1013 824/1/1013
f 821/95/1014 825/96/1014 822/97/1014
f 825/96/1015 826/98/1015 822/97/1015
f 825/96/1016 827/99/1016 826/98/1016
f 827/99/1017 828/100/1017 826/98/1017
f 829/101/1018 830/102/1018 827/99/1018
f 830/102/1019 828/100/1019 827/99/1019
f 830/102/1020 829/101/1020 832/103/1020
f 831/104/1021 832/105/1021 829/106/1021
f 834/1/1022 832/1/1022 833/1/1022
f 833/1/1023 832/1/1023 831/1/1023
f 835/1/1024 836/1/1024 833/1/1024
f 836/1/1025 834/1/1025 833/1/1025
f 835/107/1026 837/108/1026 836/109/1026
f 837/110/1027 838/111/1027 836/112/1027
f 837/1/1028 839/1/1028 838/1/1028
f 839/1/1029 840/1/1029 838/1/1029
f 842/1/1030 840/1/1030 841/1/1030
f 841/1/1031 840/1/1031 839/1/1031
f 843/1/1032 844/1/1032 841/1/1032
f 844/1/1033 842/1/1033 841/1/1033
f 844/1/1034 843/1/1034 846/1/1034
f 845/1/1035 846/1/1035 843/1/1035
f 847/1/1036 848/1/1036 845/1/1036
f 848/1/1037 846/1/1037 845/1/1037
f 849/1/1038 850/1/1038 847/1/1038
f 850/1/1039 848/1/1039 847/1/1039
f 851/1/1040 852/1/1040 849/1/1040
f 852/1/1041 850/1/1041 849/1/1041
f 853/1/1042 854/1/1042 733/1/1042
f 855/1/1043 856/1/1043 736/1/1043
f 856/1/1044 737/1/1044 736/1/1044
f 736/113/1045 746/78/1045 855/114/1045
f 857/115/1046 855/114/1046 746/78/1046
f 745/77/1047 858/116/1047 746/78/1047
f 858/116/1048 857/115/1048 746/78/1048
f 744/1/1049 859/1/1049 745/1/1049
f 859/117/1050 858/116/1050 745/77/1050
f 743/1/1051 860/1/1051 744/1/1051
f 860/1/1052 859/1/1052 744/1/1052
f 860/1/1053 743/1/1053 861/1/1053
f 861/1/1054 743/1/1054 742/1/1054
f 862/1/1055 861/1/1055 742/1/1055
f 863/1/1056 862/1/1056 741/1/1056
f 862/1/1057 742/1/1057 741/1/1057
f 741/1/1058 740/1/1058 863/1/1058
f 864/1/1059 863/1/1059 740/1/1059
f 739/1/1060 865/1/1060 740/1/1060
f 865/1/1061 864/1/1061 740/1/1061
f 865/1/1062 739/1/1062 866/1/1062
f 866/1/1063 739/1/1063 738/1/1063
f 738/1/1064 734/1/1064 866/1/1064
f 867/1/1065 866/1/1065 734/1/1065
f 734/1/1066 733/1/1066 867/1/1066
f 854/1/1067 867/1/1067 733/1/1067
f 588/1/1068 593/1/1068 733/1/1068
f 593/1/1069 592/1/1069 733/1/1069
f 719/1/1070 588/1/1070 733/1/1070
f 590/1/1071 853/1/1071 733/1/1071
f 591/1/1072 590/1/1072 733/1/1072
f 592/1/1073 591/1/1073 733/1/1073
f 868/1/1074 530/1/1074 869/1/1074
f 530/1/1075 549/1/1075 869/1/1075
f 595/1/1076 870/1/1076 571/1/1076
f 870/1/1077 871/1/1077 571/1/1077
f 531/1/1078 872/1/1078 595/1/1078
f 872/1/1079 870/1/1079 595/1/1079
f 549/1/1080 583/1/1080 869/1/1080
f 531/1/1081 868/1/1081 872/1/1081
f 868/1/1082 873/1/1082 872/1/1082
f 868/1/1083 531/1/1083 530/1/1083
f 874/1/1084 572/1/1084 871/1/1084
f 871/1/1085 572/1/1085 571/1/1085
f 875/1/1086 876/1/1086 596/1/1086
f 581/1/1087 877/1/1087 596/1/1087
f 877/1/1088 875/1/1088 596/1/1088
f 572/1/1089 874/1/1089 581/1/1089
f 874/1/1090 877/1/1090 581/1/1090
f 853/1/1091 590/1/1091 599/1/1091
f 597/1/1092 854/1/1092 599/1/1092
f 854/1/1093 853/1/1093 599/1/1093
f 876/1/1094 867/1/1094 854/1/1094
f 876/1/1095 854/1/1095 597/1/1095
f 856/1/1096 855/1/1096 750/1/1096
f 873/1/1097 785/1/1097 872/1/1097
f 872/1/1098 785/1/1098 783/1/1098
f 872/1/1099 783/1/1099 870/1/1099
f 870/1/1100 783/1/1100 781/1/1100
f 779/1/1101 871/1/1101 781/1/1101
f 871/1/1102 870/1/1102 781/1/1102
f 871/1/1103 779/1/1103 874/1/1103
f 874/1/1104 779/1/1104 777/1/1104
f 777/1/1105 775/1/1105 874/1/1105
f 877/1/1106 874/1/1106 775/1/1106
f 773/1/1107 875/1/1107 775/1/1107
f 875/1/1108 877/1/1108 775/1/1108
f 876/1/1109 875/1/1109 771/1/1109
f 875/1/1110 773/1/1110 771/1/1110
f 876/1/1111 771/1/1111 769/1/1111
f 767/1/1112 867/1/1112 769/1/1112
f 867/1/1113 876/1/1113 769/1/1113
f 867/1/1114 767/1/1114 866/1/1114
f 866/1/1115 767/1/1115 765/1/1115
f 866/1/1116 765/1/1116 865/1/1116
f 865/1/1117 765/1/1117 763/1/1117
f 761/1/1118 864/1/1118 763/1/1118
f 864/1/1119 865/1/1119 763/1/1119
f 864/1/1120 761/1/1120 863/1/1120
f 863/1/1121 761/1/1121 759/1/1121
f 863/1/1122 759/1/1122 862/1/1122
f 862/1/1123 759/1/1123 757/1/1123
f 755/1/1124 861/1/1124 757/1/1124
f 861/1/1125 862/1/1125 757/1/1125
f 861/1/1126 755/1/1126 753/1/1126
f 861/1/1127 753/1/1127 860/1/1127
f 860/1/1128 753/1/1128 751/1/1128
f 860/118/1129 751/82/1129 859/117/1129
f 859/117/1130 751/82/1130 747/80/1130
f 858/116/1131 859/117/1131 747/80/1131
f 750/1/1132 857/1/1132 747/1/1132
f 857/115/1133 858/116/1133 747/80/1133
f 855/1/1134 857/1/1134 750/1/1134
f 790/1/1135 749/1/1135 787/1/1135
f 748/1/1136 787/1/1136 749/1/1136
f 752/81/1137 791/85/1137 748/79/1137
f 791/85/1138 787/84/1138 748/79/1138
f 754/83/1139 793/89/1139 752/81/1139
f 793/89/1140 791/85/1140 752/81/1140
f 793/89/1141 754/83/1141 795/90/1141
f 756/1/1142 795/1/1142 754/1/1142
f 795/1/1143 756/1/1143 797/1/1143
f 758/1/1144 797/1/1144 756/1/1144
f 760/1/1145 799/1/1145 758/1/1145
f 799/1/1146 797/1/1146 758/1/1146
f 799/1/1147 760/1/1147 801/1/1147
f 762/1/1148 801/1/1148 760/1/1148
f 801/1/1149 762/1/1149 803/1/1149
f 764/1/1150 803/1/1150 762/1/1150
f 803/1/1151 764/1/1151 805/1/1151
f 766/1/1152 805/1/1152 764/1/1152
f 805/1/1153 766/1/1153 807/1/1153
f 768/1/1154 807/1/1154 766/1/1154
f 770/1/1155 809/1/1155 768/1/1155
f 809/1/1156 807/1/1156 768/1/1156
f 809/1/1157 770/1/1157 811/1/1157
f 772/1/1158 811/1/1158 770/1/1158
f 813/1/1159 811/1/1159 774/1/1159
f 774/1/1160 811/1/1160 772/1/1160
f 815/1/1161 813/1/1161 776/1/1161
f 776/1/1162 813/1/1162 774/1/1162
f 776/1/1163 778/1/1163 815/1/1163
f 778/1/1164 817/1/1164 815/1/1164
f 817/1/1165 778/1/1165 819/1/1165
f 780/1/1166 819/1/1166 778/1/1166
f 819/1/1167 780/1/1167 878/1/1167
f 782/1/1168 878/1/1168 780/1/1168
f 782/1/1169 879/1/1169 878/1/1169
f 788/1/1170 821/1/1170 789/1/1170
f 821/1/1171 824/1/1171 789/1/1171
f 825/96/1172 821/95/1172 792/87/1172
f 792/87/1173 821/95/1173 788/86/1173
f 827/99/1174 825/96/1174 794/88/1174
f 794/88/1175 825/96/1175 792/87/1175
f 796/91/1176 829/101/1176 794/88/1176
f 829/101/1177 827/99/1177 794/88/1177
f 796/119/1178 798/120/1178 829/106/1178
f 798/120/1179 831/104/1179 829/106/1179
f 798/1/1180 800/1/1180 831/1/1180
f 800/1/1181 833/1/1181 831/1/1181
f 802/1/1182 835/1/1182 800/1/1182
f 835/1/1183 833/1/1183 800/1/1183
f 804/1/1184 837/1/1184 802/1/1184
f 837/108/1185 835/107/1185 802/121/1185
f 806/1/1186 839/1/1186 804/1/1186
f 839/1/1187 837/1/1187 804/1/1187
f 808/1/1188 841/1/1188 806/1/1188
f 841/1/1189 839/1/1189 806/1/1189
f 841/1/1190 808/1/1190 843/1/1190
f 810/1/1191 843/1/1191 808/1/1191
f 843/1/1192 810/1/1192 845/1/1192
f 812/1/1193 845/1/1193 810/1/1193
f 814/1/1194 847/1/1194 812/1/1194
f 847/1/1195 845/1/1195 812/1/1195
f 814/1/1196 816/1/1196 847/1/1196
f 816/1/1197 849/1/1197 847/1/1197
f 816/1/1198 818/1/1198 849/1/1198
f 818/1/1199 851/1/1199 849/1/1199
f 851/1/1200 818/1/1200 880/1/1200
f 820/1/1201 880/1/1201 818/1/1201
f 712/1/1202 691/1/1202 881/1/1202
f 882/1/1203 883/1/1203 884/1/1203
f 876/1/1204 597/1/1204 596/1/1204
f 823/1/1205 822/1/1205 886/1/1205
f 822/1/1206 885/1/1206 886/1/1206
f 887/122/1207 885/123/1207 826/98/1207
f 826/98/1208 885/123/1208 822/97/1208
f 826/98/1209 828/100/1209 887/122/1209
f 828/100/1210 888/124/1210 887/122/1210
f 830/102/1211 889/125/1211 828/100/1211
f 889/125/1212 888/124/1212 828/100/1212
f 889/125/1213 830/102/1213 890/126/1213
f 832/103/1214 890/126/1214 830/102/1214
f 891/127/1215 890/128/1215 834/129/1215
f 834/129/1216 890/128/1216 832/130/1216
f 892/1/1217 891/1/1217 836/1/1217
f 836/131/1218 891/127/1218 834/129/1218
f 893/1/1219 892/1/1219 838/1/1219
f 838/1/1220 892/1/1220 836/1/1220
f 838/1/1221 840/1/1221 893/1/1221
f 840/1/1222 894/1/1222 893/1/1222
f 840/1/1223 842/1/1223 894/1/1223
f 842/1/1224 895/1/1224 894/1/1224
f 844/1/1225 896/1/1225 842/1/1225
f 896/1/1226 895/1/1226 842/1/1226
f 846/1/1227 897/1/1227 844/1/1227
f 897/1/1228 896/1/1228 844/1/1228
f 848/1/1229 898/1/1229 846/1/1229
f 898/1/1230 897/1/1230 846/1/1230
f 898/1/1231 848/1/1231 899/1/1231
f 850/1/1232 899/1/1232 848/1/1232
f 899/1/1233 850/1/1233 900/1/1233
f 852/1/1234 900/1/1234 850/1/1234
f 886/1/1235 885/1/1235 902/1/1235
f 885/1/1236 901/1/1236 902/1/1236
f 903/132/1237 901/133/1237 887/122/1237
f 887/122/1238 901/133/1238 885/123/1238
f 888/124/1239 904/134/1239 887/122/1239
f 904/134/1240 903/132/1240 887/122/1240
f 905/135/1241 904/134/1241 889/125/1241
f 889/125/1242 904/134/1242 888/124/1242
f 906/1/1243 905/1/1243 890/1/1243
f 890/126/1244 905/135/1244 889/125/1244
f 890/1/1245 891/1/1245 906/1/1245
f 891/1/1246 907/1/1246 906/1/1246
f 908/1/1247 907/1/1247 892/1/1247
f 892/1/1248 907/1/1248 891/1/1248
f 892/1/1249 893/1/1249 908/1/1249
f 893/1/1250 909/1/1250 908/1/1250
f 894/1/1251 910/1/1251 893/1/1251
f 910/1/1252 909/1/1252 893/1/1252
f 910/1/1253 894/1/1253 911/1/1253
f 895/1/1254 911/1/1254 894/1/1254
f 895/1/1255 896/1/1255 911/1/1255
f 896/1/1256 912/1/1256 911/1/1256
f 897/1/1257 913/1/1257 896/1/1257
f 913/1/1258 912/1/1258 896/1/1258
f 914/1/1259 913/1/1259 898/1/1259
f 898/1/1260 913/1/1260 897/1/1260
f 899/1/1261 915/1/1261 898/1/1261
f 915/1/1262 914/1/1262 898/1/1262
f 900/1/1263 916/1/1263 899/1/1263
f 916/1/1264 915/1/1264 899/1/1264
f 900/1/1265 917/1/1265 916/1/1265
f 917/1/1266 918/1/1266 916/1/1266
f 852/1/1267 851/1/1267 919/1/1267
f 919/1/1268 851/1/1268 880/1/1268
f 852/1/1269 920/1/1269 900/1/1269
f 920/1/1270 917/1/1270 900/1/1270
f 921/1/1271 920/1/1271 852/1/1271
f 919/1/1272 921/1/1272 852/1/1272
f 922/1/1273 923/1/1273 901/1/1273
f 901/1/1274 923/1/1274 902/1/1274
f 901/133/1275 903/132/1275 922/136/1275
f 903/132/1276 924/137/1276 922/136/1276
f 925/138/1277 924/137/1277 904/134/1277
f 904/134/1278 924/137/1278 903/132/1278
f 904/134/1279 905/135/1279 925/138/1279
f 905/135/1280 926/139/1280 925/138/1280
f 927/1/1281 926/1/1281 906/1/1281
f 906/1/1282 926/1/1282 905/1/1282
f 928/1/1283 927/1/1283 907/1/1283
f 907/1/1284 927/1/1284 906/1/1284
f 907/1/1285 908/1/1285 928/1/1285
f 908/1/1286 929/1/1286 928/1/1286
f 908/1/1287 909/1/1287 929/1/1287
f 909/1/1288 930/1/1288 929/1/1288
f 930/1/1289 909/1/1289 931/1/1289
f 910/1/1290 931/1/1290 909/1/1290
f 911/1/1291 932/1/1291 910/1/1291
f 932/1/1292 931/1/1292 910/1/1292
f 933/1/1293 932/1/1293 912/1/1293
f 912/1/1294 932/1/1294 911/1/1294
f 933/1/1295 912/1/1295 934/1/1295
f 913/1/1296 934/1/1296 912/1/1296
f 935/1/1297 934/1/1297 914/1/1297
f 914/1/1298 934/1/1298 913/1/1298
f 936/1/1299 935/1/1299 915/1/1299
f 915/1/1300 935/1/1300 914/1/1300
f 915/1/1301 916/1/1301 936/1/1301
f 916/1/1302 937/1/1302 936/1/1302
f 918/1/1303 938/1/1303 916/1/1303
f 938/1/1302 937/1/1302 916/1/1302
f 939/1/1304 940/1/1304 922/1/1304
f 922/1/1305 940/1/1305 923/1/1305
f 941/140/1306 939/141/1306 924/137/1306
f 924/137/1307 939/141/1307 922/136/1307
f 924/137/1308 925/138/1308 941/140/1308
f 925/138/1309 942/142/1309 941/140/1309
f 926/139/1310 943/143/1310 925/138/1310
f 943/143/1311 942/142/1311 925/138/1311
f 927/1/1312 944/1/1312 926/1/1312
f 944/144/1313 943/143/1313 926/139/1313
f 944/1/1314 927/1/1314 945/1/1314
f 928/1/1315 945/1/1315 927/1/1315
f 945/1/1316 928/1/1316 946/1/1316
f 929/1/1317 946/1/1317 928/1/1317
f 930/1/1318 947/1/1318 929/1/1318
f 947/1/1319 946/1/1319 929/1/1319
f 931/1/1320 948/1/1320 930/1/1320
f 948/1/1321 947/1/1321 930/1/1321
f 949/1/1322 948/1/1322 932/1/1322
f 932/1/1323 948/1/1323 931/1/1323
f 932/1/1324 933/1/1324 949/1/1324
f 933/1/1325 950/1/1325 949/1/1325
f 934/1/1326 951/1/1326 933/1/1326
f 951/1/1327 950/1/1327 933/1/1327
f 935/1/1328 952/1/1328 934/1/1328
f 952/1/1329 951/1/1329 934/1/1329
f 952/1/1330 935/1/1330 953/1/1330
f 936/1/1331 953/1/1331 935/1/1331
f 953/1/1332 936/1/1332 954/1/1332
f 937/1/1333 954/1/1333 936/1/1333
f 940/1/1334 939/1/1334 956/1/1334
f 939/1/1335 955/1/1335 956/1/1335
f 955/1/1336 939/1/1336 957/1/1336
f 941/1/1337 957/1/1337 939/1/1337
f 942/1/1338 958/1/1338 941/1/1338
f 958/1/1339 957/1/1339 941/1/1339
f 943/143/1340 959/145/1340 942/142/1340
f 959/1/1341 958/1/1341 942/1/1341
f 943/143/1342 944/144/1342 959/145/1342
f 944/144/1343 960/146/1343 959/145/1343
f 945/1/1344 961/1/1344 944/1/1344
f 961/1/1345 960/1/1345 944/1/1345
f 946/1/1346 962/1/1346 945/1/1346
f 962/1/1347 961/1/1347 945/1/1347
f 962/1/1348 946/1/1348 963/1/1348
f 947/1/1349 963/1/1349 946/1/1349
f 963/1/1350 947/1/1350 964/1/1350
f 948/1/1351 964/1/1351 947/1/1351
f 949/1/1352 965/1/1352 948/1/1352
f 965/1/1353 964/1/1353 948/1/1353
f 949/1/1354 950/1/1354 965/1/1354
f 950/1/1355 966/1/1355 965/1/1355
f 966/1/1356 950/1/1356 967/1/1356
f 951/1/1357 967/1/1357 950/1/1357
f 952/1/1358 968/1/1358 951/1/1358
f 968/1/1359 967/1/1359 951/1/1359
f 953/1/1360 969/1/1360 952/1/1360
f 969/1/1361 968/1/1361 952/1/1361
f 954/1/1362 970/1/1362 953/1/1362
f 970/1/1363 969/1/1363 953/1/1363
f 971/1/1364 972/1/1364 954/1/1364
f 972/1/1365 970/1/1365 954/1/1365
f 973/1/1366 974/1/1366 976/1/1366
f 974/1/1367 975/1/1367 976/1/1367
f 978/1/1368 974/1/1368 977/1/1368
f 977/1/1369 974/1/1369 973/1/1369
f 980/1/1370 978/1/1370 979/1/1370
f 979/1/1371 978/1/1371 977/1/1371
f 982/1/1372 980/1/1372 981/1/1372
f 981/1/1373 980/1/1373 979/1/1373
f 981/1/1374 983/1/1374 982/1/1374
f 983/1/1375 984/1/1375 982/1/1375
f 983/1/1376 985/1/1376 984/1/1376
f 985/1/1377 986/1/1377 984/1/1377
f 986/1/1378 985/1/1378 988/1/1378
f 987/1/1379 988/1/1379 985/1/1379
f 989/1/1380 990/1/1380 987/1/1380
f 990/1/1381 988/1/1381 987/1/1381
f 990/1/1382 989/1/1382 992/1/1382
f 991/1/1383 992/1/1383 989/1/1383
f 991/1/1384 993/1/1384 992/1/1384
f 993/1/1385 994/1/1385 992/1/1385
f 996/1/1386 994/1/1386 995/1/1386
f 995/1/1387 994/1/1387 993/1/1387
f 995/1/1388 997/1/1388 996/1/1388
f 997/1/1389 998/1/1389 996/1/1389
f 997/1/1390 999/1/1390 998/1/1390
f 999/1/1391 1000/1/1391 998/1/1391
f 999/1/1392 1001/1/1392 1000/1/1392
f 1001/1/1393 1002/1/1393 1000/1/1393
f 1003/1/1394 1004/1/1394 974/1/1394
f 974/1/1395 1004/1/1395 975/1/1395
f 974/1/1396 978/1/1396 1003/1/1396
f 978/1/1397 1005/1/1397 1003/1/1397
f 978/1/1398 980/1/1398 1005/1/1398
f 980/1/1399 1006/1/1399 1005/1/1399
f 1007/1/1400 1006/1/1400 982/1/1400
f 982/1/1401 1006/1/1401 980/1/1401
f 1008/1/1402 1007/1/1402 984/1/1402
f 984/1/1403 1007/1/1403 982/1/1403
f 986/1/1404 1009/1/1404 984/1/1404
f 1009/1/1405 1008/1/1405 984/1/1405
f 988/1/1406 1010/1/1406 986/1/1406
f 1010/1/1407 1009/1/1407 986/1/1407
f 1010/1/1408 988/1/1408 1011/1/1408
f 990/1/1409 1011/1/1409 988/1/1409
f 992/1/1410 1012/1/1410 990/1/1410
f 1012/1/1411 1011/1/1411 990/1/1411
f 992/1/1412 994/1/1412 1012/1/1412
f 994/1/1413 1013/1/1413 1012/1/1413
f 994/1/1414 996/1/1414 1013/1/1414
f 996/1/1415 1014/1/1415 1013/1/1415
f 996/1/1416 998/1/1416 1014/1/1416
f 998/1/1417 1015/1/1417 1014/1/1417
f 1000/1/1418 1016/1/1418 998/1/1418
f 1016/1/1419 1015/1/1419 998/1/1419
f 1016/1/1420 1000/1/1420 1017/1/1420
f 1002/1/1421 1017/1/1421 1000/1/1421
f 1004/1/1422 1003/1/1422 1019/1/1422
f 1003/1/1423 1018/1/1423 1019/1/1423
f 1005/1/1424 1020/1/1424 1003/1/1424
f 1020/1/1425 1018/1/1425 1003/1/1425
f 1006/1/1426 1021/1/1426 1005/1/1426
f 1021/1/1427 1020/1/1427 1005/1/1427
f 1007/1/1428 1022/1/1428 1006/1/1428
f 1022/1/1429 1021/1/1429 1006/1/1429
f 1007/1/1430 1008/1/1430 1022/1/1430
f 1008/1/1431 1023/1/1431 1022/1/1431
f 1008/1/1432 1009/1/1432 1023/1/1432
f 1009/1/1433 1024/1/1433 1023/1/1433
f 1010/1/1434 1025/1/1434 1009/1/1434
f 1025/1/1435 1024/1/1435 1009/1/1435
f 1025/1/1436 1010/1/1436 1026/1/1436
f 1011/1/1437 1026/1/1437 1010/1/1437
f 1026/1/1438 1011/1/1438 1027/1/1438
f 1012/1/1439 1027/1/1439 1011/1/1439
f 1012/1/1440 1013/1/1440 1027/1/1440
f 1013/1/1441 1028/1/1441 1027/1/1441
f 1028/1/1442 1013/1/1442 1029/1/1442
f 1014/1/1443 1029/1/1443 1013/1/1443
f 969/1/1444 970/1/1444 997/1/1444
f 970/1/1445 999/1/1445 997/1/1445
f 969/1/1446 997/1/1446 968/1/1446
f 968/1/1447 997/1/1447 995/1/1447
f 968/1/1448 995/1/1448 967/1/1448
f 967/1/1449 995/1/1449 993/1/1449
f 993/1/1450 991/1/1450 967/1/1450
f 966/1/1451 967/1/1451 991/1/1451
f 966/1/1452 991/1/1452 965/1/1452
f 965/1/1453 991/1/1453 989/1/1453
f 987/1/1454 964/1/1454 989/1/1454
f 964/1/1455 965/1/1455 989/1/1455
f 985/1/1456 963/1/1456 987/1/1456
f 963/1/1457 964/1/1457 987/1/1457
f 963/1/1458 985/1/1458 962/1/1458
f 962/1/1459 985/1/1459 983/1/1459
f 961/1/1460 962/1/1460 981/1/1460
f 962/1/1461 983/1/1461 981/1/1461
f 960/1/1462 961/1/1462 979/1/1462
f 961/1/1463 981/1/1463 979/1/1463
f 959/145/1464 960/146/1464 977/147/1464
f 960/1/1465 979/1/1465 977/1/1465
f 958/1/1466 959/1/1466 973/1/1466
f 959/1/1467 977/1/1467 973/1/1467
f 971/1/1468 954/1/1468 1030/1/1468
f 937/1/1333 938/1/1333 954/1/1333
f 954/1/1469 938/1/1469 1031/1/1469
f 1030/1/1470 954/1/1470 1032/1/1470
f 954/1/1471 1031/1/1471 1032/1/1471
f 533/1/1472 535/1/1472 550/1/1472
f 546/1/1473 550/1/1473 535/1/1473
f 722/1/1474 735/1/1474 714/1/1474
f 735/1/1475 715/1/1475 714/1/1475
f 1033/1/1476 970/1/1476 972/1/1476
f 1035/1/1477 1002/1/1477 1034/1/1477
f 1034/1/1478 1002/1/1478 1001/1/1478
f 970/1/1479 1033/1/1479 999/1/1479
f 1033/1/1480 1001/1/1480 999/1/1480
f 1036/1/1481 1037/1/1481 1002/1/1481
f 1037/1/1482 1017/1/1482 1002/1/1482
f 1035/1/1483 1036/1/1483 1002/1/1483
f 1039/1/1484 1040/1/1484 1038/1/1484
f 1038/1/1485 1040/1/1485 1041/1/1485
f 1038/1/1486 1042/1/1486 1039/1/1486
f 1043/1/1487 1044/1/1487 1046/1/1487
f 1044/1/1488 1045/1/1488 1046/1/1488
f 1048/1/1489 1049/1/1489 1047/1/1489
f 1047/1/1490 1049/1/1490 1050/1/1490
f 1054/1/1491 1051/1/1491 1053/1/1491
f 1051/1/1492 1052/1/1492 1053/1/1492
f 1056/1/1493 1054/1/1493 1055/1/1493
f 1054/1/1494 1053/1/1494 1055/1/1494
f 1047/1/1495 1050/1/1495 1057/1/1495
f 1057/1/1496 1058/1/1496 1059/1/1496
f 1059/1/1497 1058/1/1497 1060/1/1497
f 1061/1/1498 1062/1/1498 1064/1/1498
f 1062/1/1499 1063/1/1499 1064/1/1499
f 1064/1/1500 1063/1/1500 1066/1/1500
f 1063/1/1501 1065/1/1501 1066/1/1501
f 1065/1/1502 1067/1/1502 1066/1/1502
f 1066/1/1503 1067/1/1503 1068/1/1503
f 1069/1/1504 1070/1/1504 1068/1/1504
f 1068/1/1505 1070/1/1505 1066/1/1505
f 1066/1/1506 1070/1/1506 1064/1/1506
f 1070/1/1507 1071/1/1507 1064/1/1507
f 1064/1/1508 1071/1/1508 1061/1/1508
f 1071/1/1509 1072/1/1509 1061/1/1509
f 1063/1/1510 1074/1/1510 1065/1/1510
f 1073/1/1511 1065/1/1511 1074/1/1511
f 1074/1/1512 1063/1/1512 1075/1/1512
f 1063/1/1513 1062/1/1513 1075/1/1513
f 1078/1/1514 1075/1/1514 1077/1/1514
f 1075/1/1515 1076/1/1515 1077/1/1515
f 1071/1/1516 1080/1/1516 1072/1/1516
f 1079/1/1517 1072/1/1517 1080/1/1517
f 1071/1/1518 1070/1/1518 1080/1/1518
f 1081/1/1519 1080/1/1519 1070/1/1519
f 1070/1/1520 1069/1/1520 1081/1/1520
f 1082/1/1521 1075/1/1521 1062/1/1521
f 1083/1/1522 1084/1/1522 1086/1/1522
f 1084/1/1523 1085/1/1523 1086/1/1523
f 1088/1/1524 1089/1/1524 1087/1/1524
f 1087/1/1525 1089/1/1525 1090/1/1525
f 1089/1/1526 1088/1/1526 1092/1/1526
f 1091/1/1527 1092/1/1527 1088/1/1527
f 1095/1/1528 1096/1/1528 1094/1/1528
f 1093/1/1529 1094/1/1529 1096/1/1529
f 1095/1/1530 1097/1/1530 1096/1/1530
f 1096/1/1531 1097/1/1531 1098/1/1531
f 1101/1/1532 1102/1/1532 1100/1/1532
f 1099/1/1533 1100/1/1533 1102/1/1533
f 1106/1/1534 1103/1/1534 1105/1/1534
f 1103/1/1535 1104/1/1535 1105/1/1535
f 1107/1/1536 1108/1/1536 1101/1/1536
f 1102/1/1537 1101/1/1537 1108/1/1537
f 1103/1/1538 1108/1/1538 1104/1/1538
f 1108/1/1539 1107/1/1539 1104/1/1539
f 1112/1/1540 1109/1/1540 1111/1/1540
f 1109/1/1541 1110/1/1541 1111/1/1541
f 1114/1/1542 1115/1/1542 1113/1/1542
f 1113/1/1543 1115/1/1543 1116/1/1543
f 1114/1/1544 1113/1/1544 1118/1/1544
f 1113/1/1545 1117/1/1545 1118/1/1545
f 1117/1/1546 1119/1/1546 1118/1/1546
f 1118/1/1547 1119/1/1547 1120/1/1547
f 1119/1/1548 1121/1/1548 1120/1/1548
f 1120/1/1549 1121/1/1549 1122/1/1549
f 1121/1/1550 1123/1/1550 1122/1/1550
f 1122/1/1551 1123/1/1551 1124/1/1551
f 1128/1/1552 1125/1/1552 1127/1/1552
f 1125/1/1553 1126/1/1553 1127/1/1553
f 1129/1/1554 1130/1/1554 1128/1/1554
f 1128/1/1555 1130/1/1555 1125/1/1555
f 1132/1/1556 1133/1/1556 1131/1/1556
f 1131/1/1557 1133/1/1557 1134/1/1557
f 1137/1/1558 1138/1/1558 1136/1/1558
f 1135/1/1559 1136/1/1559 1138/1/1559
f 1139/1/1560 1140/1/1560 1142/1/1560
f 1140/1/1561 1141/1/1561 1142/1/1561
f 1141/1/1562 1140/1/1562 1144/1/1562
f 1140/1/1563 1143/1/1563 1144/1/1563
f 1147/1/1564 1148/1/1564 1146/1/1564
f 1145/1/1565 1146/1/1565 1148/1/1565
f 1150/1/1566 1149/1/1566 1148/1/1566
f 1149/1/1567 1145/1/1567 1148/1/1567
f 1151/1/1568 1152/1/1568 1153/1/1568
f 1155/1/1569 1152/1/1569 1154/1/1569
f 1154/1/1570 1152/1/1570 1151/1/1570
f 1154/1/1571 1156/1/1571 1157/1/1571
f 1157/1/1572 1156/1/1572 1159/1/1572
f 1158/1/1573 1159/1/1573 1156/1/1573
f 1160/1/1574 1161/1/1574 1163/1/1574
f 1161/1/1575 1162/1/1575 1163/1/1575
f 1166/1/1576 1167/1/1576 1165/1/1576
f 1164/1/1577 1165/1/1577 1167/1/1577
f 1168/1/1578 1169/1/1578 1171/1/1578
f 1169/1/1579 1170/1/1579 1171/1/1579
f 1175/1/1580 1172/1/1580 1174/1/1580
f 1172/1/1581 1173/1/1581 1174/1/1581
f 1177/1/1582 1174/1/1582 1176/1/1582
f 1174/1/1583 1173/1/1583 1176/1/1583
f 1170/1/1584 1176/1/1584 1171/1/1584
f 1176/1/1585 1173/1/1585 1171/1/1585
f 1179/1/1586 1177/1/1586 1178/1/1586
f 1177/1/1587 1176/1/1587 1178/1/1587
f 1178/1/1588 1176/1/1588 1180/1/1588
f 1176/1/1589 1170/1/1589 1180/1/1589
f 1181/1/1590 1180/1/1590 1169/1/1590
f 1180/1/1591 1170/1/1591 1169/1/1591
f 1182/1/1592 1183/1/1592 1184/1/1592
f 1182/1/1593 1184/1/1593 1185/1/1593
f 1183/1/1594 1186/1/1594 1184/1/1594
f 1186/1/1595 1187/1/1595 1184/1/1595
f 1189/1/1596 1187/1/1596 1188/1/1596
f 1186/1/1597 1188/1/1597 1187/1/1597
f 1191/1/1598 1184/1/1598 1190/1/1598
f 1184/1/1599 1187/1/1599 1190/1/1599
f 1190/1/1600 1187/1/1600 1192/1/1600
f 1187/1/1601 1189/1/1601 1192/1/1601
f 1196/1/1602 1193/1/1602 1195/1/1602
f 1193/1/1603 1194/1/1603 1195/1/1603
f 1197/1/1604 1198/1/1604 1195/1/1604
f 1196/1/1605 1195/1/1605 1198/1/1605
f 1200/1/1606 1195/1/1606 1199/1/1606
f 1194/1/1607 1199/1/1607 1195/1/1607
f 1201/1/1608 1197/1/1608 1200/1/1608
f 1195/1/1609 1200/1/1609 1197/1/1609
f 1204/1/1610 1205/1/1610 1203/1/1610
f 1202/1/1611 1203/1/1611 1205/1/1611
f 1206/1/1612 1207/1/1612 1208/1/1612
f 1209/1/1613 1206/1/1613 1208/1/1613
f 1210/1/1614 1206/1/1614 1211/1/1614
f 1209/1/1615 1212/1/1615 1206/1/1615
f 1211/1/1616 1206/1/1616 1213/1/1616
f 1213/1/1617 1206/1/1617 1212/1/1617
f 1214/1/1618 1213/1/1618 1215/1/1618
f 1213/1/1619 1212/1/1619 1215/1/1619
f 1217/1/1620 1218/1/1620 1216/1/1620
f 1216/1/1621 1218/1/1621 1215/1/1621
f 1219/1/1622 1220/1/1622 1221/1/1622
f 1218/1/1623 1222/1/1623 1215/1/1623
f 1222/1/1624 1223/1/1624 1215/1/1624
f 1215/1/1625 1223/1/1625 1214/1/1625
f 1224/1/1626 1225/1/1626 1227/1/1626
f 1225/1/1627 1226/1/1627 1227/1/1627
f 1230/1/1628 1231/1/1628 1229/1/1628
f 1228/1/1629 1229/1/1629 1231/1/1629
f 1234/1/1630 1235/1/1630 1233/1/1630
f 1232/1/1631 1233/1/1631 1235/1/1631
f 1235/1/1632 1237/1/1632 1232/1/1632
f 1236/1/1633 1232/1/1633 1237/1/1633
f 1237/1/1634 1230/1/1634 1236/1/1634
f 1238/1/1635 1236/1/1635 1230/1/1635
f 1229/1/1636 1238/1/1636 1230/1/1636
f 1225/1/1637 1228/1/1637 1239/1/1637
f 1231/1/1638 1239/1/1638 1228/1/1638
f 1233/1/1639 1241/1/1639 1234/1/1639
f 1240/1/1640 1234/1/1640 1241/1/1640
f 1241/1/1641 1243/1/1641 1240/1/1641
f 1242/1/1642 1240/1/1642 1243/1/1642
f 1245/1/1643 1244/1/1643 1243/1/1643
f 1244/1/1644 1242/1/1644 1243/1/1644
f 1226/1/1645 1246/1/1645 1245/1/1645
f 1246/1/1646 1244/1/1646 1245/1/1646
f 1226/1/1647 1225/1/1647 1246/1/1647
f 1239/1/1648 1246/1/1648 1225/1/1648
f 1247/1/1649 1248/1/1649 1250/1/1649
f 1248/1/1650 1249/1/1650 1250/1/1650
f 1253/1/1651 1254/1/1651 1252/1/1651
f 1251/1/1652 1252/1/1652 1254/1/1652
f 1247/1/1653 1251/1/1653 1248/1/1653
f 1251/1/1654 1254/1/1654 1248/1/1654
f 1255/1/1655 1256/1/1655 1252/1/1655
f 1259/1/1656 1260/1/1656 1258/1/1656
f 1257/1/1657 1258/1/1657 1260/1/1657
f 1262/1/1658 1261/1/1658 1260/1/1658
f 1261/1/1659 1257/1/1659 1260/1/1659
f 1263/1/1660 1261/1/1660 1264/1/1660
f 1261/1/1661 1262/1/1661 1264/1/1661
f 1264/1/1662 1266/1/1662 1263/1/1662
f 1265/1/1663 1263/1/1663 1266/1/1663
f 1265/1/1664 1266/1/1664 1255/1/1664
f 1255/1/1665 1266/1/1665 1256/1/1665
f 1259/1/1666 1258/1/1666 1267/1/1666
f 1267/1/1667 1258/1/1667 1268/1/1667
f 1269/1/1668 1270/1/1668 1271/1/1668
f 1269/1/1669 1271/1/1669 1272/1/1669
f 1274/1/1670 1273/1/1670 1272/1/1670
f 1273/1/1671 1269/1/1671 1272/1/1671
f 1276/1/1672 1275/1/1672 1274/1/1672
f 1275/1/1673 1273/1/1673 1274/1/1673
f 1276/1/1674 1259/1/1674 1275/1/1674
f 1267/1/1675 1275/1/1675 1259/1/1675
f 1278/1/1676 1279/1/1676 1277/1/1676
f 1277/1/1677 1279/1/1677 1280/1/1677
f 1277/1/1678 1281/1/1678 1278/1/1678
f 1281/1/1679 1282/1/1679 1278/1/1679
f 1283/1/1680 1284/1/1680 1281/1/1680
f 1284/1/1681 1282/1/1681 1281/1/1681
f 1283/1/1682 1285/1/1682 1284/1/1682
f 1285/1/1683 1286/1/1683 1284/1/1683
f 1285/1/1684 1287/1/1684 1286/1/1684
f 1287/1/1685 1288/1/1685 1286/1/1685
f 1289/1/1686 1290/1/1686 1278/1/1686
f 1278/1/1687 1290/1/1687 1279/1/1687
f 1278/1/1688 1282/1/1688 1289/1/1688
f 1282/1/1689 1291/1/1689 1289/1/1689
f 1282/1/1690 1284/1/1690 1291/1/1690
f 1284/1/1691 1292/1/1691 1291/1/1691
f 1284/1/1692 1286/1/1692 1292/1/1692
f 1286/1/1693 1293/1/1693 1292/1/1693
f 1288/1/1694 1294/1/1694 1286/1/1694
f 1294/1/1695 1293/1/1695 1286/1/1695
f 1295/1/1696 1296/1/1696 1289/1/1696
f 1289/1/1697 1296/1/1697 1290/1/1697
f 1289/1/1698 1291/1/1698 1295/1/1698
f 1291/1/1699 1297/1/1699 1295/1/1699
f 1292/1/1700 1298/1/1700 1291/1/1700
f 1298/1/1701 1297/1/1701 1291/1/1701
f 1293/1/1702 1299/1/1702 1292/1/1702
f 1299/1/1703 1298/1/1703 1292/1/1703
f 1294/1/1704 1299/1/1704 1293/1/1704
f 1300/1/1705 1301/1/1705 1295/1/1705
f 1295/1/1706 1301/1/1706 1296/1/1706
f 1295/1/1707 1297/1/1707 1300/1/1707
f 1297/1/1708 1302/1/1708 1300/1/1708
f 1297/1/1709 1298/1/1709 1302/1/1709
f 1298/1/1710 1303/1/1710 1302/1/1710
f 1299/1/1711 1304/1/1711 1298/1/1711
f 1304/1/1712 1303/1/1712 1298/1/1712
f 1305/1/1713 1306/1/1713 1300/1/1713
f 1300/1/1714 1306/1/1714 1301/1/1714
f 1300/1/1715 1302/1/1715 1305/1/1715
f 1302/1/1716 1307/1/1716 1305/1/1716
f 1302/1/1717 1303/1/1717 1307/1/1717
f 1303/1/1718 1308/1/1718 1307/1/1718
f 1303/1/1719 1304/1/1719 1308/1/1719
f 1304/1/1720 1309/1/1720 1308/1/1720
f 1310/1/1721 1311/1/1721 1305/1/1721
f 1305/1/1722 1311/1/1722 1306/1/1722
f 1305/1/1723 1307/1/1723 1310/1/1723
f 1307/1/1724 1312/1/1724 1310/1/1724
f 1307/1/1725 1308/1/1725 1312/1/1725
f 1308/1/1726 1313/1/1726 1312/1/1726
f 1309/1/1727 1314/1/1727 1308/1/1727
f 1314/1/1728 1313/1/1728 1308/1/1728
f 1294/1/1729 1315/1/1729 1299/1/1729
f 1287/1/1730 1316/1/1730 1288/1/1730
f 1288/1/1731 1316/1/1731 1317/1/1731
f 1294/148/1732 1288/149/1732 1317/150/1732
f 1294/148/1733 1317/150/1733 1315/151/1733
f 1315/1/1734 1318/1/1734 1299/1/1734
f 1315/1/1735 1319/1/1735 1318/1/1735
f 1320/1/1736 1321/1/1736 1323/1/1736
f 1321/1/1736 1322/1/1736 1323/1/1736
f 1325/1/1737 1323/1/1737 1324/1/1737
f 1323/1/1737 1322/1/1737 1324/1/1737
f 1325/1/1738 1324/1/1738 1327/1/1738
f 1324/1/1738 1326/1/1738 1327/1/1738
f 1329/1/1739 1327/1/1739 1328/1/1739
f 1327/1/1739 1326/1/1739 1328/1/1739
f 1329/1/1740 1328/1/1740 1331/1/1740
f 1328/1/1740 1330/1/1740 1331/1/1740
f 1333/1/1741 1331/1/1741 1332/1/1741
f 1331/1/1741 1330/1/1741 1332/1/1741
f 1333/1/1742 1332/1/1742 1335/1/1742
f 1332/1/1742 1334/1/1742 1335/1/1742
f 1320/1/1743 1335/1/1743 1321/1/1743
f 1335/1/1744 1334/1/1744 1321/1/1744
f 1336/1/1745 1337/1/1745 1339/1/1745
f 1337/1/1745 1338/1/1745 1339/1/1745
f 1341/1/1746 1339/1/1746 1340/1/1746
f 1339/1/1746 1338/1/1746 1340/1/1746
f 1341/1/1747 1340/1/1747 1343/1/1747
f 1340/1/1747 1342/1/1747 1343/1/1747
f 1345/1/1748 1343/1/1748 1344/1/1748
f 1343/1/1748 1342/1/1748 1344/1/1748
f 1345/1/1749 1344/1/1749 1347/1/1749
f 1344/1/1749 1346/1/1749 1347/1/1749
f 1347/1/1750 1346/1/1750 1349/1/1750
f 1346/1/1751 1348/1/1751 1349/1/1751
f 1349/1/1752 1348/1/1752 1351/1/1752
f 1348/1/1752 1350/1/1752 1351/1/1752
f 1353/1/1753 1351/1/1753 1352/1/1753
f 1351/1/1753 1350/1/1753 1352/1/1753
f 1336/1/1754 1353/1/1754 1337/1/1754
f 1353/1/1754 1352/1/1754 1337/1/1754
f 1334/1/1755 1332/1/1755 1355/1/1755
f 1332/1/1755 1354/1/1755 1355/1/1755
f 1356/1/1756 1354/1/1756 1330/1/1756
f 1330/1/1756 1354/1/1756 1332/1/1756
f 1328/1/1757 1357/1/1757 1330/1/1757
f 1357/1/1757 1356/1/1757 1330/1/1757
f 1326/1/1758 1358/1/1758 1328/1/1758
f 1358/1/1758 1357/1/1758 1328/1/1758
f 1324/1/1759 1359/1/1759 1326/1/1759
f 1359/1/1760 1358/1/1760 1326/1/1760
f 1322/1/1761 1360/1/1761 1324/1/1761
f 1360/1/1761 1359/1/1761 1324/1/1761
f 1361/1/1762 1360/1/1762 1321/1/1762
f 1321/1/1762 1360/1/1762 1322/1/1762
f 1321/1/1763 1334/1/1763 1361/1/1763
f 1334/1/1763 1355/1/1763 1361/1/1763
f 1362/1/1764 1363/1/1764 1352/1/1764
f 1352/1/1765 1363/1/1765 1337/1/1765
f 1352/1/1766 1350/1/1766 1362/1/1766
f 1350/1/1766 1364/1/1766 1362/1/1766
f 1348/1/1767 1365/1/1767 1350/1/1767
f 1365/1/1767 1364/1/1767 1350/1/1767
f 1346/1/1768 1366/1/1768 1348/1/1768
f 1366/1/1768 1365/1/1768 1348/1/1768
f 1344/1/1769 1367/1/1769 1346/1/1769
f 1367/1/1769 1366/1/1769 1346/1/1769
f 1342/1/1770 1368/1/1770 1344/1/1770
f 1368/1/1770 1367/1/1770 1344/1/1770
f 1369/1/1771 1368/1/1771 1340/1/1771
f 1340/1/1772 1368/1/1772 1342/1/1772
f 1338/1/1773 1370/1/1773 1340/1/1773
f 1370/1/1773 1369/1/1773 1340/1/1773
f 1338/1/1774 1337/1/1774 1370/1/1774
f 1337/1/1774 1363/1/1774 1370/1/1774
f 1360/1/1775 1361/1/1775 1371/1/1775
f 1359/1/1776 1360/1/1776 1371/1/1776
f 1358/1/1777 1359/1/1777 1371/1/1777
f 1357/1/1778 1358/1/1778 1371/1/1778
f 1356/1/1779 1357/1/1779 1371/1/1779
f 1354/1/1780 1356/1/1780 1371/1/1780
f 1355/1/1781 1354/1/1781 1371/1/1781
f 1361/1/1782 1355/1/1782 1371/1/1782
f 1370/1/1783 1363/1/1783 1372/1/1783
f 1369/1/1784 1370/1/1784 1372/1/1784
f 1368/1/1785 1369/1/1785 1372/1/1785
f 1367/1/1786 1368/1/1786 1372/1/1786
f 1366/1/1787 1367/1/1787 1372/1/1787
f 1365/1/1788 1366/1/1788 1372/1/1788
f 1364/1/1789 1365/1/1789 1372/1/1789
f 1362/1/1790 1364/1/1790 1372/1/1790
f 1363/1/1791 1362/1/1791 1372/1/1791
f 1373/1/1792 1374/1/1792 1378/1/1792
f 1374/1/1793 1375/1/1793 1378/1/1793
f 1378/1/1794 1375/1/1794 1377/1/1794
f 1375/1/1795 1376/1/1795 1377/1/1795
f 1375/1/1796 1379/1/1796 1376/1/1796
f 1379/1/1797 1380/1/1797 1376/1/1797
f 1380/1/1798 1381/1/1798 1376/1/1798
f 1376/1/1799 1381/1/1799 1377/1/1799
f 1377/1/1800 1381/1/1800 1382/1/1800
f 1383/1/1801 1378/1/1801 1382/1/1801
f 1378/1/1802 1377/1/1802 1382/1/1802
f 1384/1/1803 1373/1/1803 1383/1/1803
f 1373/1/1804 1378/1/1804 1383/1/1804
f 1373/1/1805 1384/1/1805 1385/1/1805
f 1379/1/1806 1375/1/1806 1386/1/1806
f 1386/1/1807 1375/1/1807 1374/1/1807
f 1390/1/1808 1387/1/1808 1389/1/1808
f 1387/1/1809 1388/1/1809 1389/1/1809
f 1393/1/1810 1394/1/1810 1392/1/1810
f 1391/1/1811 1392/1/1811 1394/1/1811
f 1395/1/1812 1396/1/1812 1397/1/1812
f 1399/1/1813 1390/1/1813 1398/1/1813
f 1398/1/1814 1390/1/1814 1389/1/1814
f 1398/1/1815 1400/1/1815 1399/1/1815
f 1400/1/1816 1401/1/1816 1399/1/1816
f 1399/1/1817 1402/1/1817 1390/1/1817
f 1390/1/1818 1402/1/1818 1403/1/1818
f 1401/1/1819 1404/1/1819 1399/1/1819
f 1399/1/1820 1404/1/1820 1402/1/1820
f 1401/1/1821 1405/1/1821 1404/1/1821
f 1401/1/1822 1406/1/1822 1405/1/1822
f 1395/1/1823 1393/1/1823 1408/1/1823
f 1407/1/1824 1408/1/1824 1393/1/1824
f 1408/1/1825 1409/1/1825 1395/1/1825
f 1395/1/1826 1409/1/1826 1406/1/1826
f 1393/1/1827 1392/1/1827 1411/1/1827
f 1392/1/1828 1410/1/1828 1411/1/1828
f 1387/1/1829 1412/1/1829 1392/1/1829
f 1410/1/1830 1392/1/1830 1412/1/1830
f 1413/1/1831 1414/1/1831 1412/1/1831
f 1414/1/1832 1410/1/1832 1412/1/1832
f 1414/1/1833 1415/1/1833 1410/1/1833
f 1415/1/1834 1411/1/1834 1410/1/1834
f 1415/1/1835 1416/1/1835 1411/1/1835
f 1416/1/1836 1407/1/1836 1411/1/1836
f 1416/1/1837 1417/1/1837 1407/1/1837
f 1417/1/1838 1408/1/1838 1407/1/1838
f 1418/1/1839 1409/1/1839 1417/1/1839
f 1417/1/1840 1409/1/1840 1408/1/1840
f 1406/1/1841 1409/1/1841 1419/1/1841
f 1418/1/1842 1419/1/1842 1409/1/1842
f 1419/1/1843 1420/1/1843 1406/1/1843
f 1420/1/1844 1421/1/1844 1406/1/1844
f 1406/1/1845 1421/1/1845 1405/1/1845
f 1422/1/1846 1404/1/1846 1421/1/1846
f 1405/152/1847 1421/153/1847 1404/154/1847
f 1423/1/1848 1402/1/1848 1422/1/1848
f 1402/1/1849 1404/1/1849 1422/1/1849
f 1424/1/1850 1403/1/1850 1423/1/1850
f 1403/1/1851 1402/1/1851 1423/1/1851
f 1387/1/1852 1403/1/1852 1424/1/1852
f 1419/1/1853 1425/1/1853 1426/1/1853
f 1426/1/1854 1427/1/1854 1419/1/1854
f 1419/1/1855 1427/1/1855 1420/1/1855
f 1421/155/1856 1420/156/1856 1428/157/1856
f 1420/156/1857 1427/158/1857 1428/157/1857
f 1429/1/1858 1422/1/1858 1428/1/1858
f 1421/1/1859 1428/1/1859 1422/1/1859
f 1422/1/1860 1429/1/1860 1423/1/1860
f 1423/1/1861 1429/1/1861 1430/1/1861
f 1431/1/1862 1424/1/1862 1430/1/1862
f 1424/1/1863 1423/1/1863 1430/1/1863
f 1387/1/1864 1424/1/1864 1432/1/1864
f 1424/1/1865 1431/1/1865 1432/1/1865
f 1418/1/1866 1417/1/1866 1434/1/1866
f 1417/1/1867 1433/1/1867 1434/1/1867
f 1433/159/1868 1417/160/1868 1435/161/1868
f 1435/161/1869 1417/160/1869 1416/162/1869
f 1435/161/1870 1416/162/1870 1436/163/1870
f 1436/1/1871 1416/1/1871 1415/1/1871
f 1414/1/1872 1437/1/1872 1415/1/1872
f 1436/1/1873 1415/1/1873 1437/1/1873
f 1437/1/1874 1414/1/1874 1438/1/1874
f 1414/1/1875 1413/1/1875 1438/1/1875
f 1413/1/1876 1387/1/1876 1438/1/1876
f 1439/1/1877 1438/1/1877 1387/1/1877
f 1439/1/1878 1387/1/1878 1432/1/1878
f 1440/1/1879 1437/1/1879 1441/1/1879
f 1437/1/1880 1438/1/1880 1441/1/1880
f 1442/1/1881 1436/1/1881 1440/1/1881
f 1440/1/1882 1436/1/1882 1437/1/1882
f 1443/1/1883 1435/1/1883 1442/1/1883
f 1442/1/1884 1435/1/1884 1436/1/1884
f 1444/164/1885 1433/159/1885 1443/165/1885
f 1443/165/1886 1433/159/1886 1435/161/1886
f 1444/164/1887 1445/166/1887 1433/159/1887
f 1445/1/1888 1434/1/1888 1433/1/1888
f 1445/1/1889 1446/1/1889 1434/1/1889
f 1446/1/1890 1425/1/1890 1434/1/1890
f 1446/1/1891 1447/1/1891 1425/1/1891
f 1425/1/1892 1447/1/1892 1426/1/1892
f 1426/167/1893 1447/168/1893 1427/158/1893
f 1448/1/1894 1439/1/1894 1432/1/1894
f 1450/1/1895 1443/1/1895 1449/1/1895
f 1442/1/1896 1449/1/1896 1443/1/1896
f 1451/1/1897 1444/1/1897 1450/1/1897
f 1450/1/1898 1444/1/1898 1443/1/1898
f 1451/1/1899 1452/1/1899 1444/1/1899
f 1452/169/1900 1445/166/1900 1444/164/1900
f 1446/170/1901 1445/166/1901 1453/171/1901
f 1452/169/1902 1453/171/1902 1445/166/1902
f 1453/171/1903 1454/172/1903 1446/170/1903
f 1454/172/1904 1447/168/1904 1446/170/1904
f 1455/173/1905 1427/158/1905 1454/172/1905
f 1447/168/1906 1454/172/1906 1427/158/1906
f 1456/174/1907 1428/157/1907 1455/173/1907
f 1427/158/1908 1455/173/1908 1428/157/1908
f 1456/175/1909 1457/176/1909 1428/177/1909
f 1428/1/1910 1457/1/1910 1429/1/1910
f 1430/1/1911 1429/1/1911 1458/1/1911
f 1429/1/1912 1457/1/1912 1458/1/1912
f 1430/1/1913 1458/1/1913 1459/1/1913
f 1431/1/1914 1430/1/1914 1460/1/1914
f 1430/1/1915 1459/1/1915 1460/1/1915
f 1460/1/1916 1461/1/1916 1431/1/1916
f 1432/1/1917 1431/1/1917 1461/1/1917
f 1461/1/1918 1462/1/1918 1432/1/1918
f 1448/1/1919 1432/1/1919 1462/1/1919
f 1462/1/1920 1463/1/1920 1448/1/1920
f 1463/1/1921 1441/1/1921 1448/1/1921
f 1464/1/1922 1441/1/1922 1463/1/1922
f 1465/1/1923 1440/1/1923 1466/1/1923
f 1440/1/1924 1441/1/1924 1466/1/1924
f 1466/1/1925 1441/1/1925 1464/1/1925
f 1467/1/1926 1468/1/1926 1451/1/1926
f 1468/1/1927 1452/1/1927 1451/1/1927
f 1468/1/1928 1469/1/1928 1452/1/1928
f 1469/1/1929 1453/1/1929 1452/1/1929
f 1469/1/1930 1470/1/1930 1453/1/1930
f 1470/178/1931 1454/172/1931 1453/171/1931
f 1471/179/1932 1455/173/1932 1470/178/1932
f 1470/178/1933 1455/173/1933 1454/172/1933
f 1455/1/1934 1471/1/1934 1472/1/1934
f 1455/1/1935 1472/1/1935 1456/1/1935
f 1461/1/1936 1460/1/1936 1474/1/1936
f 1460/1/1937 1473/1/1937 1474/1/1937
f 1461/1/1938 1474/1/1938 1475/1/1938
f 1462/1/1939 1461/1/1939 1476/1/1939
f 1461/1/1940 1475/1/1940 1476/1/1940
f 1476/1/1941 1477/1/1941 1462/1/1941
f 1463/1/1942 1462/1/1942 1477/1/1942
f 1464/1/1943 1463/1/1943 1478/1/1943
f 1478/1/1944 1463/1/1944 1477/1/1944
f 1466/1/1945 1464/1/1945 1479/1/1945
f 1479/1/1946 1464/1/1946 1478/1/1946
f 1481/1/1947 1450/1/1947 1480/1/1947
f 1480/1/1948 1450/1/1948 1449/1/1948
f 1480/1/1949 1449/1/1949 1482/1/1949
f 1482/1/1950 1449/1/1950 1465/1/1950
f 1483/1/1951 1482/1/1951 1465/1/1951
f 1484/1/1952 1483/1/1952 1466/1/1952
f 1483/1/1953 1465/1/1953 1466/1/1953
f 1484/1/1954 1466/1/1954 1479/1/1954
f 1485/1/1955 1457/1/1955 1472/1/1955
f 1456/1/1956 1472/1/1956 1457/1/1956
f 1458/1/1957 1457/1/1957 1486/1/1957
f 1457/1/1958 1485/1/1958 1486/1/1958
f 1486/1/1959 1487/1/1959 1458/1/1959
f 1458/1/1960 1487/1/1960 1459/1/1960
f 1487/1/1961 1488/1/1961 1459/1/1961
f 1459/1/1962 1488/1/1962 1460/1/1962
f 1460/1/1963 1488/1/1963 1473/1/1963
f 1489/1/1964 1490/1/1964 1469/1/1964
f 1490/1/1965 1470/1/1965 1469/1/1965
f 1489/1/1966 1491/1/1966 1490/1/1966
f 1493/1/1967 1490/1/1967 1492/1/1967
f 1491/1/1968 1492/1/1968 1490/1/1968
f 1494/180/1969 1470/181/1969 1493/182/1969
f 1470/183/1970 1490/184/1970 1493/185/1970
f 1470/181/1971 1494/180/1971 1471/186/1971
f 1494/180/1972 1495/187/1972 1471/186/1972
f 1471/1/1973 1495/1/1973 1472/1/1973
f 1495/1/1974 1496/1/1974 1472/1/1974
f 1472/1/1975 1496/1/1975 1485/1/1975
f 1496/1/1976 1497/1/1976 1485/1/1976
f 1498/1/1977 1486/1/1977 1497/1/1977
f 1485/1/1978 1497/1/1978 1486/1/1978
f 1486/1/1979 1498/1/1979 1499/1/1979
f 1499/1/1980 1500/1/1980 1486/1/1980
f 1486/1/1981 1500/1/1981 1487/1/1981
f 1500/1/1982 1501/1/1982 1487/1/1982
f 1488/1/1983 1487/1/1983 1501/1/1983
f 1473/1/1984 1488/1/1984 1502/1/1984
f 1488/1/1985 1501/1/1985 1502/1/1985
f 1502/1/1986 1503/1/1986 1473/1/1986
f 1474/1/1987 1473/1/1987 1503/1/1987
f 1503/1/1988 1504/1/1988 1474/1/1988
f 1475/1/1989 1474/1/1989 1504/1/1989
f 1475/1/1990 1504/1/1990 1476/1/1990
f 1476/1/1991 1504/1/1991 1505/1/1991
f 1505/1/1992 1506/1/1992 1476/1/1992
f 1506/1/1993 1477/1/1993 1476/1/1993
f 1477/1/1994 1506/1/1994 1478/1/1994
f 1507/1/1995 1478/1/1995 1506/1/1995
f 1493/1/1996 1492/1/1996 1509/1/1996
f 1492/1/1997 1508/1/1997 1509/1/1997
f 1509/188/1998 1510/189/1998 1493/190/1998
f 1493/191/1999 1510/192/1999 1494/193/1999
f 1494/180/2000 1510/194/2000 1495/187/2000
f 1510/194/2001 1511/195/2001 1495/187/2001
f 1495/187/2002 1511/195/2002 1496/196/2002
f 1511/195/2003 1512/197/2003 1496/196/2003
f 1512/1/2004 1513/1/2004 1496/1/2004
f 1496/1/2005 1513/1/2005 1497/1/2005
f 1497/1/2006 1513/1/2006 1498/1/2006
f 1513/1/2007 1514/1/2007 1498/1/2007
f 1499/1/2008 1498/1/2008 1515/1/2008
f 1498/1/2009 1514/1/2009 1515/1/2009
f 1516/1/2010 1517/1/2010 1519/1/2010
f 1517/1/2011 1518/1/2011 1519/1/2011
f 1520/1/2012 1521/1/2012 1522/1/2012
f 1524/1/2013 1521/1/2013 1523/1/2013
f 1521/1/2014 1520/1/2014 1523/1/2014
f 1525/1/2015 1526/1/2015 1523/1/2015
f 1524/1/2016 1523/1/2016 1526/1/2016
f 1527/1/2017 1516/1/2017 1508/1/2017
f 1516/1/2018 1509/1/2018 1508/1/2018
f 1510/1/2019 1509/1/2019 1519/1/2019
f 1509/1/2020 1516/1/2020 1519/1/2020
f 1522/1/2021 1511/1/2021 1519/1/2021
f 1519/1/2022 1511/1/2022 1510/1/2022
f 1512/1/2023 1511/1/2023 1521/1/2023
f 1511/1/2024 1522/1/2024 1521/1/2024
f 1521/1/2025 1524/1/2025 1512/1/2025
f 1512/1/2026 1524/1/2026 1513/1/2026
f 1526/1/2027 1514/1/2027 1524/1/2027
f 1513/1/2028 1524/1/2028 1514/1/2028
f 1526/1/2029 1528/1/2029 1514/1/2029
f 1514/1/2030 1528/1/2030 1515/1/2030
f 1529/1/2031 1530/1/2031 1532/1/2031
f 1530/1/2032 1531/1/2032 1532/1/2032
f 1534/1/2033 1535/1/2033 1533/1/2033
f 1533/1/2034 1535/1/2034 1530/1/2034
f 1536/198/2035 1531/199/2035 1535/200/2035
f 1530/1/2036 1535/1/2036 1531/1/2036
f 1529/1/2037 1517/1/2037 1538/1/2037
f 1537/1/2038 1538/1/2038 1517/1/2038
f 1517/1/2039 1529/1/2039 1518/1/2039
f 1529/1/2040 1532/1/2040 1518/1/2040
f 1532/1/2041 1539/1/2041 1518/1/2041
f 1518/1/2042 1539/1/2042 1520/1/2042
f 1531/1/2043 1540/1/2043 1532/1/2043
f 1532/1/2044 1540/1/2044 1539/1/2044
f 1541/1/2045 1540/1/2045 1536/1/2045
f 1531/1/2046 1536/1/2046 1540/1/2046
f 1535/1/2047 1542/1/2047 1536/1/2047
f 1535/1/2048 1534/1/2048 1542/1/2048
f 1534/1/2049 1543/1/2049 1542/1/2049
f 1536/1/2050 1542/1/2050 1541/1/2050
f 1542/1/2051 1543/1/2051 1545/1/2051
f 1543/1/2052 1544/1/2052 1545/1/2052
f 1544/1/2053 1546/1/2053 1545/1/2053
f 1546/1/2054 1547/1/2054 1545/1/2054
f 1549/1/2055 1550/1/2055 1548/1/2055
f 1548/1/2056 1550/1/2056 1551/1/2056
f 1551/1/2057 1550/1/2057 1553/1/2057
f 1550/1/2058 1552/1/2058 1553/1/2058
f 1554/1/2059 1555/1/2059 1557/1/2059
f 1555/1/2060 1556/1/2060 1557/1/2060
f 1561/1/2061 1562/1/2061 1560/1/2061
f 1562/1/2062 1558/1/2062 1560/1/2062
f 1558/1/2063 1559/1/2063 1560/1/2063
f 1557/1/2064 1559/1/2064 1564/1/2064
f 1563/1/2065 1564/1/2065 1559/1/2065
f 1560/1/2066 1559/1/2066 1556/1/2066
f 1559/1/2067 1557/1/2067 1556/1/2067
f 1567/1/2068 1568/1/2068 1566/1/2068
f 1565/1/2069 1566/1/2069 1568/1/2069
f 1568/1/2070 1567/1/2070 1569/1/2070
f 1569/1/2071 1567/1/2071 1570/1/2071
f 1571/1/2072 1572/1/2072 1574/1/2072
f 1572/1/2073 1573/1/2073 1574/1/2073
f 1575/1/2074 1576/1/2074 1571/1/2074
f 1576/1/2075 1572/1/2075 1571/1/2075
f 1577/1/2076 1578/1/2076 1575/1/2076
f 1578/1/2077 1576/1/2077 1575/1/2077
f 1577/1/2078 1579/1/2078 1578/1/2078
f 1579/1/2079 1580/1/2079 1578/1/2079
f 1581/1/2080 1582/1/2080 1583/1/2080
f 1585/1/2081 1584/1/2081 1583/1/2081
f 1584/1/2082 1581/1/2082 1583/1/2082
f 1587/1/2083 1588/1/2083 1586/1/2083
f 1586/1/2084 1588/1/2084 1589/1/2084
f 1586/1/2085 1589/1/2085 1590/1/2085
f 1586/1/2086 1590/1/2086 1591/1/2086
f 1592/1/2087 1587/1/2087 1591/1/2087
f 1586/1/2088 1591/1/2088 1587/1/2088
f 1587/1/2089 1592/1/2089 1584/1/2089
f 1593/1/2090 1581/1/2090 1592/1/2090
f 1592/1/2091 1581/1/2091 1584/1/2091
f 1594/1/2092 1595/1/2092 1597/1/2092
f 1595/1/2093 1596/1/2093 1597/1/2093
f 1598/1/2094 1594/1/2094 1597/1/2094
f 1598/1/2095 1597/1/2095 1599/1/2095
f 1600/1/2096 1601/1/2096 1602/1/2096
f 1604/1/2097 1601/1/2097 1603/1/2097
f 1603/1/2098 1601/1/2098 1600/1/2098
f 1605/1/2099 1603/1/2099 1606/1/2099
f 1603/1/2100 1600/1/2100 1606/1/2100
f 1605/1/2101 1606/1/2101 1607/1/2101
f 1607/1/2102 1606/1/2102 1608/1/2102
f 1602/1/2103 1609/1/2103 1600/1/2103
f 1606/1/2104 1600/1/2104 1609/1/2104
f 1602/1/2105 1610/1/2105 1609/1/2105
f 1609/1/2106 1610/1/2106 1611/1/2106
f 1609/1/2107 1608/1/2107 1606/1/2107
f 1608/1/2108 1609/1/2108 1612/1/2108
f 1609/1/2109 1611/1/2109 1612/1/2109
f 1613/1/2110 1607/1/2110 1614/1/2110
f 1607/1/2111 1608/1/2111 1614/1/2111
f 1614/1/2112 1608/1/2112 1615/1/2112
f 1608/1/2113 1612/1/2113 1615/1/2113
f 1612/1/2114 1616/1/2114 1615/1/2114
f 1613/1/2115 1614/1/2115 1617/1/2115
f 1618/1/2116 1617/1/2116 1615/1/2116
f 1617/1/2117 1614/1/2117 1615/1/2117
f 1615/1/2118 1616/1/2118 1619/1/2118
f 1618/1/2119 1615/1/2119 1619/1/2119
f 1621/1/2120 1622/1/2120 1620/1/2120
f 1620/1/2121 1622/1/2121 1623/1/2121
f 1625/1/2122 1622/1/2122 1624/1/2122
f 1621/1/2123 1624/1/2123 1622/1/2123
f 1629/1/2124 1626/1/2124 1628/1/2124
f 1626/1/2125 1627/1/2125 1628/1/2125
f 1628/1/2126 1627/1/2126 1631/1/2126
f 1627/1/2127 1630/1/2127 1631/1/2127
f 1633/1/2128 1631/1/2128 1632/1/2128
f 1630/1/2129 1632/1/2129 1631/1/2129
f 1637/1/2130 1634/1/2130 1636/1/2130
f 1634/1/2131 1635/1/2131 1636/1/2131
f 1639/1/2132 1637/1/2132 1638/1/2132
f 1637/1/2133 1636/1/2133 1638/1/2133
f 1638/1/2134 1629/1/2134 1640/1/2134
f 1638/1/2135 1640/1/2135 1639/1/2135
f 1639/1/2136 1640/1/2136 1641/1/2136
f 1642/1/2137 1643/1/2137 1645/1/2137
f 1643/1/2138 1644/1/2138 1645/1/2138
f 1646/1/2139 1647/1/2139 1648/1/2139
f 1648/1/2140 1647/1/2140 1642/1/2140
f 1647/1/2141 1643/1/2141 1642/1/2141
f 1652/1/2142 1649/1/2142 1651/1/2142
f 1649/1/2143 1650/1/2143 1651/1/2143
f 1654/1/2144 1652/1/2144 1653/1/2144
f 1652/1/2145 1651/1/2145 1653/1/2145
f 1651/1/2146 1650/1/2146 1655/1/2146
f 1656/1/2147 1653/1/2147 1655/1/2147
f 1651/1/2148 1655/1/2148 1653/1/2148
f 1655/1/2149 1657/1/2149 1656/1/2149
f 1658/1/2150 1659/1/2150 1656/1/2150
f 1653/1/2151 1656/1/2151 1659/1/2151
f 1663/1/2152 1660/1/2152 1662/1/2152
f 1660/1/2153 1661/1/2153 1662/1/2153
f 1659/1/2154 1658/1/2154 1665/1/2154
f 1658/1/2155 1664/1/2155 1665/1/2155
f 1665/1/2156 1664/1/2156 1667/1/2156
f 1664/1/2157 1666/1/2157 1667/1/2157
f 1668/1/2158 1661/1/2158 1660/1/2158
f 1658/1/2159 1656/1/2159 1669/1/2159
f 1656/1/2160 1657/1/2160 1669/1/2160
f 1660/1/2161 1658/1/2161 1668/1/2161
f 1658/1/2162 1669/1/2162 1668/1/2162
f 1664/1/2163 1658/1/2163 1660/1/2163
f 1664/1/2163 1660/1/2163 1666/1/2163
f 1670/1/2164 1667/1/2164 1666/1/2164
f 1671/1/2165 1670/1/2165 1672/1/2165
f 1670/1/2166 1666/1/2166 1672/1/2166
f 1660/1/2167 1663/1/2167 1666/1/2167
f 1666/1/2168 1663/1/2168 1672/1/2168
f 1673/1/2169 1674/1/2169 1662/1/2169
f 1663/1/2170 1662/1/2170 1674/1/2170
f 1675/1/2171 1672/1/2171 1674/1/2171
f 1672/1/2172 1663/1/2172 1674/1/2172
f 1674/1/2173 1677/1/2173 1675/1/2173
f 1676/1/2174 1675/1/2174 1677/1/2174
f 1674/1/2175 1673/1/2175 1677/1/2175
f 1673/1/2176 1678/1/2176 1677/1/2176
f 1679/1/2177 1671/1/2177 1675/1/2177
f 1671/1/2178 1672/1/2178 1675/1/2178
f 1680/1/2179 1679/1/2179 1676/1/2179
f 1679/1/2180 1675/1/2180 1676/1/2180
f 1682/1/2181 1683/1/2181 1681/1/2181
f 1681/1/2182 1683/1/2182 1684/1/2182
f 1684/1/2183 1683/1/2183 1679/1/2183
f 1683/1/2184 1671/1/2184 1679/1/2184
f 1685/1/2185 1686/1/2185 1687/1/2185
f 1686/1/2186 1681/1/2186 1687/1/2186
f 1688/1/2187 1687/1/2187 1684/1/2187
f 1687/1/2188 1681/1/2188 1684/1/2188
f 1688/1/2189 1684/1/2189 1680/1/2189
f 1684/1/2190 1679/1/2190 1680/1/2190
f 1687/1/2191 1690/1/2191 1685/1/2191
f 1689/1/2192 1685/1/2192 1690/1/2192
f 1688/1/2193 1691/1/2193 1687/1/2193
f 1690/1/2194 1687/1/2194 1691/1/2194
f 1692/1/2195 1691/1/2195 1680/1/2195
f 1691/1/2196 1688/1/2196 1680/1/2196
f 1694/1/2197 1695/1/2197 1692/1/2197
f 1693/1/2198 1692/1/2198 1695/1/2198
f 1677/1/2199 1678/1/2199 1697/1/2199
f 1678/1/2200 1696/1/2200 1697/1/2200
f 1698/1/2201 1676/1/2201 1697/1/2201
f 1676/1/2202 1677/1/2202 1697/1/2202
f 1694/1/2203 1676/1/2203 1698/1/2203
f 1698/1/2204 1699/1/2204 1694/1/2204
f 1694/1/2205 1699/1/2205 1695/1/2205
f 1676/1/2206 1694/1/2206 1680/1/2206
f 1694/1/2207 1692/1/2207 1680/1/2207
f 1691/1/2208 1701/1/2208 1690/1/2208
f 1700/1/2209 1690/1/2209 1701/1/2209
f 1702/1/2210 1695/1/2210 1699/1/2210
f 1703/1/2211 1693/1/2211 1702/1/2211
f 1702/1/2212 1693/1/2212 1695/1/2212
f 1705/1/2213 1703/1/2213 1704/1/2213
f 1704/1/2214 1703/1/2214 1702/1/2214
f 1693/1/2215 1691/1/2215 1692/1/2215
f 1693/1/2216 1703/1/2216 1691/1/2216
f 1703/1/2217 1701/1/2217 1691/1/2217
f 1703/1/2218 1705/1/2218 1701/1/2218
f 1705/1/2219 1706/1/2219 1701/1/2219
f 1701/1/2220 1706/1/2220 1700/1/2220
f 1706/1/2221 1707/1/2221 1700/1/2221
f 1700/1/2222 1707/1/2222 1709/1/2222
f 1707/1/2223 1708/1/2223 1709/1/2223
f 1707/1/2224 1710/1/2224 1708/1/2224
f 1710/1/2225 1711/1/2225 1708/1/2225
f 1712/1/2226 1713/1/2226 1710/1/2226
f 1713/1/2227 1711/1/2227 1710/1/2227
f 1714/1/2228 1715/1/2228 1712/1/2228
f 1715/1/2229 1713/1/2229 1712/1/2229
f 1717/1/2230 1716/1/2230 1710/1/2230
f 1716/1/2231 1712/1/2231 1710/1/2231
f 1706/1/2232 1717/1/2232 1707/1/2232
f 1717/1/2233 1710/1/2233 1707/1/2233
f 1717/1/2234 1706/1/2234 1718/1/2234
f 1718/1/2235 1706/1/2235 1705/1/2235
f 1704/1/2236 1719/1/2236 1705/1/2236
f 1719/1/2237 1718/1/2237 1705/1/2237
f 1718/1/2238 1720/1/2238 1717/1/2238
f 1720/1/2239 1716/1/2239 1717/1/2239
f 1719/1/2240 1721/1/2240 1718/1/2240
f 1721/1/2241 1720/1/2241 1718/1/2241
f 1722/1/2242 1723/1/2242 1725/1/2242
f 1723/1/2243 1724/1/2243 1725/1/2243
f 1726/1/2244 1727/1/2244 1728/1/2244
f 1731/1/2245 1732/1/2245 1730/1/2245
f 1729/1/2246 1730/1/2246 1732/1/2246
f 1735/1/2247 1736/1/2247 1734/1/2247
f 1733/1/2248 1734/1/2248 1736/1/2248
f 1738/1/2249 1739/1/2249 1737/1/2249
f 1737/1/2250 1739/1/2250 1740/1/2250
f 1742/1/2251 1741/1/2251 1740/1/2251
f 1741/1/2252 1737/1/2252 1740/1/2252
f 1741/1/2253 1742/1/2253 1743/1/2253
f 1743/1/2254 1742/1/2254 1744/1/2254
f 1737/1/2255 1745/1/2255 1738/1/2255
f 1745/1/2256 1746/1/2256 1738/1/2256
f 1737/1/2257 1741/1/2257 1745/1/2257
f 1747/1/2258 1745/1/2258 1741/1/2258
f 1743/1/2259 1748/1/2259 1741/1/2259
f 1748/1/2260 1747/1/2260 1741/1/2260
f 1750/1/2261 1749/1/2261 1743/1/2261
f 1749/1/2262 1748/1/2262 1743/1/2262
f 1743/1/2263 1744/1/2263 1750/1/2263
f 1750/1/2264 1744/1/2264 1751/1/2264
f 1752/1/2265 1753/1/2265 1755/1/2265
f 1753/1/2266 1754/1/2266 1755/1/2266
f 1754/1/2267 1756/1/2267 1755/1/2267
f 1755/1/2268 1756/1/2268 1757/1/2268
f 1752/1/2269 1755/1/2269 1758/1/2269
f 1758/1/2270 1755/1/2270 1759/1/2270
f 1755/1/2271 1757/1/2271 1759/1/2271
f 1759/1/2272 1757/1/2272 1760/1/2272
f 1758/1/2273 1759/1/2273 1761/1/2273
f 1761/1/2274 1759/1/2274 1762/1/2274
f 1762/1/2275 1759/1/2275 1763/1/2275
f 1759/1/2276 1760/1/2276 1763/1/2276
f 1764/1/2277 1761/1/2277 1765/1/2277
f 1761/1/2278 1762/1/2278 1765/1/2278
f 1763/1/2279 1766/1/2279 1762/1/2279
f 1762/1/2280 1766/1/2280 1765/1/2280
f 1765/1/2281 1768/1/2281 1764/1/2281
f 1767/1/2282 1764/1/2282 1768/1/2282
f 1766/1/2283 1769/1/2283 1765/1/2283
f 1765/1/2284 1769/1/2284 1768/1/2284
f 1770/1/2285 1771/1/2285 1772/1/2285
f 1775/1/2286 1773/1/2286 1772/1/2286
f 1772/1/2287 1773/1/2287 1770/1/2287
f 1773/1/2288 1774/1/2288 1770/1/2288
f 1776/1/2289 1773/1/2289 1775/1/2289
f 1777/1/2290 1776/1/2290 1775/1/2290
f 1778/1/2291 1779/1/2291 1777/1/2291
f 1782/1/2292 1783/1/2292 1781/1/2292
f 1780/1/2293 1781/1/2293 1783/1/2293
f 1785/1/2294 1784/1/2294 1783/1/2294
f 1784/1/2295 1780/1/2295 1783/1/2295
f 1784/1/2296 1785/1/2296 1786/1/2296
f 1786/1/2297 1785/1/2297 1787/1/2297
f 1788/1/2298 1786/1/2298 1789/1/2298
f 1786/1/2299 1787/1/2299 1789/1/2299
f 1790/1/2300 1788/1/2300 1791/1/2300
f 1788/1/2301 1789/1/2301 1791/1/2301
f 1791/1/2302 1793/1/2302 1790/1/2302
f 1792/1/2303 1790/1/2303 1793/1/2303
f 1795/201/2304 1790/202/2304 1794/203/2304
f 1794/203/2305 1790/202/2305 1792/204/2305
f 1797/1/2306 1795/1/2306 1796/1/2306
f 1796/1/2307 1795/1/2307 1794/1/2307
f 1792/1/2308 1793/1/2308 1798/1/2308
f 1798/1/2309 1793/1/2309 1799/1/2309
f 1792/204/2310 1798/205/2310 1794/203/2310
f 1800/206/2311 1794/203/2311 1798/205/2311
f 1801/1/2312 1796/1/2312 1800/1/2312
f 1796/1/2313 1794/1/2313 1800/1/2313
f 1799/1/2314 1803/1/2314 1798/1/2314
f 1802/1/2315 1798/1/2315 1803/1/2315
f 1804/207/2316 1800/206/2316 1802/208/2316
f 1800/206/2317 1798/205/2317 1802/208/2317
f 1805/1/2318 1801/1/2318 1804/1/2318
f 1801/1/2319 1800/1/2319 1804/1/2319
f 1806/1/2320 1805/1/2320 1804/1/2320
f 1806/1/2321 1804/1/2321 1802/1/2321
f 1806/1/2322 1802/1/2322 1803/1/2322
f 1807/1/2323 1808/1/2323 1809/1/2323
f 1807/1/2324 1809/1/2324 1810/1/2324
f 1813/1/2325 1814/1/2325 1812/1/2325
f 1811/1/2326 1812/1/2326 1814/1/2326
f 1812/209/2327 1811/210/2327 1816/211/2327
f 1815/212/2327 1816/211/2327 1811/210/2327
f 1815/212/2328 1818/213/2328 1816/211/2328
f 1817/214/2329 1816/215/2329 1818/216/2329
f 1820/1/2330 1815/1/2330 1819/1/2330
f 1815/1/2331 1811/1/2331 1819/1/2331
f 1814/1/2332 1821/1/2332 1811/1/2332
f 1819/1/2333 1811/1/2333 1821/1/2333
f 1820/1/2334 1822/1/2334 1815/1/2334
f 1818/1/2335 1815/1/2335 1822/1/2335
f 1818/216/2336 1824/217/2336 1817/214/2336
f 1823/218/2337 1817/219/2337 1824/220/2337
f 1824/1/2338 1818/1/2338 1825/1/2338
f 1818/1/2339 1822/1/2339 1825/1/2339
f 1826/221/2340 1823/222/2340 1827/223/2340
f 1823/224/2341 1824/225/2341 1827/226/2341
f 1825/1/2342 1828/1/2342 1824/1/2342
f 1827/226/2343 1824/225/2343 1828/227/2343
f 1830/228/2344 1829/229/2344 1827/230/2344
f 1829/231/2345 1826/221/2345 1827/223/2345
f 1828/1/2346 1831/1/2346 1827/1/2346
f 1830/1/2347 1827/1/2347 1831/1/2347
f 1833/1/2348 1832/1/2348 1831/1/2348
f 1832/1/2349 1830/1/2349 1831/1/2349
f 1833/1/2350 1835/1/2350 1832/1/2350
f 1834/1/2351 1832/1/2351 1835/1/2351
f 1832/232/2352 1836/233/2352 1830/228/2352
f 1836/233/2353 1829/229/2353 1830/228/2353
f 1837/1/2354 1836/1/2354 1834/1/2354
f 1836/1/2355 1832/1/2355 1834/1/2355
f 1839/1/2356 1838/1/2356 1828/1/2356
f 1838/1/2357 1831/1/2357 1828/1/2357
f 1840/1/2358 1833/1/2358 1838/1/2358
f 1831/1/2359 1838/1/2359 1833/1/2359
f 1841/1/2360 1835/1/2360 1840/1/2360
f 1835/1/2361 1833/1/2361 1840/1/2361
f 1842/1/2362 1839/1/2362 1825/1/2362
f 1828/1/2363 1825/1/2363 1839/1/2363
f 1843/1/2364 1842/1/2364 1822/1/2364
f 1842/1/2365 1825/1/2365 1822/1/2365
f 1843/1/2366 1822/1/2366 1844/1/2366
f 1822/1/2367 1820/1/2367 1844/1/2367
f 1819/1/2368 1845/1/2368 1820/1/2368
f 1844/1/2369 1820/1/2369 1845/1/2369
f 1821/1/2370 1846/1/2370 1819/1/2370
f 1846/1/2371 1845/1/2371 1819/1/2371
f 1841/1/2372 1847/1/2372 1835/1/2372
f 1841/1/2373 1840/1/2373 1849/1/2373
f 1840/1/2374 1848/1/2374 1849/1/2374
f 1850/1/2375 1848/1/2375 1838/1/2375
f 1838/1/2376 1848/1/2376 1840/1/2376
f 1838/1/2377 1839/1/2377 1850/1/2377
f 1839/1/2378 1851/1/2378 1850/1/2378
f 1839/1/2379 1842/1/2379 1851/1/2379
f 1842/1/2380 1852/1/2380 1851/1/2380
f 1853/1/2381 1852/1/2381 1843/1/2381
f 1843/1/2382 1852/1/2382 1842/1/2382
f 1853/1/2383 1843/1/2383 1854/1/2383
f 1844/1/2384 1854/1/2384 1843/1/2384
f 1841/1/2385 1849/1/2385 1847/1/2385
f 1855/1/2386 1854/1/2386 1845/1/2386
f 1854/1/2387 1844/1/2387 1845/1/2387
f 1845/1/2388 1846/1/2388 1855/1/2388
f 1855/1/2389 1846/1/2389 1856/1/2389
f 1857/1/2390 1858/1/2390 1853/1/2390
f 1853/1/2391 1858/1/2391 1852/1/2391
f 1852/1/2392 1858/1/2392 1851/1/2392
f 1858/1/2393 1859/1/2393 1851/1/2393
f 1859/1/2394 1860/1/2394 1851/1/2394
f 1851/1/2395 1860/1/2395 1850/1/2395
f 1854/1/2396 1861/1/2396 1853/1/2396
f 1861/1/2397 1857/1/2397 1853/1/2397
f 1862/1/2398 1861/1/2398 1855/1/2398
f 1861/1/2399 1854/1/2399 1855/1/2399
f 1855/1/2400 1856/1/2400 1862/1/2400
f 1863/1/2401 1862/1/2401 1856/1/2401
f 1864/1/2402 1865/1/2402 1867/1/2402
f 1865/1/2403 1866/1/2403 1867/1/2403
f 1864/1/2404 1867/1/2404 1868/1/2404
f 1868/1/2405 1867/1/2405 1869/1/2405
f 1871/1/2406 1872/1/2406 1870/1/2406
f 1870/1/2407 1872/1/2407 1873/1/2407
f 1872/1/2408 1871/1/2408 1875/1/2408
f 1871/1/2409 1874/1/2409 1875/1/2409
f 1877/1/2410 1878/1/2410 1876/1/2410
f 1876/1/2411 1878/1/2411 1879/1/2411
f 1876/1/2412 1880/1/2412 1877/1/2412
f 1880/1/2413 1881/1/2413 1877/1/2413
f 1883/1/2414 1881/1/2414 1882/1/2414
f 1882/1/2415 1881/1/2415 1880/1/2415
f 1883/1/2416 1882/1/2416 1885/1/2416
f 1884/1/2417 1885/1/2417 1882/1/2417
f 1889/1/2418 1886/1/2418 1888/1/2418
f 1886/1/2419 1887/1/2419 1888/1/2419
f 1891/1/2420 1892/1/2420 1890/1/2420
f 1890/1/2421 1892/1/2421 1893/1/2421
f 1892/1/2422 1894/1/2422 1893/1/2422
f 1893/1/2423 1894/1/2423 1895/1/2423
f 1896/1/2424 1897/1/2424 1894/1/2424
f 1895/1/2425 1894/1/2425 1897/1/2425
f 1887/1/2426 1886/1/2426 1899/1/2426
f 1886/1/2427 1898/1/2427 1899/1/2427
f 1902/1/2428 1903/1/2428 1901/1/2428
f 1900/1/2429 1901/1/2429 1903/1/2429
f 1901/1/2430 1905/1/2430 1902/1/2430
f 1904/1/2431 1902/1/2431 1905/1/2431
f 1904/1/2432 1906/1/2432 1902/1/2432
f 1906/1/2433 1907/1/2433 1902/1/2433
f 1907/1/2434 1908/1/2434 1902/1/2434
f 1902/1/2435 1908/1/2435 1903/1/2435
f 1910/1/2436 1903/1/2436 1909/1/2436
f 1903/1/2437 1908/1/2437 1909/1/2437
f 1912/1/2438 1910/1/2438 1911/1/2438
f 1910/1/2439 1909/1/2439 1911/1/2439
f 1914/1/2440 1915/1/2440 1913/1/2440
f 1913/1/2441 1915/1/2441 1916/1/2441
f 1917/234/2442 1918/235/2442 1920/236/2442
f 1918/235/2443 1919/237/2443 1920/236/2443
f 1915/1/2444 1917/1/2444 1916/1/2444
f 1916/1/2445 1917/1/2445 1921/1/2445
f 1921/1/2446 1917/1/2446 1922/1/2446
f 1917/1/2447 1920/1/2447 1922/1/2447
f 1922/1/2448 1920/1/2448 1924/1/2448
f 1920/238/2449 1923/239/2449 1924/240/2449
f 1924/240/2450 1923/239/2450 1926/241/2450
f 1923/239/2451 1925/242/2451 1926/241/2451
f 1929/243/2452 1930/244/2452 1928/245/2452
f 1927/246/2453 1928/245/2453 1930/244/2453
f 1929/243/2454 1928/245/2454 1932/247/2454
f 1931/248/2455 1932/247/2455 1928/245/2455
f 1932/1/2456 1931/1/2456 1933/1/2456
f 1926/241/2457 1925/242/2457 1934/249/2457
f 1925/242/2458 1930/244/2458 1934/249/2458
f 1935/1/2459 1934/1/2459 1929/1/2459
f 1930/244/2460 1929/243/2460 1934/249/2460
f 1935/1/2461 1929/1/2461 1936/1/2461
f 1936/1/2462 1929/1/2462 1932/1/2462
f 1936/1/2463 1932/1/2463 1933/1/2463
f 1939/1/2464 1940/1/2464 1938/1/2464
f 1937/1/2465 1938/1/2465 1940/1/2465
f 1939/1/2466 1941/1/2466 1940/1/2466
f 1941/1/2467 1942/1/2467 1940/1/2467
f 1939/1/2468 1943/1/2468 1945/1/2468
f 1943/1/2469 1944/1/2469 1945/1/2469
f 1939/1/2470 1945/1/2470 1941/1/2470
f 1947/1/2471 1941/1/2471 1946/1/2471
f 1941/1/2472 1945/1/2472 1946/1/2472
f 1947/1/2473 1948/1/2473 1941/1/2473
f 1942/1/2474 1941/1/2474 1948/1/2474
f 1942/1/2475 1948/1/2475 1950/1/2475
f 1948/1/2476 1949/1/2476 1950/1/2476
f 1944/1/2477 1951/1/2477 1952/1/2477
f 1944/1/2478 1952/1/2478 1945/1/2478
f 1952/1/2479 1946/1/2479 1945/1/2479
f 1947/1/2480 1946/1/2480 1954/1/2480
f 1946/1/2481 1953/1/2481 1954/1/2481
f 1955/1/2482 1948/1/2482 1954/1/2482
f 1947/1/2483 1954/1/2483 1948/1/2483
f 1948/1/2484 1955/1/2484 1949/1/2484
f 1955/1/2485 1956/1/2485 1949/1/2485
f 1958/1/2486 1954/1/2486 1957/1/2486
f 1953/1/2487 1957/1/2487 1954/1/2487
f 1954/1/2488 1958/1/2488 1955/1/2488
f 1955/1/2489 1958/1/2489 1959/1/2489
f 1955/1/2490 1959/1/2490 1956/1/2490
f 1959/1/2491 1960/1/2491 1956/1/2491
f 1952/1/2492 1961/1/2492 1962/1/2492
f 1953/1/2493 1946/1/2493 1962/1/2493
f 1946/1/2494 1952/1/2494 1962/1/2494
f 1957/1/2495 1953/1/2495 1963/1/2495
f 1962/1/2496 1963/1/2496 1953/1/2496
f 1965/1/2497 1957/1/2497 1964/1/2497
f 1963/1/2498 1964/1/2498 1957/1/2498
f 1966/1/2499 1958/1/2499 1965/1/2499
f 1957/1/2500 1965/1/2500 1958/1/2500
f 1967/1/2501 1959/1/2501 1966/1/2501
f 1958/1/2502 1966/1/2502 1959/1/2502
f 1969/1/2503 1965/1/2503 1968/1/2503
f 1964/1/2504 1968/1/2504 1965/1/2504
f 1965/1/2505 1969/1/2505 1966/1/2505
f 1969/1/2506 1970/1/2506 1966/1/2506
f 1970/1/2507 1971/1/2507 1966/1/2507
f 1966/1/2508 1971/1/2508 1967/1/2508
f 1972/1/2509 1973/1/2509 1975/1/2509
f 1973/1/2510 1974/1/2510 1975/1/2510
f 1969/1/2511 1976/1/2511 1970/1/2511
f 1970/1/2512 1976/1/2512 1973/1/2512
f 1973/1/2513 1976/1/2513 1974/1/2513
f 1969/1/2514 1968/1/2514 1977/1/2514
f 1977/1/2515 1978/1/2515 1969/1/2515
f 1969/1/2516 1978/1/2516 1976/1/2516
f 1974/1/2517 1976/1/2517 1979/1/2517
f 1976/1/2518 1978/1/2518 1979/1/2518
f 1975/1/2519 1974/1/2519 1980/1/2519
f 1974/1/2520 1979/1/2520 1980/1/2520
f 1980/1/2521 1981/1/2521 1975/1/2521
f 1975/1/2522 1981/1/2522 1982/1/2522
f 1982/1/2523 1981/1/2523 1983/1/2523
f 1971/1/2524 1970/1/2524 1984/1/2524
f 1970/1/2525 1973/1/2525 1984/1/2525
f 1984/1/2526 1973/1/2526 1972/1/2526
f 1967/1/2527 1985/1/2527 1959/1/2527
f 1960/1/2528 1959/1/2528 1985/1/2528
f 1985/1/2529 1967/1/2529 1986/1/2529
f 1967/1/2530 1971/1/2530 1986/1/2530
f 1984/1/2531 1987/1/2531 1971/1/2531
f 1986/1/2532 1971/1/2532 1987/1/2532
f 1987/1/2533 1984/1/2533 1972/1/2533
f 1972/1/2534 1975/1/2534 1982/1/2534
f 1972/1/2535 1989/1/2535 1987/1/2535
f 1988/1/2536 1987/1/2536 1989/1/2536
f 1989/1/2537 1972/1/2537 1982/1/2537
f 1982/1/2538 1983/1/2538 1990/1/2538
f 1982/1/2539 1990/1/2539 1989/1/2539
f 1991/1/2540 1989/1/2540 1990/1/2540
f 1992/1/2541 1988/1/2541 1991/1/2541
f 1989/1/2542 1991/1/2542 1988/1/2542
f 1993/1/2543 1988/1/2543 1994/1/2543
f 1988/1/2544 1992/1/2544 1994/1/2544
f 1993/1/2545 1986/1/2545 1988/1/2545
f 1986/1/2546 1987/1/2546 1988/1/2546
f 1996/1/2547 1995/1/2547 1949/1/2547
f 1995/1/2548 1950/1/2548 1949/1/2548
f 1949/1/2549 1956/1/2549 1996/1/2549
f 1996/1/2550 1956/1/2550 1997/1/2550
f 1999/1/2551 1995/1/2551 1998/1/2551
f 1995/1/2552 1996/1/2552 1998/1/2552
f 1996/1/2553 1997/1/2553 1998/1/2553
f 2000/1/2554 1985/1/2554 1993/1/2554
f 1985/1/2555 1986/1/2555 1993/1/2555
f 2000/1/2556 1960/1/2556 1985/1/2556
f 1997/1/2557 1956/1/2557 2000/1/2557
f 1956/1/2558 1960/1/2558 2000/1/2558
f 1997/1/2559 2000/1/2559 1998/1/2559
f 2000/1/2560 2001/1/2560 1998/1/2560
f 2000/1/2561 1993/1/2561 2001/1/2561
f 1993/1/2562 1994/1/2562 2001/1/2562
f 1961/1/2563 2002/1/2563 2003/1/2563
f 2004/1/2564 2003/1/2564 2005/1/2564
f 2004/1/2565 2005/1/2565 2006/1/2565
f 2004/1/2566 1961/1/2566 2003/1/2566
f 2005/1/2567 2003/1/2567 2007/1/2567
f 2006/1/2568 2005/1/2568 2007/1/2568
f 1983/1/2569 1981/1/2569 2009/1/2569
f 1981/1/2570 2008/1/2570 2009/1/2570
f 2011/1/2571 2012/1/2571 2010/1/2571
f 2010/1/2572 2012/1/2572 2013/1/2572
f 2011/1/2573 2014/1/2573 2012/1/2573
f 1981/1/2574 1980/1/2574 2008/1/2574
f 1980/1/2575 2015/1/2575 2008/1/2575
f 2008/1/2576 2015/1/2576 2010/1/2576
f 2015/1/2577 2016/1/2577 2010/1/2577
f 2017/1/2578 2011/1/2578 2016/1/2578
f 2016/1/2579 2011/1/2579 2010/1/2579
f 1961/1/2580 2004/1/2580 2018/1/2580
f 2018/1/2581 2004/1/2581 2019/1/2581
f 2021/1/2582 2020/1/2582 2019/1/2582
f 2020/1/2583 2018/1/2583 2019/1/2583
f 1962/1/2584 1961/1/2584 1963/1/2584
f 1963/1/2585 1961/1/2585 1964/1/2585
f 1964/1/2586 1961/1/2586 2018/1/2586
f 1968/1/2587 1964/1/2587 2018/1/2587
f 1968/250/2588 2018/251/2588 1977/252/2588
f 2019/1/2589 2004/1/2589 2006/1/2589
f 2018/251/2590 2020/253/2590 1977/252/2590
f 1977/252/2591 2020/253/2591 2022/254/2591
f 1977/1/2592 2022/1/2592 1978/1/2592
f 2023/1/2593 1978/1/2593 2022/1/2593
f 2024/1/2594 1979/1/2594 2023/1/2594
f 1979/1/2595 1978/1/2595 2023/1/2595
f 1980/1/2596 1979/1/2596 2015/1/2596
f 2024/1/2597 2015/1/2597 1979/1/2597
f 2015/1/2598 2024/1/2598 2016/1/2598
f 2016/1/2599 2024/1/2599 2025/1/2599
f 2026/1/2600 2025/1/2600 2023/1/2600
f 2025/1/2601 2024/1/2601 2023/1/2601
f 2027/255/2602 2026/256/2602 2022/257/2602
f 2023/258/2603 2022/257/2603 2026/256/2603
f 2022/257/2604 2020/259/2604 2027/255/2604
f 2020/1/2605 2028/1/2605 2027/1/2605
f 2017/1/2606 2016/1/2606 2025/1/2606
f 2017/1/2607 2025/1/2607 2029/1/2607
f 2025/1/2608 2026/1/2608 2029/1/2608
f 2030/1/2609 2021/1/2609 2006/1/2609
f 2021/1/2610 2019/1/2610 2006/1/2610
f 2020/1/2611 2021/1/2611 2028/1/2611
f 2028/1/2612 2021/1/2612 2031/1/2612
f 2027/1/2613 2032/1/2613 2026/1/2613
f 2029/1/2614 2026/1/2614 2032/1/2614
f 2032/1/2615 2027/1/2615 2033/1/2615
f 2027/1/2616 2028/1/2616 2033/1/2616
f 2031/1/2617 2034/1/2617 2028/1/2617
f 2033/1/2618 2028/1/2618 2034/1/2618
f 2035/1/2619 2033/1/2619 2034/1/2619
f 2036/1/2620 2032/1/2620 2035/1/2620
f 2032/1/2621 2033/1/2621 2035/1/2621
f 2037/1/2622 2029/1/2622 2036/1/2622
f 2029/1/2623 2032/1/2623 2036/1/2623
f 2029/1/2624 2037/1/2624 2017/1/2624
f 2038/1/2625 2017/1/2625 2037/1/2625
f 2017/1/2626 2038/1/2626 2011/1/2626
f 2014/1/2627 2011/1/2627 2038/1/2627
f 2039/1/2628 2035/1/2628 2034/1/2628
f 2036/1/2629 2035/1/2629 2040/1/2629
f 2040/1/2630 2035/1/2630 2039/1/2630
f 2036/1/2631 2040/1/2631 2037/1/2631
f 2041/1/2632 2037/1/2632 2040/1/2632
f 2037/260/2633 2041/261/2633 2038/262/2633
f 2042/263/2634 2038/262/2634 2041/261/2634
f 2042/1/2635 2014/1/2635 2038/1/2635
f 2040/1/2636 2039/1/2636 2043/1/2636
f 2043/1/2637 2039/1/2637 2044/1/2637
f 2043/1/2638 2045/1/2638 2040/1/2638
f 2045/1/2639 2041/1/2639 2040/1/2639
f 2045/1/2640 2046/1/2640 2041/1/2640
f 2046/1/2641 2042/1/2641 2041/1/2641
f 2046/1/2642 2047/1/2642 2042/1/2642
f 2047/1/2643 2014/1/2643 2042/1/2643
f 2014/1/2644 2047/1/2644 2012/1/2644
f 2048/1/2645 2012/1/2645 2047/1/2645
f 2048/1/2646 2013/1/2646 2012/1/2646
f 2030/1/2647 2049/1/2647 2050/1/2647
f 2051/1/2648 2050/1/2648 2052/1/2648
f 2050/1/2649 2049/1/2649 2052/1/2649
f 2006/1/2650 2053/1/2650 2030/1/2650
f 2049/1/2651 2030/1/2651 2053/1/2651
f 2006/1/2652 2007/1/2652 2053/1/2652
f 2053/1/2653 2007/1/2653 2054/1/2653
f 1998/1/2654 2050/1/2654 2055/1/2654
f 2055/1/2655 2050/1/2655 2051/1/2655
f 2031/1/2656 2021/1/2656 2056/1/2656
f 2021/1/2657 2057/1/2657 2056/1/2657
f 2056/1/2658 2057/1/2658 2058/1/2658
f 2034/1/2659 2031/1/2659 2056/1/2659
f 2056/1/2660 2044/1/2660 2034/1/2660
f 2039/1/2661 2034/1/2661 2044/1/2661
f 2057/1/2662 2021/1/2662 2030/1/2662
f 2057/1/2663 2030/1/2663 2058/1/2663
f 2030/1/2664 2050/1/2664 2058/1/2664
f 2044/1/2665 2056/1/2665 2058/1/2665
f 2059/1/2666 2060/1/2666 2061/1/2666
f 2062/264/2667 2063/265/2667 2065/266/2667
f 2063/265/2668 2064/267/2668 2065/266/2668
f 2068/1/2669 2069/1/2669 2067/1/2669
f 2066/1/2670 2067/1/2670 2069/1/2670
f 2073/1/2671 2070/1/2671 2072/1/2671
f 2070/1/2672 2071/1/2672 2072/1/2672
f 2077/1/2673 2074/1/2673 2076/1/2673
f 2074/1/2674 2075/1/2674 2076/1/2674
f 2081/268/2675 2078/269/2675 2080/270/2675
f 2078/269/2676 2079/271/2676 2080/270/2676
f 2082/1/2677 2083/1/2677 2085/1/2677
f 2083/1/2678 2084/1/2678 2085/1/2678
f 2088/1/2679 2089/1/2679 2087/1/2679
f 2086/1/2680 2087/1/2680 2089/1/2680
f 2091/1/2681 2092/1/2681 2090/1/2681
f 2090/1/2682 2092/1/2682 2093/1/2682
f 2097/1/2683 2094/1/2683 2096/1/2683
f 2094/1/2684 2095/1/2684 2096/1/2684
f 2100/1/2685 2101/1/2685 2099/1/2685
f 2098/1/2686 2099/1/2686 2101/1/2686
f 2102/1/2687 2103/1/2687 2104/1/2687
f 2106/272/2688 2107/273/2688 2105/274/2688
f 2105/275/2689 2107/276/2689 2108/277/2689
f 2109/1/2690 2110/1/2690 2102/1/2690
f 2113/1/2691 2114/1/2691 2112/1/2691
f 2111/1/2692 2112/1/2692 2114/1/2692
f 2107/1/2693 2113/1/2693 2112/1/2693
f 2115/1/2694 2116/1/2694 2106/1/2694
f 2118/278/2695 2119/279/2695 2117/280/2695
f 2117/1/2696 2119/1/2696 2120/1/2696
f 2124/281/2697 2121/282/2697 2123/283/2697
f 2121/282/2698 2122/284/2698 2123/283/2698
f 2125/1/2699 2126/1/2699 2127/1/2699
f 2127/1/2700 2128/1/2700 2125/1/2700
f 2125/1/2701 2128/1/2701 2129/1/2701
f 2133/1/2702 2130/1/2702 2132/1/2702
f 2130/1/2703 2131/1/2703 2132/1/2703
f 2135/1/2704 2134/1/2704 2133/1/2704
f 2134/1/2705 2130/1/2705 2133/1/2705
f 2136/285/2706 2134/286/2706 2137/287/2706
f 2134/286/2707 2135/288/2707 2137/287/2707
f 2137/287/2708 2139/289/2708 2136/285/2708
f 2138/290/2709 2136/285/2709 2139/289/2709
f 2125/1/2710 2140/1/2710 2139/1/2710
f 2140/291/2711 2138/290/2711 2139/289/2711
f 2129/1/2712 2140/1/2712 2125/1/2712
f 2141/1/2713 2142/1/2713 2143/1/2713
f 2144/1/2714 2145/1/2714 2147/1/2714
f 2145/1/2715 2146/1/2715 2147/1/2715
f 2149/1/2716 2150/1/2716 2148/1/2716
f 2148/1/2717 2150/1/2717 2151/1/2717
f 2152/1/2718 2144/1/2718 2147/1/2718
f 2153/1/2719 2152/1/2719 2154/1/2719
f 2152/1/2720 2147/1/2720 2154/1/2720
f 2154/1/2721 2156/1/2721 2153/1/2721
f 2155/1/2722 2153/1/2722 2156/1/2722
f 2158/1/2723 2157/1/2723 2156/1/2723
f 2157/1/2724 2155/1/2724 2156/1/2724
f 2157/1/2725 2158/1/2725 2159/1/2725
f 2159/1/2726 2158/1/2726 2160/1/2726
f 2162/1/2727 2161/1/2727 2160/1/2727
f 2161/1/2728 2159/1/2728 2160/1/2728
f 2150/1/2729 2149/1/2729 2162/1/2729
f 2149/1/2730 2161/1/2730 2162/1/2730
f 2164/1/2731 2165/1/2731 2163/1/2731
f 2163/1/2732 2165/1/2732 2166/1/2732
f 2164/1/2733 2167/1/2733 2169/1/2733
f 2167/1/2734 2168/1/2734 2169/1/2734
f 2163/1/2735 2167/1/2735 2164/1/2735
f 2170/1/2736 2144/1/2736 2152/1/2736
f 2170/1/2737 2152/1/2737 2171/1/2737
f 2172/1/2738 2170/1/2738 2171/1/2738
f 2172/1/2739 2171/1/2739 2166/1/2739
f 2165/1/2740 2172/1/2740 2166/1/2740
f 2173/292/2741 2174/293/2741 2175/294/2741
f 2174/293/2742 2176/295/2742 2175/294/2742
f 2177/1/2743 2178/1/2743 2179/1/2743
f 2183/1/2744 2180/1/2744 2182/1/2744
f 2180/1/2745 2181/1/2745 2182/1/2745
f 2184/1/2746 2185/1/2746 2182/1/2746
f 2182/1/2747 2185/1/2747 2183/1/2747
f 2186/1/2748 2187/1/2748 2189/1/2748
f 2187/1/2749 2188/1/2749 2189/1/2749
f 2190/1/2750 2191/1/2750 2186/1/2750
f 2191/1/2751 2192/1/2751 2186/1/2751
f 2195/1/2752 2196/1/2752 2194/1/2752
f 2193/1/2753 2194/1/2753 2196/1/2753
f 2194/1/2754 2197/1/2754 2195/1/2754
f 2197/1/2755 2194/1/2755 2199/1/2755
f 2194/1/2756 2198/1/2756 2199/1/2756
f 2200/1/2757 2201/1/2757 2202/1/2757
f 2201/1/2758 2200/1/2758 2204/1/2758
f 2203/1/2759 2204/1/2759 2200/1/2759
f 2207/1/2760 2208/1/2760 2206/1/2760
f 2205/1/2761 2206/1/2761 2208/1/2761
f 2209/1/2762 2210/1/2762 2212/1/2762
f 2210/1/2763 2211/1/2763 2212/1/2763
f 2210/1/2764 2213/1/2764 2211/1/2764
f 2213/1/2765 2214/1/2765 2211/1/2765
f 2216/1/2766 2217/1/2766 2215/1/2766
f 2215/1/2767 2217/1/2767 2218/1/2767
f 2220/1/2768 2216/1/2768 2219/1/2768
f 2219/1/2769 2216/1/2769 2215/1/2769
f 2221/1/2770 2220/1/2770 2219/1/2770
f 2222/296/2771 2223/297/2771 2219/298/2771
f 2219/298/2772 2223/297/2772 2221/299/2772
f 2224/300/2773 2222/296/2773 2215/301/2773
f 2215/301/2774 2222/296/2774 2219/298/2774
f 2225/1/2775 2224/1/2775 2218/1/2775
f 2218/1/2776 2224/1/2776 2215/1/2776
f 2224/1/2777 2225/1/2777 2227/1/2777
f 2226/1/2778 2227/1/2778 2225/1/2778
f 2226/1/2779 2228/1/2779 2227/1/2779
f 2228/1/2780 2229/1/2780 2227/1/2780
f 2230/1/2781 2229/1/2781 2228/1/2781
f 2230/302/2782 2231/303/2782 2229/304/2782
f 2231/303/2783 2232/305/2783 2229/304/2783
f 2233/306/2784 2232/305/2784 2231/303/2784
f 2234/307/2785 2232/305/2785 2233/306/2785
f 2235/308/2786 2236/309/2786 2234/307/2786
f 2236/309/2787 2232/305/2787 2234/307/2787
f 2229/304/2788 2232/305/2788 2227/310/2788
f 2227/310/2789 2232/305/2789 2236/309/2789
f 2227/310/2790 2236/309/2790 2224/300/2790
f 2236/309/2791 2222/296/2791 2224/300/2791
f 2223/297/2792 2222/296/2792 2235/308/2792
f 2235/308/2793 2222/296/2793 2236/309/2793
f 2237/311/2794 2221/299/2794 2223/297/2794
f 2238/312/2795 2239/313/2795 2235/314/2795
f 2235/308/2796 2234/307/2796 2238/315/2796
f 2234/316/2797 2240/317/2797 2238/312/2797
f 2240/317/2798 2241/318/2798 2238/312/2798
f 2239/313/2799 2238/312/2799 2241/318/2799
f 2242/1/2800 2240/1/2800 2234/1/2800
f 2243/1/2801 2242/1/2801 2233/1/2801
f 2233/1/2802 2242/1/2802 2234/1/2802
f 2244/1/2803 2243/1/2803 2231/1/2803
f 2231/1/2804 2243/1/2804 2233/1/2804
f 2245/319/2805 2244/320/2805 2231/303/2805
f 2231/303/2806 2230/302/2806 2245/319/2806
f 2230/302/2807 2246/321/2807 2245/319/2807
f 2247/1/2808 2246/1/2808 2228/1/2808
f 2228/1/2809 2246/1/2809 2230/1/2809
f 2249/322/2810 2239/323/2810 2248/324/2810
f 2241/325/2811 2248/324/2811 2239/323/2811
f 2248/324/2812 2241/325/2812 2250/326/2812
f 2240/327/2813 2250/326/2813 2241/325/2813
f 2250/1/2814 2240/1/2814 2251/1/2814
f 2242/1/2815 2251/1/2815 2240/1/2815
f 2243/1/2816 2252/1/2816 2251/1/2816
f 2253/328/2817 2252/329/2817 2244/320/2817
f 2244/1/2818 2252/1/2818 2243/1/2818
f 2254/1/2819 2253/1/2819 2245/1/2819
f 2245/319/2820 2253/328/2820 2244/320/2820
f 2246/1/2821 2255/1/2821 2245/1/2821
f 2255/1/2822 2254/1/2822 2245/1/2822
f 2255/1/2823 2246/1/2823 2256/1/2823
f 2247/1/2824 2256/1/2824 2246/1/2824
f 2248/330/2825 2257/331/2825 2249/332/2825
f 2257/331/2826 2258/333/2826 2249/332/2826
f 2259/334/2827 2257/331/2827 2250/335/2827
f 2250/335/2828 2257/331/2828 2248/330/2828
f 2251/1/2829 2260/1/2829 2250/1/2829
f 2260/336/2830 2259/337/2830 2250/338/2830
f 2261/339/2831 2260/340/2831 2252/329/2831
f 2252/1/2832 2260/1/2832 2251/1/2832
f 2262/1/2833 2261/1/2833 2253/1/2833
f 2253/328/2834 2261/339/2834 2252/329/2834
f 2263/1/2835 2262/1/2835 2254/1/2835
f 2254/1/2836 2262/1/2836 2253/1/2836
f 2264/1/2837 2263/1/2837 2255/1/2837
f 2255/1/2838 2263/1/2838 2254/1/2838
f 2256/1/2839 2265/1/2839 2255/1/2839
f 2265/1/2840 2264/1/2840 2255/1/2840
f 2266/1/2841 2267/1/2841 2268/1/2841
f 2268/1/2842 2269/1/2842 2266/1/2842
f 2270/1/2843 2269/1/2843 2268/1/2843
f 2268/1/2844 2271/1/2844 2270/1/2844
f 2272/1/2845 2271/1/2845 2268/1/2845
f 2273/1/2846 2220/1/2846 2221/1/2846
f 2274/1/2847 2220/1/2847 2273/1/2847
f 2273/1/2848 2272/1/2848 2274/1/2848
f 2270/341/2849 2271/342/2849 2237/311/2849
f 2237/311/2850 2271/342/2850 2221/299/2850
f 2239/323/2851 2270/341/2851 2237/311/2851
f 2275/343/2852 2270/341/2852 2239/323/2852
f 2239/323/2853 2249/322/2853 2275/343/2853
f 2249/322/2854 2276/344/2854 2275/343/2854
f 2249/322/2855 2258/345/2855 2276/344/2855
f 2258/345/2856 2277/346/2856 2276/344/2856
f 2279/1/2857 2276/1/2857 2278/1/2857
f 2278/1/2858 2276/1/2858 2277/1/2858
f 2223/297/2859 2235/308/2859 2239/323/2859
f 2223/297/2860 2239/323/2860 2237/311/2860
f 2271/1/2861 2272/1/2861 2273/1/2861
f 2271/342/2862 2273/347/2862 2221/299/2862
f 2269/1/2863 2270/1/2863 2280/1/2863
f 2270/1/2864 2275/1/2864 2280/1/2864
f 2280/1/2865 2275/1/2865 2279/1/2865
f 2276/1/2866 2279/1/2866 2275/1/2866
f 2281/1/2867 2282/1/2867 2283/1/2867
f 2284/1/2868 2283/1/2868 2282/1/2868
f 2285/1/2869 2283/1/2869 2284/1/2869
f 2286/1/2870 2281/1/2870 2287/1/2870
f 2286/1/2871 2288/1/2871 2281/1/2871
f 2288/1/2872 2282/1/2872 2281/1/2872
f 2289/1/2873 2284/1/2873 2288/1/2873
f 2284/1/2874 2282/1/2874 2288/1/2874
f 2285/1/2875 2284/1/2875 2290/1/2875
f 2290/1/2876 2284/1/2876 2289/1/2876
f 2291/1/2877 2285/1/2877 2290/1/2877
f 2292/1/2878 2285/1/2878 2291/1/2878
f 2294/1/2879 2293/1/2879 2287/1/2879
f 2293/1/2880 2286/1/2880 2287/1/2880
f 2295/1/2881 2288/1/2881 2293/1/2881
f 2288/1/2882 2286/1/2882 2293/1/2882
f 2296/1/2883 2289/1/2883 2295/1/2883
f 2289/1/2884 2288/1/2884 2295/1/2884
f 2289/1/2885 2296/1/2885 2298/1/2885
f 2297/1/2886 2298/1/2886 2296/1/2886
f 2290/1/2887 2289/1/2887 2298/1/2887
f 2298/1/2888 2299/1/2888 2290/1/2888
f 2299/1/2889 2291/1/2889 2290/1/2889
f 2292/1/2890 2291/1/2890 2300/1/2890
f 2300/1/2891 2291/1/2891 2299/1/2891
f 2301/1/2892 2292/1/2892 2300/1/2892
f 2300/1/2893 2302/1/2893 2301/1/2893
f 2299/1/2894 2302/1/2894 2300/1/2894
f 2302/1/2895 2299/1/2895 2297/1/2895
f 2298/1/2896 2297/1/2896 2299/1/2896
f 2303/1/2897 2304/1/2897 2301/1/2897
f 2304/1/2898 2292/1/2898 2301/1/2898
f 2303/1/2899 2305/1/2899 2304/1/2899
f 2305/1/2900 2306/1/2900 2304/1/2900
f 2307/1/2901 2306/1/2901 2305/1/2901
f 2311/1/2902 2308/1/2902 2310/1/2902
f 2308/1/2903 2309/1/2903 2310/1/2903
f 2312/1/2904 2309/1/2904 2308/1/2904
f 2313/1/2905 2314/1/2905 2309/1/2905
f 2314/1/2906 2310/1/2906 2309/1/2906
f 2315/1/2907 2311/1/2907 2310/1/2907
f 2316/1/2908 2311/1/2908 2315/1/2908
f 2318/1/2909 2311/1/2909 2317/1/2909
f 2317/1/2910 2311/1/2910 2316/1/2910
f 2319/1/2911 2318/1/2911 2317/1/2911
f 2320/1/2912 2318/1/2912 2319/1/2912
f 2318/1/2913 2320/1/2913 2322/1/2913
f 2321/1/2914 2322/1/2914 2320/1/2914
f 2323/1/2915 2324/1/2915 2320/1/2915
f 2324/1/2916 2321/1/2916 2320/1/2916
f 2320/1/2917 2319/1/2917 2323/1/2917
f 2317/1/2918 2323/1/2918 2319/1/2918
f 2325/1/2919 2323/1/2919 2316/1/2919
f 2316/1/2920 2323/1/2920 2317/1/2920
f 2315/1/2921 2310/1/2921 2314/1/2921
f 2313/1/2922 2326/1/2922 2314/1/2922
f 2326/1/2923 2325/1/2923 2314/1/2923
f 2313/1/2924 2327/1/2924 2326/1/2924
f 2309/1/2925 2312/1/2925 2313/1/2925
f 2328/1/2926 2313/1/2926 2312/1/2926
f 2329/1/2927 2330/1/2927 2331/1/2927
f 2332/1/2928 2330/1/2928 2329/1/2928
f 2333/1/2929 2330/1/2929 2332/1/2929
f 2334/1/2930 2330/1/2930 2333/1/2930
f 2335/1/2931 2331/1/2931 2334/1/2931
f 2331/1/2932 2330/1/2932 2334/1/2932
f 2336/1/2933 2334/1/2933 2333/1/2933
f 2336/1/2934 2337/1/2934 2334/1/2934
f 2337/1/2935 2335/1/2935 2334/1/2935
f 2338/1/2936 2339/1/2936 2340/1/2936
f 2341/1/2937 2338/1/2937 2340/1/2937
f 2343/1/2938 2344/1/2938 2342/1/2938
f 2342/1/2939 2344/1/2939 2341/1/2939
f 2346/1/2940 2343/1/2940 2345/1/2940
f 2345/1/2941 2343/1/2941 2342/1/2941
f 2348/1/2942 2346/1/2942 2347/1/2942
f 2347/1/2943 2346/1/2943 2345/1/2943
f 2347/1/2944 2345/1/2944 2350/1/2944
f 2345/1/2945 2349/1/2945 2350/1/2945
f 2345/1/2946 2342/1/2946 2349/1/2946
f 2342/1/2947 2351/1/2947 2349/1/2947
f 2342/1/2948 2341/1/2948 2351/1/2948
f 2341/1/2949 2352/1/2949 2351/1/2949
f 2352/1/2950 2341/1/2950 2353/1/2950
f 2340/1/2951 2353/1/2951 2341/1/2951
f 2355/1/2952 2356/1/2952 2354/1/2952
f 2354/1/2953 2356/1/2953 2357/1/2953
f 2358/1/2954 2359/1/2954 2354/1/2954
f 2359/1/2955 2355/1/2955 2354/1/2955
f 2360/1/2956 2361/1/2956 2354/1/2956
f 2354/1/2957 2361/1/2957 2358/1/2957
f 2362/1/2958 2361/1/2958 2360/1/2958
f 2360/1/2959 2363/1/2959 2362/1/2959
f 2364/1/2960 2363/1/2960 2360/1/2960
f 2368/1/2961 2365/1/2961 2367/1/2961
f 2365/1/2962 2366/1/2962 2367/1/2962
f 2369/1/2963 2370/1/2963 2365/1/2963
f 2370/1/2964 2366/1/2964 2365/1/2964
f 2369/1/2965 2371/1/2965 2370/1/2965
f 2371/1/2966 2372/1/2966 2370/1/2966
f 2361/1/2967 2362/1/2967 2371/1/2967
f 2362/1/2968 2372/1/2968 2371/1/2968
f 2374/1/2969 2358/1/2969 2373/1/2969
f 2373/1/2970 2358/1/2970 2361/1/2970
f 2371/1/2971 2375/1/2971 2361/1/2971
f 2361/1/2972 2375/1/2972 2373/1/2972
f 2376/1/2973 2375/1/2973 2369/1/2973
f 2369/1/2974 2375/1/2974 2371/1/2974
f 2377/1/2975 2378/1/2975 2369/1/2975
f 2378/1/2976 2376/1/2976 2369/1/2976
f 2377/1/2977 2369/1/2977 2380/1/2977
f 2369/1/2978 2379/1/2978 2380/1/2978
f 2365/1/2979 2381/1/2979 2369/1/2979
f 2381/1/2980 2379/1/2980 2369/1/2980
f 2368/1/2981 2382/1/2981 2365/1/2981
f 2382/1/2982 2381/1/2982 2365/1/2982
f 2383/1/2983 2384/1/2983 2368/1/2983
f 2384/1/2984 2382/1/2984 2368/1/2984
f 2387/1/2985 2388/1/2985 2386/1/2985
f 2385/1/2986 2386/1/2986 2388/1/2986
f 2386/1/2987 2385/1/2987 2390/1/2987
f 2389/1/2988 2390/1/2988 2385/1/2988
f 2389/1/2989 2391/1/2989 2390/1/2989
f 2391/1/2990 2392/1/2990 2390/1/2990
f 2377/1/2991 2380/1/2991 2391/1/2991
f 2380/1/2992 2392/1/2992 2391/1/2992
f 2377/1/2993 2391/1/2993 2378/1/2993
f 2391/1/2994 2393/1/2994 2378/1/2994
f 2395/1/2995 2393/1/2995 2394/1/2995
f 2394/1/2996 2393/1/2996 2391/1/2996
f 2394/1/2997 2359/1/2997 2395/1/2997
f 2359/1/2998 2396/1/2998 2395/1/2998
f 2358/1/2999 2374/1/2999 2359/1/2999
f 2374/1/3000 2396/1/3000 2359/1/3000
f 2397/1/3001 2398/1/3001 2399/1/3001
f 2398/1/3002 2397/1/3002 2400/1/3002
f 2403/1/3003 2404/1/3003 2402/1/3003
f 2401/1/3004 2402/1/3004 2404/1/3004
f 2405/1/3005 2406/1/3005 2401/1/3005
f 2406/1/3006 2402/1/3006 2401/1/3006
f 2406/1/3007 2405/1/3007 2408/1/3007
f 2407/1/3008 2408/1/3008 2405/1/3008
f 2407/1/3009 2409/1/3009 2408/1/3009
f 2409/1/3010 2410/1/3010 2408/1/3010
f 2409/1/3011 2411/1/3011 2410/1/3011
f 2411/1/3012 2412/1/3012 2410/1/3012
f 2412/1/3013 2411/1/3013 2414/1/3013
f 2413/1/3014 2414/1/3014 2411/1/3014
f 2415/1/3015 2416/1/3015 2413/1/3015
f 2416/1/3016 2414/1/3016 2413/1/3016
f 2416/1/3017 2415/1/3017 2418/1/3017
f 2417/1/3018 2418/1/3018 2415/1/3018
f 2420/1/3019 2418/1/3019 2419/1/3019
f 2419/1/3020 2418/1/3020 2417/1/3020
f 2421/1/3021 2420/1/3021 2419/1/3021
f 2420/1/3022 2421/1/3022 2423/1/3022
f 2422/1/3023 2423/1/3023 2421/1/3023
f 2423/1/3024 2424/1/3024 2420/1/3024
f 2424/1/3025 2418/1/3025 2420/1/3025
f 2416/1/3026 2426/1/3026 2414/1/3026
f 2425/1/3027 2414/1/3027 2426/1/3027
f 2414/1/3028 2425/1/3028 2412/1/3028
f 2427/1/3029 2412/1/3029 2425/1/3029
f 2410/1/3030 2412/1/3030 2428/1/3030
f 2428/1/3031 2412/1/3031 2427/1/3031
f 2429/1/3032 2408/1/3032 2428/1/3032
f 2408/1/3033 2410/1/3033 2428/1/3033
f 2406/1/3034 2408/1/3034 2430/1/3034
f 2430/1/3035 2408/1/3035 2429/1/3035
f 2402/1/3036 2406/1/3036 2431/1/3036
f 2431/1/3037 2406/1/3037 2430/1/3037
f 2402/1/3038 2431/1/3038 2403/1/3038
f 2432/1/3039 2403/1/3039 2431/1/3039
f 2433/1/3040 2434/1/3040 2432/1/3040
f 2434/1/3041 2403/1/3041 2432/1/3041
f 2426/1/3042 2416/1/3042 2424/1/3042
f 2416/1/3043 2418/1/3043 2424/1/3043
f 2417/1/3044 2435/1/3044 2419/1/3044
f 2415/1/3045 2436/1/3045 2417/1/3045
f 2436/1/3046 2435/1/3046 2417/1/3046
f 2437/1/3047 2436/1/3047 2413/1/3047
f 2413/1/3048 2436/1/3048 2415/1/3048
f 2438/1/3049 2437/1/3049 2411/1/3049
f 2411/1/3050 2437/1/3050 2413/1/3050
f 2439/1/3051 2438/1/3051 2409/1/3051
f 2409/1/3052 2438/1/3052 2411/1/3052
f 2440/1/3053 2439/1/3053 2407/1/3053
f 2407/1/3054 2439/1/3054 2409/1/3054
f 2405/1/3055 2440/1/3055 2407/1/3055
f 2441/1/3056 2442/1/3056 2443/1/3056
f 2436/1/3057 2443/1/3057 2435/1/3057
f 2436/1/3058 2437/1/3058 2443/1/3058
f 2437/1/3059 2441/1/3059 2443/1/3059
f 2444/1/3060 2441/1/3060 2438/1/3060
f 2438/1/3061 2441/1/3061 2437/1/3061
f 2439/1/3062 2445/1/3062 2438/1/3062
f 2445/1/3063 2444/1/3063 2438/1/3063
f 2440/1/3064 2445/1/3064 2439/1/3064
f 2446/1/3065 2444/1/3065 2445/1/3065
f 2447/1/3066 2448/1/3066 2421/1/3066
f 2448/1/3067 2422/1/3067 2421/1/3067
f 2450/1/3068 2448/1/3068 2449/1/3068
f 2449/1/3069 2448/1/3069 2447/1/3069
f 2444/1/3070 2446/1/3070 2441/1/3070
f 2442/1/3071 2441/1/3071 2446/1/3071
f 2454/1/3072 2451/1/3072 2453/1/3072
f 2451/1/3073 2452/1/3073 2453/1/3073
f 2455/1/3074 2456/1/3074 2458/1/3074
f 2456/1/3075 2457/1/3075 2458/1/3075
f 2459/1/3076 2460/1/3076 2455/1/3076
f 2460/1/3077 2456/1/3077 2455/1/3077
f 2461/1/3078 2451/1/3078 2454/1/3078
f 2462/1/3079 2463/1/3079 2461/1/3079
f 2464/1/3080 2463/1/3080 2462/1/3080
f 2468/1/3081 2465/1/3081 2467/1/3081
f 2465/1/3082 2466/1/3082 2467/1/3082
f 2465/348/3083 2469/349/3083 2466/350/3083
f 2469/1/3084 2470/1/3084 2466/1/3084
f 2470/1/3085 2469/1/3085 2472/1/3085
f 2471/1/3086 2472/1/3086 2469/1/3086
f 2474/1/3087 2471/1/3087 2473/1/3087
f 2469/1/3088 2473/1/3088 2471/1/3088
f 2469/349/3089 2465/348/3089 2473/351/3089
f 2465/348/3090 2475/352/3090 2473/351/3090
f 2465/1/3091 2468/1/3091 2475/1/3091
f 2468/1/3092 2476/1/3092 2475/1/3092
f 2466/1/3093 2470/1/3093 2477/1/3093
f 2477/1/3094 2470/1/3094 2478/1/3094
f 2467/1/3095 2466/1/3095 2479/1/3095
f 2479/1/3096 2466/1/3096 2477/1/3096
f 2480/1/3097 2481/1/3097 2479/1/3097
f 2481/1/3098 2482/1/3098 2479/1/3098
f 2475/1/3099 2476/1/3099 2483/1/3099
f 2483/1/3100 2476/1/3100 2484/1/3100
f 2475/1/3101 2483/1/3101 2473/1/3101
f 2473/1/3102 2483/1/3102 2485/1/3102
f 2485/1/3103 2474/1/3103 2473/1/3103
f 2467/1/3104 2479/1/3104 2486/1/3104
f 2490/1/3105 2487/1/3105 2489/1/3105
f 2487/1/3106 2488/1/3106 2489/1/3106
f 2493/1/3107 2494/1/3107 2492/1/3107
f 2491/1/3108 2492/1/3108 2494/1/3108
f 2492/1/3109 2495/1/3109 2493/1/3109
f 2493/1/3110 2495/1/3110 2496/1/3110
f 2498/1/3111 2499/1/3111 2497/1/3111
f 2497/1/3112 2499/1/3112 2500/1/3112
f 2498/1/3113 2497/1/3113 2502/1/3113
f 2501/1/3114 2502/1/3114 2497/1/3114
f 2504/1/3115 2505/1/3115 2503/1/3115
f 2503/1/3116 2505/1/3116 2506/1/3116
f 2507/1/3117 2508/1/3117 2510/1/3117
f 2508/1/3118 2509/1/3118 2510/1/3118
f 2512/1/3119 2504/1/3119 2511/1/3119
f 2511/1/3120 2504/1/3120 2503/1/3120
f 2510/1/3121 2509/1/3121 2511/1/3121
f 2509/1/3122 2512/1/3122 2511/1/3122
f 2513/1/3123 2514/1/3123 2516/1/3123
f 2514/1/3124 2515/1/3124 2516/1/3124
f 2519/1/3125 2520/1/3125 2518/1/3125
f 2517/1/3126 2518/1/3126 2520/1/3126
f 2519/1/3127 2521/1/3127 2520/1/3127
f 2521/1/3128 2522/1/3128 2520/1/3128
f 2524/1/3129 2522/1/3129 2523/1/3129
f 2523/1/3130 2522/1/3130 2521/1/3130
f 2524/1/3131 2523/1/3131 2526/1/3131
f 2525/1/3132 2526/1/3132 2523/1/3132
f 2526/1/3133 2525/1/3133 2528/1/3133
f 2527/1/3134 2528/1/3134 2525/1/3134
f 2529/1/3135 2530/1/3135 2532/1/3135
f 2530/1/3136 2531/1/3136 2532/1/3136
f 2534/1/3137 2529/1/3137 2533/1/3137
f 2532/1/3138 2533/1/3138 2529/1/3138
f 2537/1/3139 2538/1/3139 2536/1/3139
f 2535/1/3140 2536/1/3140 2538/1/3140
f 2540/1/3141 2541/1/3141 2539/1/3141
f 2539/1/3142 2541/1/3142 2542/1/3142
f 2546/1/3143 2543/1/3143 2545/1/3143
f 2543/1/3144 2544/1/3144 2545/1/3144
f 2544/1/3145 2547/1/3145 2545/1/3145
f 2547/1/3146 2548/1/3146 2545/1/3146
f 2550/353/3147 2551/354/3147 2549/355/3147
f 2549/1/3148 2551/1/3148 2552/1/3148
f 2553/1/3149 2549/1/3149 2554/1/3149
f 2549/1/3150 2552/1/3150 2554/1/3150
f 2555/1/3151 2556/1/3151 2557/1/3151
f 2558/356/3152 2559/357/3152 2556/358/3152
f 2557/359/3153 2556/360/3153 2559/361/3153
f 2560/1/3154 2561/1/3154 2559/1/3154
f 2565/1/3155 2562/1/3155 2564/1/3155
f 2562/1/3156 2563/1/3156 2564/1/3156
f 2567/1/3157 2568/1/3157 2566/1/3157
f 2566/1/3158 2568/1/3158 2569/1/3158
f 2573/1/3159 2570/1/3159 2572/1/3159
f 2570/362/3160 2571/363/3160 2572/364/3160
f 2574/1/3161 2575/1/3161 2577/1/3161
f 2575/1/3162 2576/1/3162 2577/1/3162
f 2578/1/3163 2579/1/3163 2575/1/3163
f 2579/1/3164 2576/1/3164 2575/1/3164
f 2571/363/3165 2570/362/3165 2579/365/3165
f 2570/362/3166 2576/366/3166 2579/365/3166
f 2578/1/3167 2580/1/3167 2579/1/3167
f 2580/1/3168 2581/1/3168 2579/1/3168
f 2581/1/3169 2582/1/3169 2579/1/3169
f 2582/1/3170 2571/1/3170 2579/1/3170
f 2583/1/3171 2572/1/3171 2582/1/3171
f 2572/1/3172 2571/1/3172 2582/1/3172
f 2584/1/3173 2585/1/3173 2586/1/3173
f 2587/1/3174 2584/1/3174 2586/1/3174
f 2585/1/3175 2584/1/3175 2589/1/3175
f 2584/1/3176 2588/1/3176 2589/1/3176
f 2590/1/3177 2591/1/3177 2588/1/3177
f 2588/1/3178 2591/1/3178 2589/1/3178
f 2592/1/3179 2593/1/3179 2584/1/3179
f 2593/1/3180 2588/1/3180 2584/1/3180
f 2593/1/3181 2594/1/3181 2588/1/3181
f 2594/1/3182 2590/1/3182 2588/1/3182
f 2595/1/3183 2596/1/3183 2598/1/3183
f 2596/1/3184 2597/1/3184 2598/1/3184
f 2596/367/3185 2595/368/3185 2600/369/3185
f 2599/370/3186 2600/369/3186 2595/368/3186
f 2602/1/3187 2597/1/3187 2601/1/3187
f 2596/1/3188 2601/1/3188 2597/1/3188
f 2603/1/3189 2601/1/3189 2600/1/3189
f 2600/1/3190 2601/1/3190 2596/1/3190
f 2605/1/3191 2606/1/3191 2604/1/3191
f 2604/1/3192 2606/1/3192 2607/1/3192
f 2608/1/3193 2609/1/3193 2610/1/3193
f 2608/1/3194 2610/1/3194 2611/1/3194
f 2612/371/3195 2610/372/3195 2613/373/3195
f 2610/372/3196 2614/374/3196 2611/375/3196
f 2614/374/3197 2610/372/3197 2615/376/3197
f 2610/372/3198 2612/371/3198 2615/376/3198
f 2616/1/3199 2614/1/3199 2617/1/3199
f 2614/1/3200 2615/1/3200 2617/1/3200
f 2618/1/3201 2619/1/3201 2616/1/3201
f 2616/1/3202 2619/1/3202 2620/1/3202
f 2622/1/3203 2623/1/3203 2621/1/3203
f 2621/1/3204 2623/1/3204 2624/1/3204
f 2625/1/3205 2626/1/3205 2621/1/3205
f 2626/1/3206 2622/1/3206 2621/1/3206
f 2626/1/3207 2625/1/3207 2628/1/3207
f 2627/1/3208 2628/1/3208 2625/1/3208
f 2629/1/3209 2630/1/3209 2627/1/3209
f 2630/1/3210 2628/1/3210 2627/1/3210
f 2631/1/3211 2632/1/3211 2629/1/3211
f 2632/1/3212 2630/1/3212 2629/1/3212
f 2636/1/3213 2633/1/3213 2635/1/3213
f 2633/1/3214 2634/1/3214 2635/1/3214
f 2633/1/3215 2636/1/3215 2638/1/3215
f 2636/1/3216 2637/1/3216 2638/1/3216
f 2642/1/3217 2639/1/3217 2641/1/3217
f 2639/1/3218 2640/1/3218 2641/1/3218
f 2640/377/3219 2639/378/3219 2644/379/3219
f 2643/380/3220 2644/379/3220 2639/378/3220
f 2630/381/3221 2644/379/3221 2628/382/3221
f 2628/382/3222 2644/379/3222 2643/380/3222
f 2644/379/3223 2645/383/3223 2640/377/3223
f 2644/379/3224 2630/381/3224 2645/383/3224
f 2630/1/3225 2632/1/3225 2645/1/3225
f 2641/1/3226 2640/1/3226 2647/1/3226
f 2640/1/3227 2646/1/3227 2647/1/3227
f 2648/1/3228 2646/1/3228 2645/1/3228
f 2645/1/3229 2646/1/3229 2640/1/3229
f 2649/1/3230 2648/1/3230 2632/1/3230
f 2632/1/3231 2648/1/3231 2645/1/3231
f 2650/1/3232 2651/1/3232 2646/1/3232
f 2646/1/3233 2651/1/3233 2647/1/3233
f 2652/1/3234 2650/1/3234 2648/1/3234
f 2648/1/3235 2650/1/3235 2646/1/3235
f 2635/1/3236 2652/1/3236 2649/1/3236
f 2649/1/3237 2652/1/3237 2648/1/3237
f 2639/1/3238 2642/1/3238 2653/1/3238
f 2653/1/3239 2642/1/3239 2654/1/3239
f 2653/384/3240 2655/385/3240 2639/386/3240
f 2655/385/3241 2643/387/3241 2639/386/3241
f 2628/1/3242 2643/1/3242 2626/1/3242
f 2626/1/2844 2643/1/2844 2655/1/2844
f 2622/1/3243 2626/1/3243 2656/1/3243
f 2657/1/3244 2656/1/3244 2655/1/3244
f 2655/1/3245 2656/1/3245 2626/1/3245
f 2655/1/3246 2653/1/3246 2657/1/3246
f 2653/1/3247 2658/1/3247 2657/1/3247
f 2653/1/3248 2654/1/3248 2658/1/3248
f 2654/1/3249 2659/1/3249 2658/1/3249
f 2656/1/3250 2657/1/3250 2661/1/3250
f 2657/1/3251 2660/1/3251 2661/1/3251
f 2658/1/3252 2660/1/3252 2657/1/3252
f 2658/1/3253 2662/1/3253 2660/1/3253
f 2662/1/3254 2663/1/3254 2660/1/3254
f 2664/1/3255 2661/1/3255 2663/1/3255
f 2660/1/3256 2663/1/3256 2661/1/3256
f 2666/1/3257 2664/1/3257 2665/1/3257
f 2663/1/3258 2665/1/3258 2664/1/3258
f 2665/1/3259 2663/1/3259 2667/1/3259
f 2662/1/3260 2667/1/3260 2663/1/3260
f 2669/1/3261 2667/1/3261 2668/1/3261
f 2668/1/3262 2667/1/3262 2662/1/3262
f 2633/1/3263 2671/1/3263 2634/1/3263
f 2670/1/3264 2634/1/3264 2671/1/3264
f 2671/1/3265 2672/1/3265 2670/1/3265
f 2672/1/3266 2666/1/3266 2670/1/3266
f 2665/1/3267 2673/1/3267 2666/1/3267
f 2673/1/3268 2670/1/3268 2666/1/3268
f 2673/1/3269 2665/1/3269 2674/1/3269
f 2667/1/3270 2674/1/3270 2665/1/3270
f 2667/1/3271 2669/1/3271 2674/1/3271
f 2669/1/3272 2675/1/3272 2674/1/3272
f 2676/1/3273 2634/1/3273 2673/1/3273
f 2673/1/3274 2634/1/3274 2670/1/3274
f 2676/1/3275 2673/1/3275 2677/1/3275
f 2674/1/3276 2677/1/3276 2673/1/3276
f 2674/1/3277 2675/1/3277 2677/1/3277
f 2675/1/3278 2678/1/3278 2677/1/3278
f 2676/1/3279 2677/1/3279 2652/1/3279
f 2677/1/3280 2650/1/3280 2652/1/3280
f 2651/1/3281 2650/1/3281 2678/1/3281
f 2678/1/3282 2650/1/3282 2677/1/3282
f 2634/1/3283 2676/1/3283 2635/1/3283
f 2676/1/3284 2652/1/3284 2635/1/3284
f 2636/1/3285 2635/1/3285 2679/1/3285
f 2679/1/3286 2635/1/3286 2649/1/3286
f 2680/1/3287 2681/1/3287 2683/1/3287
f 2681/1/3288 2682/1/3288 2683/1/3288
f 2681/1/3289 2680/1/3289 2685/1/3289
f 2684/1/3290 2685/1/3290 2680/1/3290
f 2684/1/3291 2686/1/3291 2685/1/3291
f 2686/1/3292 2687/1/3292 2685/1/3292
f 2689/1/3293 2687/1/3293 2688/1/3293
f 2688/1/3294 2687/1/3294 2686/1/3294
f 2691/1/3295 2692/1/3295 2690/1/3295
f 2690/1/3296 2692/1/3296 2693/1/3296
f 2693/1/3297 2692/1/3297 2695/1/3297
f 2692/1/3298 2694/1/3298 2695/1/3298
f 2695/1/3299 2694/1/3299 2697/1/3299
f 2694/388/3300 2696/389/3300 2697/390/3300
f 2696/389/3301 2698/391/3301 2697/390/3301
f 2697/390/3302 2698/391/3302 2699/392/3302
f 2698/1/3303 2700/1/3303 2699/1/3303
f 2699/1/3304 2700/1/3304 2701/1/3304
f 2702/1/3305 2693/1/3305 2703/1/3305
f 2693/1/3306 2695/1/3306 2703/1/3306
f 2697/1/3307 2704/1/3307 2695/1/3307
f 2703/1/3308 2695/1/3308 2704/1/3308
f 2704/1/3309 2697/1/3309 2705/1/3309
f 2697/1/3310 2699/1/3310 2705/1/3310
f 2699/1/3311 2701/1/3311 2705/1/3311
f 2705/1/3312 2701/1/3312 2706/1/3312
f 2703/1/3313 2708/1/3313 2702/1/3313
f 2707/1/3314 2702/1/3314 2708/1/3314
f 2708/1/3315 2703/1/3315 2709/1/3315
f 2703/1/3316 2704/1/3316 2709/1/3316
f 2705/1/3317 2710/1/3317 2704/1/3317
f 2709/1/3318 2704/1/3318 2710/1/3318
f 2706/1/3319 2711/1/3319 2705/1/3319
f 2710/1/3320 2705/1/3320 2711/1/3320
f 2712/1/3321 2707/1/3321 2713/1/3321
f 2707/1/3322 2708/1/3322 2713/1/3322
f 2709/1/3323 2714/1/3323 2708/1/3323
f 2713/1/3324 2708/1/3324 2714/1/3324
f 2715/1/3325 2714/1/3325 2710/1/3325
f 2714/1/3326 2709/1/3326 2710/1/3326
f 2711/1/3327 2716/1/3327 2710/1/3327
f 2715/1/3328 2710/1/3328 2716/1/3328
f 2717/1/3329 2718/1/3329 2682/1/3329
f 2718/1/3330 2683/1/3330 2682/1/3330
f 2719/393/3331 2717/394/3331 2720/395/3331
f 2717/394/3332 2682/396/3332 2720/395/3332
f 2689/1/3333 2721/1/3333 2687/1/3333
f 2687/1/3334 2721/1/3334 2722/1/3334
f 2723/397/3335 2685/398/3335 2722/399/3335
f 2685/398/3336 2687/400/3336 2722/399/3336
f 2681/401/3337 2724/402/3337 2682/403/3337
f 2720/404/3338 2682/403/3338 2724/402/3338
f 2724/402/3339 2681/401/3339 2723/397/3339
f 2681/401/3340 2685/398/3340 2723/397/3340
f 2692/405/3341 2691/406/3341 2726/407/3341
f 2725/408/3342 2726/407/3342 2691/406/3342
f 2720/395/3343 2726/407/3343 2719/393/3343
f 2725/408/3344 2719/393/3344 2726/407/3344
f 2728/1/3345 2700/1/3345 2727/1/3345
f 2727/1/3346 2700/1/3346 2698/1/3346
f 2727/409/3347 2698/391/3347 2729/410/3347
f 2729/410/3348 2698/391/3348 2696/389/3348
f 2729/410/3349 2696/389/3349 2730/411/3349
f 2730/411/3350 2696/389/3350 2694/388/3350
f 2694/388/3351 2692/405/3351 2730/411/3351
f 2726/407/3352 2730/411/3352 2692/405/3352
f 2727/1/3353 2722/1/3353 2728/1/3353
f 2722/1/3354 2721/1/3354 2728/1/3354
f 2729/410/3355 2723/412/3355 2727/409/3355
f 2723/412/3356 2722/413/3356 2727/409/3356
f 2730/411/3357 2724/414/3357 2729/410/3357
f 2724/414/3358 2723/412/3358 2729/410/3358
f 2724/414/3359 2730/411/3359 2720/395/3359
f 2720/395/3360 2730/411/3360 2726/407/3360
f 2731/415/3361 2732/416/3361 2733/417/3361
f 2737/1/3362 2738/1/3362 2736/1/3362
f 2736/1/3363 2738/1/3363 2735/1/3363
f 2734/1/3364 2735/1/3364 2738/1/3364
f 2741/1/3365 2742/1/3365 2740/1/3365
f 2739/1/3366 2740/1/3366 2742/1/3366
f 2744/1/3367 2745/1/3367 2743/1/3367
f 2743/1/3368 2745/1/3368 2746/1/3368
f 2746/1/3369 2748/1/3369 2743/1/3369
f 2747/1/3370 2743/1/3370 2748/1/3370
f 2748/1/3371 2750/1/3371 2747/1/3371
f 2749/1/3372 2747/1/3372 2750/1/3372
f 2739/1/3373 2751/1/3373 2740/1/3373
f 2751/1/3374 2752/1/3374 2740/1/3374
f 2755/418/3375 2756/419/3375 2754/420/3375
f 2753/421/3376 2754/420/3376 2756/419/3376
f 2754/422/3377 2758/423/3377 2757/424/3377
f 2757/424/3378 2758/423/3378 2759/425/3378
f 2757/424/3379 2759/425/3379 2760/426/3379
f 2760/426/3380 2759/425/3380 2750/427/3380
f 2741/1/3381 2759/1/3381 2742/1/3381
f 2758/423/3382 2742/428/3382 2759/425/3382
f 2759/1/3383 2741/1/3383 2750/1/3383
f 2741/1/3384 2749/1/3384 2750/1/3384
f 2757/429/3385 2761/430/3385 2754/420/3385
f 2755/418/3386 2754/420/3386 2761/430/3386
f 2762/1/3387 2763/1/3387 2745/1/3387
f 2746/1/3388 2745/1/3388 2763/1/3388
f 2748/1/3389 2746/1/3389 2764/1/3389
f 2746/1/3390 2763/1/3390 2764/1/3390
f 2762/431/3391 2765/432/3391 2763/433/3391
f 2763/433/3392 2765/432/3392 2766/434/3392
f 2766/434/3393 2767/435/3393 2763/433/3393
f 2764/436/3394 2763/437/3394 2767/438/3394
f 2764/436/3395 2767/438/3395 2760/426/3395
f 2760/426/3396 2767/438/3396 2768/439/3396
f 2760/426/3397 2768/439/3397 2757/424/3397
f 2757/429/3398 2768/440/3398 2761/430/3398
f 2769/441/3399 2770/442/3399 2772/443/3399
f 2770/442/3400 2771/444/3400 2772/443/3400
f 2773/445/3401 2774/446/3401 2771/447/3401
f 2772/448/3402 2771/447/3402 2774/446/3402
f 2775/449/3403 2776/450/3403 2773/445/3403
f 2774/446/3404 2773/445/3404 2776/450/3404
f 2776/450/3405 2775/449/3405 2778/451/3405
f 2775/452/3406 2777/453/3406 2778/454/3406
f 2779/455/3407 2780/456/3407 2777/453/3407
f 2778/454/3408 2777/453/3408 2780/456/3408
f 2779/455/3409 2781/457/3409 2780/456/3409
f 2780/456/3410 2781/457/3410 2782/458/3410
f 2781/1/3411 2783/1/3411 2782/1/3411
f 2782/1/3412 2783/1/3412 2784/1/3412
f 2784/1/3413 2783/1/3413 2786/1/3413
f 2783/1/3414 2785/1/3414 2786/1/3414
f 2771/444/3415 2770/442/3415 2788/459/3415
f 2770/442/3416 2787/460/3416 2788/459/3416
f 2789/461/3417 2773/445/3417 2788/462/3417
f 2771/447/3418 2788/462/3418 2773/445/3418
f 2773/445/3419 2789/461/3419 2775/449/3419
f 2789/461/3420 2790/463/3420 2775/449/3420
f 2791/464/3421 2777/465/3421 2790/466/3421
f 2775/452/3422 2790/467/3422 2777/453/3422
f 2779/455/3423 2777/453/3423 2792/468/3423
f 2777/453/3424 2791/469/3424 2792/468/3424
f 2792/468/3425 2793/470/3425 2779/455/3425
f 2779/455/3426 2793/470/3426 2781/457/3426
f 2793/1/3427 2794/1/3427 2781/1/3427
f 2781/1/3428 2794/1/3428 2783/1/3428
f 2794/1/3429 2795/1/3429 2783/1/3429
f 2783/1/3430 2795/1/3430 2785/1/3430
f 2765/471/3431 2762/472/3431 2797/473/3431
f 2762/472/3432 2796/474/3432 2797/473/3432
f 2780/475/3433 2798/476/3433 2778/451/3433
f 2778/451/3434 2798/476/3434 2799/477/3434
f 2800/478/3435 2776/450/3435 2799/477/3435
f 2776/450/3436 2778/451/3436 2799/477/3436
f 2801/479/3437 2774/446/3437 2800/478/3437
f 2774/446/3438 2776/450/3438 2800/478/3438
f 2765/480/3439 2772/443/3439 2801/481/3439
f 2772/448/3440 2774/446/3440 2801/479/3440
f 2765/480/3441 2797/482/3441 2772/443/3441
f 2797/482/3442 2769/441/3442 2772/443/3442
f 2788/459/3443 2787/460/3443 2803/483/3443
f 2802/484/3444 2803/485/3444 2787/486/3444
f 2804/487/3445 2805/488/3445 2791/469/3445
f 2805/488/3446 2792/468/3446 2791/469/3446
f 2791/469/3447 2790/467/3447 2804/487/3447
f 2806/489/3448 2804/487/3448 2790/467/3448
f 2789/461/3449 2807/490/3449 2790/463/3449
f 2807/491/3450 2806/489/3450 2790/467/3450
f 2788/462/3451 2803/492/3451 2789/461/3451
f 2803/492/3452 2807/490/3452 2789/461/3452
f 2808/1/3453 2809/1/3453 2786/1/3453
f 2809/1/3454 2784/1/3454 2786/1/3454
f 2795/1/3455 2794/1/3455 2811/1/3455
f 2794/1/3456 2810/1/3456 2811/1/3456
f 2782/1/3457 2812/1/3457 2780/1/3457
f 2812/1/3458 2798/1/3458 2780/1/3458
f 2784/1/3459 2809/1/3459 2782/1/3459
f 2809/1/3460 2812/1/3460 2782/1/3460
f 2793/493/3461 2792/494/3461 2813/495/3461
f 2792/468/3462 2805/488/3462 2813/496/3462
f 2794/1/3463 2793/1/3463 2810/1/3463
f 2793/470/3464 2813/496/3464 2810/497/3464
f 2814/1/3465 2815/1/3465 2817/1/3465
f 2815/1/3466 2816/1/3466 2817/1/3466
f 2816/1/3467 2818/1/3467 2817/1/3467
f 2817/1/3468 2818/1/3468 2819/1/3468
f 2819/1/3469 2818/1/3469 2821/1/3469
f 2818/498/3470 2820/499/3470 2821/500/3470
f 2822/1/3471 2823/1/3471 2820/1/3471
f 2821/1/3472 2820/1/3472 2823/1/3472
f 2823/1/3473 2822/1/3473 2825/1/3473
f 2822/1/3474 2824/1/3474 2825/1/3474
f 2826/1/3475 2827/1/3475 2824/1/3475
f 2825/1/3476 2824/1/3476 2827/1/3476
f 2828/501/3477 2829/502/3477 2826/503/3477
f 2827/504/3478 2826/503/3478 2829/502/3478
f 2830/505/3479 2831/506/3479 2828/501/3479
f 2829/502/3480 2828/501/3480 2831/506/3480
f 2832/507/3481 2833/508/3481 2830/505/3481
f 2831/509/3482 2830/510/3482 2833/511/3482
f 2832/512/3483 2834/513/3483 2833/511/3483
f 2833/511/3484 2834/513/3484 2835/514/3484
f 2836/515/3485 2837/516/3485 2834/513/3485
f 2835/514/3486 2834/513/3486 2837/516/3486
f 2838/517/3487 2839/518/3487 2836/515/3487
f 2837/516/3488 2836/515/3488 2839/518/3488
f 2839/518/3489 2838/517/3489 2841/519/3489
f 2838/517/3490 2840/520/3490 2841/519/3490
f 2842/521/3491 2843/522/3491 2840/520/3491
f 2841/519/3492 2840/520/3492 2843/522/3492
f 2846/1/3493 2847/1/3493 2845/1/3493
f 2844/1/3494 2845/1/3494 2847/1/3494
f 2850/1/3495 2851/1/3495 2849/1/3495
f 2848/1/3496 2849/1/3496 2851/1/3496
f 2852/1/3497 2848/1/3497 2851/1/3497
f 2851/1/3498 2854/1/3498 2852/1/3498
f 2853/1/3499 2852/1/3499 2854/1/3499
f 2854/1/3500 2856/1/3500 2853/1/3500
f 2855/1/3501 2853/1/3501 2856/1/3501
f 2858/1/3502 2857/1/3502 2856/1/3502
f 2857/1/3503 2855/1/3503 2856/1/3503
f 2859/1/3504 2857/1/3504 2860/1/3504
f 2857/1/3505 2858/1/3505 2860/1/3505
f 2861/1/3506 2859/1/3506 2862/1/3506
f 2859/1/3507 2860/1/3507 2862/1/3507
f 2864/1/3508 2863/1/3508 2862/1/3508
f 2863/1/3509 2861/1/3509 2862/1/3509
f 2866/1/3510 2865/1/3510 2864/1/3510
f 2865/1/3511 2863/1/3511 2864/1/3511
f 2868/1/3512 2867/1/3512 2866/1/3512
f 2867/1/3513 2865/1/3513 2866/1/3513
f 2867/1/3514 2868/1/3514 2869/1/3514
f 2869/1/3515 2868/1/3515 2870/1/3515
f 2870/1/3516 2846/1/3516 2869/1/3516
f 2845/1/3517 2869/1/3517 2846/1/3517
f 2873/523/3518 2874/524/3518 2872/525/3518
f 2871/526/3519 2872/525/3519 2874/524/3519
f 2877/527/3520 2878/528/3520 2876/529/3520
f 2875/530/3521 2876/531/3521 2878/532/3521
f 2878/532/3522 2880/533/3522 2875/530/3522
f 2879/534/3523 2875/530/3523 2880/533/3523
f 2880/1/3524 2882/1/3524 2879/1/3524
f 2881/1/3525 2879/1/3525 2882/1/3525
f 2884/1/3526 2883/1/3526 2882/1/3526
f 2883/1/3527 2881/1/3527 2882/1/3527
f 2883/1/3528 2884/1/3528 2885/1/3528
f 2885/1/3529 2884/1/3529 2886/1/3529
f 2885/535/3530 2886/536/3530 2887/537/3530
f 2887/537/3531 2886/536/3531 2888/538/3531
f 2889/539/3532 2887/537/3532 2890/540/3532
f 2887/537/3533 2888/538/3533 2890/540/3533
f 2889/539/3534 2890/540/3534 2891/541/3534
f 2889/539/3535 2891/541/3535 2892/542/3535
f 2892/542/3536 2891/541/3536 2893/543/3536
f 2895/544/3537 2894/545/3537 2893/546/3537
f 2894/545/3538 2892/547/3538 2893/546/3538
f 2897/548/3539 2896/549/3539 2895/544/3539
f 2896/549/3540 2894/545/3540 2895/544/3540
f 2899/550/3541 2898/551/3541 2897/548/3541
f 2898/551/3542 2896/549/3542 2897/548/3542
f 2898/551/3543 2899/550/3543 2872/525/3543
f 2872/525/3544 2899/550/3544 2873/523/3544
f 2817/1/3545 2845/1/3545 2814/1/3545
f 2814/1/3546 2845/1/3546 2844/1/3546
f 2840/520/3547 2872/525/3547 2842/521/3547
f 2842/521/3548 2872/525/3548 2871/526/3548
f 2816/1/3549 2815/1/3549 2876/1/3549
f 2818/1/3550 2816/1/3550 2875/1/3550
f 2816/1/3551 2876/1/3551 2875/1/3551
f 2820/499/3552 2818/498/3552 2879/534/3552
f 2818/498/3553 2875/530/3553 2879/534/3553
f 2879/1/3554 2881/1/3554 2820/1/3554
f 2822/1/3555 2820/1/3555 2881/1/3555
f 2883/1/3556 2824/1/3556 2881/1/3556
f 2824/1/3557 2822/1/3557 2881/1/3557
f 2885/1/3558 2826/1/3558 2883/1/3558
f 2826/1/3559 2824/1/3559 2883/1/3559
f 2826/503/3560 2885/535/3560 2828/501/3560
f 2828/501/3561 2885/535/3561 2887/537/3561
f 2828/501/3562 2887/537/3562 2830/505/3562
f 2830/505/3563 2887/537/3563 2889/539/3563
f 2830/505/3564 2889/539/3564 2832/507/3564
f 2832/507/3565 2889/539/3565 2892/542/3565
f 2894/545/3566 2834/513/3566 2892/547/3566
f 2834/513/3567 2832/512/3567 2892/547/3567
f 2896/549/3568 2836/515/3568 2894/545/3568
f 2836/515/3569 2834/513/3569 2894/545/3569
f 2836/515/3570 2896/549/3570 2838/517/3570
f 2838/517/3571 2896/549/3571 2898/551/3571
f 2840/520/3572 2838/517/3572 2872/525/3572
f 2838/517/3573 2898/551/3573 2872/525/3573
f 2848/552/3574 2841/519/3574 2849/553/3574
f 2841/519/3575 2843/522/3575 2849/553/3575
f 2841/519/3576 2848/552/3576 2839/518/3576
f 2839/518/3577 2848/552/3577 2852/554/3577
f 2853/555/3578 2837/516/3578 2852/554/3578
f 2837/516/3579 2839/518/3579 2852/554/3579
f 2835/514/3580 2837/516/3580 2853/555/3580
f 2853/555/3581 2855/556/3581 2835/514/3581
f 2833/511/3582 2835/514/3582 2855/556/3582
f 2833/511/3583 2855/556/3583 2831/509/3583
f 2831/509/3584 2855/556/3584 2857/557/3584
f 2831/506/3585 2857/558/3585 2829/502/3585
f 2829/502/3586 2857/558/3586 2859/559/3586
f 2829/502/3587 2859/559/3587 2827/504/3587
f 2827/504/3587 2859/559/3587 2861/560/3587
f 2863/1/3588 2825/1/3588 2861/1/3588
f 2825/1/3589 2827/1/3589 2861/1/3589
f 2825/1/3590 2863/1/3590 2823/1/3590
f 2823/1/3591 2863/1/3591 2865/1/3591
f 2867/1/3592 2821/1/3592 2865/1/3592
f 2821/1/3593 2823/1/3593 2865/1/3593
f 2821/1/3594 2867/1/3594 2819/1/3594
f 2819/1/3595 2867/1/3595 2869/1/3595
f 2845/1/3596 2817/1/3596 2869/1/3596
f 2817/1/3597 2819/1/3597 2869/1/3597
f 2895/544/3598 2900/561/3598 2897/548/3598
f 2902/562/3599 2890/540/3599 2901/563/3599
f 2890/564/3600 2888/565/3600 2901/566/3600
f 2891/541/3601 2890/540/3601 2903/567/3601
f 2890/540/3602 2902/562/3602 2903/567/3602
f 2891/541/3603 2903/567/3603 2893/543/3603
f 2893/543/3604 2903/567/3604 2904/568/3604
f 2905/569/3605 2906/570/3605 2900/561/3605
f 2905/569/3606 2900/561/3606 2893/546/3606
f 2900/561/3607 2895/544/3607 2893/546/3607
f 2893/546/3608 2904/571/3608 2905/569/3608
f 2907/1/3609 2908/1/3609 2909/1/3609
f 2911/572/3610 2912/573/3610 2910/574/3610
f 2910/574/3611 2912/573/3611 2913/575/3611
f 2915/576/3612 2914/577/3612 2913/575/3612
f 2914/577/3613 2910/574/3613 2913/575/3613
f 2914/578/3614 2915/579/3614 2916/580/3614
f 2916/580/3615 2915/579/3615 2917/581/3615
f 2917/582/3616 2919/583/3616 2916/584/3616
f 2918/585/3617 2916/584/3617 2919/583/3617
f 2919/586/3618 2921/587/3618 2918/588/3618
f 2920/589/3619 2918/588/3619 2921/587/3619
f 2922/590/3620 2920/589/3620 2923/591/3620
f 2920/589/3621 2921/587/3621 2923/591/3621
f 2923/591/3622 2925/592/3622 2922/590/3622
f 2924/593/3623 2922/590/3623 2925/592/3623
f 2908/594/3624 2924/595/3624 2909/596/3624
f 2924/593/3625 2925/592/3625 2909/597/3625
f 2913/575/3626 2926/598/3626 2915/576/3626
f 2926/599/3627 2906/600/3627 2915/579/3627
f 2927/1/3628 2907/1/3628 2909/1/3628
f 2927/601/3629 2909/602/3629 2901/563/3629
f 2901/563/3630 2909/602/3630 2925/603/3630
f 2923/591/3631 2902/604/3631 2925/592/3631
f 2902/562/3632 2901/563/3632 2925/603/3632
f 2921/587/3633 2903/605/3633 2923/591/3633
f 2903/605/3634 2902/604/3634 2923/591/3634
f 2903/605/3635 2921/587/3635 2904/606/3635
f 2904/606/3636 2921/587/3636 2919/586/3636
f 2917/581/3637 2905/607/3637 2919/608/3637
f 2905/569/3638 2904/571/3638 2919/609/3638
f 2905/607/3639 2917/581/3639 2906/600/3639
f 2906/600/3640 2917/581/3640 2915/579/3640
f 2901/566/3641 2888/565/3641 2927/610/3641
f 2888/538/3642 2886/536/3642 2927/601/3642
f 2878/528/3643 2877/527/3643 2929/611/3643
f 2877/527/3644 2928/612/3644 2929/611/3644
f 2929/613/3645 2930/614/3645 2878/532/3645
f 2880/533/3646 2878/532/3646 2930/614/3646
f 2930/1/3647 2931/1/3647 2880/1/3647
f 2882/1/3648 2880/1/3648 2931/1/3648
f 2882/1/3649 2931/1/3649 2884/1/3649
f 2884/1/3650 2931/1/3650 2907/1/3650
f 2884/1/3651 2907/1/3651 2886/1/3651
f 2886/1/3652 2907/1/3652 2927/1/3652
f 2932/615/3653 2933/616/3653 2911/572/3653
f 2911/572/3654 2933/616/3654 2934/617/3654
f 2930/614/3655 2929/613/3655 2936/618/3655
f 2929/613/3656 2935/619/3656 2936/618/3656
f 2931/1/3657 2930/1/3657 2937/1/3657
f 2930/614/3658 2936/618/3658 2937/620/3658
f 2937/1/3659 2938/1/3659 2931/1/3659
f 2907/1/3660 2931/1/3660 2938/1/3660
f 2908/1/3661 2907/1/3661 2939/1/3661
f 2907/1/3662 2938/1/3662 2939/1/3662
f 2939/621/3663 2940/622/3663 2908/594/3663
f 2924/595/3664 2908/594/3664 2940/622/3664
f 2922/623/3665 2924/595/3665 2941/624/3665
f 2924/595/3666 2940/622/3666 2941/624/3666
f 2941/624/3667 2942/625/3667 2922/623/3667
f 2920/626/3668 2922/623/3668 2942/625/3668
f 2942/625/3669 2943/627/3669 2920/626/3669
f 2918/585/3670 2920/628/3670 2943/629/3670
f 2916/584/3671 2918/585/3671 2944/630/3671
f 2918/585/3672 2943/629/3672 2944/630/3672
f 2916/584/3673 2944/630/3673 2914/577/3673
f 2914/577/3674 2944/630/3674 2945/631/3674
f 2945/631/3675 2946/632/3675 2914/577/3675
f 2910/574/3676 2914/577/3676 2946/632/3676
f 2910/574/3677 2946/632/3677 2911/572/3677
f 2911/572/3678 2946/632/3678 2932/615/3678
f 2934/617/3679 2933/616/3679 2802/633/3679
f 2933/634/3680 2803/635/3680 2802/636/3680
f 2947/637/3681 2933/616/3681 2932/615/3681
f 2948/638/3682 2947/637/3682 2946/632/3682
f 2947/637/3683 2932/615/3683 2946/632/3683
f 2935/639/3684 2951/640/3684 2950/641/3684
f 2949/642/3685 2950/641/3685 2951/640/3685
f 2946/632/3686 2945/631/3686 2948/638/3686
f 2952/643/3687 2948/638/3687 2945/631/3687
f 2952/644/3688 2945/645/3688 2944/646/3688
f 2944/630/3689 2943/629/3689 2952/643/3689
f 2953/647/3690 2952/648/3690 2943/627/3690
f 2954/649/3691 2953/647/3691 2942/625/3691
f 2953/647/3692 2943/627/3692 2942/625/3692
f 2955/650/3693 2954/649/3693 2941/624/3693
f 2954/649/3694 2942/625/3694 2941/624/3694
f 2955/650/3695 2941/624/3695 2956/651/3695
f 2956/651/3696 2941/624/3696 2940/622/3696
f 2940/622/3697 2939/621/3697 2956/651/3697
f 2957/652/3698 2956/651/3698 2939/621/3698
f 2958/653/3699 2957/652/3699 2938/654/3699
f 2957/652/3700 2939/621/3700 2938/654/3700
f 2938/654/3701 2937/620/3701 2958/653/3701
f 2959/655/3702 2958/653/3702 2937/620/3702
f 2937/620/3703 2936/618/3703 2959/655/3703
f 2960/656/3704 2959/655/3704 2936/618/3704
f 2936/618/3705 2935/619/3705 2960/656/3705
f 2950/657/3706 2960/656/3706 2935/619/3706
f 2964/658/3707 2961/659/3707 2963/660/3707
f 2961/659/3708 2962/661/3708 2963/660/3708
f 2963/660/3709 2965/662/3709 2964/658/3709
f 2964/658/3710 2965/662/3710 2966/663/3710
f 2968/664/3711 2966/663/3711 2967/665/3711
f 2966/663/3712 2965/662/3712 2967/665/3712
f 2970/666/3713 2968/664/3713 2969/667/3713
f 2968/664/3714 2967/665/3714 2969/667/3714
f 2972/668/3715 2970/666/3715 2971/669/3715
f 2970/666/3716 2969/667/3716 2971/669/3716
f 2971/669/3717 2973/670/3717 2972/668/3717
f 2972/668/3718 2973/670/3718 2974/671/3718
f 2973/670/3719 2975/672/3719 2974/671/3719
f 2974/671/3720 2975/672/3720 2976/673/3720
f 2978/674/3721 2976/673/3721 2977/675/3721
f 2976/673/3722 2975/672/3722 2977/675/3722
f 2980/676/3723 2978/674/3723 2979/677/3723
f 2978/674/3724 2977/675/3724 2979/677/3724
f 2982/678/3725 2980/676/3725 2981/679/3725
f 2980/676/3726 2979/677/3726 2981/679/3726
f 2984/680/3727 2982/681/3727 2983/682/3727
f 2982/678/3728 2981/679/3728 2983/683/3728
f 2985/684/3729 2986/685/3729 2983/682/3729
f 2984/680/3730 2983/682/3730 2986/685/3730
f 2988/1/3731 2986/1/3731 2987/1/3731
f 2986/685/3732 2985/684/3732 2987/686/3732
f 2989/1/3733 2990/1/3733 2987/1/3733
f 2988/1/3734 2987/1/3734 2990/1/3734
f 2991/1/3735 2992/1/3735 2989/1/3735
f 2990/1/3736 2989/1/3736 2992/1/3736
f 2991/1/3737 2993/1/3737 2992/1/3737
f 2992/1/3738 2993/1/3738 2994/1/3738
f 2995/1/3739 2996/1/3739 2993/1/3739
f 2994/1/3740 2993/1/3740 2996/1/3740
f 2997/1/3741 2998/1/3741 2995/1/3741
f 2996/1/3742 2995/1/3742 2998/1/3742
f 2999/1/3743 3000/1/3743 2997/1/3743
f 2998/1/3744 2997/1/3744 3000/1/3744
f 3002/687/3745 3003/688/3745 3001/689/3745
f 3001/690/3746 3003/691/3746 3004/692/3746
f 3004/692/3747 3003/691/3747 3006/693/3747
f 3003/691/3748 3005/694/3748 3006/693/3748
f 3007/695/3749 3008/696/3749 3005/694/3749
f 3006/693/3750 3005/694/3750 3008/696/3750
f 3010/697/3751 3008/696/3751 3009/698/3751
f 3008/696/3752 3007/695/3752 3009/698/3752
f 3011/699/3753 3012/700/3753 3009/698/3753
f 3010/697/3754 3009/698/3754 3012/700/3754
f 3013/701/3755 3014/702/3755 3011/699/3755
f 3012/700/3756 3011/699/3756 3014/702/3756
f 3016/703/3757 3014/702/3757 3015/704/3757
f 3014/702/3758 3013/701/3758 3015/704/3758
f 3015/704/3759 3017/705/3759 3016/703/3759
f 3016/703/3760 3017/705/3760 3018/706/3760
f 3017/705/3761 3019/707/3761 3018/706/3761
f 3018/706/3762 3019/707/3762 3020/708/3762
f 3019/707/3763 3021/709/3763 3020/708/3763
f 3020/708/3764 3021/709/3764 3022/710/3764
f 3021/709/3765 3023/711/3765 3022/710/3765
f 3022/710/3766 3023/711/3766 3024/712/3766
f 3023/711/3767 3025/713/3767 3024/712/3767
f 3024/714/3768 3025/715/3768 3026/716/3768
f 3026/716/3769 3025/715/3769 3028/717/3769
f 3025/715/3770 3027/718/3770 3028/717/3770
f 3029/719/3771 3030/720/3771 3027/718/3771
f 3028/717/3772 3027/718/3772 3030/720/3772
f 3030/720/3773 3029/719/3773 3032/721/3773
f 3029/719/3774 3031/722/3774 3032/721/3774
f 3034/1/3775 3032/1/3775 3033/1/3775
f 3032/1/3776 3031/1/3776 3033/1/3776
f 3038/723/3777 3035/724/3777 3037/725/3777
f 3035/724/3778 3036/726/3778 3037/725/3778
f 3038/723/3779 3037/725/3779 3040/727/3779
f 3037/725/3780 3039/728/3780 3040/727/3780
f 3040/727/3781 3039/728/3781 3042/729/3781
f 3039/728/3782 3041/730/3782 3042/729/3782
f 3044/731/3783 3042/729/3783 3043/732/3783
f 3042/729/3784 3041/730/3784 3043/732/3784
f 3043/732/3785 3045/733/3785 3044/731/3785
f 3044/731/3786 3045/733/3786 3046/734/3786
f 3046/734/3787 3045/733/3787 3048/735/3787
f 3045/733/3788 3047/736/3788 3048/735/3788
f 3050/737/3789 3048/735/3789 3049/738/3789
f 3048/735/3790 3047/736/3790 3049/738/3790
f 3050/737/3791 3049/738/3791 3052/739/3791
f 3049/738/3792 3051/740/3792 3052/739/3792
f 3052/739/3793 3051/740/3793 3054/741/3793
f 3051/740/3794 3053/742/3794 3054/741/3794
f 3055/743/3795 3056/744/3795 3053/742/3795
f 3054/741/3796 3053/742/3796 3056/744/3796
f 3058/745/3797 3056/744/3797 3057/746/3797
f 3056/744/3798 3055/743/3798 3057/746/3798
f 3057/746/3799 3059/747/3799 3058/745/3799
f 3058/745/3800 3059/747/3800 3060/748/3800
f 3062/1/3801 3060/1/3801 3061/1/3801
f 3060/1/3802 3059/1/3802 3061/1/3802
f 3064/1/3803 3062/1/3803 3063/1/3803
f 3062/1/3804 3061/1/3804 3063/1/3804
f 3066/1/3805 3064/1/3805 3065/1/3805
f 3064/1/3806 3063/1/3806 3065/1/3806
f 2947/749/3807 3067/750/3807 3068/751/3807
f 3070/752/3808 2950/641/3808 3069/753/3808
f 2950/641/3809 2949/642/3809 3069/753/3809
f 2950/657/3810 3070/754/3810 2960/656/3810
f 2960/656/3811 3070/754/3811 3071/755/3811
f 2959/655/3812 2960/656/3812 3072/756/3812
f 2960/656/3813 3071/755/3813 3072/756/3813
f 2958/653/3814 2959/655/3814 3073/757/3814
f 2959/655/3815 3072/756/3815 3073/757/3815
f 2957/652/3816 2958/653/3816 3074/758/3816
f 2958/653/3817 3073/757/3817 3074/758/3817
f 3074/758/3818 3075/759/3818 2957/652/3818
f 2956/651/3819 2957/652/3819 3075/759/3819
f 2956/651/3820 3075/759/3820 3076/760/3820
f 3077/761/3821 2955/650/3821 3076/760/3821
f 2955/650/3822 2956/651/3822 3076/760/3822
f 2955/650/3823 3077/761/3823 2954/649/3823
f 2954/649/3824 3077/761/3824 3078/762/3824
f 2953/647/3825 2954/649/3825 3079/763/3825
f 2954/649/3826 3078/762/3826 3079/763/3826
f 3079/763/3827 3080/764/3827 2953/647/3827
f 2952/648/3828 2953/647/3828 3080/764/3828
f 2952/648/3829 3080/764/3829 2948/765/3829
f 2948/765/3830 3080/764/3830 3081/766/3830
f 2948/638/3831 3081/767/3831 2947/637/3831
f 2947/749/3832 3081/768/3832 3067/750/3832
f 2803/769/3833 2947/770/3833 2807/771/3833
f 2947/749/3834 2806/489/3834 2807/491/3834
f 2947/772/3835 2803/773/3835 2933/774/3835
f 2947/775/3836 3068/776/3836 2805/777/3836
f 2947/749/3837 2805/488/3837 2804/487/3837
f 2947/749/3838 2804/487/3838 2806/489/3838
f 3083/1/3839 3082/1/3839 2745/1/3839
f 3082/1/3840 2762/1/3840 2745/1/3840
f 2808/1/3841 2786/1/3841 3085/1/3841
f 2786/1/3842 3084/1/3842 3085/1/3842
f 2744/1/3843 2808/1/3843 3086/1/3843
f 2808/1/3844 3085/1/3844 3086/1/3844
f 3082/1/3845 2796/1/3845 2762/1/3845
f 2744/1/3846 3086/1/3846 3083/1/3846
f 3086/1/3847 3087/1/3847 3083/1/3847
f 2745/1/3848 2744/1/3848 3083/1/3848
f 3088/1/3849 3084/1/3849 2785/1/3849
f 2786/1/3850 2785/1/3850 3084/1/3850
f 2811/1/3851 3089/1/3851 3090/1/3851
f 2795/1/3852 2811/1/3852 3091/1/3852
f 2811/1/3853 3090/1/3853 3091/1/3853
f 2785/1/3854 2795/1/3854 3088/1/3854
f 2795/1/3855 3091/1/3855 3088/1/3855
f 2813/496/3856 2805/488/3856 3068/751/3856
f 2810/497/3857 2813/496/3857 3067/750/3857
f 2813/496/3858 3068/751/3858 3067/750/3858
f 3067/1/3859 3081/1/3859 3089/1/3859
f 2810/1/3860 3067/1/3860 3089/1/3860
f 2961/778/3861 3070/752/3861 3069/753/3861
f 3087/1/3862 3086/1/3862 3000/1/3862
f 2998/1/3863 3000/1/3863 3086/1/3863
f 3086/1/3864 3085/1/3864 2998/1/3864
f 2996/1/3865 2998/1/3865 3085/1/3865
f 2994/1/3866 2996/1/3866 3084/1/3866
f 2996/1/3867 3085/1/3867 3084/1/3867
f 3084/1/3868 3088/1/3868 2994/1/3868
f 2992/1/3869 2994/1/3869 3088/1/3869
f 2992/1/3870 3088/1/3870 2990/1/3870
f 2990/1/3871 3088/1/3871 3091/1/3871
f 2988/1/3872 2990/1/3872 3090/1/3872
f 2990/1/3873 3091/1/3873 3090/1/3873
f 3089/1/3874 2986/1/3874 3090/1/3874
f 2986/1/3875 2988/1/3875 3090/1/3875
f 2984/1/3876 2986/1/3876 3089/1/3876
f 2982/681/3877 2984/680/3877 3081/779/3877
f 2984/1/3878 3089/1/3878 3081/1/3878
f 2980/676/3879 2982/678/3879 3080/764/3879
f 2982/678/3880 3081/766/3880 3080/764/3880
f 3080/764/3881 3079/763/3881 2980/676/3881
f 2978/674/3882 2980/676/3882 3079/763/3882
f 2976/673/3883 2978/674/3883 3078/762/3883
f 2978/674/3884 3079/763/3884 3078/762/3884
f 3078/762/3885 3077/761/3885 2976/673/3885
f 2974/671/3886 2976/673/3886 3077/761/3886
f 2972/668/3887 2974/671/3887 3076/760/3887
f 2974/671/3888 3077/761/3888 3076/760/3888
f 2970/666/3889 2972/668/3889 3075/759/3889
f 2972/668/3890 3076/760/3890 3075/759/3890
f 2968/664/3891 2970/666/3891 3075/759/3891
f 3075/759/3892 3074/758/3892 2968/664/3892
f 2966/663/3893 2968/664/3893 3074/758/3893
f 3074/758/3894 3073/757/3894 2966/663/3894
f 2964/658/3895 2966/663/3895 3073/757/3895
f 2964/658/3896 3073/757/3896 3072/756/3896
f 2961/659/3897 2964/658/3897 3071/755/3897
f 2964/658/3898 3072/756/3898 3071/755/3898
f 2961/659/3899 3071/755/3899 3070/754/3899
f 3001/690/3900 3004/692/3900 2962/661/3900
f 2962/661/3901 3004/692/3901 2963/660/3901
f 2965/662/3902 2963/660/3902 3006/693/3902
f 2963/660/3903 3004/692/3903 3006/693/3903
f 2967/665/3904 2965/662/3904 3008/696/3904
f 2965/662/3905 3006/693/3905 3008/696/3905
f 3008/696/3906 3010/697/3906 2967/665/3906
f 2967/665/3907 3010/697/3907 2969/667/3907
f 3010/697/3908 3012/700/3908 2969/667/3908
f 2969/667/3909 3012/700/3909 2971/669/3909
f 2973/670/3910 2971/669/3910 3014/702/3910
f 2971/669/3911 3012/700/3911 3014/702/3911
f 3014/702/3912 3016/703/3912 2973/670/3912
f 2973/670/3913 3016/703/3913 2975/672/3913
f 3016/703/3914 3018/706/3914 2975/672/3914
f 2975/672/3915 3018/706/3915 2977/675/3915
f 3018/706/3916 3020/708/3916 2977/675/3916
f 2977/675/3917 3020/708/3917 2979/677/3917
f 3020/708/3918 3022/710/3918 2979/677/3918
f 2979/677/3919 3022/710/3919 2981/679/3919
f 3022/710/3920 3024/712/3920 2981/679/3920
f 2981/679/3921 3024/712/3921 2983/683/3921
f 3024/714/3922 3026/716/3922 2983/682/3922
f 2983/780/3923 3026/781/3923 2985/782/3923
f 3028/717/3924 2987/686/3924 3026/716/3924
f 2985/684/3925 3026/716/3925 2987/686/3925
f 3030/720/3926 2989/783/3926 3028/717/3926
f 2987/686/3927 3028/717/3927 2989/783/3927
f 2989/783/3928 3030/720/3928 2991/784/3928
f 3030/720/3929 3032/721/3929 2991/784/3929
f 3032/721/3930 3034/785/3930 2991/784/3930
f 2991/1/3931 3034/1/3931 2993/1/3931
f 3034/1/3932 3092/1/3932 2993/1/3932
f 2993/1/3933 3092/1/3933 2995/1/3933
f 3092/1/3934 3093/1/3934 2995/1/3934
f 3003/688/3935 3002/687/3935 3038/786/3935
f 3002/787/3936 3035/724/3936 3038/723/3936
f 3040/727/3937 3005/694/3937 3038/723/3937
f 3003/691/3938 3038/723/3938 3005/694/3938
f 3042/729/3939 3007/695/3939 3040/727/3939
f 3005/694/3940 3040/727/3940 3007/695/3940
f 3009/698/3941 3007/695/3941 3044/731/3941
f 3007/695/3942 3042/729/3942 3044/731/3942
f 3009/698/3943 3044/731/3943 3011/699/3943
f 3044/731/3944 3046/734/3944 3011/699/3944
f 3011/699/3945 3046/734/3945 3013/701/3945
f 3046/734/3946 3048/735/3946 3013/701/3946
f 3015/704/3947 3013/701/3947 3050/737/3947
f 3013/701/3948 3048/735/3948 3050/737/3948
f 3017/705/3949 3015/704/3949 3052/739/3949
f 3015/704/3950 3050/737/3950 3052/739/3950
f 3052/739/3951 3054/741/3951 3017/705/3951
f 3017/705/3952 3054/741/3952 3019/707/3952
f 3021/709/3953 3019/707/3953 3056/744/3953
f 3019/707/3954 3054/741/3954 3056/744/3954
f 3056/744/3955 3058/745/3955 3021/709/3955
f 3021/709/3956 3058/745/3956 3023/711/3956
f 3058/745/3957 3060/748/3957 3023/711/3957
f 3023/711/3958 3060/748/3958 3025/713/3958
f 3027/718/3959 3025/715/3959 3062/788/3959
f 3025/715/3960 3060/789/3960 3062/788/3960
f 3027/718/3961 3062/788/3961 3029/719/3961
f 3062/1/3962 3064/1/3962 3029/1/3962
f 3029/1/3963 3064/1/3963 3031/1/3963
f 3064/1/3964 3066/1/3964 3031/1/3964
f 3066/1/3965 3094/1/3965 3031/1/3965
f 3031/1/3966 3094/1/3966 3033/1/3966
f 3095/790/3967 2906/791/3967 2926/792/3967
f 3096/793/3968 3097/794/3968 3098/795/3968
f 2811/1/3969 2810/1/3969 3089/1/3969
f 3036/726/3970 3099/796/3970 3037/725/3970
f 3099/796/3971 3100/797/3971 3037/725/3971
f 3101/798/3972 3039/728/3972 3100/797/3972
f 3037/725/3973 3100/797/3973 3039/728/3973
f 3039/799/3974 3101/800/3974 3041/801/3974
f 3101/800/3975 3102/802/3975 3041/801/3975
f 3043/732/3976 3041/730/3976 3103/803/3976
f 3041/801/3977 3102/802/3977 3103/804/3977
f 3103/803/3978 3104/805/3978 3043/732/3978
f 3043/732/3979 3104/805/3979 3045/733/3979
f 3105/806/3980 3047/736/3980 3104/805/3980
f 3045/733/3981 3104/805/3981 3047/736/3981
f 3106/807/3982 3049/738/3982 3105/806/3982
f 3047/736/3983 3105/806/3983 3049/738/3983
f 3107/808/3984 3051/740/3984 3106/807/3984
f 3049/738/3985 3106/807/3985 3051/740/3985
f 3051/740/3986 3107/808/3986 3053/742/3986
f 3107/808/3987 3108/809/3987 3053/742/3987
f 3053/742/3988 3108/809/3988 3055/743/3988
f 3108/809/3989 3109/810/3989 3055/743/3989
f 3057/746/3990 3055/743/3990 3110/811/3990
f 3055/743/3991 3109/810/3991 3110/811/3991
f 3059/747/3992 3057/746/3992 3111/812/3992
f 3057/746/3993 3110/811/3993 3111/812/3993
f 3061/1/3994 3059/1/3994 3112/1/3994
f 3059/1/3995 3111/1/3995 3112/1/3995
f 3112/1/3996 3113/1/3996 3061/1/3996
f 3061/1/3997 3113/1/3997 3063/1/3997
f 3113/1/3998 3114/1/3998 3063/1/3998
f 3063/1/3999 3114/1/3999 3065/1/3999
f 3099/796/4000 3115/813/4000 3100/797/4000
f 3115/813/4001 3116/814/4001 3100/797/4001
f 3100/797/4002 3116/814/4002 3101/798/4002
f 3116/814/4003 3117/815/4003 3101/798/4003
f 3102/802/4004 3101/800/4004 3118/816/4004
f 3101/800/4005 3117/817/4005 3118/816/4005
f 3119/818/4006 3103/803/4006 3118/819/4006
f 3102/802/4007 3118/816/4007 3103/804/4007
f 3103/803/4008 3119/818/4008 3104/805/4008
f 3119/818/4009 3120/820/4009 3104/805/4009
f 3104/805/4010 3120/820/4010 3105/806/4010
f 3120/820/4011 3121/821/4011 3105/806/4011
f 3122/822/4012 3106/807/4012 3121/821/4012
f 3105/806/4013 3121/821/4013 3106/807/4013
f 3106/807/4014 3122/822/4014 3107/808/4014
f 3122/822/4015 3123/823/4015 3107/808/4015
f 3108/809/4016 3107/808/4016 3124/824/4016
f 3107/808/4017 3123/823/4017 3124/824/4017
f 3124/824/4018 3125/825/4018 3108/809/4018
f 3108/809/4019 3125/825/4019 3109/810/4019
f 3109/810/4020 3125/825/4020 3110/811/4020
f 3125/825/4021 3126/826/4021 3110/811/4021
f 3111/812/4022 3110/811/4022 3127/827/4022
f 3110/811/4023 3126/826/4023 3127/827/4023
f 3128/1/4024 3112/1/4024 3127/1/4024
f 3111/1/4025 3127/1/4025 3112/1/4025
f 3113/1/4026 3112/1/4026 3129/1/4026
f 3112/1/4027 3128/1/4027 3129/1/4027
f 3114/1/4028 3113/1/4028 3130/1/4028
f 3113/1/4029 3129/1/4029 3130/1/4029
f 3114/1/4030 3130/1/4030 3132/1/4030
f 3130/1/4031 3131/1/4031 3132/1/4031
f 3065/1/4032 3133/1/4032 3066/1/4032
f 3094/1/4033 3066/1/4033 3133/1/4033
f 3065/1/4034 3114/1/4034 3134/1/4034
f 3114/1/4035 3132/1/4035 3134/1/4035
f 3065/1/4036 3134/1/4036 3135/1/4036
f 3065/1/4037 3135/1/4037 3133/1/4037
f 3137/828/4038 3116/829/4038 3136/830/4038
f 3115/813/4039 3136/831/4039 3116/814/4039
f 3116/814/4040 3137/832/4040 3117/815/4040
f 3137/832/4041 3138/833/4041 3117/815/4041
f 3139/834/4042 3118/816/4042 3138/835/4042
f 3117/817/4043 3138/835/4043 3118/816/4043
f 3118/819/4044 3139/836/4044 3119/818/4044
f 3139/836/4045 3140/837/4045 3119/818/4045
f 3141/838/4046 3120/820/4046 3140/837/4046
f 3119/818/4047 3140/837/4047 3120/820/4047
f 3142/839/4048 3121/821/4048 3141/838/4048
f 3120/820/4049 3141/838/4049 3121/821/4049
f 3121/821/4050 3142/839/4050 3122/822/4050
f 3142/839/4051 3143/840/4051 3122/822/4051
f 3122/822/4052 3143/840/4052 3123/823/4052
f 3143/840/4053 3144/841/4053 3123/823/4053
f 3144/841/4054 3145/842/4054 3123/823/4054
f 3123/823/4055 3145/842/4055 3124/824/4055
f 3125/825/4056 3124/824/4056 3146/843/4056
f 3124/824/4057 3145/842/4057 3146/843/4057
f 3147/844/4058 3126/826/4058 3146/843/4058
f 3125/825/4059 3146/843/4059 3126/826/4059
f 3147/844/4060 3148/845/4060 3126/826/4060
f 3126/826/4061 3148/845/4061 3127/827/4061
f 3149/1/4062 3128/1/4062 3148/1/4062
f 3127/1/4063 3148/1/4063 3128/1/4063
f 3150/1/4064 3129/1/4064 3149/1/4064
f 3128/1/4065 3149/1/4065 3129/1/4065
f 3129/1/4066 3150/1/4066 3130/1/4066
f 3150/1/4067 3151/1/4067 3130/1/4067
f 3131/1/4068 3130/1/4068 3152/1/4068
f 3130/1/4067 3151/1/4067 3152/1/4067
f 3154/846/4069 3137/832/4069 3153/847/4069
f 3136/830/4070 3153/848/4070 3137/828/4070
f 3155/849/4071 3138/833/4071 3154/846/4071
f 3137/832/4072 3154/846/4072 3138/833/4072
f 3138/835/4073 3155/850/4073 3139/834/4073
f 3155/849/4074 3156/851/4074 3139/836/4074
f 3140/837/4075 3139/836/4075 3157/852/4075
f 3139/836/4076 3156/851/4076 3157/852/4076
f 3141/838/4077 3140/837/4077 3158/853/4077
f 3140/837/4078 3157/852/4078 3158/853/4078
f 3158/853/4079 3159/854/4079 3141/838/4079
f 3141/838/4080 3159/854/4080 3142/839/4080
f 3159/854/4081 3160/855/4081 3142/839/4081
f 3142/839/4082 3160/855/4082 3143/840/4082
f 3144/841/4083 3143/840/4083 3161/856/4083
f 3143/840/4084 3160/855/4084 3161/856/4084
f 3145/842/4085 3144/841/4085 3162/857/4085
f 3144/841/4086 3161/856/4086 3162/857/4086
f 3163/858/4087 3146/843/4087 3162/857/4087
f 3145/842/4088 3162/857/4088 3146/843/4088
f 3146/843/4089 3163/858/4089 3147/844/4089
f 3163/858/4090 3164/859/4090 3147/844/4090
f 3148/845/4091 3147/844/4091 3165/860/4091
f 3147/844/4092 3164/859/4092 3165/860/4092
f 3165/860/4093 3166/861/4093 3148/845/4093
f 3148/862/4094 3166/863/4094 3149/864/4094
f 3166/863/4095 3167/865/4095 3149/864/4095
f 3149/1/4096 3167/1/4096 3150/1/4096
f 3167/1/4097 3168/1/4097 3150/1/4097
f 3150/1/4098 3168/1/4098 3151/1/4098
f 3153/1/4099 3169/1/4099 3154/1/4099
f 3169/1/4100 3170/1/4100 3154/1/4100
f 3170/1/4101 3171/1/4101 3154/1/4101
f 3154/1/4102 3171/1/4102 3155/1/4102
f 3156/1/4103 3155/1/4103 3172/1/4103
f 3155/1/4104 3171/1/4104 3172/1/4104
f 3157/852/4105 3156/851/4105 3173/866/4105
f 3156/1/4106 3172/1/4106 3173/1/4106
f 3157/852/4107 3173/866/4107 3158/853/4107
f 3173/866/4108 3174/867/4108 3158/853/4108
f 3159/854/4109 3158/853/4109 3175/868/4109
f 3158/853/4110 3174/867/4110 3175/868/4110
f 3160/855/4111 3159/854/4111 3176/869/4111
f 3159/854/4112 3175/868/4112 3176/869/4112
f 3176/869/4113 3177/870/4113 3160/855/4113
f 3160/855/4114 3177/870/4114 3161/856/4114
f 3177/870/4115 3178/871/4115 3161/856/4115
f 3161/856/4116 3178/871/4116 3162/857/4116
f 3162/857/4117 3178/871/4117 3163/858/4117
f 3178/871/4118 3179/872/4118 3163/858/4118
f 3163/858/4119 3179/872/4119 3164/859/4119
f 3179/872/4120 3180/873/4120 3164/859/4120
f 3180/873/4121 3181/874/4121 3164/859/4121
f 3164/859/4122 3181/874/4122 3165/860/4122
f 3166/861/4123 3165/860/4123 3182/875/4123
f 3165/860/4124 3181/874/4124 3182/875/4124
f 3182/875/4125 3183/876/4125 3166/861/4125
f 3166/863/4126 3183/877/4126 3167/865/4126
f 3168/1/4127 3167/1/4127 3184/1/4127
f 3167/865/4128 3183/877/4128 3184/878/4128
f 3186/1/4129 3168/1/4129 3185/1/4129
f 3168/1/4130 3184/1/4130 3185/1/4130
f 3190/1/4131 3187/1/4131 3189/1/4131
f 3187/1/4132 3188/1/4132 3189/1/4132
f 3191/1/4133 3192/1/4133 3189/1/4133
f 3190/1/4134 3189/1/4134 3192/1/4134
f 3193/1/4135 3194/1/4135 3191/1/4135
f 3192/879/4136 3191/880/4136 3194/881/4136
f 3195/1/4137 3196/1/4137 3193/1/4137
f 3194/1/4138 3193/1/4138 3196/1/4138
f 3196/1/4139 3195/1/4139 3198/1/4139
f 3195/1/4140 3197/1/4140 3198/1/4140
f 3198/1/4141 3197/1/4141 3200/1/4141
f 3197/1/4142 3199/1/4142 3200/1/4142
f 3199/1/4143 3201/1/4143 3200/1/4143
f 3200/1/4144 3201/1/4144 3202/1/4144
f 3204/1/4145 3202/1/4145 3203/1/4145
f 3202/1/4146 3201/1/4146 3203/1/4146
f 3203/1/4147 3205/1/4147 3204/1/4147
f 3204/1/4148 3205/1/4148 3206/1/4148
f 3206/1/4149 3205/1/4149 3208/1/4149
f 3205/1/4150 3207/1/4150 3208/1/4150
f 3209/1/4151 3210/1/4151 3207/1/4151
f 3208/1/4152 3207/1/4152 3210/1/4152
f 3210/1/4153 3209/1/4153 3212/1/4153
f 3209/1/4154 3211/1/4154 3212/1/4154
f 3212/1/4155 3211/1/4155 3214/1/4155
f 3211/1/4156 3213/1/4156 3214/1/4156
f 3214/1/4157 3213/1/4157 3216/1/4157
f 3213/1/4158 3215/1/4158 3216/1/4158
f 3188/1/4159 3217/1/4159 3189/1/4159
f 3217/1/4160 3218/1/4160 3189/1/4160
f 3189/1/4161 3218/1/4161 3191/1/4161
f 3218/1/4162 3219/1/4162 3191/1/4162
f 3191/1/4163 3219/1/4163 3193/1/4163
f 3219/1/4164 3220/1/4164 3193/1/4164
f 3221/1/4165 3195/1/4165 3220/1/4165
f 3193/1/4166 3220/1/4166 3195/1/4166
f 3222/1/4167 3197/1/4167 3221/1/4167
f 3195/1/4168 3221/1/4168 3197/1/4168
f 3199/1/4169 3197/1/4169 3223/1/4169
f 3197/1/4170 3222/1/4170 3223/1/4170
f 3201/1/4171 3199/1/4171 3224/1/4171
f 3199/1/4172 3223/1/4172 3224/1/4172
f 3224/1/4173 3225/1/4173 3201/1/4173
f 3201/1/4174 3225/1/4174 3203/1/4174
f 3225/1/4175 3226/1/4175 3203/1/4175
f 3203/1/4176 3226/1/4176 3205/1/4176
f 3205/1/4177 3226/1/4177 3207/1/4177
f 3226/1/4178 3227/1/4178 3207/1/4178
f 3207/1/4179 3227/1/4179 3209/1/4179
f 3227/1/4180 3228/1/4180 3209/1/4180
f 3209/1/4181 3228/1/4181 3211/1/4181
f 3228/1/4182 3229/1/4182 3211/1/4182
f 3213/1/4183 3211/1/4183 3230/1/4183
f 3211/1/4184 3229/1/4184 3230/1/4184
f 3230/1/4185 3231/1/4185 3213/1/4185
f 3213/1/4186 3231/1/4186 3215/1/4186
f 3217/1/4187 3232/1/4187 3218/1/4187
f 3232/1/4188 3233/1/4188 3218/1/4188
f 3219/1/4189 3218/1/4189 3234/1/4189
f 3218/1/4190 3233/1/4190 3234/1/4190
f 3220/1/4191 3219/1/4191 3235/1/4191
f 3219/1/4192 3234/1/4192 3235/1/4192
f 3221/1/4193 3220/1/4193 3236/1/4193
f 3220/1/4194 3235/1/4194 3236/1/4194
f 3221/1/4195 3236/1/4195 3222/1/4195
f 3236/1/4196 3237/1/4196 3222/1/4196
f 3222/1/4197 3237/1/4197 3223/1/4197
f 3237/1/4198 3238/1/4198 3223/1/4198
f 3224/1/4199 3223/1/4199 3239/1/4199
f 3223/1/4200 3238/1/4200 3239/1/4200
f 3239/1/4201 3240/1/4201 3224/1/4201
f 3224/1/4202 3240/1/4202 3225/1/4202
f 3240/1/4203 3241/1/4203 3225/1/4203
f 3225/1/4204 3241/1/4204 3226/1/4204
f 3226/1/4205 3241/1/4205 3227/1/4205
f 3241/1/4206 3242/1/4206 3227/1/4206
f 3242/1/4207 3243/1/4207 3227/1/4207
f 3227/1/4208 3243/1/4208 3228/1/4208
f 3183/876/4209 3212/882/4209 3184/883/4209
f 3212/884/4210 3214/885/4210 3184/886/4210
f 3183/876/4211 3182/875/4211 3212/882/4211
f 3210/887/4212 3212/882/4212 3182/875/4212
f 3182/875/4213 3181/874/4213 3210/887/4213
f 3208/888/4214 3210/887/4214 3181/874/4214
f 3208/888/4215 3181/874/4215 3206/889/4215
f 3206/889/4216 3181/874/4216 3180/873/4216
f 3180/873/4217 3179/872/4217 3206/889/4217
f 3204/890/4218 3206/889/4218 3179/872/4218
f 3202/1/4219 3204/1/4219 3178/1/4219
f 3204/890/4220 3179/872/4220 3178/871/4220
f 3200/1/4221 3202/1/4221 3177/1/4221
f 3202/1/4222 3178/1/4222 3177/1/4222
f 3177/1/4223 3176/1/4223 3200/1/4223
f 3198/1/4224 3200/1/4224 3176/1/4224
f 3175/868/4225 3196/891/4225 3176/869/4225
f 3196/891/4226 3198/892/4226 3176/869/4226
f 3174/867/4227 3194/881/4227 3175/868/4227
f 3194/881/4228 3196/891/4228 3175/868/4228
f 3173/866/4229 3192/879/4229 3174/867/4229
f 3192/879/4230 3194/881/4230 3174/867/4230
f 3192/1/4231 3173/1/4231 3190/1/4231
f 3190/1/4232 3173/1/4232 3172/1/4232
f 3244/1/4233 3168/1/4233 3186/1/4233
f 3151/1/4098 3168/1/4098 3152/1/4098
f 3245/1/4234 3152/1/4234 3168/1/4234
f 3244/1/4235 3246/1/4235 3168/1/4235
f 3246/1/4236 3245/1/4236 3168/1/4236
f 2748/1/4237 2764/1/4237 2750/1/4237
f 2750/427/4238 2764/436/4238 2760/426/4238
f 2935/639/4239 2929/611/4239 2951/640/4239
f 2929/611/4240 2928/612/4240 2951/640/4240
f 3185/893/4241 3184/894/4241 3247/895/4241
f 3248/1/4242 3249/1/4242 3215/1/4242
f 3216/1/4243 3215/1/4243 3249/1/4243
f 3184/894/4244 3214/896/4244 3247/895/4244
f 3214/896/4245 3216/897/4245 3247/895/4245
f 3251/1/4246 3215/1/4246 3250/1/4246
f 3215/1/4247 3231/1/4247 3250/1/4247
f 3215/1/4248 3251/1/4248 3248/1/4248
f 3254/1/4249 3255/1/4249 3253/1/4249
f 3252/1/4250 3253/1/4250 3255/1/4250
f 3254/1/4251 3256/1/4251 3255/1/4251
f 3260/1/4252 3257/1/4252 3259/1/4252
f 3257/1/4253 3258/1/4253 3259/1/4253
f 3263/1/4254 3264/1/4254 3262/1/4254
f 3261/1/4255 3262/1/4255 3264/1/4255
f 3265/1/4256 3266/1/4256 3268/1/4256
f 3266/1/4257 3267/1/4257 3268/1/4257
f 3269/1/4258 3270/1/4258 3265/1/4258
f 3270/1/4259 3266/1/4259 3265/1/4259
f 3271/1/4260 3261/1/4260 3264/1/4260
f 3272/1/4261 3273/1/4261 3271/1/4261
f 3274/1/4262 3273/1/4262 3272/1/4262
f 3278/1/4263 3275/1/4263 3277/1/4263
f 3275/1/4264 3276/1/4264 3277/1/4264
f 3275/898/4265 3279/899/4265 3276/900/4265
f 3279/1/4266 3280/1/4266 3276/1/4266
f 3280/1/4267 3279/1/4267 3282/1/4267
f 3281/1/4268 3282/1/4268 3279/1/4268
f 3284/1/4269 3281/1/4269 3283/1/4269
f 3279/1/4270 3283/1/4270 3281/1/4270
f 3279/899/4271 3275/898/4271 3283/901/4271
f 3275/898/4272 3285/902/4272 3283/901/4272
f 3275/1/4273 3278/1/4273 3285/1/4273
f 3278/1/4274 3286/1/4274 3285/1/4274
f 3276/1/4275 3280/1/4275 3287/1/4275
f 3287/1/4276 3280/1/4276 3288/1/4276
f 3277/1/4277 3276/1/4277 3289/1/4277
f 3289/1/4278 3276/1/4278 3287/1/4278
f 3290/1/4279 3291/1/4279 3289/1/4279
f 3291/1/4280 3292/1/4280 3289/1/4280
f 3285/1/4281 3286/1/4281 3293/1/4281
f 3293/1/4282 3286/1/4282 3294/1/4282
f 3285/1/4283 3293/1/4283 3283/1/4283
f 3283/1/4284 3293/1/4284 3295/1/4284
f 3295/1/4285 3284/1/4285 3283/1/4285
f 3277/1/4286 3289/1/4286 3296/1/4286
f 3300/1/4287 3297/1/4287 3299/1/4287
f 3297/1/4288 3298/1/4288 3299/1/4288
f 3303/1/4289 3304/1/4289 3302/1/4289
f 3301/1/4290 3302/1/4290 3304/1/4290
f 3302/1/4291 3305/1/4291 3303/1/4291
f 3303/1/4292 3305/1/4292 3306/1/4292
f 3308/1/4293 3309/1/4293 3307/1/4293
f 3307/1/4294 3309/1/4294 3310/1/4294
f 3308/1/4295 3307/1/4295 3312/1/4295
f 3311/1/4296 3312/1/4296 3307/1/4296
f 3314/1/4297 3315/1/4297 3313/1/4297
f 3313/1/4298 3315/1/4298 3316/1/4298
f 3317/1/4299 3318/1/4299 3320/1/4299
f 3318/1/4300 3319/1/4300 3320/1/4300
f 3321/1/4301 3322/1/4301 3313/1/4301
f 3322/1/4302 3314/1/4302 3313/1/4302
f 3320/1/4303 3319/1/4303 3321/1/4303
f 3319/1/4304 3322/1/4304 3321/1/4304
f 3323/1/4305 3324/1/4305 3326/1/4305
f 3324/1/4306 3325/1/4306 3326/1/4306
f 3329/1/4307 3330/1/4307 3328/1/4307
f 3327/1/4308 3328/1/4308 3330/1/4308
f 3329/1/4309 3331/1/4309 3330/1/4309
f 3331/1/4310 3332/1/4310 3330/1/4310
f 3332/1/4311 3331/1/4311 3334/1/4311
f 3333/1/4312 3334/1/4312 3331/1/4312
f 3334/1/4313 3333/1/4313 3336/1/4313
f 3335/1/4314 3336/1/4314 3333/1/4314
f 3336/1/4315 3335/1/4315 3338/1/4315
f 3337/1/4316 3338/1/4316 3335/1/4316
f 3339/1/4317 3340/1/4317 3342/1/4317
f 3340/1/4318 3341/1/4318 3342/1/4318
f 3344/1/4319 3339/1/4319 3343/1/4319
f 3342/1/4320 3343/1/4320 3339/1/4320
f 3345/1/4321 3346/1/4321 3348/1/4321
f 3346/1/4322 3347/1/4322 3348/1/4322
f 3350/1/4323 3351/1/4323 3349/1/4323
f 3349/1/4324 3351/1/4324 3352/1/4324
f 3356/1/4325 3353/1/4325 3355/1/4325
f 3353/1/4326 3354/1/4326 3355/1/4326
f 3354/1/4327 3357/1/4327 3355/1/4327
f 3357/1/4328 3358/1/4328 3355/1/4328
f 3360/1/4329 3361/1/4329 3359/1/4329
f 3359/1/4330 3361/1/4330 3362/1/4330
f 3363/1/4331 3359/1/4331 3364/1/4331
f 3359/1/4332 3362/1/4332 3364/1/4332
f 3365/1/4333 3366/1/4333 3367/1/4333
f 3368/1/4334 3369/1/4334 3366/1/4334
f 3367/903/4335 3366/904/4335 3369/905/4335
f 3370/1/4336 3371/1/4336 3369/1/4336
f 3370/1/4337 3372/1/4337 3371/1/4337
f 3371/1/4338 3372/1/4338 3373/1/4338
f 3375/1/4339 3376/1/4339 3374/1/4339
f 3374/1/4340 3376/1/4340 3377/1/4340
f 3379/1/4341 3380/1/4341 3378/1/4341
f 3378/1/4342 3380/1/4342 3381/1/4342
f 3385/1/4343 3382/1/4343 3384/1/4343
f 3382/906/4344 3383/907/4344 3384/908/4344
f 3386/1/4345 3387/1/4345 3389/1/4345
f 3387/1/4346 3388/1/4346 3389/1/4346
f 3390/1/4347 3391/1/4347 3387/1/4347
f 3391/1/4348 3388/1/4348 3387/1/4348
f 3383/907/4349 3382/906/4349 3391/909/4349
f 3382/906/4350 3388/910/4350 3391/909/4350
f 3392/1/4351 3393/1/4351 3390/1/4351
f 3393/1/4352 3391/1/4352 3390/1/4352
f 3393/1/4353 3394/1/4353 3391/1/4353
f 3394/1/4354 3383/1/4354 3391/1/4354
f 3395/1/4355 3384/1/4355 3394/1/4355
f 3384/1/4356 3383/1/4356 3394/1/4356
f 3396/1/4357 3397/1/4357 3398/1/4357
f 3399/1/4358 3396/1/4358 3398/1/4358
f 3397/1/4359 3396/1/4359 3401/1/4359
f 3396/1/4360 3400/1/4360 3401/1/4360
f 3402/1/4361 3403/1/4361 3400/1/4361
f 3400/1/4362 3403/1/4362 3401/1/4362
f 3404/1/4363 3405/1/4363 3396/1/4363
f 3405/1/4364 3400/1/4364 3396/1/4364
f 3405/1/4365 3406/1/4365 3400/1/4365
f 3406/1/4366 3402/1/4366 3400/1/4366
f 3407/1/4367 3408/1/4367 3410/1/4367
f 3408/1/4368 3409/1/4368 3410/1/4368
f 3412/911/4369 3408/912/4369 3411/913/4369
f 3411/913/4370 3408/912/4370 3407/914/4370
f 3413/1/4371 3414/1/4371 3408/1/4371
f 3408/1/4372 3414/1/4372 3409/1/4372
f 3415/1/4373 3413/1/4373 3412/1/4373
f 3412/1/4374 3413/1/4374 3408/1/4374
f 3417/1/4375 3418/1/4375 3416/1/4375
f 3416/1/4376 3418/1/4376 3419/1/4376
f 3420/1/4377 3421/1/4377 3422/1/4377
f 3420/915/4378 3422/916/4378 3423/917/4378
f 3424/918/4379 3422/916/4379 3425/919/4379
f 3422/916/4380 3426/920/4380 3423/917/4380
f 3426/920/4381 3422/916/4381 3427/921/4381
f 3422/916/4382 3424/918/4382 3427/921/4382
f 3429/1/4383 3428/1/4383 3427/1/4383
f 3428/1/4384 3426/1/4384 3427/1/4384
f 3431/1/4385 3432/1/4385 3430/1/4385
f 3428/1/4386 3430/1/4386 3432/1/4386
f 3433/922/4387 3434/923/4387 3435/924/4387
f 3430/1/4388 3428/1/4388 3437/1/4388
f 3437/1/4389 3428/1/4389 3436/1/4389
f 3429/1/4390 3436/1/4390 3428/1/4390
f 3441/925/4391 3438/926/4391 3440/927/4391
f 3438/926/4392 3439/928/4392 3440/927/4392
f 3443/929/4393 3444/930/4393 3442/931/4393
f 3442/931/4394 3444/930/4394 3445/932/4394
f 3447/1/4395 3448/1/4395 3446/1/4395
f 3446/1/4396 3448/1/4396 3449/1/4396
f 3446/933/4397 3449/934/4397 3450/935/4397
f 3450/935/4398 3449/934/4398 3451/936/4398
f 3450/935/4399 3451/936/4399 3443/937/4399
f 3443/938/4400 3451/939/4400 3452/940/4400
f 3443/929/4401 3452/941/4401 3444/930/4401
f 3440/927/4402 3453/942/4402 3445/943/4402
f 3445/943/4403 3453/942/4403 3442/944/4403
f 3448/1/4404 3447/1/4404 3454/1/4404
f 3454/1/4405 3447/1/4405 3455/1/4405
f 3454/1/4406 3455/1/4406 3456/1/4406
f 3456/1/4407 3455/1/4407 3457/1/4407
f 3458/1/4408 3456/1/4408 3459/1/4408
f 3456/1/4409 3457/1/4409 3459/1/4409
f 3439/945/4410 3458/946/4410 3460/947/4410
f 3458/1/4411 3459/1/4411 3460/1/4411
f 3439/928/4412 3460/948/4412 3440/927/4412
f 3440/927/4413 3460/948/4413 3453/942/4413
f 3462/1/4414 3463/1/4414 3461/1/4414
f 3461/1/4415 3463/1/4415 3464/1/4415
f 3466/1/4416 3467/1/4416 3465/1/4416
f 3465/1/4417 3467/1/4417 3468/1/4417
f 3464/1/4418 3463/1/4418 3468/1/4418
f 3463/1/4419 3465/1/4419 3468/1/4419
f 3467/1/4420 3469/1/4420 3470/1/4420
f 3472/1/4421 3473/1/4421 3471/1/4421
f 3471/1/4422 3473/1/4422 3474/1/4422
f 3475/1/4423 3471/1/4423 3476/1/4423
f 3471/1/4424 3474/1/4424 3476/1/4424
f 3478/1/4425 3477/1/4425 3476/1/4425
f 3477/1/4426 3475/1/4426 3476/1/4426
f 3477/1/4427 3478/1/4427 3479/1/4427
f 3479/1/4428 3478/1/4428 3480/1/4428
f 3480/1/4429 3470/1/4429 3479/1/4429
f 3469/1/4430 3479/1/4430 3470/1/4430
f 3472/1/4431 3482/1/4431 3473/1/4431
f 3481/1/4432 3473/1/4432 3482/1/4432
f 3483/1/4433 3484/1/4433 3485/1/4433
f 3486/1/4434 3483/1/4434 3485/1/4434
f 3487/1/4435 3486/1/4435 3488/1/4435
f 3486/1/4436 3485/1/4436 3488/1/4436
f 3489/1/4437 3487/1/4437 3490/1/4437
f 3487/1/4438 3488/1/4438 3490/1/4438
f 3489/1/4439 3490/1/4439 3472/1/4439
f 3472/1/4440 3490/1/4440 3482/1/4440
f 3491/1/4441 3492/1/4441 3493/1/4441
f 3491/1/4442 3493/1/4442 3494/1/4442
f 3494/1/4443 3493/1/4443 3495/1/4443
f 3495/1/4444 3493/1/4444 3496/1/4444
f 3495/1/4445 3496/1/4445 3497/1/4445
f 3497/1/4446 3496/1/4446 3498/1/4446
f 3497/1/4447 3498/1/4447 3499/1/4447
f 3499/1/4448 3498/1/4448 3500/1/4448
f 3499/1/4449 3500/1/4449 3501/1/4449
f 3501/1/4450 3500/1/4450 3502/1/4450
f 3502/1/4451 3500/1/4451 3503/1/4451
f 3502/1/4452 3503/1/4452 3504/1/4452
f 3492/1/4453 3505/1/4453 3493/1/4453
f 3505/1/4454 3506/1/4454 3493/1/4454
f 3493/1/4455 3506/1/4455 3496/1/4455
f 3506/1/4456 3507/1/4456 3496/1/4456
f 3507/1/4457 3508/1/4457 3496/1/4457
f 3496/1/4458 3508/1/4458 3498/1/4458
f 3508/1/4459 3509/1/4459 3498/1/4459
f 3498/1/4460 3509/1/4460 3500/1/4460
f 3509/1/4461 3510/1/4461 3500/1/4461
f 3500/1/4462 3510/1/4462 3503/1/4462
f 3510/1/4463 3511/1/4463 3503/1/4463
f 3505/1/4464 3512/1/4464 3513/1/4464
f 3505/1/4465 3513/1/4465 3506/1/4465
f 3506/1/4466 3513/1/4466 3514/1/4466
f 3506/1/4467 3514/1/4467 3507/1/4467
f 3507/1/4468 3514/1/4468 3515/1/4468
f 3507/1/4469 3515/1/4469 3508/1/4469
f 3508/1/4470 3515/1/4470 3516/1/4470
f 3508/1/4471 3516/1/4471 3509/1/4471
f 3509/1/4472 3516/1/4472 3517/1/4472
f 3509/1/4473 3517/1/4473 3510/1/4473
f 3510/1/4474 3517/1/4474 3518/1/4474
f 3510/1/4475 3518/1/4475 3511/1/4475
f 3512/1/4476 3519/1/4476 3520/1/4476
f 3512/1/4477 3520/1/4477 3513/1/4477
f 3513/1/4478 3520/1/4478 3521/1/4478
f 3513/1/4479 3521/1/4479 3514/1/4479
f 3514/1/4480 3521/1/4480 3515/1/4480
f 3515/1/4481 3521/1/4481 3522/1/4481
f 3515/1/4482 3522/1/4482 3516/1/4482
f 3516/1/4483 3522/1/4483 3523/1/4483
f 3516/1/4484 3523/1/4484 3517/1/4484
f 3517/1/4485 3523/1/4485 3524/1/4485
f 3517/1/4486 3524/1/4486 3518/1/4486
f 3519/1/4487 3525/1/4487 3526/1/4487
f 3519/1/4488 3526/1/4488 3520/1/4488
f 3520/1/4489 3526/1/4489 3527/1/4489
f 3520/1/4490 3527/1/4490 3521/1/4490
f 3521/1/4491 3527/1/4491 3528/1/4491
f 3521/1/4492 3528/1/4492 3522/1/4492
f 3522/1/4493 3528/1/4493 3529/1/4493
f 3522/1/4494 3529/1/4494 3523/1/4494
f 3523/1/4495 3529/1/4495 3530/1/4495
f 3523/1/4496 3530/1/4496 3524/1/4496
f 3525/1/4497 3531/1/4497 3532/1/4497
f 3525/1/4498 3532/1/4498 3526/1/4498
f 3526/1/4499 3532/1/4499 3533/1/4499
f 3526/1/4500 3533/1/4500 3527/1/4500
f 3527/1/4501 3533/1/4501 3534/1/4501
f 3527/1/4502 3534/1/4502 3528/1/4502
f 3528/1/4503 3534/1/4503 3535/1/4503
f 3528/1/4504 3535/1/4504 3529/1/4504
f 3529/1/4505 3535/1/4505 3536/1/4505
f 3529/1/4506 3536/1/4506 3530/1/4506
f 3531/1/4507 3537/1/4507 3538/1/4507
f 3531/1/4508 3538/1/4508 3532/1/4508
f 3532/1/4509 3538/1/4509 3539/1/4509
f 3532/1/4510 3539/1/4510 3533/1/4510
f 3533/1/4511 3539/1/4511 3540/1/4511
f 3533/1/4512 3540/1/4512 3534/1/4512
f 3534/1/4513 3540/1/4513 3541/1/4513
f 3534/1/4514 3541/1/4514 3535/1/4514
f 3535/1/4515 3541/1/4515 3542/1/4515
f 3535/1/4516 3542/1/4516 3536/1/4516
f 3537/1/4517 3543/1/4517 3544/1/4517
f 3537/1/4518 3544/1/4518 3538/1/4518
f 3538/1/4519 3544/1/4519 3545/1/4519
f 3538/1/4520 3545/1/4520 3539/1/4520
f 3539/1/4521 3545/1/4521 3546/1/4521
f 3539/1/4522 3546/1/4522 3540/1/4522
f 3540/1/4523 3546/1/4523 3547/1/4523
f 3540/1/4524 3547/1/4524 3541/1/4524
f 3541/1/4525 3547/1/4525 3548/1/4525
f 3541/1/4526 3548/1/4526 3542/1/4526
f 3543/1/4527 3549/1/4527 3550/1/4527
f 3543/1/4528 3550/1/4528 3544/1/4528
f 3544/1/4529 3550/1/4529 3551/1/4529
f 3544/1/4530 3551/1/4530 3545/1/4530
f 3545/1/4531 3551/1/4531 3552/1/4531
f 3545/1/4532 3552/1/4532 3546/1/4532
f 3546/1/4533 3552/1/4533 3553/1/4533
f 3546/1/4534 3553/1/4534 3547/1/4534
f 3547/1/4535 3553/1/4535 3554/1/4535
f 3547/1/4536 3554/1/4536 3548/1/4536
f 3549/1/4537 3555/1/4537 3550/1/4537
f 3555/1/4538 3556/1/4538 3550/1/4538
f 3550/1/4539 3556/1/4539 3551/1/4539
f 3556/1/4540 3557/1/4540 3551/1/4540
f 3557/1/4541 3558/1/4541 3551/1/4541
f 3551/1/4542 3558/1/4542 3552/1/4542
f 3558/1/4543 3559/1/4543 3552/1/4543
f 3552/1/4544 3559/1/4544 3553/1/4544
f 3559/1/4545 3560/1/4545 3553/1/4545
f 3553/1/4546 3560/1/4546 3554/1/4546
f 3560/1/4547 3561/1/4547 3554/1/4547
f 3564/1/4548 3565/1/4548 3563/1/4548
f 3562/1/4549 3563/1/4549 3565/1/4549
f 3564/1/4550 3566/1/4550 3565/1/4550
f 3565/1/4551 3566/1/4551 3567/1/4551
f 3567/1/4552 3566/1/4552 3569/1/4552
f 3566/1/4553 3568/1/4553 3569/1/4553
f 3569/1/4554 3568/1/4554 3571/1/4554
f 3568/1/4555 3570/1/4555 3571/1/4555
f 3573/1/4556 3571/1/4556 3572/1/4556
f 3571/1/4557 3570/1/4557 3572/1/4557
f 3573/1/4558 3572/1/4558 3575/1/4558
f 3572/949/4559 3574/950/4559 3575/951/4559
f 3575/1/4560 3574/1/4560 3577/1/4560
f 3574/1/4561 3576/1/4561 3577/1/4561
f 3578/1/4562 3579/1/4562 3563/1/4562
f 3563/1/4563 3579/1/4563 3564/1/4563
f 3579/1/4564 3580/1/4564 3564/1/4564
f 3564/1/4565 3580/1/4565 3566/1/4565
f 3566/1/4566 3580/1/4566 3568/1/4566
f 3580/1/4567 3581/1/4567 3568/1/4567
f 3568/1/4568 3581/1/4568 3570/1/4568
f 3581/1/4569 3582/1/4569 3570/1/4569
f 3570/1/4570 3582/1/4570 3572/1/4570
f 3582/1/4571 3583/1/4571 3572/1/4571
f 3572/952/4572 3583/953/4572 3574/954/4572
f 3583/953/4573 3584/955/4573 3574/954/4573
f 3576/1/4574 3574/1/4574 3585/1/4574
f 3574/1/4575 3584/1/4575 3585/1/4575
f 3586/1/4576 3587/1/4576 3578/1/4576
f 3578/1/4577 3587/1/4577 3579/1/4577
f 3587/1/4578 3588/1/4578 3579/1/4578
f 3579/1/4579 3588/1/4579 3580/1/4579
f 3580/1/4580 3588/1/4580 3581/1/4580
f 3588/1/4581 3589/1/4581 3581/1/4581
f 3581/1/4582 3589/1/4582 3582/1/4582
f 3589/1/4583 3590/1/4583 3582/1/4583
f 3583/1/4584 3582/1/4584 3591/1/4584
f 3582/1/4585 3590/1/4585 3591/1/4585
f 3584/1/4586 3583/1/4586 3592/1/4586
f 3583/1/4587 3591/1/4587 3592/1/4587
f 3584/1/4588 3592/1/4588 3585/1/4588
f 3594/1/4589 3587/1/4589 3593/1/4589
f 3586/1/4590 3593/1/4590 3587/1/4590
f 3587/1/4591 3594/1/4591 3588/1/4591
f 3594/1/4592 3595/1/4592 3588/1/4592
f 3588/1/4593 3595/1/4593 3589/1/4593
f 3595/1/4594 3596/1/4594 3589/1/4594
f 3589/1/4595 3596/1/4595 3590/1/4595
f 3596/1/4596 3597/1/4596 3590/1/4596
f 3590/1/4597 3597/1/4597 3591/1/4597
f 3597/1/4598 3598/1/4598 3591/1/4598
f 3592/1/4599 3591/1/4599 3599/1/4599
f 3591/1/4600 3598/1/4600 3599/1/4600
f 3601/1/4601 3594/1/4601 3600/1/4601
f 3593/1/4602 3600/1/4602 3594/1/4602
f 3602/1/4603 3595/1/4603 3601/1/4603
f 3594/1/4604 3601/1/4604 3595/1/4604
f 3595/1/4605 3602/1/4605 3596/1/4605
f 3602/1/4606 3603/1/4606 3596/1/4606
f 3596/1/4607 3603/1/4607 3597/1/4607
f 3603/1/4608 3604/1/4608 3597/1/4608
f 3597/1/4609 3604/1/4609 3598/1/4609
f 3604/1/4610 3605/1/4610 3598/1/4610
f 3598/1/4611 3605/1/4611 3599/1/4611
f 3605/1/4612 3606/1/4612 3599/1/4612
f 3607/1/4613 3608/1/4613 3600/1/4613
f 3600/1/4614 3608/1/4614 3601/1/4614
f 3601/1/4615 3608/1/4615 3602/1/4615
f 3608/1/4616 3609/1/4616 3602/1/4616
f 3602/1/4617 3609/1/4617 3603/1/4617
f 3609/1/4618 3610/1/4618 3603/1/4618
f 3603/1/4619 3610/1/4619 3604/1/4619
f 3610/1/4620 3611/1/4620 3604/1/4620
f 3604/1/4621 3611/1/4621 3605/1/4621
f 3611/1/4622 3612/1/4622 3605/1/4622
f 3606/1/4623 3605/1/4623 3613/1/4623
f 3605/1/4624 3612/1/4624 3613/1/4624
f 3608/1/4625 3607/1/4625 3615/1/4625
f 3607/1/4626 3614/1/4626 3615/1/4626
f 3615/1/4627 3616/1/4627 3608/1/4627
f 3608/1/4628 3616/1/4628 3609/1/4628
f 3615/1/4629 3614/1/4629 3618/1/4629
f 3614/1/4630 3617/1/4630 3618/1/4630
f 3616/1/4631 3615/1/4631 3619/1/4631
f 3615/1/4632 3618/1/4632 3619/1/4632
f 3618/1/4633 3617/1/4633 3621/1/4633
f 3617/1/4634 3620/1/4634 3621/1/4634
f 3621/1/4635 3622/1/4635 3618/1/4635
f 3618/1/4636 3622/1/4636 3619/1/4636
f 3620/1/4637 3623/1/4637 3621/1/4637
f 3623/1/4638 3624/1/4638 3621/1/4638
f 3621/1/4639 3624/1/4639 3622/1/4639
f 3624/1/4640 3625/1/4640 3622/1/4640
f 3623/1/4641 3626/1/4641 3624/1/4641
f 3626/1/4642 3627/1/4642 3624/1/4642
f 3624/1/4643 3627/1/4643 3625/1/4643
f 3627/1/4644 3628/1/4644 3625/1/4644
f 3626/1/4645 3562/1/4645 3627/1/4645
f 3562/1/4646 3565/1/4646 3627/1/4646
f 3627/1/4647 3565/1/4647 3628/1/4647
f 3565/1/4648 3567/1/4648 3628/1/4648
f 3631/1/4649 3632/1/4649 3630/1/4649
f 3629/1/4650 3630/1/4650 3632/1/4650
f 3633/1/4651 3634/1/4651 3635/1/4651
f 3633/1/4652 3635/1/4652 3636/1/4652
f 3633/1/4653 3636/1/4653 3637/1/4653
f 3638/1/4654 3633/1/4654 3637/1/4654
f 3638/1/4655 3637/1/4655 3639/1/4655
f 3630/1/4656 3639/1/4656 3631/1/4656
f 3640/1/4657 3641/1/4657 3634/1/4657
f 3642/1/4658 3643/1/4658 3644/1/4658
f 3645/1/4659 3642/1/4659 3644/1/4659
f 3646/1/4660 3645/1/4660 3644/1/4660
f 3646/1/4661 3644/1/4661 3647/1/4661
f 3646/1/4662 3647/1/4662 3648/1/4662
f 3649/1/4663 3646/1/4663 3648/1/4663
f 3641/1/4664 3648/1/4664 3634/1/4664
f 3643/1/4665 3650/1/4665 3651/1/4665
f 3643/1/4666 3642/1/4666 3650/1/4666
f 3629/1/4667 3632/1/4667 3652/1/4667
f 3652/1/4668 3643/1/4668 3651/1/4668
f 3632/1/4669 3653/1/4669 3654/1/4669
f 3655/1/4670 3656/1/4670 3657/1/4670
f 3652/1/4671 3632/1/4671 3654/1/4671
f 3652/1/4672 3654/1/4672 3658/1/4672
f 3652/1/4673 3658/1/4673 3657/1/4673
f 3643/1/4674 3652/1/4674 3657/1/4674
f 3656/1/4675 3643/1/4675 3657/1/4675
f 3659/1/4676 3660/1/4676 3661/1/4676
f 3659/1/4677 3662/1/4677 3655/1/4677
f 3655/1/4678 3657/1/4678 3663/1/4678
f 3655/1/4679 3663/1/4679 3664/1/4679
f 3655/1/4680 3664/1/4680 3660/1/4680
f 3659/1/4681 3655/1/4681 3660/1/4681
f 3660/1/4682 3665/1/4682 3661/1/4682
f 3665/1/4683 3666/1/4683 3661/1/4683
f 3667/1/4684 3668/1/4684 3669/1/4684
f 3670/1/4685 3661/1/4685 3666/1/4685
f 3670/1/4686 3666/1/4686 3669/1/4686
f 3671/1/4687 3670/1/4687 3669/1/4687
f 3672/1/4688 3671/1/4688 3669/1/4688
f 3668/1/4689 3672/1/4689 3669/1/4689
f 3667/1/4690 3673/1/4690 3668/1/4690
f 3630/1/4691 3638/1/4691 3639/1/4691
f 3633/1/4692 3640/1/4692 3634/1/4692
f 3641/1/4693 3649/1/4693 3648/1/4693
f 3652/1/4694 3651/1/4694 3629/1/4694
f 3674/1/4695 3675/1/4695 3676/1/4695
f 3679/956/4696 3680/957/4696 3678/958/4696
f 3677/959/4697 3678/960/4697 3680/961/4697
f 3677/959/4698 3680/961/4698 3676/962/4698
f 3675/963/4699 3677/959/4699 3676/962/4699
f 3674/1/4700 3681/1/4700 3675/1/4700
f 3681/1/4701 3682/1/4701 3675/1/4701
f 3686/1/4702 3683/1/4702 3685/1/4702
f 3683/1/4702 3684/1/4702 3685/1/4702
f 3687/1/4703 3688/1/4703 3683/1/4703
f 3688/1/4703 3684/1/4703 3683/1/4703
f 3687/1/4704 3689/1/4704 3688/1/4704
f 3689/1/4704 3690/1/4704 3688/1/4704
f 3691/1/4705 3692/1/4705 3689/1/4705
f 3692/1/4705 3690/1/4705 3689/1/4705
f 3691/1/4706 3693/1/4706 3692/1/4706
f 3693/1/4706 3694/1/4706 3692/1/4706
f 3695/1/4707 3696/1/4707 3693/1/4707
f 3696/1/4707 3694/1/4707 3693/1/4707
f 3695/1/4708 3697/1/4708 3696/1/4708
f 3697/1/4708 3698/1/4708 3696/1/4708
f 3686/1/4709 3685/1/4709 3697/1/4709
f 3685/1/4710 3698/1/4710 3697/1/4710
f 3702/1/4711 3699/1/4711 3701/1/4711
f 3699/1/4711 3700/1/4711 3701/1/4711
f 3703/1/4712 3704/1/4712 3699/1/4712
f 3704/1/4712 3700/1/4712 3699/1/4712
f 3703/1/4713 3705/1/4713 3704/1/4713
f 3705/1/4713 3706/1/4713 3704/1/4713
f 3707/1/4714 3708/1/4714 3705/1/4714
f 3708/1/4714 3706/1/4714 3705/1/4714
f 3707/1/4715 3709/1/4715 3708/1/4715
f 3709/1/4715 3710/1/4715 3708/1/4715
f 3709/1/4716 3711/1/4716 3710/1/4716
f 3711/1/4717 3712/1/4717 3710/1/4717
f 3711/1/4718 3713/1/4718 3712/1/4718
f 3713/1/4718 3714/1/4718 3712/1/4718
f 3715/1/4719 3716/1/4719 3713/1/4719
f 3716/1/4719 3714/1/4719 3713/1/4719
f 3702/1/4720 3701/1/4720 3715/1/4720
f 3701/1/4720 3716/1/4720 3715/1/4720
f 3698/1/4721 3717/1/4721 3696/1/4721
f 3717/1/4721 3718/1/4721 3696/1/4721
f 3696/1/4722 3718/1/4722 3694/1/4722
f 3718/1/4722 3719/1/4722 3694/1/4722
f 3719/1/4723 3720/1/4723 3694/1/4723
f 3694/1/4723 3720/1/4723 3692/1/4723
f 3720/1/4724 3721/1/4724 3692/1/4724
f 3692/1/4724 3721/1/4724 3690/1/4724
f 3688/1/4725 3690/1/4725 3722/1/4725
f 3690/1/4726 3721/1/4726 3722/1/4726
f 3722/1/4727 3723/1/4727 3688/1/4727
f 3688/1/4727 3723/1/4727 3684/1/4727
f 3684/1/4728 3723/1/4728 3685/1/4728
f 3723/1/4728 3724/1/4728 3685/1/4728
f 3685/1/4729 3724/1/4729 3698/1/4729
f 3724/1/4729 3717/1/4729 3698/1/4729
f 3701/1/4730 3725/1/4730 3716/1/4730
f 3725/1/4731 3726/1/4731 3716/1/4731
f 3716/1/4732 3726/1/4732 3714/1/4732
f 3726/1/4732 3727/1/4732 3714/1/4732
f 3712/1/4733 3714/1/4733 3728/1/4733
f 3714/1/4733 3727/1/4733 3728/1/4733
f 3710/1/4734 3712/1/4734 3729/1/4734
f 3712/1/4734 3728/1/4734 3729/1/4734
f 3729/1/4735 3730/1/4735 3710/1/4735
f 3710/1/4735 3730/1/4735 3708/1/4735
f 3730/1/4736 3731/1/4736 3708/1/4736
f 3708/1/4736 3731/1/4736 3706/1/4736
f 3706/1/4737 3731/1/4737 3704/1/4737
f 3731/1/4738 3732/1/4738 3704/1/4738
f 3732/1/4739 3733/1/4739 3704/1/4739
f 3704/1/4739 3733/1/4739 3700/1/4739
f 3700/1/4740 3733/1/4740 3701/1/4740
f 3733/1/4740 3725/1/4740 3701/1/4740
f 3734/1/4741 3724/1/4741 3723/1/4741
f 3734/1/4742 3723/1/4742 3722/1/4742
f 3734/1/4743 3722/1/4743 3721/1/4743
f 3734/1/4744 3721/1/4744 3720/1/4744
f 3734/1/4745 3720/1/4745 3719/1/4745
f 3734/1/4746 3719/1/4746 3718/1/4746
f 3734/1/4747 3718/1/4747 3717/1/4747
f 3734/1/4748 3717/1/4748 3724/1/4748
f 3735/1/4749 3725/1/4749 3733/1/4749
f 3735/1/4750 3733/1/4750 3732/1/4750
f 3735/1/4751 3732/1/4751 3731/1/4751
f 3735/1/4752 3731/1/4752 3730/1/4752
f 3735/1/4753 3730/1/4753 3729/1/4753
f 3735/1/4754 3729/1/4754 3728/1/4754
f 3735/1/4755 3728/1/4755 3727/1/4755
f 3735/1/4756 3727/1/4756 3726/1/4756
f 3735/1/4757 3726/1/4757 3725/1/4757
f 3741/1/4758 3736/1/4758 3740/1/4758
f 3740/1/4759 3736/1/4759 3739/1/4759
f 3736/964/4760 3737/965/4760 3739/966/4760
f 3737/965/4761 3738/967/4761 3739/966/4761
f 3739/1/4762 3738/1/4762 3743/1/4762
f 3738/1/4763 3742/1/4763 3743/1/4763
f 3742/1/4764 3738/1/4764 3744/1/4764
f 3737/1/4765 3744/1/4765 3738/1/4765
f 3745/1/4766 3744/1/4766 3737/1/4766
f 3746/1/4767 3745/1/4767 3736/1/4767
f 3745/1/4768 3737/1/4768 3736/1/4768
f 3747/1/4769 3746/1/4769 3741/1/4769
f 3746/1/4770 3736/1/4770 3741/1/4770
f 3748/1/4771 3747/1/4771 3741/1/4771
f 3743/1/4772 3749/1/4772 3739/1/4772
f 3740/1/4773 3739/1/4773 3749/1/4773
f 3750/1/4774 3751/1/4774 3753/1/4774
f 3751/1/4775 3752/1/4775 3753/1/4775
f 3755/1/4776 3756/1/4776 3754/1/4776
f 3754/1/4777 3756/1/4777 3757/1/4777
f 3758/1/4778 3759/1/4778 3760/1/4778
f 3761/1/4779 3762/1/4779 3750/1/4779
f 3751/1/4780 3750/1/4780 3762/1/4780
f 3762/1/4781 3761/1/4781 3764/1/4781
f 3761/1/4782 3763/1/4782 3764/1/4782
f 3761/1/4783 3750/1/4783 3766/1/4783
f 3765/1/4784 3766/1/4784 3750/1/4784
f 3763/1/4785 3761/1/4785 3767/1/4785
f 3766/968/4786 3767/969/4786 3761/970/4786
f 3767/1/4787 3768/1/4787 3763/1/4787
f 3768/1/4788 3769/1/4788 3763/1/4788
f 3760/1/4789 3770/1/4789 3755/1/4789
f 3755/1/4790 3770/1/4790 3771/1/4790
f 3760/1/4791 3772/1/4791 3770/1/4791
f 3769/1/4792 3772/1/4792 3760/1/4792
f 3755/1/4793 3773/1/4793 3756/1/4793
f 3773/1/4794 3774/1/4794 3756/1/4794
f 3753/1/4795 3756/1/4795 3775/1/4795
f 3775/1/4796 3756/1/4796 3774/1/4796
f 3777/1/4797 3775/1/4797 3776/1/4797
f 3775/1/4798 3774/1/4798 3776/1/4798
f 3776/971/4799 3774/972/4799 3778/973/4799
f 3774/1/4800 3773/1/4800 3778/1/4800
f 3779/1/4801 3778/1/4801 3771/1/4801
f 3773/1/4802 3771/1/4802 3778/1/4802
f 3779/1/4803 3771/1/4803 3780/1/4803
f 3771/1/4804 3770/1/4804 3780/1/4804
f 3781/1/4805 3780/1/4805 3772/1/4805
f 3770/974/4806 3772/975/4806 3780/976/4806
f 3769/1/4807 3782/1/4807 3772/1/4807
f 3772/1/4808 3782/1/4808 3781/1/4808
f 3769/1/4809 3783/1/4809 3782/1/4809
f 3784/977/4810 3783/978/4810 3768/979/4810
f 3768/1/4811 3783/1/4811 3769/1/4811
f 3785/980/4812 3784/981/4812 3767/969/4812
f 3767/982/4813 3784/977/4813 3768/979/4813
f 3786/983/4814 3785/980/4814 3766/968/4814
f 3785/980/4815 3767/969/4815 3766/968/4815
f 3787/1/4816 3786/1/4816 3765/1/4816
f 3786/1/4817 3766/1/4817 3765/1/4817
f 3787/1/4818 3765/1/4818 3753/1/4818
f 3788/1/4819 3789/1/4819 3782/1/4819
f 3788/1/4820 3782/1/4820 3790/1/4820
f 3783/1/4821 3790/1/4821 3782/1/4821
f 3784/977/4822 3791/984/4822 3783/978/4822
f 3791/984/4823 3790/985/4823 3783/978/4823
f 3792/986/4824 3791/987/4824 3785/980/4824
f 3785/988/4825 3791/989/4825 3784/990/4825
f 3785/980/4826 3786/983/4826 3792/986/4826
f 3793/991/4827 3792/986/4827 3786/983/4827
f 3794/992/4828 3793/991/4828 3787/993/4828
f 3793/991/4829 3786/983/4829 3787/993/4829
f 3753/1/4830 3795/1/4830 3787/1/4830
f 3795/994/4831 3794/995/4831 3787/996/4831
f 3781/1/4832 3796/1/4832 3780/1/4832
f 3796/1/4833 3797/1/4833 3780/1/4833
f 3797/997/4834 3798/998/4834 3780/999/4834
f 3779/1000/4835 3780/1001/4835 3798/1002/4835
f 3798/1002/4836 3799/1003/4836 3779/1000/4836
f 3778/973/4837 3779/1000/4837 3799/1003/4837
f 3776/971/4838 3778/973/4838 3800/1004/4838
f 3800/1004/4839 3778/973/4839 3799/1003/4839
f 3800/1/4840 3801/1/4840 3776/1/4840
f 3801/1/4841 3777/1/4841 3776/1/4841
f 3777/1/4842 3801/1/4842 3753/1/4842
f 3753/1/4843 3801/1/4843 3802/1/4843
f 3795/1/4844 3753/1/4844 3802/1/4844
f 3804/1/4845 3803/1/4845 3800/1/4845
f 3803/1/4846 3801/1/4846 3800/1/4846
f 3805/1/4847 3804/1/4847 3799/1/4847
f 3800/1/4848 3799/1/4848 3804/1/4848
f 3806/1/4849 3805/1/4849 3798/1/4849
f 3799/1/4850 3798/1/4850 3805/1/4850
f 3807/1005/4851 3806/1006/4851 3797/997/4851
f 3798/998/4852 3797/997/4852 3806/1006/4852
f 3807/1005/4853 3797/997/4853 3808/1007/4853
f 3797/1/4854 3796/1/4854 3808/1/4854
f 3808/1/4855 3796/1/4855 3809/1/4855
f 3796/1/4856 3789/1/4856 3809/1/4856
f 3809/1/4857 3789/1/4857 3810/1/4857
f 3788/1/4858 3810/1/4858 3789/1/4858
f 3790/1008/4859 3810/1009/4859 3788/1010/4859
f 3795/1/4860 3802/1/4860 3811/1/4860
f 3812/1/4861 3813/1/4861 3806/1/4861
f 3806/1/4862 3813/1/4862 3805/1/4862
f 3814/1/4863 3812/1/4863 3807/1/4863
f 3806/1/4864 3807/1/4864 3812/1/4864
f 3814/1/4865 3807/1/4865 3815/1/4865
f 3807/1005/4866 3808/1007/4866 3815/1011/4866
f 3809/1012/4867 3816/1013/4867 3808/1007/4867
f 3808/1007/4868 3816/1013/4868 3815/1011/4868
f 3816/1013/4869 3809/1012/4869 3817/1014/4869
f 3809/1012/4870 3810/1015/4870 3817/1014/4870
f 3790/985/4871 3818/1016/4871 3810/1015/4871
f 3818/1016/4872 3817/1014/4872 3810/1015/4872
f 3818/1016/4873 3790/985/4873 3819/1017/4873
f 3791/984/4874 3819/1017/4874 3790/985/4874
f 3820/1018/4875 3819/1019/4875 3792/1020/4875
f 3792/1020/4876 3819/1019/4876 3791/1021/4876
f 3793/1022/4877 3821/1023/4877 3792/1020/4877
f 3821/1023/4878 3820/1018/4878 3792/1020/4878
f 3822/1024/4879 3821/1023/4879 3793/1022/4879
f 3794/995/4880 3823/1025/4880 3793/1022/4880
f 3823/1025/4881 3822/1024/4881 3793/1022/4881
f 3823/1025/4882 3794/995/4882 3824/1026/4882
f 3824/1026/4883 3794/995/4883 3795/994/4883
f 3824/1026/4884 3795/994/4884 3825/1027/4884
f 3825/1/4885 3795/1/4885 3811/1/4885
f 3825/1/4886 3811/1/4886 3826/1/4886
f 3811/1/4887 3803/1/4887 3826/1/4887
f 3826/1/4888 3803/1/4888 3827/1/4888
f 3829/1/4889 3828/1/4889 3804/1/4889
f 3828/1/4890 3803/1/4890 3804/1/4890
f 3827/1/4891 3803/1/4891 3828/1/4891
f 3831/1/4892 3814/1/4892 3830/1/4892
f 3814/1/4893 3815/1/4893 3830/1/4893
f 3830/1/4894 3815/1/4894 3832/1/4894
f 3815/1/4895 3816/1/4895 3832/1/4895
f 3832/1/4896 3816/1/4896 3833/1/4896
f 3816/1013/4897 3817/1014/4897 3833/1028/4897
f 3834/1029/4898 3833/1030/4898 3818/1031/4898
f 3817/1014/4872 3818/1016/4872 3833/1028/4872
f 3835/1032/4899 3834/1033/4899 3818/1016/4899
f 3819/1017/4900 3835/1032/4900 3818/1016/4900
f 3824/1026/4901 3836/1034/4901 3823/1025/4901
f 3836/1034/4902 3837/1035/4902 3823/1025/4902
f 3838/1036/4903 3836/1034/4903 3824/1026/4903
f 3825/1027/4904 3839/1037/4904 3824/1026/4904
f 3839/1037/4905 3838/1036/4905 3824/1026/4905
f 3839/1037/4906 3825/1027/4906 3840/1038/4906
f 3840/1038/4907 3825/1027/4907 3826/1039/4907
f 3827/1/4908 3841/1/4908 3826/1/4908
f 3840/1/4909 3826/1/4909 3841/1/4909
f 3828/1/4910 3842/1/4910 3827/1/4910
f 3841/1/4911 3827/1/4911 3842/1/4911
f 3843/1/4912 3844/1/4912 3812/1/4912
f 3813/1/4913 3812/1/4913 3844/1/4913
f 3844/1/4914 3845/1/4914 3813/1/4914
f 3829/1/4915 3813/1/4915 3845/1/4915
f 3829/1/4916 3845/1/4916 3846/1/4916
f 3847/1/4917 3828/1/4917 3846/1/4917
f 3828/1/4918 3829/1/4918 3846/1/4918
f 3842/1/4919 3828/1/4919 3847/1/4919
f 3848/1040/4920 3835/1041/4920 3820/1018/4920
f 3820/1018/4921 3835/1041/4921 3819/1019/4921
f 3821/1023/4922 3849/1042/4922 3820/1018/4922
f 3849/1042/4923 3848/1040/4923 3820/1018/4923
f 3849/1042/4924 3821/1023/4924 3850/1043/4924
f 3822/1024/4925 3850/1043/4925 3821/1023/4925
f 3850/1043/4926 3822/1024/4926 3851/1044/4926
f 3823/1025/4927 3851/1044/4927 3822/1024/4927
f 3837/1035/4928 3851/1044/4928 3823/1025/4928
f 3853/1/4929 3832/1/4929 3852/1/4929
f 3832/1/4930 3833/1/4930 3852/1/4930
f 3852/1/4931 3854/1/4931 3853/1/4931
f 3855/1045/4932 3856/1046/4932 3852/1047/4932
f 3852/1047/4933 3856/1046/4933 3854/1048/4933
f 3857/1049/4934 3855/1050/4934 3833/1030/4934
f 3855/1050/4935 3852/1051/4935 3833/1030/4935
f 3833/1030/4936 3834/1029/4936 3857/1049/4936
f 3834/1029/4937 3858/1052/4937 3857/1049/4937
f 3834/1029/4938 3835/1041/4938 3858/1052/4938
f 3835/1041/4939 3859/1053/4939 3858/1052/4939
f 3835/1041/4940 3848/1040/4940 3859/1053/4940
f 3848/1040/4941 3860/1054/4941 3859/1053/4941
f 3861/1055/4942 3860/1056/4942 3849/1057/4942
f 3849/1042/4943 3860/1054/4943 3848/1040/4943
f 3862/1/4944 3861/1/4944 3849/1/4944
f 3862/1/4945 3849/1/4945 3863/1/4945
f 3850/1/4946 3863/1/4946 3849/1/4946
f 3863/1/4947 3850/1/4947 3864/1/4947
f 3864/1/4948 3850/1/4948 3851/1/4948
f 3837/1/4949 3865/1/4949 3851/1/4949
f 3865/1/4950 3864/1/4950 3851/1/4950
f 3865/1/4951 3837/1/4951 3866/1/4951
f 3866/1/4952 3837/1/4952 3836/1/4952
f 3866/1/4953 3836/1/4953 3867/1/4953
f 3867/1/4954 3836/1/4954 3838/1/4954
f 3867/1/4955 3838/1/4955 3868/1/4955
f 3868/1/4956 3838/1/4956 3839/1/4956
f 3868/1/4957 3839/1/4957 3869/1/4957
f 3839/1/4958 3840/1/4958 3869/1/4958
f 3840/1/4959 3841/1/4959 3869/1/4959
f 3869/1/4960 3841/1/4960 3870/1/4960
f 3855/1045/4961 3871/1058/4961 3856/1046/4961
f 3871/1058/4962 3872/1059/4962 3856/1046/4962
f 3871/1060/4963 3855/1050/4963 3873/1061/4963
f 3857/1049/4964 3873/1061/4964 3855/1050/4964
f 3857/1049/4965 3858/1052/4965 3873/1061/4965
f 3858/1052/4966 3874/1062/4966 3873/1061/4966
f 3858/1052/4967 3859/1053/4967 3874/1062/4967
f 3859/1053/4968 3875/1063/4968 3874/1062/4968
f 3875/1063/4969 3859/1053/4969 3876/1064/4969
f 3860/1054/4970 3876/1064/4970 3859/1053/4970
f 3860/1054/4971 3861/1065/4971 3876/1064/4971
f 3861/1065/4972 3877/1066/4972 3876/1064/4972
f 3862/1/4973 3878/1/4973 3861/1/4973
f 3878/1/4974 3877/1/4974 3861/1/4974
f 3882/1/4975 3879/1/4975 3881/1/4975
f 3879/1/4976 3880/1/4976 3881/1/4976
f 3883/1/4977 3884/1/4977 3885/1/4977
f 3886/1/4978 3887/1/4978 3884/1/4978
f 3887/1/4979 3885/1/4979 3884/1/4979
f 3889/1/4980 3887/1/4980 3888/1/4980
f 3888/1/4981 3887/1/4981 3886/1/4981
f 3890/1/4982 3872/1/4982 3882/1/4982
f 3872/1/4983 3871/1/4983 3882/1/4983
f 3873/1/4984 3879/1/4984 3871/1/4984
f 3879/1/4985 3882/1/4985 3871/1/4985
f 3883/1/4986 3879/1/4986 3874/1/4986
f 3873/1/4987 3874/1/4987 3879/1/4987
f 3875/1063/4988 3884/1067/4988 3874/1062/4988
f 3884/1/4989 3883/1/4989 3874/1/4989
f 3876/1064/4990 3886/1068/4990 3875/1063/4990
f 3886/1068/4991 3884/1067/4991 3875/1063/4991
f 3888/1/4992 3886/1/4992 3877/1/4992
f 3877/1066/4993 3886/1068/4993 3876/1064/4993
f 3888/1/4994 3877/1/4994 3891/1/4994
f 3878/1/4995 3891/1/4995 3877/1/4995
f 3895/1/4996 3892/1/4996 3894/1/4996
f 3892/1/4997 3893/1/4997 3894/1/4997
f 3894/1/4998 3896/1/4998 3898/1/4998
f 3896/1/4999 3897/1/4999 3898/1/4999
f 3899/1069/5000 3896/1070/5000 3893/313/5000
f 3893/1/5001 3896/1/5001 3894/1/5001
f 3895/1/5002 3900/1/5002 3881/1/5002
f 3881/1/5003 3900/1/5003 3901/1/5003
f 3881/1/5004 3880/1/5004 3895/1/5004
f 3880/1/5005 3892/1/5005 3895/1/5005
f 3892/1/5006 3880/1/5006 3902/1/5006
f 3885/1/5007 3902/1/5007 3880/1/5007
f 3893/1/5008 3892/1/5008 3903/1/5008
f 3902/1/5009 3903/1/5009 3892/1/5009
f 3904/1/5010 3899/1/5010 3903/1/5010
f 3903/1/5011 3899/1/5011 3893/1/5011
f 3899/1/5012 3905/1/5012 3896/1/5012
f 3896/1/5013 3905/1/5013 3897/1/5013
f 3905/1/5014 3906/1/5014 3897/1/5014
f 3904/1/5015 3905/1/5015 3899/1/5015
f 3905/1/5016 3907/1/5016 3906/1/5016
f 3907/1/5017 3908/1/5017 3906/1/5017
f 3908/1/5018 3907/1/5018 3910/1/5018
f 3907/1/5019 3909/1/5019 3910/1/5019
f 3913/1/5020 3914/1/5020 3912/1/5020
f 3911/1/5021 3912/1/5021 3914/1/5021
f 3911/1/5022 3915/1/5022 3912/1/5022
f 3915/1/5023 3916/1/5023 3912/1/5023
f 3920/1/5024 3917/1/5024 3919/1/5024
f 3917/1/5025 3918/1/5025 3919/1/5025
f 3923/1/5026 3924/1/5026 3922/1/5026
f 3921/1/5027 3922/1/5027 3925/1/5027
f 3922/1/5028 3924/1/5028 3925/1/5028
f 3917/1/5029 3926/1/5029 3924/1/5029
f 3924/1/5030 3926/1/5030 3927/1/5030
f 3918/1/5031 3917/1/5031 3923/1/5031
f 3923/1/5032 3917/1/5032 3924/1/5032
f 3929/1/5033 3930/1/5033 3928/1/5033
f 3928/1/5034 3930/1/5034 3931/1/5034
f 3928/1/5035 3933/1/5035 3929/1/5035
f 3932/1/5036 3929/1/5036 3933/1/5036
f 3937/1/5037 3934/1/5037 3936/1/5037
f 3934/1/5038 3935/1/5038 3936/1/5038
f 3939/1/5039 3937/1/5039 3938/1/5039
f 3937/1/5040 3936/1/5040 3938/1/5040
f 3941/1/5041 3939/1/5041 3940/1/5041
f 3939/1/5042 3938/1/5042 3940/1/5042
f 3941/1/5043 3940/1/5043 3943/1/5043
f 3940/1/5044 3942/1/5044 3943/1/5044
f 3944/1/5045 3945/1/5045 3946/1/5045
f 3947/1/5046 3944/1/5046 3948/1/5046
f 3944/1/5047 3946/1/5047 3948/1/5047
f 3951/1/5048 3952/1/5048 3950/1/5048
f 3949/1/5049 3950/1/5049 3952/1/5049
f 3953/1/5050 3949/1/5050 3952/1/5050
f 3954/1/5051 3953/1/5051 3952/1/5051
f 3955/1/5052 3954/1/5052 3951/1/5052
f 3951/1/5053 3954/1/5053 3952/1/5053
f 3948/1/5054 3955/1/5054 3951/1/5054
f 3956/1/5055 3955/1/5055 3946/1/5055
f 3948/1/5056 3946/1/5056 3955/1/5056
f 3957/1/5057 3958/1/5057 3960/1/5057
f 3958/1/5058 3959/1/5058 3960/1/5058
f 3957/1/5059 3960/1/5059 3961/1/5059
f 3962/1/5060 3957/1/5060 3961/1/5060
f 3963/1/5061 3964/1/5061 3965/1/5061
f 3966/1/5062 3967/1/5062 3964/1/5062
f 3965/1/5063 3964/1/5063 3967/1/5063
f 3969/1071/5064 3968/1072/5064 3967/1073/5064
f 3968/1072/5065 3965/1074/5065 3967/1073/5065
f 3970/1075/5066 3968/1072/5066 3969/1071/5066
f 3971/1076/5067 3968/1072/5067 3970/1075/5067
f 3963/1/5068 3965/1/5068 3972/1/5068
f 3972/1077/5069 3965/1078/5069 3968/1079/5069
f 3972/1/5070 3973/1/5070 3963/1/5070
f 3973/1/5071 3974/1/5071 3963/1/5071
f 3968/1079/5072 3971/1080/5072 3972/1077/5072
f 3971/1/5073 3975/1/5073 3972/1/5073
f 3975/1/5074 3973/1/5074 3972/1/5074
f 3977/1/5075 3976/1/5075 3970/1/5075
f 3976/1081/5076 3971/1076/5076 3970/1075/5076
f 3978/1082/5077 3971/1076/5077 3976/1081/5077
f 3978/1/5078 3975/1/5078 3971/1/5078
f 3978/1/5079 3979/1/5079 3975/1/5079
f 3980/1/5080 3976/1/5080 3977/1/5080
f 3981/1/5081 3978/1/5081 3980/1/5081
f 3978/1/5082 3976/1/5082 3980/1/5082
f 3982/1/5083 3979/1/5083 3978/1/5083
f 3982/1/5084 3978/1/5084 3981/1/5084
f 3985/1/5085 3986/1/5085 3984/1/5085
f 3983/1/5086 3984/1/5086 3986/1/5086
f 3984/1/5087 3987/1/5087 3985/1/5087
f 3987/1/5088 3988/1/5088 3985/1/5088
f 3989/1/5089 3990/1/5089 3992/1/5089
f 3990/1/5090 3991/1/5090 3992/1/5090
f 3990/1/5091 3993/1/5091 3991/1/5091
f 3993/1/5092 3994/1/5092 3991/1/5092
f 3995/1/5093 3996/1/5093 3993/1/5093
f 3993/1/5094 3996/1/5094 3994/1/5094
f 3997/1/5095 3998/1/5095 4000/1/5095
f 3998/1/5096 3999/1/5096 4000/1/5096
f 4001/1/5097 4002/1/5097 3997/1/5097
f 4002/1/5098 3998/1/5098 3997/1/5098
f 4003/1/5099 3989/1/5099 4002/1/5099
f 4002/1/5100 4001/1/5100 4003/1/5100
f 4004/1/5101 4003/1/5101 4001/1/5101
f 4008/1/5102 4005/1/5102 4007/1/5102
f 4005/1/5103 4006/1/5103 4007/1/5103
f 4009/1/5104 4010/1/5104 4011/1/5104
f 4009/1/5105 4008/1/5105 4010/1/5105
f 4008/1/5106 4007/1/5106 4010/1/5106
f 4012/1/5107 4013/1/5107 4015/1/5107
f 4013/1/5108 4014/1/5108 4015/1/5108
f 4016/1083/5109 4017/1084/5109 4012/1085/5109
f 4017/1/5110 4013/1/5110 4012/1/5110
f 4018/1/5111 4014/1/5111 4013/1/5111
f 4019/1/5112 4018/1/5112 4017/1/5112
f 4017/1/5113 4018/1/5113 4013/1/5113
f 4019/1/5114 4020/1/5114 4018/1/5114
f 4022/1/5115 4019/1/5115 4021/1/5115
f 4021/1/5116 4019/1/5116 4017/1/5116
f 4023/1/5117 4024/1/5117 4026/1/5117
f 4024/1/5118 4025/1/5118 4026/1/5118
f 4021/1/5119 4027/1/5119 4022/1/5119
f 4027/1/5120 4028/1/5120 4022/1/5120
f 4027/1/5121 4029/1/5121 4028/1/5121
f 4029/1/5122 4030/1/5122 4028/1/5122
f 4026/1/5123 4025/1/5123 4031/1/5123
f 4022/1/5124 4032/1/5124 4019/1/5124
f 4032/1/5125 4020/1/5125 4019/1/5125
f 4026/1/5126 4031/1/5126 4022/1/5126
f 4031/1/5127 4032/1/5127 4022/1/5127
f 4026/1/5128 4022/1/5128 4028/1/5128
f 4030/1/5128 4026/1/5128 4028/1/5128
f 4030/1/5129 4029/1/5129 4033/1/5129
f 4035/1/5130 4034/1/5130 4033/1/5130
f 4034/1/5131 4030/1/5131 4033/1/5131
f 4034/1/5132 4023/1/5132 4030/1/5132
f 4023/1/5133 4026/1/5133 4030/1/5133
f 4037/1/5134 4024/1/5134 4036/1/5134
f 4036/1/5135 4024/1/5135 4023/1/5135
f 4038/1/5136 4036/1/5136 4034/1/5136
f 4036/1/5137 4023/1/5137 4034/1/5137
f 4036/1/5138 4038/1/5138 4039/1/5138
f 4039/1/5139 4038/1/5139 4040/1/5139
f 4039/1/5140 4041/1/5140 4036/1/5140
f 4041/1/5141 4037/1/5141 4036/1/5141
f 4042/1086/5142 4038/1087/5142 4035/1088/5142
f 4038/1087/5143 4034/1089/5143 4035/1088/5143
f 4038/1087/5144 4042/1086/5144 4040/1090/5144
f 4040/1090/5145 4042/1086/5145 4043/1091/5145
f 4046/1/5146 4047/1/5146 4045/1/5146
f 4044/1/5147 4045/1/5147 4047/1/5147
f 4044/1092/5148 4042/1086/5148 4045/1093/5148
f 4042/1086/5149 4035/1088/5149 4045/1093/5149
f 4050/1/5150 4048/1/5150 4049/1/5150
f 4048/1/5151 4047/1/5151 4049/1/5151
f 4051/1094/5152 4044/1092/5152 4048/1095/5152
f 4044/1/5153 4047/1/5153 4048/1/5153
f 4051/1094/5154 4043/1091/5154 4044/1092/5154
f 4043/1091/5155 4042/1086/5155 4044/1092/5155
f 4048/1/5156 4050/1/5156 4052/1/5156
f 4052/1/5157 4050/1/5157 4053/1/5157
f 4051/1094/5158 4048/1095/5158 4054/1096/5158
f 4054/1/5159 4048/1/5159 4052/1/5159
f 4055/1097/5160 4043/1091/5160 4054/1096/5160
f 4043/1091/5161 4051/1094/5161 4054/1096/5161
f 4057/1/5162 4055/1/5162 4056/1/5162
f 4056/1/5163 4055/1/5163 4058/1/5163
f 4039/1/5164 4059/1/5164 4041/1/5164
f 4059/1/5165 4060/1/5165 4041/1/5165
f 4061/1/5166 4059/1/5166 4040/1/5166
f 4059/1/5167 4039/1/5167 4040/1/5167
f 4061/1/5168 4040/1/5168 4057/1/5168
f 4061/1/5169 4057/1/5169 4062/1/5169
f 4056/1/5170 4062/1/5170 4057/1/5170
f 4040/1090/5171 4043/1091/5171 4057/1098/5171
f 4043/1091/5172 4055/1097/5172 4057/1098/5172
f 4054/1/5173 4052/1/5173 4063/1/5173
f 4063/1/5174 4052/1/5174 4064/1/5174
f 4062/1/5175 4056/1/5175 4065/1/5175
f 4066/1/5176 4065/1/5176 4058/1/5176
f 4056/1/5177 4058/1/5177 4065/1/5177
f 4065/1/5178 4066/1/5178 4068/1/5178
f 4066/1/5179 4067/1/5179 4068/1/5179
f 4055/1/5180 4054/1/5180 4058/1/5180
f 4058/1/5181 4054/1/5181 4066/1/5181
f 4054/1/5182 4063/1/5182 4066/1/5182
f 4066/1/5183 4063/1/5183 4067/1/5183
f 4063/1099/5184 4069/1100/5184 4067/1101/5184
f 4063/1/5185 4064/1/5185 4069/1/5185
f 4064/1/5186 4070/1/5186 4069/1/5186
f 4064/1/5187 4071/1/5187 4070/1/5187
f 4071/1/5188 4072/1/5188 4070/1/5188
f 4070/1102/5189 4072/1103/5189 4074/1104/5189
f 4072/1103/5190 4073/1105/5190 4074/1104/5190
f 4076/1/5191 4074/1/5191 4075/1/5191
f 4074/1104/5192 4073/1105/5192 4075/1106/5192
f 4078/1/5193 4076/1/5193 4077/1/5193
f 4076/1/5194 4075/1/5194 4077/1/5194
f 4079/1/5195 4074/1/5195 4080/1/5195
f 4074/1/5196 4076/1/5196 4080/1/5196
f 4069/1100/5197 4070/1102/5197 4079/1107/5197
f 4070/1102/5198 4074/1104/5198 4079/1107/5198
f 4079/1107/5199 4081/1108/5199 4069/1100/5199
f 4067/1101/5200 4069/1100/5200 4081/1108/5200
f 4068/1/5201 4067/1/5201 4082/1/5201
f 4067/1/5202 4081/1/5202 4082/1/5202
f 4081/1/5203 4079/1/5203 4083/1/5203
f 4079/1/5204 4080/1/5204 4083/1/5204
f 4082/1/5205 4081/1/5205 4084/1/5205
f 4081/1/5206 4083/1/5206 4084/1/5206
f 4088/1/5207 4085/1/5207 4087/1/5207
f 4085/1109/5208 4086/1110/5208 4087/1111/5208
f 4089/1112/5209 4090/1113/5209 4091/1114/5209
f 4093/1115/5210 4094/1116/5210 4092/1117/5210
f 4092/1117/5211 4094/1116/5211 4095/1118/5211
f 4097/1119/5212 4098/1120/5212 4096/1121/5212
f 4096/1121/5213 4098/1120/5213 4099/1122/5213
f 4102/1/5214 4103/1/5214 4101/1/5214
f 4100/1/5215 4101/1/5215 4103/1/5215
f 4104/1/5216 4100/1/5216 4105/1/5216
f 4100/1/5217 4103/1/5217 4105/1/5217
f 4105/1/5218 4107/1/5218 4104/1/5218
f 4106/1/5219 4104/1/5219 4107/1/5219
f 4103/1/5220 4102/1/5220 4109/1/5220
f 4102/1/5221 4108/1/5221 4109/1/5221
f 4103/1/5222 4109/1/5222 4105/1/5222
f 4105/1/5223 4109/1/5223 4110/1/5223
f 4107/1/5224 4105/1/5224 4111/1/5224
f 4105/1/5225 4110/1/5225 4111/1/5225
f 4112/1/5226 4107/1/5226 4113/1/5226
f 4107/1/5227 4111/1/5227 4113/1/5227
f 4107/1/5228 4112/1/5228 4106/1/5228
f 4114/1/5229 4106/1/5229 4112/1/5229
f 4117/1/5230 4118/1/5230 4116/1/5230
f 4115/1/5231 4116/1/5231 4118/1/5231
f 4116/1/5232 4115/1/5232 4120/1/5232
f 4119/1/5233 4120/1/5233 4115/1/5233
f 4118/1/5234 4122/1/5234 4115/1/5234
f 4121/1/5235 4115/1/5235 4122/1/5235
f 4115/1/5236 4121/1/5236 4119/1/5236
f 4123/1/5237 4119/1/5237 4121/1/5237
f 4122/1/5238 4125/1/5238 4121/1/5238
f 4124/1/5239 4121/1/5239 4125/1/5239
f 4121/1/5240 4124/1/5240 4123/1/5240
f 4126/1/5241 4123/1/5241 4124/1/5241
f 4128/1/5242 4127/1/5242 4125/1/5242
f 4127/1/5243 4124/1/5243 4125/1/5243
f 4126/1/5244 4124/1/5244 4129/1/5244
f 4127/1/5245 4129/1/5245 4124/1/5245
f 4127/1/5246 4128/1/5246 4130/1/5246
f 4130/1/5247 4128/1/5247 4131/1/5247
f 4130/1/5248 4132/1/5248 4127/1/5248
f 4132/1/5249 4129/1/5249 4127/1/5249
f 4133/1123/5250 4134/1124/5250 4135/1125/5250
f 4136/1/5251 4133/1/5251 4138/1/5251
f 4133/1123/5252 4135/1125/5252 4138/1126/5252
f 4135/1125/5253 4137/1127/5253 4138/1126/5253
f 4136/1/5254 4138/1/5254 4139/1/5254
f 4136/1/5255 4139/1/5255 4140/1/5255
f 4140/1/5256 4141/1/5256 4142/1/5256
f 4144/1/5257 4145/1/5257 4143/1/5257
f 4143/1/5258 4145/1/5258 4146/1/5258
f 4147/1/5259 4143/1/5259 4148/1/5259
f 4143/1/5260 4146/1/5260 4148/1/5260
f 4148/1/5261 4150/1/5261 4147/1/5261
f 4149/1/5262 4147/1/5262 4150/1/5262
f 4152/1/5263 4151/1/5263 4150/1/5263
f 4151/1/5264 4149/1/5264 4150/1/5264
f 4154/1/5265 4153/1/5265 4152/1/5265
f 4153/1/5266 4151/1/5266 4152/1/5266
f 4153/1/5267 4154/1/5267 4155/1/5267
f 4155/1/5268 4154/1/5268 4156/1/5268
f 4157/1/5269 4158/1/5269 4154/1/5269
f 4156/1/5270 4154/1/5270 4158/1/5270
f 4159/1/5271 4160/1/5271 4157/1/5271
f 4158/1/5272 4157/1/5272 4160/1/5272
f 4156/1/5273 4162/1/5273 4155/1/5273
f 4161/1/5274 4155/1/5274 4162/1/5274
f 4156/1/5275 4158/1/5275 4162/1/5275
f 4162/1/5276 4158/1/5276 4163/1/5276
f 4164/1/5277 4163/1/5277 4160/1/5277
f 4163/1/5278 4158/1/5278 4160/1/5278
f 4161/1/5279 4162/1/5279 4165/1/5279
f 4165/1/5280 4162/1/5280 4166/1/5280
f 4167/1/5281 4166/1/5281 4163/1/5281
f 4166/1/5282 4162/1/5282 4163/1/5282
f 4168/1/5283 4167/1/5283 4164/1/5283
f 4167/1/5284 4163/1/5284 4164/1/5284
f 4167/1/5285 4168/1/5285 4169/1/5285
f 4166/1/5286 4167/1/5286 4169/1/5286
f 4165/1/5287 4166/1/5287 4169/1/5287
f 4170/1/5288 4171/1/5288 4172/1/5288
f 4173/1/5289 4170/1/5289 4172/1/5289
f 4175/1/5290 4176/1/5290 4174/1/5290
f 4174/1/5291 4176/1/5291 4177/1/5291
f 4176/1/5292 4178/1/5292 4177/1/5292
f 4177/1/5292 4178/1/5292 4179/1/5292
f 4179/1/5293 4178/1/5293 4180/1/5293
f 4180/1/5294 4178/1/5294 4181/1/5294
f 4182/1/5295 4183/1/5295 4179/1/5295
f 4183/1/5296 4177/1/5296 4179/1/5296
f 4174/1/5297 4177/1/5297 4184/1/5297
f 4184/1/5298 4177/1/5298 4183/1/5298
f 4182/1/5299 4179/1/5299 4185/1/5299
f 4185/1/5300 4179/1/5300 4180/1/5300
f 4180/1/5301 4181/1/5301 4186/1/5301
f 4186/1/5302 4181/1/5302 4187/1/5302
f 4186/1/5303 4188/1/5303 4180/1/5303
f 4188/1/5304 4185/1/5304 4180/1/5304
f 4190/1/5305 4189/1/5305 4187/1/5305
f 4189/1/5306 4186/1/5306 4187/1/5306
f 4188/1/5307 4186/1/5307 4191/1/5307
f 4191/1/5308 4186/1/5308 4189/1/5308
f 4192/1/5309 4189/1/5309 4193/1/5309
f 4189/1/5310 4190/1/5310 4193/1/5310
f 4191/1/5311 4189/1/5311 4194/1/5311
f 4194/1/5312 4189/1/5312 4192/1/5312
f 4195/1/5313 4194/1/5313 4196/1/5313
f 4194/1/5314 4192/1/5314 4196/1/5314
f 4195/1/5315 4196/1/5315 4197/1/5315
f 4197/1/5316 4196/1/5316 4198/1/5316
f 4196/1/5317 4192/1/5317 4199/1/5317
f 4192/1/5318 4193/1/5318 4199/1/5318
f 4200/1/5319 4198/1/5319 4199/1/5319
f 4198/1/5320 4196/1/5320 4199/1/5320
f 4201/1/5321 4191/1/5321 4202/1/5321
f 4191/1/5322 4194/1/5322 4202/1/5322
f 4203/1128/5323 4202/1129/5323 4195/1130/5323
f 4195/1/5324 4202/1/5324 4194/1/5324
f 4204/1/5325 4203/1/5325 4197/1/5325
f 4203/1/5326 4195/1/5326 4197/1/5326
f 4205/1131/5327 4188/1132/5327 4201/1133/5327
f 4201/1/5328 4188/1/5328 4191/1/5328
f 4206/1/5329 4185/1/5329 4205/1/5329
f 4185/1134/5330 4188/1132/5330 4205/1131/5330
f 4206/1/5331 4207/1/5331 4185/1/5331
f 4207/1/5332 4182/1/5332 4185/1/5332
f 4183/1/5333 4182/1/5333 4208/1/5333
f 4208/1/5334 4182/1/5334 4207/1/5334
f 4184/1/5335 4183/1/5335 4209/1/5335
f 4183/1/5336 4208/1/5336 4209/1/5336
f 4197/1/5337 4210/1/5337 4204/1/5337
f 4204/1/5338 4211/1/5338 4203/1/5338
f 4211/1/5339 4212/1/5339 4203/1/5339
f 4213/1/5340 4202/1/5340 4212/1/5340
f 4203/1/5341 4212/1/5341 4202/1/5341
f 4202/1/5342 4213/1/5342 4201/1/5342
f 4213/1/5343 4214/1/5343 4201/1/5343
f 4201/1133/5344 4214/1135/5344 4205/1131/5344
f 4214/1/5345 4215/1/5345 4205/1/5345
f 4216/1/5346 4206/1/5346 4215/1/5346
f 4205/1/5347 4215/1/5347 4206/1/5347
f 4216/1/5348 4217/1/5348 4206/1/5348
f 4206/1/5349 4217/1/5349 4207/1/5349
f 4210/1/5350 4211/1/5350 4204/1/5350
f 4218/1/5351 4208/1/5351 4217/1/5351
f 4208/1/5352 4207/1/5352 4217/1/5352
f 4208/1/5353 4218/1/5353 4209/1/5353
f 4219/1/5354 4209/1/5354 4218/1/5354
f 4221/1/5355 4216/1/5355 4220/1/5355
f 4215/1/5356 4220/1/5356 4216/1/5356
f 4215/1/5357 4214/1/5357 4220/1/5357
f 4214/1/5358 4222/1/5358 4220/1/5358
f 4222/1/5359 4214/1/5359 4223/1/5359
f 4213/1/5360 4223/1/5360 4214/1/5360
f 4217/1/5361 4216/1/5361 4224/1/5361
f 4216/1/5362 4221/1/5362 4224/1/5362
f 4225/1/5363 4218/1/5363 4224/1/5363
f 4218/1/5364 4217/1/5364 4224/1/5364
f 4218/1/5365 4225/1/5365 4219/1/5365
f 4219/1/5366 4225/1/5366 4226/1/5366
f 4230/1/5367 4227/1/5367 4229/1/5367
f 4227/1/5368 4228/1/5368 4229/1/5368
f 4230/1/5369 4232/1/5369 4227/1/5369
f 4231/1/5370 4227/1/5370 4232/1/5370
f 4233/1/5371 4234/1/5371 4236/1/5371
f 4234/1/5372 4235/1/5372 4236/1/5372
f 4234/1/5373 4237/1/5373 4235/1/5373
f 4237/1/5374 4238/1/5374 4235/1/5374
f 4241/1/5375 4242/1/5375 4240/1/5375
f 4239/1/5376 4240/1/5376 4242/1/5376
f 4242/1/5377 4241/1/5377 4244/1/5377
f 4241/1/5378 4243/1/5378 4244/1/5378
f 4245/1/5379 4246/1/5379 4243/1/5379
f 4244/1/5380 4243/1/5380 4246/1/5380
f 4245/1/5381 4247/1/5381 4246/1/5381
f 4246/1/5382 4247/1/5382 4248/1/5382
f 4249/1/5383 4250/1/5383 4252/1/5383
f 4250/1/5384 4251/1/5384 4252/1/5384
f 4255/1/5385 4256/1/5385 4254/1/5385
f 4253/1/5386 4254/1/5386 4256/1/5386
f 4254/1/5387 4253/1/5387 4258/1/5387
f 4257/1/5388 4258/1/5388 4253/1/5388
f 4260/1/5389 4258/1/5389 4259/1/5389
f 4259/1/5390 4258/1/5390 4257/1/5390
f 4251/1/5391 4261/1/5391 4252/1/5391
f 4261/1/5392 4262/1/5392 4252/1/5392
f 4264/1/5393 4265/1/5393 4263/1/5393
f 4263/1/5394 4265/1/5394 4266/1/5394
f 4265/1/5395 4264/1/5395 4267/1/5395
f 4267/1/5396 4264/1/5396 4268/1/5396
f 4268/1/5397 4264/1/5397 4270/1/5397
f 4264/1/5398 4269/1/5398 4270/1/5398
f 4269/1/5399 4264/1/5399 4271/1/5399
f 4263/1/5400 4271/1/5400 4264/1/5400
f 4272/1/5401 4273/1/5401 4263/1/5401
f 4273/1/5402 4271/1/5402 4263/1/5402
f 4274/1/5403 4275/1/5403 4272/1/5403
f 4275/1/5404 4273/1/5404 4272/1/5404
f 4278/1/5405 4279/1/5405 4277/1/5405
f 4276/1/5406 4277/1/5406 4279/1/5406
f 4283/1136/5407 4280/1137/5407 4282/1138/5407
f 4280/1137/5408 4281/1139/5408 4282/1138/5408
f 4277/1/5409 4276/1/5409 4283/1/5409
f 4284/1/5410 4283/1/5410 4276/1/5410
f 4284/1/5411 4285/1/5411 4283/1/5411
f 4285/1140/5412 4280/1137/5412 4283/1136/5412
f 4285/1141/5413 4286/1142/5413 4280/1143/5413
f 4286/1142/5414 4287/1144/5414 4280/1143/5414
f 4286/1142/5415 4288/1145/5415 4287/1144/5415
f 4288/1145/5416 4289/1146/5416 4287/1144/5416
f 4291/1147/5417 4292/1148/5417 4290/1149/5417
f 4290/1149/5418 4292/1148/5418 4293/1150/5418
f 4291/1147/5419 4294/1151/5419 4292/1148/5419
f 4292/1148/5420 4294/1151/5420 4295/1152/5420
f 4296/1/5421 4295/1/5421 4294/1/5421
f 4288/1145/5422 4297/1153/5422 4289/1146/5422
f 4297/1153/5423 4290/1154/5423 4289/1146/5423
f 4298/1155/5424 4291/1156/5424 4297/1153/5424
f 4297/1153/5425 4291/1156/5425 4290/1154/5425
f 4298/1/5426 4299/1/5426 4291/1/5426
f 4294/1/5427 4291/1/5427 4299/1/5427
f 4296/1/5428 4294/1/5428 4299/1/5428
f 4301/1/5429 4302/1/5429 4300/1/5429
f 4300/1/5430 4302/1/5430 4303/1/5430
f 4301/1/5431 4300/1/5431 4305/1/5431
f 4300/1/5432 4304/1/5432 4305/1/5432
f 4301/1/5433 4306/1/5433 4308/1/5433
f 4306/1/5434 4307/1/5434 4308/1/5434
f 4305/1/5435 4306/1/5435 4301/1/5435
f 4309/1/5436 4310/1/5436 4305/1/5436
f 4310/1/5437 4306/1/5437 4305/1/5437
f 4309/1/5438 4305/1/5438 4311/1/5438
f 4311/1/5439 4305/1/5439 4304/1/5439
f 4304/1/5440 4312/1/5440 4311/1/5440
f 4312/1/5441 4313/1/5441 4311/1/5441
f 4314/1/5442 4315/1/5442 4307/1/5442
f 4307/1/5443 4306/1/5443 4314/1/5443
f 4306/1/5444 4310/1/5444 4314/1/5444
f 4309/1/5445 4316/1/5445 4310/1/5445
f 4316/1/5446 4317/1/5446 4310/1/5446
f 4318/1/5447 4316/1/5447 4311/1/5447
f 4311/1/5448 4316/1/5448 4309/1/5448
f 4311/1/5449 4313/1/5449 4318/1/5449
f 4313/1/5450 4319/1/5450 4318/1/5450
f 4320/1/5451 4321/1/5451 4316/1/5451
f 4316/1/5452 4321/1/5452 4317/1/5452
f 4316/1/5453 4318/1/5453 4320/1/5453
f 4322/1/5454 4320/1/5454 4318/1/5454
f 4318/1/5455 4319/1/5455 4322/1/5455
f 4319/1/5456 4323/1/5456 4322/1/5456
f 4324/1/5457 4325/1/5457 4314/1/5457
f 4317/1/5458 4324/1/5458 4310/1/5458
f 4324/1/5459 4314/1/5459 4310/1/5459
f 4321/1/5460 4326/1/5460 4317/1/5460
f 4317/1/5461 4326/1/5461 4324/1/5461
f 4327/1157/5462 4328/1158/5462 4321/1159/5462
f 4321/1/5463 4328/1/5463 4326/1/5463
f 4329/1/5464 4327/1/5464 4320/1/5464
f 4320/1160/5465 4327/1157/5465 4321/1159/5465
f 4330/1/5466 4329/1/5466 4322/1/5466
f 4322/1/5467 4329/1/5467 4320/1/5467
f 4331/1161/5468 4332/1162/5468 4327/1157/5468
f 4327/1157/5469 4332/1162/5469 4328/1158/5469
f 4327/1/5470 4329/1/5470 4331/1/5470
f 4329/1/5471 4333/1/5471 4331/1/5471
f 4333/1/5472 4329/1/5472 4334/1/5472
f 4330/1/5473 4334/1/5473 4329/1/5473
f 4338/1/5474 4335/1/5474 4337/1/5474
f 4335/1/5475 4336/1/5475 4337/1/5475
f 4331/1/5476 4333/1/5476 4339/1/5476
f 4337/1/5477 4339/1/5477 4333/1/5477
f 4336/1/5478 4339/1/5478 4337/1/5478
f 4340/1163/5479 4332/1162/5479 4331/1161/5479
f 4340/1163/5480 4331/1161/5480 4341/1164/5480
f 4339/1165/5481 4341/1164/5481 4331/1161/5481
f 4336/1/5482 4342/1/5482 4339/1/5482
f 4342/1166/5483 4341/1164/5483 4339/1165/5483
f 4335/1/5484 4343/1/5484 4336/1/5484
f 4343/1/5485 4342/1/5485 4336/1/5485
f 4343/1/5486 4335/1/5486 4345/1/5486
f 4344/1/5487 4345/1/5487 4335/1/5487
f 4346/1/5488 4345/1/5488 4344/1/5488
f 4334/1/5489 4347/1/5489 4333/1/5489
f 4347/1/5490 4337/1/5490 4333/1/5490
f 4338/1/5491 4337/1/5491 4347/1/5491
f 4330/1/5492 4322/1/5492 4348/1/5492
f 4348/1/5493 4322/1/5493 4323/1/5493
f 4348/1/5494 4349/1/5494 4330/1/5494
f 4349/1/5495 4334/1/5495 4330/1/5495
f 4347/1/5496 4334/1/5496 4350/1/5496
f 4350/1/5497 4334/1/5497 4349/1/5497
f 4338/1/5498 4347/1/5498 4350/1/5498
f 4344/1/5499 4335/1/5499 4338/1/5499
f 4338/1/5500 4350/1/5500 4351/1/5500
f 4351/1/5501 4350/1/5501 4352/1/5501
f 4344/1/5502 4338/1/5502 4351/1/5502
f 4353/1/5503 4346/1/5503 4344/1/5503
f 4344/1/5504 4351/1/5504 4353/1/5504
f 4353/1/5505 4351/1/5505 4354/1/5505
f 4355/1/5506 4354/1/5506 4352/1/5506
f 4352/1/5507 4354/1/5507 4351/1/5507
f 4357/1/5508 4356/1/5508 4352/1/5508
f 4356/1/5509 4355/1/5509 4352/1/5509
f 4357/1/5510 4352/1/5510 4349/1/5510
f 4352/1/5511 4350/1/5511 4349/1/5511
f 4358/1/5512 4313/1/5512 4359/1/5512
f 4313/1/5513 4312/1/5513 4359/1/5513
f 4313/1/5514 4358/1/5514 4319/1/5514
f 4360/1/5515 4319/1/5515 4358/1/5515
f 4361/1/5516 4362/1/5516 4359/1/5516
f 4362/1/5517 4358/1/5517 4359/1/5517
f 4362/1/5518 4360/1/5518 4358/1/5518
f 4363/1/5519 4357/1/5519 4348/1/5519
f 4357/1/5520 4349/1/5520 4348/1/5520
f 4348/1/5521 4323/1/5521 4363/1/5521
f 4360/1/5522 4363/1/5522 4319/1/5522
f 4363/1/5523 4323/1/5523 4319/1/5523
f 4362/1/5524 4363/1/5524 4360/1/5524
f 4362/1/5525 4364/1/5525 4363/1/5525
f 4363/1/5526 4364/1/5526 4357/1/5526
f 4364/1/5527 4356/1/5527 4357/1/5527
f 4365/1167/5528 4366/1168/5528 4325/1169/5528
f 4367/1170/5529 4365/1167/5529 4368/1171/5529
f 4369/1172/5530 4367/1173/5530 4368/1174/5530
f 4365/1167/5531 4325/1169/5531 4368/1171/5531
f 4370/1175/5532 4365/1167/5532 4367/1170/5532
f 4370/1175/5533 4367/1170/5533 4369/1176/5533
f 4346/1/5534 4371/1/5534 4345/1/5534
f 4371/1/5535 4372/1/5535 4345/1/5535
f 4375/1/5536 4376/1/5536 4374/1/5536
f 4373/1/5537 4374/1/5537 4376/1/5537
f 4374/1177/5538 4377/1178/5538 4375/1179/5538
f 4345/1/5539 4372/1/5539 4343/1/5539
f 4372/1/5540 4378/1/5540 4343/1/5540
f 4372/1/5541 4376/1/5541 4378/1/5541
f 4376/1/5542 4379/1/5542 4378/1/5542
f 4376/1/5543 4375/1/5543 4379/1/5543
f 4375/1179/5544 4380/1180/5544 4379/1181/5544
f 4325/1182/5545 4382/1183/5545 4368/1184/5545
f 4381/1185/5546 4368/1186/5546 4382/1187/5546
f 4383/1188/5547 4381/1189/5547 4384/1190/5547
f 4381/1189/5548 4382/1183/5548 4384/1190/5548
f 4326/1/5549 4325/1/5549 4324/1/5549
f 4328/1/5550 4325/1/5550 4326/1/5550
f 4382/1183/5551 4325/1182/5551 4328/1191/5551
f 4382/1183/5552 4328/1191/5552 4332/1192/5552
f 4340/1193/5553 4382/1183/5553 4332/1192/5553
f 4369/1194/5554 4368/1184/5554 4381/1189/5554
f 4382/1183/5555 4340/1193/5555 4384/1190/5555
f 4385/1195/5556 4384/1190/5556 4340/1193/5556
f 4340/1193/5557 4341/1196/5557 4385/1195/5557
f 4385/1195/5558 4341/1196/5558 4386/1197/5558
f 4387/1198/5559 4386/1197/5559 4342/1199/5559
f 4386/1197/5560 4341/1196/5560 4342/1199/5560
f 4343/1200/5561 4378/1201/5561 4342/1199/5561
f 4342/1199/5562 4378/1201/5562 4387/1198/5562
f 4378/1201/5563 4379/1202/5563 4387/1198/5563
f 4388/1203/5564 4387/1204/5564 4379/1181/5564
f 4389/1205/5565 4386/1206/5565 4388/1203/5565
f 4386/1206/5566 4387/1204/5566 4388/1203/5566
f 4390/1207/5567 4385/1208/5567 4389/1205/5567
f 4389/1205/5568 4385/1208/5568 4386/1206/5568
f 4385/1208/5569 4390/1207/5569 4384/1209/5569
f 4390/1207/5570 4391/1210/5570 4384/1209/5570
f 4388/1211/5571 4379/1212/5571 4380/1213/5571
f 4380/1213/5572 4392/1214/5572 4388/1211/5572
f 4392/1215/5573 4389/1205/5573 4388/1203/5573
f 4393/1216/5574 4369/1194/5574 4383/1188/5574
f 4369/1194/5575 4381/1189/5575 4383/1188/5575
f 4384/1209/5576 4391/1210/5576 4383/1217/5576
f 4394/1218/5577 4383/1217/5577 4391/1210/5577
f 4390/1207/5578 4389/1205/5578 4395/1219/5578
f 4395/1219/5579 4389/1205/5579 4392/1215/5579
f 4395/1219/5580 4396/1220/5580 4390/1207/5580
f 4396/1220/5581 4391/1210/5581 4390/1207/5581
f 4394/1218/5582 4391/1210/5582 4397/1221/5582
f 4397/1221/5583 4391/1210/5583 4396/1220/5583
f 4397/1221/5584 4396/1220/5584 4398/1222/5584
f 4399/1223/5585 4398/1222/5585 4395/1219/5585
f 4398/1222/5586 4396/1220/5586 4395/1219/5586
f 4400/1224/5587 4399/1223/5587 4392/1215/5587
f 4399/1223/5588 4395/1219/5588 4392/1215/5588
f 4392/1215/5589 4380/1180/5589 4400/1224/5589
f 4400/1224/5590 4380/1180/5590 4401/1225/5590
f 4380/1180/5591 4375/1179/5591 4401/1225/5591
f 4401/1225/5592 4375/1179/5592 4377/1178/5592
f 4397/1226/5593 4398/1227/5593 4402/1228/5593
f 4399/1229/5594 4403/1230/5594 4398/1227/5594
f 4402/1228/5595 4398/1227/5595 4403/1230/5595
f 4399/1229/5596 4400/1231/5596 4403/1230/5596
f 4403/1230/5597 4400/1231/5597 4404/1232/5597
f 4400/1231/5598 4401/1233/5598 4404/1232/5598
f 4404/1232/5599 4401/1233/5599 4405/1234/5599
f 4401/1233/5600 4377/1235/5600 4405/1234/5600
f 4403/1/5601 4407/1/5601 4402/1/5601
f 4406/1/5602 4402/1/5602 4407/1/5602
f 4407/1/5603 4403/1/5603 4408/1/5603
f 4403/1/5604 4404/1/5604 4408/1/5604
f 4408/1/5605 4404/1/5605 4409/1/5605
f 4404/1/5606 4405/1/5606 4409/1/5606
f 4409/1/5607 4405/1/5607 4410/1/5607
f 4405/1/5608 4377/1/5608 4410/1/5608
f 4377/1/5609 4374/1/5609 4410/1/5609
f 4410/1/5610 4374/1/5610 4411/1/5610
f 4374/1/5611 4373/1/5611 4411/1/5611
f 4412/1/5612 4413/1/5612 4393/1/5612
f 4415/1/5613 4414/1/5613 4412/1/5613
f 4414/1/5614 4413/1/5614 4412/1/5614
f 4369/1176/5615 4393/1236/5615 4416/1237/5615
f 4416/1237/5616 4393/1236/5616 4413/1238/5616
f 4369/1176/5617 4416/1237/5617 4370/1175/5617
f 4417/1239/5618 4370/1175/5618 4416/1237/5618
f 4362/1/5619 4418/1/5619 4412/1/5619
f 4415/1/5620 4412/1/5620 4418/1/5620
f 4419/1240/5621 4383/1241/5621 4394/1242/5621
f 4419/1243/5622 4420/1244/5622 4383/1245/5622
f 4421/1/5623 4420/1/5623 4419/1/5623
f 4419/1246/5624 4394/1218/5624 4397/1221/5624
f 4419/1/5625 4397/1/5625 4406/1/5625
f 4406/1/5626 4397/1/5626 4402/1/5626
f 4393/1216/5627 4383/1188/5627 4420/1247/5627
f 4420/1/5628 4421/1/5628 4393/1/5628
f 4421/1/5629 4412/1/5629 4393/1/5629
f 4421/1/5630 4419/1/5630 4406/1/5630
f 4422/1/5631 4423/1/5631 4424/1/5631
f 4428/1248/5632 4425/1249/5632 4427/1250/5632
f 4425/1251/5633 4426/1252/5633 4427/1253/5633
f 4430/1254/5634 4431/1255/5634 4429/1256/5634
f 4429/1256/5635 4431/1255/5635 4432/1257/5635
f 4433/1258/5636 4434/1259/5636 4436/1260/5636
f 4434/1259/5637 4435/1261/5637 4436/1260/5637
f 4437/1/5638 4438/1/5638 4440/1/5638
f 4438/1/5639 4439/1/5639 4440/1/5639
f 4441/1262/5640 4442/1263/5640 4444/1264/5640
f 4442/1263/5641 4443/1265/5641 4444/1264/5641
f 4448/1266/5642 4445/1267/5642 4447/1268/5642
f 4445/1269/5643 4446/1270/5643 4447/1271/5643
f 4450/1272/5644 4451/1273/5644 4449/1274/5644
f 4449/1274/5645 4451/1273/5645 4452/1275/5645
f 4455/1/5646 4456/1/5646 4454/1/5646
f 4453/1/5647 4454/1/5647 4456/1/5647
f 4457/1/5648 4458/1/5648 4460/1/5648
f 4458/1/5649 4459/1/5649 4460/1/5649
f 4462/1/5650 4463/1/5650 4461/1/5650
f 4461/1276/5651 4463/1277/5651 4464/1278/5651
f 4465/1279/5652 4466/1280/5652 4467/1281/5652
f 4470/1282/5653 4471/1283/5653 4469/1284/5653
f 4468/1285/5654 4469/1286/5654 4471/1287/5654
f 4467/1288/5655 4472/1289/5655 4473/1290/5655
f 4475/1291/5656 4476/1292/5656 4474/1293/5656
f 4474/1293/5657 4476/1292/5657 4477/1294/5657
f 4476/1295/5658 4475/1296/5658 4469/1297/5658
f 4470/1298/5659 4478/1299/5659 4479/1300/5659
f 4482/1301/5660 4483/1302/5660 4481/1303/5660
f 4480/1304/5661 4481/1303/5661 4483/1302/5661
f 4484/1305/5662 4485/1306/5662 4487/1307/5662
f 4485/1306/5663 4486/1308/5663 4487/1307/5663
f 4488/1/5664 4489/1/5664 4490/1/5664
f 4488/1/5665 4490/1/5665 4492/1/5665
f 4491/1/5666 4492/1/5666 4490/1/5666
f 4493/1/5667 4494/1/5667 4496/1/5667
f 4494/1/5668 4495/1/5668 4496/1/5668
f 4497/1309/5669 4493/1310/5669 4498/1311/5669
f 4493/1310/5670 4496/1312/5670 4498/1311/5670
f 4500/1313/5671 4499/1314/5671 4498/1311/5671
f 4499/1314/5672 4497/1309/5672 4498/1311/5672
f 4499/1314/5673 4500/1313/5673 4501/1315/5673
f 4501/1315/5674 4500/1313/5674 4502/1316/5674
f 4490/1317/5675 4501/1315/5675 4503/1318/5675
f 4501/1315/5676 4502/1316/5676 4503/1318/5676
f 4490/1317/5677 4503/1318/5677 4491/1319/5677
f 4504/1/5678 4505/1/5678 4506/1/5678
f 4510/1/5679 4507/1/5679 4509/1/5679
f 4507/1/5680 4508/1/5680 4509/1/5680
f 4511/1/5681 4512/1/5681 4514/1/5681
f 4512/1/5682 4513/1/5682 4514/1/5682
f 4507/1/5683 4510/1/5683 4515/1/5683
f 4517/1/5684 4516/1/5684 4515/1/5684
f 4516/1/5685 4507/1/5685 4515/1/5685
f 4516/1/5686 4517/1/5686 4518/1/5686
f 4518/1/5687 4517/1/5687 4519/1/5687
f 4520/1/5688 4518/1/5688 4521/1/5688
f 4518/1/5689 4519/1/5689 4521/1/5689
f 4521/1320/5690 4523/1321/5690 4520/1322/5690
f 4522/1/5691 4520/1/5691 4523/1/5691
f 4524/1/5692 4522/1/5692 4525/1/5692
f 4522/1/5693 4523/1/5693 4525/1/5693
f 4512/1/5694 4524/1/5694 4513/1/5694
f 4524/1/5695 4525/1/5695 4513/1/5695
f 4528/1/5696 4529/1/5696 4527/1/5696
f 4526/1/5697 4527/1/5697 4529/1/5697
f 4528/1/5698 4530/1/5698 4532/1/5698
f 4530/1/5699 4531/1/5699 4532/1/5699
f 4528/1/5700 4532/1/5700 4529/1/5700
f 4515/1/5701 4510/1/5701 4533/1/5701
f 4534/1/5702 4515/1/5702 4533/1/5702
f 4534/1/5703 4533/1/5703 4535/1/5703
f 4526/1/5704 4534/1/5704 4535/1/5704
f 4526/1/5705 4535/1/5705 4527/1/5705
f 4536/1/5706 4537/1/5706 4538/1/5706
f 4536/1/5707 4539/1/5707 4537/1/5707
f 4540/1323/5708 4541/1324/5708 4542/1325/5708
f 4543/1/5709 4544/1/5709 4546/1/5709
f 4544/1/5710 4545/1/5710 4546/1/5710
f 4548/1/5711 4544/1/5711 4547/1/5711
f 4543/1/5712 4547/1/5712 4544/1/5712
f 4552/1/5713 4549/1/5713 4551/1/5713
f 4549/1/5714 4550/1/5714 4551/1/5714
f 4555/1/5715 4552/1/5715 4554/1/5715
f 4552/1/5716 4553/1/5716 4554/1/5716
f 4557/1/5717 4558/1/5717 4556/1/5717
f 4556/1/5718 4558/1/5718 4559/1/5718
f 4557/1/5719 4560/1/5719 4558/1/5719
f 4560/1/5720 4561/1/5720 4558/1/5720
f 4561/1/5721 4562/1/5721 4558/1/5721
f 4563/1/5722 4564/1/5722 4565/1/5722
f 4566/1/5723 4567/1/5723 4568/1/5723
f 4567/1/5724 4569/1/5724 4568/1/5724
f 4568/1/5725 4569/1/5725 4570/1/5725
f 4572/1326/5726 4573/1327/5726 4571/1328/5726
f 4571/1328/5727 4573/1327/5727 4574/1329/5727
f 4578/1/5728 4575/1/5728 4577/1/5728
f 4575/1/5729 4576/1/5729 4577/1/5729
f 4579/1/5730 4580/1/5730 4576/1/5730
f 4576/1/5731 4580/1/5731 4577/1/5731
f 4569/1/5732 4581/1/5732 4570/1/5732
f 4582/1/5732 4583/1/5732 4570/1/5732
