# Blender 4.3.2
# www.blender.org
mtllib cow.mtl
o cow-nonormals
v 2.229345 -0.992723 -0.862826
v 2.292449 -0.871852 -0.882400
v 2.410367 -0.777999 -0.841105
v 2.407309 -0.974980 -0.805091
v 2.539200 -0.727778 -0.750475
v 2.520417 -0.954785 -0.739445
v 2.637655 -0.768176 -0.637039
v 2.669281 -0.930664 -0.557166
v 2.514167 -1.077721 -0.706614
v 2.386465 -1.116066 -0.761367
v 2.180012 -1.130557 -0.821812
v 2.354287 -1.193746 -0.735189
v 2.158051 -1.209613 -0.783941
v 2.318787 -1.294090 -0.673863
v 2.126237 -1.330172 -0.721011
v 2.274533 -1.433487 -0.567366
v 2.486533 -1.274971 -0.627822
v 2.457060 -1.400958 -0.539866
v 2.549322 -1.335209 -0.535156
v 2.617970 -1.235597 -0.520238
v 2.510841 -1.158786 -0.678057
v 2.670253 -1.108365 -0.544018
v 2.710721 -0.830091 -0.532493
v 2.857666 -0.930625 -0.391195
v 2.757946 -1.099958 -0.471684
v 2.847364 -1.103812 -0.402301
v 2.803736 -1.255869 -0.438328
v 2.740886 -1.339225 -0.463604
v 2.663024 -1.440487 -0.478149
v 2.515314 -1.507063 -0.483275
v 2.422296 -1.510915 -0.494169
v 2.249663 -1.492705 -0.531270
v 2.079600 -1.473377 -0.654997
v 2.960118 -0.941827 -0.284743
v 2.928787 -1.107467 -0.312054
v 2.893096 -1.302168 -0.332049
v 2.824356 -1.407256 -0.355013
v 2.721135 -1.520418 -0.362378
v 2.545261 -1.593300 -0.386310
v 2.396607 -1.593239 -0.389972
v 2.243492 -1.584783 -0.431143
v 2.048200 -1.581983 -0.555832
v 2.970902 -0.959664 0.000000
v 2.931756 -1.129655 0.000000
v 2.896234 -1.319560 0.000000
v 2.821376 -1.431534 0.000000
v 2.706963 -1.528854 0.000000
v 2.534227 -1.617078 0.000000
v 2.348182 -1.624595 0.000000
v 2.167167 -1.596326 0.000000
v 1.920432 -1.567396 0.000000
v 2.881063 -0.493146 -0.521968
v 2.736198 -0.346225 -0.659345
v 2.835437 -0.231101 -0.577890
v 2.986408 -0.413503 -0.428964
v 2.910769 -0.638444 -0.431191
v 2.825540 -0.567578 -0.552597
v 2.688131 -0.517509 -0.672975
v 2.647368 -0.611550 -0.669485
v 2.618307 -0.549092 -0.805491
v 2.993075 -0.708434 -0.342596
v 3.045715 -0.767786 -0.261741
v 3.065544 -0.788768 0.000000
v 3.107533 -0.691019 -0.264602
v 3.118124 -0.703925 0.000000
v 3.053144 -0.609681 -0.326931
v -2.033406 -0.910030 -0.964220
v -2.119856 -1.128800 -0.970960
v -2.306662 -1.116976 -0.961238
v -2.031698 -1.097344 -0.966701
v -1.782298 -1.020581 -0.943381
v -2.462835 -1.305500 -0.966395
v -2.337617 -1.334842 -0.966761
v -2.161843 -1.325837 -0.957465
v -2.042059 -1.312976 -0.940911
v -1.776785 -1.275107 -0.914703
v -1.709172 -1.283232 -0.897427
v -1.456655 -1.295527 -0.894240
v -2.591357 -1.510845 -0.885470
v -2.417777 -1.553136 -0.887222
v -2.223917 -1.541268 -0.879260
v -2.049879 -1.562369 -0.829319
v -1.777628 -1.473076 -0.845827
v -1.778934 -1.550199 -0.776454
v -1.686329 -1.414405 -0.869373
v -1.592146 -1.408592 -0.838483
v -1.552229 -1.555077 -0.735708
v -1.659758 -1.544361 -0.788181
v -1.366873 -1.340211 -0.907567
v -1.376186 -1.661988 -0.718954
v -1.198513 -1.456102 -0.885435
v -1.200688 -1.577575 -0.799188
v -0.953236 -1.545941 -0.899180
v -0.953236 -1.545941 -0.899180
v -1.091175 -1.707120 -0.727242
v -1.226563 -1.655159 -0.687343
v -1.200688 -1.577575 -0.799188
v -1.376186 -1.661988 -0.718954
v -1.089642 -1.757196 -0.685154
v -1.266738 -1.691944 -0.557922
v -0.972089 -1.774507 -0.768570
v -0.812845 -1.785424 -0.768511
v -0.535144 -1.615983 -0.920556
v -0.680046 -1.768325 -0.819080
v -0.564074 -1.789401 -0.803191
v -0.422877 -1.751200 -0.823423
v -0.063012 -1.583021 -0.865082
v -0.078470 -1.688266 -0.800230
v -0.094135 -1.769086 -0.556924
v -0.543078 -1.810473 -0.563825
v -0.977375 -1.793126 -0.498747
v -1.108758 -1.770749 -0.473033
v -1.305099 -1.708460 -0.484230
v -1.397474 -1.693815 -0.570541
v -1.397474 -1.693815 -0.570541
v -1.480217 -1.656600 -0.606638
v -1.376186 -1.661988 -0.718954
v -1.552229 -1.555077 -0.735708
v -1.601625 -1.593321 -0.605607
v -1.519339 -1.653776 -0.501741
v -1.406693 -1.697325 -0.450399
v -1.576196 -1.696317 -0.358146
v -1.386502 -1.718441 -0.350823
v -1.386502 -1.718441 -0.350823
v -1.406693 -1.697325 -0.450399
v -1.305099 -1.708460 -0.484230
v -0.972514 -1.822778 -0.372649
v -0.977375 -1.793126 -0.498747
v -0.543078 -1.810473 -0.563825
v -0.523838 -1.850065 -0.388007
v -0.094135 -1.769086 -0.556924
v -0.112666 -1.806584 -0.383324
v 0.489819 -1.524947 -0.672392
v 0.480235 -1.631521 -0.401961
v 0.446550 -1.672950 0.000000
v -0.155114 -1.828285 0.000000
v -0.530369 -1.860806 0.000000
v -0.956007 -1.825728 0.000000
v -1.395728 -1.723811 0.000000
v -1.386502 -1.718441 -0.350823
v -1.395728 -1.723811 0.000000
v -1.610025 -1.711571 0.000000
v -1.576196 -1.696317 -0.358146
v -1.799827 -1.753136 0.000000
v -1.764045 -1.764987 -0.406586
v -1.747790 -1.667608 -0.606340
v -1.601625 -1.593321 -0.605607
v -1.778934 -1.550199 -0.776454
v -1.659758 -1.544361 -0.788181
v -1.552229 -1.555077 -0.735708
v -2.734184 -1.717948 -0.749581
v -2.591357 -1.510845 -0.885470
v -2.417777 -1.553136 -0.887222
v -2.508885 -1.719933 -0.721675
v -2.223917 -1.541268 -0.879260
v -2.267049 -1.753901 -0.662106
v -2.049879 -1.562369 -0.829319
v -2.037371 -1.736360 -0.656787
v -1.883160 -1.829718 -0.401567
v -1.936032 -1.829617 -0.488916
v -2.027242 -1.813012 -0.555232
v -2.126375 -1.866497 -0.502895
v -2.176551 -1.873816 -0.445782
v -2.317557 -1.874200 -0.470587
v -2.446375 -1.893261 -0.494110
v -2.466779 -1.857679 -0.570461
v -2.547737 -1.833025 -0.609321
v -2.647220 -1.844010 -0.594347
v -2.699966 -1.850397 -0.570070
v -2.811581 -1.798210 -0.712737
v -2.941731 -1.787431 -0.442574
v -2.709403 -1.879947 -0.508775
v -2.684452 -1.891207 -0.447388
v -2.892162 -1.781087 0.000000
v -2.614084 -1.905005 -0.404925
v -2.656867 -1.853045 0.000000
v -2.503818 -1.909806 -0.431456
v -2.348005 -1.869142 0.000000
v -2.147113 -1.903198 -0.362462
v -2.062725 -1.884246 -0.307336
v -2.092921 -1.839622 0.000000
v -1.946306 -1.872735 -0.344251
v -1.089642 -1.757196 -0.685154
v -0.972089 -1.774507 -0.768570
v -0.977375 -1.793126 -0.498747
v -0.812845 -1.785424 -0.768511
v -3.139394 -1.687482 -0.638546
v -3.120907 -1.707924 -0.431829
v -3.314868 -1.599081 -0.439626
v -3.304804 -1.582192 -0.643445
v -3.442085 -1.484120 -0.406377
v -3.387254 -1.486027 -0.672861
v -3.557869 -1.325941 -0.378030
v -3.533910 -1.330455 -0.568246
v -3.639586 -1.140102 -0.333800
v -3.631179 -1.157838 -0.505610
v -3.686518 -0.955181 -0.320349
v -3.667859 -0.964867 -0.464702
v -3.676599 -0.729578 -0.330724
v -3.665774 -0.734080 -0.446286
v -3.616627 -0.350374 -0.338492
v -3.595973 -0.346391 -0.426453
v -3.570243 -0.060093 -0.344854
v -3.529709 -0.065998 -0.437217
v -3.535416 0.191408 -0.338478
v -3.516840 0.149002 -0.430359
v -3.536654 0.442277 -0.322000
v -3.552320 0.219613 -0.000000
v -3.544507 0.467147 -0.000000
v -3.583763 -0.052271 0.000000
v -3.637643 -0.356271 0.000000
v -3.673607 -0.720796 0.000000
v -3.678793 -0.926816 0.000000
v -3.650579 -1.142448 0.000000
v -3.522115 -1.366623 0.000000
v -3.417689 -1.494416 0.000000
v -3.271035 -1.609292 0.000000
v -3.110300 -1.691720 0.000000
v -2.941731 -1.787431 -0.442574
v -2.892162 -1.781087 0.000000
v -3.470778 -0.078218 -0.546398
v -3.526766 -0.317542 -0.560837
v -3.569993 -0.731989 -0.649435
v -3.550120 -0.984868 -0.675228
v -3.492599 -1.180646 -0.692282
v -3.335942 -1.365685 -0.724590
v -3.415655 -0.308965 -0.671045
v -3.283698 -0.730967 -0.793898
v -3.438226 -0.721479 -0.728141
v -3.355398 -0.969157 -0.766213
v -3.279790 -1.162072 -0.784602
v -3.251210 -0.948205 -0.819868
v -3.566995 0.656967 -0.000000
v -3.556552 0.704883 -0.280630
v -3.599077 0.796217 -0.000000
v -3.578170 0.837714 -0.288502
v 1.734568 -2.965876 -0.986396
v 1.718315 -2.775468 -0.921796
v 1.771416 -2.769024 -0.946100
v 1.806371 -2.949735 -0.984058
v 1.911792 -2.895773 -0.950117
v 1.880971 -2.733242 -0.890200
v 1.960643 -2.712860 -0.900890
v 2.021366 -2.881725 -0.945561
v 1.994078 -2.713047 -0.824553
v 2.057496 -2.887282 -0.844225
v 1.735077 -3.022732 -0.972751
v 1.802387 -3.089615 -0.961851
v 1.721745 -3.116887 -0.979111
v 1.811797 -3.135641 -0.933096
v 1.970051 -3.141862 -1.065178
v 2.110033 -3.148257 -1.068816
v 2.148880 -3.221616 -1.076203
v 2.031262 -3.256709 -1.111122
v 2.247981 -3.342804 -1.127459
v 2.138771 -3.397683 -1.214726
v 2.343303 -3.507846 -1.195262
v 2.254361 -3.550931 -1.235118
v 2.025468 -3.556842 -1.204841
v 1.981186 -3.441282 -1.180532
v 1.926176 -3.288880 -1.093746
v 1.886443 -3.191742 -1.047318
v 2.281229 -3.338250 -1.043475
v 2.201939 -3.226457 -0.996503
v 2.170039 -3.134504 -0.978866
v 2.091539 -3.032437 -0.947029
v 2.113587 -3.011851 -0.851648
v 2.217369 -3.156093 -0.888927
v 1.841888 -3.246003 -1.014774
v 1.865135 -3.353827 -1.054981
v 1.919391 -3.487078 -1.110869
v 1.980621 -3.043895 -0.964237
v 2.021366 -2.881725 -0.945561
v 2.057496 -2.887282 -0.844225
v 2.113587 -3.011851 -0.851648
v 2.091539 -3.032437 -0.947029
v 1.911792 -2.895773 -0.950117
v 1.848272 -2.927260 -0.996966
v 1.830669 -2.736121 -0.903313
v 1.880971 -2.733242 -0.890200
v 1.806371 -2.949735 -0.984058
v 1.771416 -2.769024 -0.946100
v 1.705953 -3.006628 -0.832630
v 1.735077 -3.022732 -0.972751
v 1.721745 -3.116887 -0.979111
v 1.709173 -3.133145 -0.807940
v 1.811797 -3.135641 -0.933096
v 1.806407 -3.173343 -0.834455
v 1.806407 -3.173343 -0.834455
v 1.811797 -3.135641 -0.933096
v 1.841888 -3.246003 -1.014774
v 1.832790 -3.296508 -0.865078
v 1.933899 -3.546253 -0.912438
v 1.919391 -3.487078 -1.110869
v 2.025468 -3.556842 -1.204841
v 2.078928 -3.584991 -0.917088
v 1.865135 -3.353827 -1.054981
v 1.839523 -3.405292 -0.883488
v 1.741854 -3.114181 -0.700705
v 1.709173 -3.133145 -0.807940
v 1.806407 -3.173343 -0.834455
v 1.900481 -3.131932 -0.728621
v 1.832790 -3.296508 -0.865078
v 1.929730 -3.298418 -0.689538
v 1.900481 -3.131932 -0.728621
v 1.806407 -3.173343 -0.834455
v 1.839523 -3.405292 -0.883488
v 1.941325 -3.434803 -0.701314
v 1.933899 -3.546253 -0.912438
v 2.002745 -3.523420 -0.688103
v 2.078928 -3.584991 -0.917088
v 2.126553 -3.549679 -0.701005
v 2.197935 -3.583948 -0.936437
v 2.244147 -3.545557 -0.732888
v 1.705953 -3.006628 -0.832630
v 1.709173 -3.133145 -0.807940
v 1.741854 -3.114181 -0.700705
v 1.776024 -2.980086 -0.707575
v 1.736425 -2.743683 -0.736866
v 1.700797 -2.794792 -0.824250
v 2.021366 -2.881725 -0.945561
v 2.091539 -3.032437 -0.947029
v 1.980621 -3.043895 -0.964237
v 1.911792 -2.895773 -0.950117
v 1.898573 -3.068274 -0.994338
v 1.980621 -3.043895 -0.964237
v 2.110033 -3.148257 -1.068816
v 1.970051 -3.141862 -1.065178
v 1.980621 -3.043895 -0.964237
v 1.898573 -3.068274 -0.994338
v 1.848272 -2.927260 -0.996966
v 1.911792 -2.895773 -0.950117
v 1.855134 -3.083228 -0.986129
v 1.806371 -2.949735 -0.984058
v 1.855134 -3.083228 -0.986129
v 1.898573 -3.068274 -0.994338
v 1.970051 -3.141862 -1.065178
v 1.886443 -3.191742 -1.047318
v 1.811797 -3.135641 -0.933096
v 1.841888 -3.246003 -1.014774
v 1.802387 -3.089615 -0.961851
v 1.855134 -3.083228 -0.986129
v 1.811797 -3.135641 -0.933096
v 1.735077 -3.022732 -0.972751
v 1.806371 -2.949735 -0.984058
v 1.705953 -3.006628 -0.832630
v 1.734568 -2.965876 -0.986396
v 2.217369 -3.156093 -0.888927
v 2.113587 -3.011851 -0.851648
v 2.073690 -3.020848 -0.782654
v 2.187495 -3.161535 -0.800285
v 2.113587 -3.011851 -0.851648
v 2.057496 -2.887282 -0.844225
v 2.001343 -2.847715 -0.762517
v 2.073690 -3.020848 -0.782654
v 2.170039 -3.134504 -0.978866
v 2.217369 -3.156093 -0.888927
v 2.236407 -3.220054 -0.892030
v 2.201939 -3.226457 -0.996503
v 2.247981 -3.342804 -1.127459
v 2.281229 -3.338250 -1.043475
v 2.386827 -3.462222 -1.136480
v 2.343303 -3.507846 -1.195262
v 2.327021 -3.352317 -0.958234
v 2.440236 -3.509564 -1.019417
v 2.309358 -3.345468 -0.801508
v 2.377814 -3.484109 -0.800332
v 2.235942 -3.243103 -0.823955
v 2.187495 -3.161535 -0.800285
v 1.741854 -3.114181 -0.700705
v 1.900481 -3.131932 -0.728621
v 1.857471 -2.950722 -0.669988
v 1.776024 -2.980086 -0.707575
v 1.998099 -3.039955 -0.718855
v 1.945632 -2.876710 -0.703118
v 2.073690 -3.020848 -0.782654
v 2.001343 -2.847715 -0.762517
v 1.884318 -2.724404 -0.701999
v 1.841282 -2.716008 -0.708009
v 1.972647 -2.728848 -0.772496
v 1.900481 -3.131932 -0.728621
v 1.929730 -3.298418 -0.689538
v 2.059222 -3.230076 -0.674936
v 1.998099 -3.039955 -0.718855
v 2.187495 -3.161535 -0.800285
v 2.073690 -3.020848 -0.782654
v 1.941325 -3.434803 -0.701314
v 2.107985 -3.363571 -0.677007
v 2.235942 -3.243103 -0.823955
v 1.776024 -2.980086 -0.707575
v 1.857471 -2.950722 -0.669988
v 1.841282 -2.716008 -0.708009
v 1.736425 -2.743683 -0.736866
v 2.107985 -3.363571 -0.677007
v 1.941325 -3.434803 -0.701314
v 2.002745 -3.523420 -0.688103
v 2.126553 -3.549679 -0.701005
v 2.235942 -3.243103 -0.823955
v 2.309358 -3.345468 -0.801508
v 2.244147 -3.545557 -0.732888
v 2.377814 -3.484109 -0.800332
v 2.440236 -3.509564 -1.019417
v 2.197935 -3.583948 -0.936437
v 2.078928 -3.584991 -0.917088
v 2.025468 -3.556842 -1.204841
v 2.254361 -3.550931 -1.235118
v -2.591357 -1.510845 -0.885470
v -2.734184 -1.717948 -0.749581
v -2.837147 -1.791733 -0.921563
v -2.687162 -1.539807 -0.988048
v -2.918293 -1.904184 -1.004659
v -2.765069 -1.561164 -1.084313
v -3.010917 -1.884498 -1.083510
v -2.862576 -1.546894 -1.117139
v -3.117476 -1.866892 -1.108034
v -2.955052 -1.496840 -1.128812
v -3.232610 -1.834299 -1.087832
v -3.063133 -1.440555 -1.090926
v -3.365990 -1.485170 -0.888076
v -3.490520 -1.760417 -0.903104
v -3.498521 -1.762078 -0.762472
v -3.387254 -1.486027 -0.672861
v -3.335942 -1.365685 -0.724590
v -3.319817 -1.365015 -0.886015
v -3.078699 -2.553982 -1.046834
v -3.162498 -2.556375 -1.058409
v -3.177824 -2.279173 -1.047580
v -3.068444 -2.260195 -1.035070
v -3.169489 -2.110039 -1.076796
v -3.047974 -2.109628 -1.063497
v -3.207447 -2.103206 -1.071366
v -3.251541 -2.564050 -1.023627
v -3.281816 -2.305055 -1.001878
v -3.327526 -2.075729 -1.005328
v -3.357996 -1.811803 -0.975625
v -3.347304 -2.573628 -0.955211
v -3.389388 -2.305625 -0.950348
v -3.451965 -2.077314 -0.931974
v -3.022819 -2.522240 -0.979148
v -3.007483 -2.270712 -0.984279
v -2.969687 -2.097941 -0.982836
v -2.892438 -1.950810 -0.878120
v -2.981187 -2.142718 -0.858353
v -3.030605 -2.311222 -0.884330
v -3.046610 -2.510881 -0.900772
v -2.964215 -1.978727 -0.776572
v -3.040398 -2.156239 -0.808208
v -3.120761 -2.157770 -0.766432
v -3.144012 -2.333635 -0.829994
v -3.066022 -1.953125 -0.719516
v -3.211005 -1.850398 -0.700723
v -3.253309 -2.137354 -0.760713
v -3.235873 -2.335338 -0.820588
v -3.240554 -2.555467 -0.856262
v -3.132772 -2.528669 -0.848639
v -3.304804 -1.582192 -0.643445
v -3.381262 -1.828189 -0.697034
v -3.139394 -1.687482 -0.638546
v -3.422698 -2.070796 -0.773898
v -3.339489 -2.328145 -0.827572
v -3.297886 -2.549020 -0.861657
v -3.463753 -2.079892 -0.844667
v -3.412068 -2.356105 -0.865813
v -3.372066 -2.569159 -0.904785
v -3.342096 -1.533989 -0.921628
v 1.953911 -2.462233 -0.830594
v 1.930747 -2.463535 -0.894743
v 1.985330 -2.221319 -0.893145
v 2.024530 -2.195334 -0.811284
v 2.013095 -2.051912 -0.911043
v 2.047696 -2.050138 -0.814712
v 2.021591 -1.755289 -0.912093
v 2.053108 -1.738285 -0.824853
v 2.036036 -1.579080 -0.967151
v 2.059844 -1.561331 -0.858957
v 1.678986 -2.513137 -0.891745
v 1.737623 -2.485017 -0.918334
v 1.771416 -2.769024 -0.946100
v 1.718315 -2.775468 -0.921796
v 1.648793 -2.280014 -0.929365
v 1.710406 -2.272223 -0.954296
v 1.624900 -2.087301 -0.963391
v 1.720031 -2.105568 -0.971354
v 1.572979 -1.827591 -0.985823
v 1.717145 -1.809530 -1.004092
v 1.541750 -1.643613 -1.014190
v 1.650318 -1.645881 -1.053347
v 1.586321 -2.273752 -0.880969
v 1.655948 -2.520927 -0.844269
v 1.529305 -2.092083 -0.887353
v 1.508714 -1.808578 -0.934359
v 1.480629 -1.640132 -0.953447
v 1.601290 -2.267132 -0.787696
v 1.663494 -2.485963 -0.790773
v 1.544087 -2.080722 -0.786432
v 1.473886 -1.818947 -0.799576
v 1.451825 -1.576856 -0.702758
v 1.677597 -2.237953 -0.696318
v 1.756349 -2.446399 -0.705428
v 1.643403 -2.076583 -0.689565
v 1.596751 -1.722028 -0.684655
v 1.599889 -1.595526 -0.623185
v 1.994078 -2.713047 -0.824553
v 1.960643 -2.712860 -0.900890
v 1.864064 -2.469953 -0.935601
v 1.880971 -2.733242 -0.890200
v 1.941767 -1.759457 -0.997454
v 1.937009 -1.625419 -1.026843
v 1.918641 -2.083654 -1.001275
v 1.906370 -2.282284 -0.964887
v 1.801127 -2.484690 -0.938593
v 1.830669 -2.736121 -0.903313
v 1.804927 -1.581954 -1.089198
v 1.818846 -1.756976 -1.023593
v 1.839224 -2.109267 -0.998351
v 1.818266 -2.313852 -0.968652
v 1.980621 -3.043895 -0.964237
v 2.091539 -3.032437 -0.947029
v 2.170039 -3.134504 -0.978866
v 2.197935 -3.583948 -0.936437
v 2.254361 -3.550931 -1.235118
v 2.343303 -3.507846 -1.195262
v 2.386827 -3.462222 -1.136480
v 2.440236 -3.509564 -1.019417
v 1.841282 -2.716008 -0.708009
v 1.756349 -2.446399 -0.705428
v 1.663494 -2.485963 -0.790773
v 1.736425 -2.743683 -0.736866
v 1.740323 -1.679830 -0.664098
v 1.721211 -1.590185 -0.601932
v 1.599889 -1.595526 -0.623185
v 1.596751 -1.722028 -0.684655
v 1.747671 -2.067518 -0.638841
v 1.643403 -2.076583 -0.689565
v 1.772999 -2.230292 -0.644940
v 1.677597 -2.237953 -0.696318
v 1.655948 -2.520927 -0.844269
v 1.700797 -2.794792 -0.824250
v 2.057496 -2.887282 -0.844225
v 1.994078 -2.713047 -0.824553
v 1.972647 -2.728848 -0.772496
v 2.001343 -2.847715 -0.762517
v 1.828658 -2.477348 -0.673470
v 1.884318 -2.724404 -0.701999
v 1.947264 -2.443232 -0.732587
v 1.921881 -2.157616 -0.692678
v 1.953911 -2.462233 -0.830594
v 1.991892 -1.748400 -0.652770
v 1.963153 -1.588839 -0.612861
v 1.945206 -2.015769 -0.672724
v 2.053108 -1.738285 -0.824853
v 2.059844 -1.561331 -0.858957
v 2.047696 -2.050138 -0.814712
v 2.024530 -2.195334 -0.811284
v 2.111557 -1.376942 -0.896570
v 2.141273 -1.234642 -0.941254
v 2.158051 -1.209613 -0.783941
v 2.126237 -1.330172 -0.721011
v 2.071448 -1.410118 -1.006192
v 2.099566 -1.259996 -1.055763
v 1.974215 -1.469208 -1.068951
v 1.966698 -1.228160 -1.153716
v 1.801794 -1.465464 -1.129277
v 1.805207 -1.268427 -1.165317
v 1.612396 -1.485728 -1.099731
v 1.601721 -1.262359 -1.141420
v 1.516700 -1.453050 -1.068516
v 1.497480 -1.283201 -1.088258
v 1.454817 -1.430228 -0.976569
v 1.430817 -1.301205 -1.024924
v 1.328862 -1.352627 -0.758733
v 1.348219 -1.282064 -0.845204
v 2.177450 -1.127765 -0.974416
v 2.180012 -1.130557 -0.821812
v 2.148553 -1.103067 -1.065410
v 2.024692 -1.074646 -1.172465
v 1.838895 -1.087204 -1.201408
v 1.645819 -1.087442 -1.173773
v 1.524407 -1.125312 -1.142248
v 1.438439 -1.148029 -1.098069
v 1.310865 -1.136322 -0.914838
v 2.079600 -1.473377 -0.654997
v 2.048200 -1.581983 -0.555832
v 1.804927 -1.581954 -1.089198
v 1.650318 -1.645881 -1.053347
v 1.937009 -1.625419 -1.026843
v 2.036036 -1.579080 -0.967151
v 2.222082 -0.957342 -1.014137
v 2.229345 -0.992723 -0.862826
v 1.635139 -0.965221 -1.184968
v 1.867657 -0.920633 -1.206933
v 2.058189 -0.931238 -1.163518
v 2.158585 -0.955809 -1.113647
v 1.480629 -1.640132 -0.953447
v 1.451825 -1.576856 -0.702758
v 1.337875 -0.945716 -1.021299
v 1.428883 -0.986690 -1.133905
v 1.541750 -1.643613 -1.014190
v 1.536037 -0.985876 -1.185597
v 3.233975 2.059193 -0.072431
v 3.009101 1.971604 -0.034220
v 2.985371 1.982663 -0.000000
v 3.247406 2.073333 -0.000000
v 3.252224 2.026347 -0.148215
v 3.036361 1.913989 -0.169838
v 3.276333 1.863773 -0.294266
v 3.058366 1.773346 -0.297337
v 3.337545 1.748927 -0.340210
v 3.086666 1.632991 -0.338863
v 3.377233 1.587800 -0.400781
v 3.115383 1.492390 -0.380228
v 3.473410 1.366149 -0.454658
v 3.163181 1.209972 -0.462438
v 3.528445 1.060127 -0.489443
v 3.189664 0.907503 -0.500122
v 3.559394 0.706516 -0.452535
v 3.280681 0.510802 -0.499434
v 3.619650 0.472046 -0.391742
v 3.321825 0.266690 -0.465750
v 3.641195 0.407454 -0.362198
v 3.360040 0.165487 -0.412685
v 3.674710 0.338839 -0.307840
v 3.378799 0.073736 -0.355362
v 3.700363 0.265794 -0.240762
v 3.438950 -0.082580 -0.257015
v 3.737014 0.181837 -0.176819
v 3.514981 -0.121886 -0.187589
v 3.731689 0.186391 -0.000000
v 3.486028 -0.141683 0.000000
v 3.716360 2.343387 -0.000000
v 3.727093 2.308406 -0.150049
v 3.458300 2.151656 -0.102662
v 3.454971 2.169877 -0.000000
v 4.120842 0.627141 -0.185461
v 4.126565 0.642027 -0.000000
v 3.929251 0.411689 -0.000000
v 3.955635 0.432417 -0.197586
v 3.889626 0.475277 -0.247365
v 4.105198 0.672581 -0.300001
v 3.861841 0.560638 -0.311961
v 4.068249 0.798926 -0.400813
v 3.849352 0.664451 -0.387198
v 4.041657 1.039756 -0.496922
v 3.823137 0.853054 -0.461519
v 3.988510 1.297806 -0.539537
v 3.747724 1.184933 -0.518662
v 3.886058 1.550141 -0.504830
v 3.650974 1.463740 -0.478617
v 3.881998 1.764428 -0.476337
v 3.590526 1.701090 -0.411994
v 3.814876 1.968416 -0.443000
v 3.541188 1.849183 -0.386366
v 3.758215 2.206683 -0.323051
v 3.479418 1.978250 -0.317478
v 3.745669 2.266001 -0.241930
v 3.460196 2.103494 -0.180368
v 3.118124 -0.703925 0.000000
v 3.107533 -0.691019 -0.264602
v 3.342159 -0.384674 -0.201349
v 3.335210 -0.375755 0.000000
v 2.361089 1.766660 -0.202595
v 2.339597 1.807702 -0.000000
v 2.723503 1.898839 -0.000000
v 2.715712 1.828219 -0.167709
v 2.406969 1.645328 -0.341479
v 2.738132 1.687333 -0.295046
v 2.519027 1.485931 -0.422962
v 2.775680 1.538710 -0.352829
v 2.553871 1.284278 -0.512335
v 2.815366 1.377583 -0.413399
v 2.637461 1.017260 -0.581611
v 2.854291 1.093951 -0.494650
v 2.747937 0.712253 -0.615674
v 2.948387 0.783357 -0.515058
v 2.811504 0.469098 -0.657443
v 3.061090 0.397226 -0.574193
v 2.898733 0.271916 -0.651298
v 2.919870 0.084875 -0.642460
v 3.136321 0.171237 -0.539896
v 2.953029 -0.127690 -0.520499
v 3.166160 0.021310 -0.457261
v 2.986408 -0.413503 -0.428964
v 3.199571 -0.153739 -0.380150
v 3.053144 -0.609681 -0.326931
v 3.286426 -0.300744 -0.276331
v 2.835437 -0.231101 -0.577890
v 2.753156 0.400829 -0.713141
v 2.679445 0.687427 -0.720573
v 2.790681 0.219187 -0.718263
v 2.790657 0.044324 -0.717488
v 2.736198 -0.346225 -0.659345
v 2.743995 -0.129852 -0.718277
v 2.514162 0.988713 -0.674527
v 2.482917 0.997637 -0.702425
v 2.396355 1.242239 -0.597722
v 2.618307 -0.549092 -0.805491
v 2.539200 -0.727778 -0.750475
v 2.410367 -0.777999 -0.841105
v 2.543372 -0.548031 -0.937182
v 2.690576 -0.368057 -0.819343
v 2.594499 -0.422948 -0.981263
v 2.702577 -0.197406 -0.795611
v 2.607430 -0.208248 -0.974218
v 2.734183 0.038769 -0.865810
v 2.649413 0.031535 -1.024796
v 2.731512 0.219003 -0.891585
v 2.668936 0.206182 -1.014371
v 2.706960 0.393597 -0.849582
v 2.616001 0.447717 -0.960748
v 2.604217 0.728827 -0.769671
v 2.570400 0.738683 -0.830405
v 2.688131 -0.517509 -0.672975
v 2.542439 0.999928 -0.648592
v 2.132390 1.755821 -0.180271
v 2.128139 1.788397 -0.000000
v 2.183003 1.654070 -0.341767
v 2.301359 1.397721 -0.546015
v 2.292449 -0.871852 -0.882400
v 2.245624 -0.864372 -0.995778
v 2.346081 -0.745350 -1.013296
v 2.096552 1.678482 -0.326810
v 2.069379 1.727818 -0.212746
v 2.189848 1.468992 -0.517501
v 2.266003 1.273253 -0.663332
v 2.347317 1.066114 -0.758763
v 2.399389 0.782091 -0.915279
v 2.448969 0.529858 -1.037335
v 2.495354 0.250522 -1.132081
v 2.500490 -0.035029 -1.170179
v 2.452588 -0.244072 -1.138797
v 2.439827 -0.395385 -1.131324
v 2.384638 -0.591919 -1.043058
v 2.013534 -0.662303 -1.191491
v 2.108912 -0.357128 -1.259691
v 2.042206 1.777154 -0.000000
v 1.807583 1.756546 -0.177627
v 1.794465 1.787719 -0.000000
v 2.136269 -0.187666 -1.278057
v 2.141790 -0.055306 -1.295565
v 2.081700 0.283249 -1.259461
v 2.023441 0.529338 -1.144399
v 1.975941 0.827957 -1.018423
v 1.958254 1.130271 -0.861813
v 1.859443 1.450393 -0.632222
v 1.821946 1.618209 -0.403751
v 1.798719 1.714447 -0.259352
v 0.737904 1.604213 -0.281713
v 0.223642 1.684075 -0.160743
v 0.234527 1.730117 -0.000000
v 0.733818 1.740873 -0.000000
v 0.725959 1.478055 -0.461804
v 0.237330 1.595746 -0.288672
v 0.760722 1.205036 -0.700545
v 0.289039 1.496446 -0.430055
v 0.857323 0.985001 -0.874029
v 0.305671 1.298417 -0.629719
v 0.921312 0.755659 -0.999330
v 0.243473 1.134082 -0.819993
v 0.939271 0.379986 -1.185872
v 0.316341 0.785311 -1.086260
v 0.927775 0.195225 -1.233043
v 0.539252 0.353984 -1.254493
v 0.950215 0.042751 -1.256188
v 0.539150 0.148262 -1.321014
v 0.943855 -0.101127 -1.274771
v 0.516872 -0.020713 -1.356627
v 0.960321 -0.308052 -1.243133
v 0.542386 -0.188227 -1.370375
v 0.974530 -0.525273 -1.140353
v 0.546875 -0.390940 -1.363244
v 0.948819 -0.638568 -1.102958
v 0.550658 -0.633015 -1.331311
v 0.939974 -0.894739 -1.019809
v 0.527724 -0.862854 -1.253811
v 0.956456 -1.070504 -0.921063
v 0.544825 -1.133123 -1.096902
v 0.930660 -1.216516 -0.831196
v 0.530629 -1.316423 -0.929842
v 0.922703 -1.296032 -0.728307
v 0.538756 -1.408602 -0.764911
v 0.912699 -1.455066 -0.576185
v 0.489819 -1.524947 -0.672392
v 0.912989 -1.499314 -0.419547
v 0.480235 -1.631521 -0.401961
v 0.927497 -1.558489 0.000000
v 0.446550 -1.672950 0.000000
v -0.221516 1.686349 -0.151403
v -0.559706 1.694180 -0.186107
v -0.547248 1.742126 -0.000000
v -0.228904 1.734267 -0.000000
v -0.267035 1.627058 -0.266577
v -0.557624 1.641278 -0.271462
v -0.247999 1.565146 -0.389142
v -0.626493 1.585426 -0.443136
v -0.179548 1.471301 -0.544513
v -0.597781 1.489620 -0.641047
v -0.192546 1.305535 -0.700080
v -0.674657 1.333008 -0.761059
v -0.406155 1.005088 -0.971088
v -0.910602 1.204118 -0.837740
v -0.115190 0.458427 -1.346197
v -0.969076 0.901205 -1.146223
v 0.005537 0.163519 -1.472265
v -0.752416 0.438132 -1.467349
v 0.018086 0.002865 -1.523199
v -0.645496 0.179261 -1.584316
v 0.034087 -0.225059 -1.542949
v -0.536767 -0.144454 -1.682232
v 0.010486 -0.502317 -1.576297
v -0.533528 -0.582280 -1.701405
v 0.021051 -0.831931 -1.511548
v -0.505045 -0.913827 -1.645612
v -0.041570 -1.143825 -1.395176
v -0.487217 -1.193519 -1.504026
v -0.071941 -1.346991 -1.237379
v -0.524231 -1.399266 -1.313019
v -0.072300 -1.450245 -1.087397
v -0.526127 -1.495000 -1.167736
v -0.063012 -1.583021 -0.865082
v -0.535144 -1.615983 -0.920556
v -0.894132 1.712652 -0.151911
v -1.215563 1.757097 -0.133494
v -1.179474 1.786649 -0.000000
v -0.866132 1.754670 -0.000000
v -0.954897 1.677544 -0.293034
v -1.227613 1.709095 -0.276029
v -1.017767 1.607824 -0.541965
v -1.292756 1.656509 -0.514030
v -1.046070 1.509097 -0.761060
v -1.338488 1.613735 -0.725441
v -1.115594 1.392380 -0.819623
v -1.403848 1.533059 -0.902827
v -1.278903 1.192051 -0.946843
v -1.551526 1.400025 -1.050193
v -1.200768 0.978822 -1.103391
v -1.552899 1.128654 -1.151040
v -1.147922 0.807955 -1.254191
v -1.454529 0.875045 -1.238858
v -1.120716 0.424016 -1.456990
v -1.405685 0.573835 -1.352181
v -1.077307 0.165008 -1.553393
v -1.479588 0.295746 -1.440042
v -1.053434 -0.342553 -1.690245
v -1.489699 -0.024215 -1.510987
v -1.077209 -0.869649 -1.633144
v -1.395501 -0.698702 -1.553257
v -1.061272 -1.141877 -1.496230
v -1.376176 -0.948757 -1.451608
v -1.001366 -1.335897 -1.353338
v -1.402349 -1.127845 -1.309055
v -0.952525 -1.440582 -1.168650
v -1.407658 -1.236026 -1.112930
v 1.644178 -0.857872 -1.208494
v 1.640095 -0.674556 -1.246804
v 1.462507 1.745481 -0.222394
v 1.456656 1.785879 -0.000000
v 1.483832 1.697594 -0.288781
v 1.497138 1.618935 -0.401108
v 1.504951 1.483493 -0.585976
v 1.517126 1.334367 -0.741076
v 1.570685 0.938327 -0.989108
v 1.582203 0.771083 -1.068180
v 1.630080 0.420236 -1.172369
v 1.649027 0.224458 -1.211969
v 1.660355 0.019397 -1.246002
v 1.664159 -0.189659 -1.266729
v 1.678622 -0.410061 -1.291177
v 1.604939 -1.556997 0.000000
v 1.920432 -1.567396 0.000000
v 1.210555 -1.460061 -0.576841
v 1.192040 -1.330605 -0.678707
v 1.223415 -1.532658 -0.434522
v 1.289448 -1.546597 0.000000
v 1.219163 -1.218342 -0.823029
v 1.252961 -0.928825 -1.001643
v 1.373216 -0.564620 -1.106245
v 1.230116 -1.085439 -0.894543
v -0.078470 -1.688266 -0.800230
v -0.094135 -1.769086 -0.556924
v -0.953236 -1.545941 -0.899180
v 2.881063 -0.493146 -0.521968
v 2.663024 -1.440487 -0.478149
v 2.740886 -1.339225 -0.463604
v 2.824356 -1.407256 -0.355013
v -1.365948 1.769608 -0.133901
v -1.350950 1.807009 -0.000000
v -1.396332 1.723782 -0.267642
v -1.417595 1.676180 -0.529265
v -1.465432 1.655336 -0.722125
v -1.582187 1.567542 -0.982349
v -1.721806 1.391264 -1.113307
v -1.733703 1.083864 -1.181489
v -1.807421 0.657142 -1.209422
v -1.796156 0.452382 -1.243643
v -1.810920 0.287592 -1.292257
v -1.795130 0.033439 -1.371160
v -1.802864 -0.282523 -1.401315
v -1.837859 -0.540871 -1.295851
v -1.782928 -0.770786 -1.173619
v -1.757573 -0.945337 -1.075832
v -1.683863 1.789041 -0.121501
v -1.676510 1.826886 -0.000000
v -1.714432 1.747956 -0.247594
v -1.744732 1.734849 -0.433807
v -1.929731 1.617188 -0.806390
v -1.996117 1.387891 -1.064104
v -1.980388 1.134038 -1.143196
v -2.013663 0.810726 -1.158827
v -2.030191 0.547622 -1.189762
v -2.021159 0.411979 -1.234679
v -1.932916 0.232972 -1.304589
v -1.897394 0.037852 -1.365798
v -1.950547 -0.275573 -1.377028
v -2.033655 -0.526012 -1.277639
v -2.050292 -0.755566 -1.114167
v -2.043593 -0.875823 -1.028879
v -1.782298 -1.020581 -0.943381
v -2.033406 -0.910030 -0.964220
v -1.198513 -1.456102 -0.885435
v -1.456655 -1.295527 -0.894240
v -1.366873 -1.340211 -0.907567
v -2.079597 1.817785 -0.138375
v -2.057387 1.841308 -0.000000
v -2.100170 1.789980 -0.229245
v -2.137524 1.753182 -0.433142
v -2.172139 1.623010 -0.805318
v -2.205791 1.356023 -1.081662
v -2.296056 1.062810 -1.171139
v -2.298249 0.768333 -1.203884
v -2.256285 0.547326 -1.238301
v -2.158400 0.381542 -1.272962
v -2.070413 0.207766 -1.335106
v -2.064786 0.018789 -1.411866
v -2.187634 -0.375454 -1.406902
v -2.276341 -0.689823 -1.268026
v -2.292049 -0.933921 -1.128136
v -2.299356 -1.025449 -1.044687
v -2.306662 -1.116976 -0.961238
v -2.672899 1.905110 -0.067168
v -2.629466 1.918204 -0.000000
v -2.697367 1.871291 -0.218796
v -2.703112 1.825435 -0.395127
v -2.715246 1.746763 -0.604653
v -2.717480 1.576797 -0.875971
v -2.684930 1.262021 -1.110490
v -2.572286 0.835495 -1.252192
v -2.536112 0.656633 -1.269661
v -2.520947 0.559036 -1.273617
v -2.473750 0.300945 -1.316695
v -2.433366 0.078222 -1.371269
v -2.414730 -0.108377 -1.395384
v -2.382920 -0.417450 -1.375045
v -2.430508 -0.822313 -1.254486
v -2.566746 -1.211312 -1.167101
v -3.053102 1.968810 -0.051104
v -3.037562 2.001526 -0.000000
v -3.077669 1.871112 -0.217368
v -3.075310 1.846000 -0.363149
v -3.109047 1.789477 -0.565323
v -3.085650 1.657340 -0.784479
v -3.028932 1.461517 -0.941324
v -2.930312 1.103580 -1.125876
v -2.825835 0.755899 -1.209042
v -2.790630 0.468810 -1.224273
v -2.787011 0.264495 -1.237352
v -2.687022 0.076781 -1.290565
v -2.649338 -0.241719 -1.339644
v -2.616467 -0.511373 -1.344133
v -2.624856 -0.888200 -1.261176
v -2.725776 -1.214862 -1.190384
v -2.765069 -1.561164 -1.084313
v -2.862576 -1.546894 -1.117139
v -3.358510 1.810253 -0.380095
v -3.519716 1.685231 -0.317130
v -3.507689 1.700214 -0.000000
v -3.392806 1.769365 -0.000000
v -3.395381 1.726325 -0.554770
v -3.527168 1.583508 -0.512679
v -3.338742 1.598933 -0.689636
v -3.512997 1.448050 -0.611386
v -3.278080 1.432418 -0.853958
v -3.476235 1.287798 -0.704766
v -3.244771 1.195540 -0.910945
v -3.442151 1.105486 -0.762934
v -3.196410 0.797564 -0.985913
v -3.379131 0.767915 -0.885996
v -3.112555 0.457376 -1.084816
v -3.306875 0.379713 -0.987620
v -3.044646 0.224321 -1.164934
v -3.251181 0.175063 -1.053445
v -2.971546 0.032038 -1.215971
v -3.160225 -0.018852 -1.113626
v -2.907080 -0.345582 -1.281557
v -3.101125 -0.354760 -1.162409
v -2.901159 -0.619504 -1.284058
v -3.096267 -0.668100 -1.140081
v -2.937658 -1.002749 -1.219413
v -3.122061 -0.998702 -1.065015
v -2.982676 -1.264649 -1.133596
v -3.150210 -1.259588 -1.001021
v -3.063133 -1.440555 -1.090926
v -3.188954 -1.408279 -0.963611
v -3.734989 1.589433 -0.295202
v -3.690685 1.602080 -0.000000
v -3.697974 1.466697 -0.433432
v -3.684619 1.350690 -0.501428
v -3.655148 1.190938 -0.573692
v -3.639878 1.015186 -0.615203
v -3.582867 0.734419 -0.697787
v -3.504525 0.405574 -0.847066
v -3.424258 0.158638 -0.918279
v -3.365413 -0.113447 -0.952400
v -3.290393 -0.424259 -0.984153
v -3.233333 -0.683782 -1.015512
v -3.238094 -0.979377 -0.961631
v -3.277510 -1.177346 -0.915300
v -3.319817 -1.365015 -0.886015
v -3.709741 1.351194 -0.211745
v -3.709827 1.417763 -0.000000
v -3.701634 1.272650 -0.270469
v -3.695872 1.156978 -0.316829
v -3.672431 1.044224 -0.364991
v -3.664355 0.932851 -0.370749
v -3.631292 0.701013 -0.420276
v -3.570384 0.385564 -0.524480
v -3.520188 0.140164 -0.618561
v -3.458251 -0.125950 -0.731712
v -3.406618 -0.343461 -0.746456
v -3.283698 -0.730967 -0.793898
v -2.687162 -1.539807 -0.988048
v -2.462835 -1.305500 -0.966395
v -2.591357 -1.510845 -0.885470
v -2.955052 -1.496840 -1.128812
v -3.232610 -1.834299 -1.087832
v -3.357996 -1.811803 -0.975625
v -3.342096 -1.533989 -0.921628
v -3.365990 -1.485170 -0.888076
v -2.892438 -1.950810 -0.878120
v -2.734184 -1.717948 -0.749581
v -2.811581 -1.798210 -0.712737
v -2.964215 -1.978727 -0.776572
v -2.837147 -1.791733 -0.921563
v -3.030605 -2.311222 -0.884330
v -3.144012 -2.333635 -0.829994
v -3.132772 -2.528669 -0.848639
v -3.046610 -2.510881 -0.900772
v -3.302419 -3.017921 -1.128514
v -3.320330 -2.827513 -1.063914
v -3.261810 -2.821069 -1.088218
v -3.223286 -3.001780 -1.126176
v -3.107105 -2.947818 -1.092235
v -3.141072 -2.785287 -1.032318
v -3.053267 -2.764905 -1.043008
v -2.986345 -2.933770 -1.087679
v -3.016419 -2.765091 -0.966671
v -2.946527 -2.939327 -0.986343
v -3.301857 -3.074776 -1.114869
v -3.227676 -3.141660 -1.103969
v -3.316551 -3.168932 -1.121229
v -3.217306 -3.187686 -1.075214
v -3.042899 -3.193907 -1.207296
v -2.888628 -3.200302 -1.210934
v -2.845816 -3.273661 -1.218321
v -2.975439 -3.308754 -1.253240
v -2.736599 -3.394849 -1.269577
v -2.856957 -3.449728 -1.356844
v -2.631547 -3.559891 -1.337380
v -2.729567 -3.602976 -1.377236
v -2.981824 -3.608887 -1.346959
v -3.030627 -3.493327 -1.322650
v -3.091252 -3.340925 -1.235864
v -3.135041 -3.243787 -1.189436
v -2.699957 -3.390295 -1.185593
v -2.787341 -3.278502 -1.138621
v -2.822497 -3.186549 -1.120984
v -2.909010 -3.084482 -1.089147
v -2.884711 -3.063896 -0.993766
v -2.770335 -3.208138 -1.031045
v -3.184143 -3.298048 -1.156892
v -3.158524 -3.405872 -1.197099
v -3.098730 -3.539123 -1.252987
v -3.031250 -3.095940 -1.106355
v -2.986345 -2.933770 -1.087679
v -2.946527 -2.939327 -0.986343
v -2.884711 -3.063896 -0.993766
v -2.909010 -3.084482 -1.089147
v -3.107105 -2.947818 -1.092235
v -3.177108 -2.979305 -1.139084
v -3.196508 -2.788166 -1.045431
v -3.141072 -2.785287 -1.032318
v -3.223286 -3.001780 -1.126176
v -3.261810 -2.821069 -1.088218
v -3.333954 -3.058673 -0.974748
v -3.301857 -3.074776 -1.114869
v -3.316551 -3.168932 -1.121229
v -3.330406 -3.185190 -0.950058
v -3.217306 -3.187686 -1.075214
v -3.223246 -3.225388 -0.976573
v -3.223246 -3.225388 -0.976573
v -3.217306 -3.187686 -1.075214
v -3.184143 -3.298048 -1.156892
v -3.194170 -3.348553 -1.007196
v -3.082741 -3.598298 -1.054556
v -3.098730 -3.539123 -1.252987
v -2.981824 -3.608887 -1.346959
v -2.922908 -3.637036 -1.059206
v -3.158524 -3.405872 -1.197099
v -3.186750 -3.457336 -1.025606
v -3.294389 -3.166225 -0.842823
v -3.330406 -3.185190 -0.950058
v -3.223246 -3.225388 -0.976573
v -3.119570 -3.183977 -0.870739
v -3.194170 -3.348553 -1.007196
v -3.087335 -3.350463 -0.831656
v -3.119570 -3.183977 -0.870739
v -3.223246 -3.225388 -0.976573
v -3.186750 -3.457336 -1.025606
v -3.074557 -3.486847 -0.843432
v -3.082741 -3.598298 -1.054556
v -3.006867 -3.575464 -0.830221
v -2.922908 -3.637036 -1.059206
v -2.870422 -3.601724 -0.843123
v -2.791754 -3.635993 -1.078555
v -2.740824 -3.597601 -0.875006
v -3.333954 -3.058673 -0.974748
v -3.330406 -3.185190 -0.950058
v -3.294389 -3.166225 -0.842823
v -3.256731 -3.032131 -0.849693
v -3.300372 -2.795728 -0.878984
v -3.339637 -2.846837 -0.966368
v -2.986345 -2.933770 -1.087679
v -2.909010 -3.084482 -1.089147
v -3.031250 -3.095940 -1.106355
v -3.107105 -2.947818 -1.092235
v -3.121673 -3.120319 -1.136456
v -3.031250 -3.095940 -1.106355
v -2.888628 -3.200302 -1.210934
v -3.042899 -3.193907 -1.207296
v -3.031250 -3.095940 -1.106355
v -3.121673 -3.120319 -1.136456
v -3.177108 -2.979305 -1.139084
v -3.107105 -2.947818 -1.092235
v -3.169546 -3.135273 -1.128247
v -3.223286 -3.001780 -1.126176
v -3.169546 -3.135273 -1.128247
v -3.121673 -3.120319 -1.136456
v -3.042899 -3.193907 -1.207296
v -3.135041 -3.243787 -1.189436
v -3.217306 -3.187686 -1.075214
v -3.184143 -3.298048 -1.156892
v -3.227676 -3.141660 -1.103969
v -3.169546 -3.135273 -1.128247
v -3.217306 -3.187686 -1.075214
v -3.301857 -3.074776 -1.114869
v -3.223286 -3.001780 -1.126176
v -3.333954 -3.058673 -0.974748
v -3.302419 -3.017921 -1.128514
v -3.339637 -2.846837 -0.966368
v -3.320330 -2.827513 -1.063914
v -2.770335 -3.208138 -1.031045
v -2.884711 -3.063896 -0.993766
v -2.928681 -3.072892 -0.924772
v -2.803260 -3.213580 -0.942403
v -2.884711 -3.063896 -0.993766
v -2.946527 -2.939327 -0.986343
v -3.008412 -2.899760 -0.904635
v -2.928681 -3.072892 -0.924772
v -2.822497 -3.186549 -1.120984
v -2.770335 -3.208138 -1.031045
v -2.749355 -3.272099 -1.034148
v -2.787341 -3.278502 -1.138621
v -2.736599 -3.394849 -1.269577
v -2.699957 -3.390295 -1.185593
v -2.583580 -3.514267 -1.278598
v -2.631547 -3.559891 -1.337380
v -2.649491 -3.404362 -1.100352
v -2.524720 -3.561609 -1.161535
v -2.668957 -3.397513 -0.943626
v -2.593513 -3.536154 -0.942450
v -2.749867 -3.295148 -0.966073
v -2.803260 -3.213580 -0.942403
v -3.294389 -3.166225 -0.842823
v -3.119570 -3.183977 -0.870739
v -3.166971 -3.002766 -0.812106
v -3.256731 -3.032131 -0.849693
v -3.011987 -3.092000 -0.860973
v -3.069810 -2.928755 -0.845236
v -2.928681 -3.072892 -0.924772
v -3.008412 -2.899760 -0.904635
v -3.137383 -2.776449 -0.844117
v -3.184812 -2.768053 -0.850127
v -3.040038 -2.780893 -0.914614
v -3.119570 -3.183977 -0.870739
v -3.087335 -3.350463 -0.831656
v -2.944625 -3.282121 -0.817054
v -3.011987 -3.092000 -0.860973
v -2.803260 -3.213580 -0.942403
v -2.928681 -3.072892 -0.924772
v -3.074557 -3.486847 -0.843432
v -2.890885 -3.415616 -0.819125
v -2.749867 -3.295148 -0.966073
v -3.256731 -3.032131 -0.849693
v -3.166971 -3.002766 -0.812106
v -3.184812 -2.768053 -0.850127
v -3.300372 -2.795728 -0.878984
v -2.890885 -3.415616 -0.819125
v -3.074557 -3.486847 -0.843432
v -3.006867 -3.575464 -0.830221
v -2.870422 -3.601724 -0.843123
v -2.749867 -3.295148 -0.966073
v -2.668957 -3.397513 -0.943626
v -2.740824 -3.597601 -0.875006
v -2.593513 -3.536154 -0.942450
v -2.524720 -3.561609 -1.161535
v -2.791754 -3.635993 -1.078555
v -2.922908 -3.637036 -1.059206
v -2.981824 -3.608887 -1.346959
v -2.729567 -3.602976 -1.377236
v -3.031250 -3.095940 -1.106355
v -2.909010 -3.084482 -1.089147
v -2.822497 -3.186549 -1.120984
v -2.631547 -3.559891 -1.337380
v -2.583580 -3.514267 -1.278598
v -2.946527 -2.939327 -0.986343
v -3.016419 -2.765091 -0.966671
v -3.040038 -2.780893 -0.914614
v -3.008412 -2.899760 -0.904635
v -3.053267 -2.764905 -1.043008
v -3.141072 -2.785287 -1.032318
v -3.162498 -2.556375 -1.058409
v -3.078699 -2.553982 -1.046834
v -3.320330 -2.827513 -1.063914
v -3.339637 -2.846837 -0.966368
v -3.372066 -2.569159 -0.904785
v -3.347304 -2.573628 -0.955211
v -3.261810 -2.821069 -1.088218
v -3.251541 -2.564050 -1.023627
v -3.196508 -2.788166 -1.045431
v -3.022819 -2.522240 -0.979148
v -3.297886 -2.549020 -0.861657
v -3.300372 -2.795728 -0.878984
v -3.240554 -2.555467 -0.856262
v -3.184812 -2.768053 -0.850127
v -3.132772 -2.528669 -0.848639
v -3.137383 -2.776449 -0.844117
v -3.046610 -2.510881 -0.900772
v -3.279790 -1.162072 -0.784602
v -3.277510 -1.177346 -0.915300
v -3.319817 -1.365015 -0.886015
v -3.335942 -1.365685 -0.724590
v -3.251210 -0.948205 -0.819868
v -3.283698 -0.730967 -0.793898
v -3.233333 -0.683782 -1.015512
v -3.238094 -0.979377 -0.961631
v -3.415655 -0.308965 -0.671045
v -3.406618 -0.343461 -0.746456
v -3.556552 0.704883 -0.280630
v -3.578170 0.837714 -0.288502
v -3.664355 0.932851 -0.370749
v -3.631292 0.701013 -0.420276
v -3.536654 0.442277 -0.322000
v -3.570384 0.385564 -0.524480
v -3.516840 0.149002 -0.430359
v -3.520188 0.140164 -0.618561
v -3.470778 -0.078218 -0.546398
v -3.458251 -0.125950 -0.731712
v -3.623861 0.911561 -0.000000
v -3.599077 0.796217 -0.000000
v -3.601668 1.293049 -0.000000
v -3.709827 1.417763 -0.000000
v -3.709741 1.351194 -0.211745
v -3.701634 1.272650 -0.270469
v -3.608593 1.163581 -0.000000
v -3.695872 1.156978 -0.316829
v -3.622326 1.005378 -0.000000
v -3.672431 1.044224 -0.364991
v -3.900566 1.002504 -0.000000
v -3.887340 1.003866 -0.057635
v -3.844470 0.498176 -0.053132
v -3.856649 0.496801 -0.000000
v -3.875140 1.480358 -0.000000
v -3.860820 1.479723 -0.062137
v -3.712832 1.794492 -0.000000
v -3.698925 1.787941 -0.066640
v -3.478430 1.975409 -0.000000
v -3.469715 1.961504 -0.071141
v -3.242148 2.021387 -0.000000
v -3.238225 2.005405 -0.075645
v -3.851206 1.007586 -0.099831
v -3.811194 0.501935 -0.092033
v -3.821694 1.477989 -0.107631
v -3.660928 1.770041 -0.115431
v -3.445903 1.923509 -0.123229
v -3.227504 1.961738 -0.131029
v -3.801840 1.012668 -0.115288
v -3.765736 0.507070 -0.106281
v -3.768245 1.475619 -0.124295
v -3.609021 1.745588 -0.133304
v -3.413372 1.871604 -0.142309
v -3.752468 1.017751 -0.099865
v -3.720269 0.512205 -0.092064
v -3.714787 1.473248 -0.107668
v -3.557104 1.721130 -0.115470
v -3.380836 1.819691 -0.123273
v -3.716312 1.021474 -0.057693
v -3.686972 0.515966 -0.053185
v -3.675638 1.471512 -0.062201
v -3.519086 1.703220 -0.066709
v -3.357009 1.781675 -0.071216
v -3.703058 1.022838 -0.000069
v -3.674766 0.517345 -0.000063
v -3.661286 1.470876 -0.000074
v -3.507689 1.700214 -0.000000
v -3.348274 1.767738 -0.000085
v -3.077669 1.871112 -0.217368
v -3.037562 2.001526 -0.000000
v -3.053102 1.968810 -0.051104
v -3.358510 1.810253 -0.380095
v -3.075310 1.846000 -0.363149
v -1.883160 -1.829718 -0.401567
v -1.933565 -1.993029 -0.438902
v -1.971059 -1.992958 -0.500845
v -1.936032 -1.829617 -0.488916
v -2.035740 -1.981182 -0.547873
v -2.027242 -1.813012 -0.555232
v -2.106039 -2.019111 -0.510759
v -2.126375 -1.866497 -0.502895
v -2.141621 -2.024301 -0.470257
v -2.176551 -1.873816 -0.445782
v -2.120746 -2.045137 -0.411171
v -2.147113 -1.903198 -0.362462
v -2.060902 -2.031698 -0.372079
v -2.062725 -1.884246 -0.307336
v -1.978344 -2.023535 -0.398257
v -1.946306 -1.872735 -0.344251
v -2.446375 -1.893261 -0.494110
v -2.499138 -2.038090 -0.504529
v -2.513608 -2.012858 -0.558673
v -2.466779 -1.857679 -0.570461
v -2.571019 -1.995375 -0.586230
v -2.547737 -1.833025 -0.609321
v -2.641567 -2.003164 -0.575611
v -2.647220 -1.844010 -0.594347
v -2.678971 -2.007694 -0.558395
v -2.699966 -1.850397 -0.570070
v -2.685663 -2.028649 -0.514928
v -2.709403 -1.879947 -0.508775
v -2.667969 -2.036634 -0.471396
v -2.684452 -1.891207 -0.447388
v -2.618068 -2.046419 -0.441284
v -2.614084 -1.905005 -0.404925
v -2.539874 -2.049824 -0.460098
v -2.503818 -1.909806 -0.431456
v -2.065655 -2.124623 -0.368720
v -1.985123 -2.116661 -0.394256
v -2.124030 -2.137733 -0.406853
v -2.144393 -2.117408 -0.464489
v -2.109684 -2.112345 -0.503997
v -2.041110 -2.075348 -0.540201
v -1.978016 -2.086834 -0.494327
v -1.941442 -2.086904 -0.433904
v -2.552923 -2.142304 -0.454579
v -2.513187 -2.130859 -0.497920
v -2.629199 -2.138983 -0.436227
v -2.677875 -2.129439 -0.465600
v -2.695135 -2.121650 -0.508064
v -2.688607 -2.101208 -0.550465
v -2.652120 -2.096790 -0.567258
v -2.583303 -2.089191 -0.577616
v -2.527301 -2.106246 -0.550735
v -2.048681 -2.165282 -0.450843
v -2.603284 -2.176802 -0.510638
v 4.897808 1.946794 -0.628057
v 4.925394 1.955229 -0.618837
v 4.953739 1.952580 -0.592256
v 4.971872 1.924079 -0.586026
v 4.953403 1.907939 -0.605609
v 4.925499 1.917814 -0.613413
v 4.973133 1.992779 -0.533466
v 5.001903 1.914398 -0.486724
v 4.982364 1.873300 -0.536190
v 4.926194 1.859813 -0.582137
v 4.852578 1.889721 -0.605031
v 4.824747 1.946835 -0.626358
v 4.861611 2.001639 -0.621913
v 4.935561 2.016016 -0.585700
v 4.760921 1.881357 -0.613120
v 4.824747 1.946835 -0.626358
v 4.852578 1.889721 -0.605031
v 4.861618 1.854067 -0.618095
v 4.861611 2.001639 -0.621913
v 4.842883 2.021333 -0.638025
v 4.935880 2.051665 -0.572853
v 4.935561 2.016016 -0.585700
v 4.991746 2.009819 -0.523206
v 5.001903 1.914398 -0.486724
v 4.973133 1.992779 -0.533466
v 4.926194 1.859813 -0.582137
v 4.944706 1.840663 -0.575374
v 4.982364 1.873300 -0.536190
v 4.991709 1.844295 -0.520761
v 4.908019 1.796041 -0.587882
v 4.852582 1.816115 -0.603105
v 4.963546 1.783161 -0.553515
v 4.983034 1.806343 -0.505779
v 5.011430 1.875569 -0.463205
v 4.918466 2.084725 -0.532713
v 4.964945 2.053575 -0.499903
v 5.020077 1.978170 -0.480978
v 4.825996 2.089176 -0.576083
v 4.881574 2.094571 -0.539949
v 4.788476 2.028047 -0.608619
v 4.751519 2.039658 -0.634134
v 4.798297 2.118191 -0.591085
v 4.872539 2.159259 -0.542891
v 4.927885 2.156560 -0.516579
v 5.002440 2.105746 -0.468233
v 5.057495 2.002751 -0.451974
v 5.075994 1.900999 -0.443793
v 5.030289 1.827419 -0.440803
v 4.991904 1.760829 -0.510386
v 4.936066 1.737668 -0.557276
v 4.871155 1.741238 -0.592326
v 4.816181 1.797860 -0.604026
v 5.095375 1.961238 -0.401516
v 5.085813 1.888503 -0.408327
v 5.058179 1.788186 -0.417387
v 5.019836 1.739907 -0.485562
v 4.917973 1.681480 -0.544201
v 4.862636 1.684144 -0.570155
v 4.752337 1.723388 -0.591296
v 4.697607 1.768061 -0.576663
v 5.030641 2.102197 -0.432329
v 5.067202 2.027704 -0.422291
v 4.937950 2.181155 -0.486939
v 4.881855 2.194544 -0.530288
v 4.807794 2.143653 -0.570393
v 4.728963 2.036146 -0.614307
v 4.742358 1.882232 -0.621650
v 4.744050 2.179337 -0.556057
v 4.688114 2.046378 -0.604518
v 4.837331 2.235678 -0.479332
v 4.893850 2.220523 -0.417713
v 4.995978 2.148785 -0.344534
v 5.060840 2.053335 -0.309324
v 5.097062 1.954206 -0.328795
v 5.105589 1.864086 -0.347113
v 4.697024 1.862575 -0.604048
v 4.739441 2.299169 -0.369987
v 4.832890 2.262727 -0.283787
v 4.971394 2.146686 -0.224781
v 5.072165 2.043630 -0.209228
v 5.127157 1.942759 -0.211214
v 5.152698 1.830661 -0.287042
v 5.133171 1.715563 -0.334258
v 5.103427 1.624404 -0.434275
v 4.982822 1.503071 -0.507606
v 4.927282 1.486953 -0.526327
v 4.798410 1.473149 -0.570618
v 4.715646 1.502195 -0.584339
v 4.615408 1.639641 -0.577768
v 4.560751 1.785154 -0.562428
v 4.551484 1.841749 -0.575191
v 4.533113 1.989009 -0.578975
v 4.636582 2.263383 -0.471997
v 4.561299 2.133066 -0.547248
v 4.912303 2.162645 -0.000090
v 5.049690 2.032731 0.000071
v 5.156645 1.942902 -0.119993
v 5.218821 1.803552 -0.199306
v 5.216855 1.636645 -0.279797
v 5.233176 1.442459 -0.362988
v 4.679116 1.438434 -0.589658
v 4.596478 1.512987 -0.598982
v 4.560024 1.604023 -0.589333
v 4.477781 1.687858 -0.597407
v 4.459682 1.778884 -0.588185
v 4.432610 1.878873 -0.577888
v 4.433020 2.024714 -0.563794
v 4.634996 2.369115 -0.140117
v 4.747988 2.300163 -0.000276
v 4.577573 2.389535 -0.256196
v 4.472349 2.325133 -0.443764
v 4.389484 2.190421 -0.473320
v 5.223191 1.371491 -0.388069
v 5.158322 1.236770 -0.418043
v 4.955360 1.236724 -0.505230
v 4.761601 1.363013 -0.571370
v 5.177545 1.932323 0.000214
v 5.321136 1.795562 -0.119606
v 5.378289 1.768448 0.000441
v 5.424281 1.721152 0.000496
v 5.421809 1.685349 -0.123555
v 5.383208 1.619661 -0.202452
v 5.373133 1.541142 -0.246712
v 5.334328 1.402713 -0.332639
v 5.296963 1.322443 -0.357984
v 5.260653 1.184173 -0.352062
v 5.250485 1.123029 -0.385234
v 4.991713 1.163096 -0.504149
v 4.733657 1.227371 -0.592883
v 4.641547 1.285422 -0.622034
v 4.522247 1.398278 -0.644892
v 4.430999 1.535753 -0.638888
v 4.404221 1.662433 -0.616610
v 4.386380 1.770868 -0.596666
v 4.377095 1.871713 -0.595743
v 5.588763 1.573846 0.000686
v 5.604888 1.546091 -0.113773
v 5.566339 1.498677 -0.190905
v 5.528186 1.440180 -0.250666
v 5.471928 1.345179 -0.313899
v 5.425783 1.264372 -0.329687
v 5.397967 1.174238 -0.346802
v 5.388455 1.119419 -0.351883
v 5.687035 1.499636 -0.110765
v 5.741781 1.463956 -0.124891
v 5.730427 1.435668 -0.209848
v 5.685194 1.452202 -0.188749
v 5.710154 1.360653 -0.290072
v 5.608974 1.317869 -0.319719
v 5.647186 1.394606 -0.257833
v 5.681726 1.282503 -0.333871
v 5.563253 1.235295 -0.317238
v 5.672187 1.164767 -0.354080
v 5.580797 1.174135 -0.351054
v 5.680007 1.510009 0.000786
v 5.479630 1.111310 -0.364188
v 5.842092 1.427708 -0.130724
v 5.915025 1.382159 -0.136820
v 5.886832 1.385674 -0.172365
v 5.813217 1.415581 -0.195261
v 5.908842 1.388968 0.001026
v 5.963117 1.307775 0.001098
v 5.979357 1.325532 -0.125337
v 5.941384 1.330818 -0.178936
v 5.743997 1.482739 0.000851
v 5.835498 1.436280 0.000946
v 5.783731 1.341471 -0.284590
v 5.847989 1.311569 -0.261476
v 5.931474 1.233483 -0.215613
v 5.998088 1.231874 -0.107334
v 5.963527 1.232407 0.001121
v 5.927110 1.131195 0.001118
v 5.961686 1.110978 -0.090324
v 5.908782 1.066916 0.001121
v 5.934596 1.054796 -0.077039
v 5.908782 1.066916 0.001121
v 5.871947 1.021428 0.001102
v 5.897758 1.009309 -0.080583
v 5.934596 1.054796 -0.077039
v 5.878630 0.986485 -0.128292
v 5.923808 1.025283 -0.153084
v 5.961686 1.110978 -0.090324
v 5.934596 1.054796 -0.077039
v 5.923808 1.025283 -0.153084
v 5.950684 1.082725 -0.175648
v 5.800778 1.078596 -0.319450
v 5.884856 1.062202 -0.249545
v 5.857750 0.997026 -0.236768
v 5.755282 1.004149 -0.307505
v 5.763952 1.062109 -0.338641
v 5.912147 1.117911 -0.254197
v 5.959462 1.157227 -0.187097
v 5.923808 1.025283 -0.153084
v 5.878630 0.986485 -0.128292
v 5.757506 0.957900 -0.210732
v 5.857750 0.997026 -0.236768
v 5.755282 1.004149 -0.307505
v 5.674999 0.950754 -0.227960
v 5.800778 1.078596 -0.319450
v 5.837875 1.141493 -0.305184
v 5.912147 1.117911 -0.254197
v 5.884856 1.062202 -0.249545
v 5.672187 1.164767 -0.354080
v 5.773410 1.225861 -0.323025
v 5.681726 1.282503 -0.333871
v 5.764774 1.279824 -0.308562
v 5.710154 1.360653 -0.290072
v 5.783731 1.341471 -0.284590
v 5.895899 1.182730 -0.164705
v 5.959462 1.157227 -0.187097
v 5.912147 1.117911 -0.254197
v 5.849792 1.193480 -0.181047
v 5.837875 1.141493 -0.305184
v 5.803425 1.260787 -0.210002
v 5.840665 1.221942 -0.187128
v 5.773410 1.225861 -0.323025
v 5.764774 1.279824 -0.308562
v 5.783731 1.341471 -0.284590
v 5.847989 1.311569 -0.261476
v 5.931474 1.233483 -0.215613
v 5.998088 1.231874 -0.107334
v 5.672385 1.007694 -0.341778
v 5.755282 1.004149 -0.307505
v 5.674999 0.950754 -0.227960
v 5.573803 0.952578 -0.243886
v 5.580727 0.999330 -0.349867
v 5.535184 0.980180 -0.341257
v 5.690122 1.092917 -0.370850
v 5.763952 1.062109 -0.338641
v 5.681086 1.054964 -0.355860
v 5.672187 1.164767 -0.354080
v 5.800778 1.078596 -0.319450
v 5.580797 1.174135 -0.351054
v 5.598282 1.094735 -0.386994
v 5.479630 1.111310 -0.364188
v 5.470775 1.009574 -0.355371
v 5.580223 1.047470 -0.372696
v 5.672385 1.007694 -0.341778
v 5.580727 0.999330 -0.349867
v 5.535184 0.980180 -0.341257
v 5.388455 1.119419 -0.351883
v 5.425352 1.035967 -0.342720
v 5.434594 0.970412 -0.330823
v 5.480649 0.941387 -0.316248
v 5.379461 1.045817 -0.349748
v 5.370709 0.980272 -0.337432
v 5.373646 0.885375 -0.208840
v 5.573803 0.952578 -0.243886
v 5.674999 0.950754 -0.227960
v 5.638369 0.904402 -0.222548
v 5.546347 0.916044 -0.246782
v 5.757506 0.957900 -0.210732
v 5.748613 0.920490 -0.205099
v 5.480649 0.941387 -0.316248
v 5.546347 0.916044 -0.246782
v 5.511556 0.863525 -0.177613
v 5.373646 0.885375 -0.208840
v 5.638369 0.904402 -0.222548
v 5.603370 0.852748 -0.162335
v 5.748613 0.920490 -0.205099
v 5.704630 0.849158 -0.128130
v 5.250485 1.123029 -0.385234
v 5.388455 1.119419 -0.351883
v 5.379461 1.045817 -0.349748
v 5.241466 1.040469 -0.383965
v 5.370709 0.980272 -0.337432
v 5.223571 0.974029 -0.362117
v 5.299005 0.908991 -0.260177
v 5.197562 0.922406 -0.302473
v 5.878630 0.986485 -0.128292
v 5.851404 0.929008 -0.105362
v 5.748613 0.920490 -0.205099
v 5.757506 0.957900 -0.210732
v 5.871947 1.021428 0.001102
v 5.836005 0.945722 0.001092
v 5.897758 1.009309 -0.080583
v 5.836005 0.945722 0.001092
v 5.780790 0.891286 0.001059
v 5.797411 0.880032 -0.072306
v 5.851404 0.929008 -0.105362
v 5.704630 0.849158 -0.128130
v 5.748613 0.920490 -0.205099
v 5.679621 0.839500 0.000985
v 5.568745 0.834653 -0.071390
v 5.579253 0.837796 0.000896
v 5.449164 0.847535 -0.103909
v 5.603370 0.852748 -0.162335
v 5.247762 0.848549 -0.108546
v 5.213434 0.856784 0.000565
v 5.112563 0.840686 0.000480
v 5.137075 0.824518 -0.144842
v 5.356900 0.851120 -0.138324
v 5.511556 0.863525 -0.177613
v 5.264430 0.855571 -0.181694
v 5.373646 0.885375 -0.208840
v 5.323232 0.866039 0.000660
v 5.469641 0.838722 0.000798
v 5.299005 0.908991 -0.260177
v 5.197562 0.922406 -0.302473
v 5.153735 0.831575 -0.218348
v 4.920855 0.812339 0.000318
v 4.963526 0.797382 -0.143440
v 4.996710 0.810560 -0.280771
v 4.712067 0.770512 -0.333393
v 4.669690 0.738163 -0.188296
v 4.655453 0.758022 0.000098
v 5.004627 0.908637 -0.345273
v 4.728809 0.878731 -0.405801
v 5.011084 1.066770 -0.458562
v 5.241466 1.040469 -0.383965
v 5.223571 0.974029 -0.362117
v 5.021254 0.951308 -0.405567
v 4.733657 1.227371 -0.592883
v 4.991713 1.163096 -0.504149
v 4.743250 1.059210 -0.563421
v 4.744871 0.950945 -0.491082
v 4.641547 1.285422 -0.622034
v 4.567896 1.149805 -0.642484
v 4.496191 1.024566 -0.579491
v 4.416475 0.921264 -0.458839
v 4.333503 0.951176 -0.481517
v 4.399629 0.850459 -0.391855
v 4.297891 0.911506 -0.447987
v 4.380854 0.704574 -0.000130
v 4.359048 0.700414 -0.166651
v 4.319799 0.731007 -0.291212
v 4.216374 0.852328 -0.405873
v 4.449011 1.260929 -0.647431
v 4.366867 1.131136 -0.630581
v 4.141189 1.008775 -0.499342
v 4.277227 1.077746 -0.550819
v 4.085564 1.288885 -0.544406
v 4.175444 1.350332 -0.613988
v 4.247733 1.381058 -0.649596
v 4.329607 1.464801 -0.661485
v 4.430999 1.535753 -0.638888
v 4.522247 1.398278 -0.644892
v 4.312225 1.683392 -0.639944
v 4.404221 1.662433 -0.616610
v 4.303615 1.799914 -0.610388
v 4.386380 1.770868 -0.596666
v 4.304562 1.906537 -0.572242
v 4.377095 1.871713 -0.595743
v 4.240116 1.770049 -0.583946
v 4.221814 1.660769 -0.594090
v 4.121121 1.614451 -0.587188
v 4.067576 1.572668 -0.534997
v 4.148883 1.759918 -0.573765
v 4.076852 1.746601 -0.527436
v 4.747988 2.300163 -0.000276
v 4.912303 2.162645 -0.000090
v 4.971394 2.146686 -0.224781
v 4.832890 2.262727 -0.283787
v 5.049690 2.032731 0.000071
v 5.177545 1.932323 0.000214
v 5.156645 1.942902 -0.119993
v 5.680007 1.510009 0.000786
v 5.743997 1.482739 0.000851
v 5.741781 1.463956 -0.124891
v 5.687035 1.499636 -0.110765
v 5.835498 1.436280 0.000946
v 5.908842 1.388968 0.001026
v 5.915025 1.382159 -0.136820
v 5.842092 1.427708 -0.130724
v 4.342351 2.581176 -0.140317
v 4.317602 2.588926 -0.000745
v 4.454962 2.523303 -0.000603
v 4.452383 2.524558 -0.130255
v 4.332083 2.586481 -0.194917
v 4.440143 2.510529 -0.269164
v 4.339601 2.592642 -0.258891
v 4.429895 2.495758 -0.306894
v 4.187258 2.590221 -0.135844
v 4.189883 2.606916 -0.000863
v 4.203325 2.589186 -0.219164
v 4.211652 2.602538 -0.264011
v 4.209941 2.600612 -0.337597
v 4.328606 2.563996 -0.343892
v 4.410844 2.500167 -0.351972
v 4.224730 2.624525 -0.491916
v 4.209941 2.600612 -0.337597
v 4.328606 2.563996 -0.343892
v 4.344028 2.585635 -0.470949
v 4.410844 2.500167 -0.351972
v 4.407729 2.531640 -0.486692
v 4.277169 2.652435 -0.591369
v 4.359483 2.615839 -0.596817
v 4.423033 2.561337 -0.603562
v 4.356680 2.682996 -0.719050
v 4.411541 2.663824 -0.713132
v 4.476090 2.606654 -0.692301
v 4.418954 2.707401 -0.782531
v 4.465268 2.695425 -0.757267
v 4.520603 2.639162 -0.745542
v 4.509555 2.719807 -0.819972
v 4.546655 2.709095 -0.803780
v 4.574545 2.669863 -0.780363
v 4.528082 2.467537 -0.000521
v 4.747988 2.300163 -0.000276
v 4.634996 2.369115 -0.140117
v 4.452383 2.524558 -0.130255
v 4.454962 2.523303 -0.000603
v 4.577573 2.389535 -0.256196
v 4.440143 2.510529 -0.269164
v 4.429895 2.495758 -0.306894
v 4.474318 2.418432 -0.361347
v 4.410844 2.500167 -0.351972
v 4.407729 2.531640 -0.486692
v 4.410844 2.500167 -0.351972
v 4.474318 2.418432 -0.361347
v 4.443850 2.449921 -0.495432
v 4.423033 2.561337 -0.603562
v 4.440760 2.490353 -0.629287
v 4.476090 2.606654 -0.692301
v 4.484667 2.534451 -0.708888
v 4.520603 2.639162 -0.745542
v 4.520165 2.557971 -0.762427
v 4.574545 2.669863 -0.780363
v 4.592620 2.569879 -0.790452
v 4.656565 2.680542 -0.799684
v 4.674691 2.598833 -0.808006
v 4.646703 2.728688 -0.822295
v 4.546655 2.709095 -0.803780
v 4.636909 2.750501 -0.856859
v 4.509555 2.719807 -0.819972
v 4.748031 2.683805 -0.800044
v 4.729447 2.606204 -0.807513
v 4.728931 2.721892 -0.832625
v 4.719171 2.751091 -0.865965
v 4.821325 2.691794 -0.791887
v 4.821336 2.621498 -0.789636
v 4.811798 2.728680 -0.815406
v 4.801436 2.750224 -0.858918
v 5.096148 2.759720 -0.774729
v 4.474318 2.418432 -0.361347
v 4.429895 2.495758 -0.306894
v 4.577573 2.389535 -0.256196
v 4.472349 2.325133 -0.443764
v 4.442912 2.343263 -0.533220
v 4.443850 2.449921 -0.495432
v 4.474318 2.418432 -0.361347
v 4.472349 2.325133 -0.443764
v 4.440713 2.398472 -0.629128
v 4.440760 2.490353 -0.629287
v 4.484667 2.534451 -0.708888
v 4.474625 2.465214 -0.751890
v 4.314039 2.329460 -0.577510
v 4.320630 2.385528 -0.682583
v 4.296769 2.260422 -0.528796
v 4.382053 2.433474 -0.798757
v 4.520165 2.557971 -0.762427
v 4.538177 2.513353 -0.776566
v 4.444739 2.475795 -0.860515
v 4.592620 2.569879 -0.790452
v 4.601515 2.533324 -0.794193
v 4.554459 2.511417 -0.850571
v 4.674691 2.598833 -0.808006
v 4.683344 2.554221 -0.821927
v 4.681847 2.551036 -0.886235
v 4.737893 2.564648 -0.830389
v 4.755192 2.568818 -0.876311
v 4.829566 2.580797 -0.821827
v 4.856249 2.593812 -0.867067
v 4.729447 2.606204 -0.807513
v 4.821336 2.621498 -0.789636
v 4.662221 2.556346 -0.940618
v 4.497719 2.547480 -0.937659
v 4.763337 2.590834 -0.929248
v 4.883022 2.613658 -0.893163
v 4.352603 2.524888 -0.890532
v 4.262798 2.490674 -0.818316
v 4.192789 2.411967 -0.668016
v 4.193959 2.370476 -0.616705
v 4.113935 2.334131 -0.526471
v 5.096148 2.759720 -0.774729
v 4.735139 2.645464 -0.950890
v 4.854957 2.660227 -0.924310
v 4.615662 2.633870 -0.977986
v 4.460582 2.622875 -0.957002
v 4.343217 2.589542 -0.893106
v 4.244622 2.554467 -0.811726
v 4.138687 2.474013 -0.642311
v 4.121994 2.458034 -0.570029
v 4.078510 2.411810 -0.472193
v 4.235494 2.636171 -0.803613
v 4.342998 2.664049 -0.904347
v 4.460786 2.695616 -0.949972
v 4.624800 2.708372 -0.989445
v 4.138494 2.557838 -0.652651
v 4.104292 2.537976 -0.543437
v 4.088356 2.510913 -0.453793
v 4.063205 2.509679 -0.342987
v 4.088356 2.510913 -0.453793
v 4.078510 2.411810 -0.472193
v 4.043796 2.386524 -0.400392
v 4.055262 2.505284 -0.297282
v 4.035753 2.399538 -0.343957
v 4.624800 2.708372 -0.989445
v 4.753015 2.699695 -0.973279
v 4.735139 2.645464 -0.950890
v 4.615662 2.633870 -0.977986
v 4.863709 2.722151 -0.936660
v 4.854957 2.660227 -0.924310
v 4.187258 2.590221 -0.135844
v 4.084506 2.570978 -0.218168
v 4.079812 2.571649 -0.000951
v 4.189883 2.606916 -0.000863
v 4.203325 2.589186 -0.219164
v 4.101754 2.557092 -0.265856
v 4.211652 2.602538 -0.264011
v 4.100907 2.560626 -0.302396
v 4.209941 2.600612 -0.337597
v 4.117367 2.568514 -0.384500
v 4.224730 2.624525 -0.491916
v 4.151183 2.579059 -0.494606
v 4.117367 2.568514 -0.384500
v 4.209941 2.600612 -0.337597
v 4.636909 2.750501 -0.856859
v 4.616626 2.749486 -0.939333
v 4.462368 2.725999 -0.882675
v 4.509555 2.719807 -0.819972
v 4.354196 2.711836 -0.826545
v 4.418954 2.707401 -0.782531
v 4.273414 2.686575 -0.753674
v 4.356680 2.682996 -0.719050
v 4.277169 2.652435 -0.591369
v 4.176065 2.636883 -0.618384
v 4.035753 2.399538 -0.343957
v 4.000110 2.424158 -0.313254
v 4.029016 2.519175 -0.249385
v 4.055262 2.505284 -0.297282
v 4.024214 2.527933 -0.000987
v 3.988172 2.489642 -0.001008
v 4.079812 2.571649 -0.000951
v 4.084506 2.570978 -0.218168
v 4.101754 2.557092 -0.265856
v 4.100907 2.560626 -0.302396
v 4.063205 2.509679 -0.342987
v 4.117367 2.568514 -0.384500
v 4.088356 2.510913 -0.453793
v 4.088356 2.510913 -0.453793
v 4.117367 2.568514 -0.384500
v 4.151183 2.579059 -0.494606
v 4.104292 2.537976 -0.543437
v 4.176065 2.636883 -0.618384
v 4.277169 2.652435 -0.591369
v 4.356680 2.682996 -0.719050
v 4.273414 2.686575 -0.753674
v 4.138494 2.557838 -0.652651
v 4.235494 2.636171 -0.803613
v 4.354196 2.711836 -0.826545
v 4.342998 2.664049 -0.904347
v 4.462368 2.725999 -0.882675
v 4.460786 2.695616 -0.949972
v 4.636909 2.750501 -0.856859
v 4.719171 2.751091 -0.865965
v 4.735445 2.749285 -0.940329
v 4.616626 2.749486 -0.939333
v 4.801436 2.750224 -0.858918
v 4.827733 2.754390 -0.905049
v 5.096148 2.759720 -0.774729
v 4.624800 2.708372 -0.989445
v 4.753015 2.699695 -0.973279
v 4.863709 2.722151 -0.936660
v 3.787342 2.396113 -0.001159
v 3.988172 2.489642 -0.001008
v 4.000110 2.424158 -0.313254
v 3.828001 2.352540 -0.233341
v 3.961908 2.347745 -0.374747
v 3.870548 2.292106 -0.368964
v 4.035753 2.399538 -0.343957
v 4.043796 2.386524 -0.400392
v 4.025364 2.359300 -0.402597
v 4.077563 2.305187 -0.510338
v 3.967085 2.280648 -0.537643
v 3.903911 2.241501 -0.512468
v 3.857922 2.141554 -0.521067
v 3.823349 2.141733 -0.428356
v 4.078510 2.411810 -0.472193
v 4.113935 2.334131 -0.526471
v 4.112302 2.285832 -0.595500
v 4.010847 2.270246 -0.622149
v 3.928869 2.223919 -0.615683
v 3.892378 2.149432 -0.603589
v 4.146067 2.278102 -0.707372
v 4.044730 2.254459 -0.744209
v 3.990744 2.205448 -0.710795
v 3.945464 2.130100 -0.689536
v 4.296769 2.260422 -0.528796
v 4.212974 2.303184 -0.587113
v 4.212058 2.279450 -0.625927
v 4.229332 2.274522 -0.672749
v 4.172143 2.303394 -0.778972
v 4.079122 2.264104 -0.845010
v 4.024700 2.187859 -0.814219
v 4.273005 2.310529 -0.762172
v 4.215419 2.350484 -0.885764
v 4.104864 2.298353 -0.915735
v 4.059714 2.194906 -0.888152
v 4.061989 2.231988 -1.178382
v 4.102304 2.299960 -1.025862
v 4.155551 2.388662 -1.091960
v 4.097362 2.366600 -1.239986
v 4.194233 2.408334 -1.008471
v 4.307092 2.367482 -0.877202
v 4.266263 2.421651 -1.054799
v 4.228523 2.435029 -1.098575
v 4.170470 2.458441 -1.241846
v 4.094116 2.426172 -1.381032
v 4.058311 2.293363 -1.338054
v 4.046673 2.341349 -1.452530
v 4.047406 2.207209 -1.015108
v 3.989434 2.118832 -0.765086
v 4.022592 2.123052 -0.903284
v 4.020299 2.141675 -1.002365
v 4.036947 1.992167 -1.072561
v 4.024858 2.106568 -1.208099
v 4.082988 2.175805 -1.450930
v 4.103303 2.038565 -1.363737
v 4.152166 1.868775 -1.225002
v 4.031515 1.968248 -0.918460
v 4.127903 1.828359 -1.090512
v 3.922437 1.972461 -0.483563
v 3.966639 1.969285 -0.549291
v 3.982910 1.987391 -0.639809
v 4.094112 1.889281 -0.578435
v 4.059885 1.860460 -0.470087
v 4.017509 1.996169 -0.731654
v 4.150297 1.820575 -0.917046
v 4.472349 2.325133 -0.443764
v 4.389484 2.190421 -0.473320
v 4.314791 2.142163 -0.540650
v 4.342700 2.112281 -0.516692
v 4.305411 2.059245 -0.539407
v 4.433020 2.024714 -0.563794
v 4.148927 2.388726 -1.376879
v 4.101726 2.312318 -1.438163
v 4.149438 2.340550 -1.353693
v 4.169404 2.306276 -1.284031
v 4.140097 2.295949 -1.367196
v 4.129926 2.308770 -1.402259
v 4.141759 2.279958 -1.295340
v 4.197644 2.394643 -1.248646
v 4.197516 2.349135 -1.253043
v 4.199317 2.304652 -1.174540
v 4.274886 2.220030 -0.679075
v 4.267320 2.121987 -0.614940
v 4.380990 2.207701 -0.839016
v 4.354411 2.102985 -0.802580
v 4.369751 2.298204 -0.921894
v 4.303193 2.347123 -1.044413
v 4.245861 2.375093 -1.141312
v 4.218457 2.356834 -1.142444
v 4.275405 2.319905 -1.046400
v 4.296538 2.243779 -0.925459
v 4.289048 2.172969 -0.858693
v 4.211815 2.282490 -1.039137
v 4.278045 1.976660 -0.537351
v 4.290375 2.112337 -0.800190
v 4.222795 2.228178 -0.952752
v 4.197609 2.164063 -0.857433
v 4.153175 2.084823 -0.799668
v 4.151090 2.102939 -0.889759
v 4.148865 2.148829 -0.986567
v 4.154566 2.190480 -1.129552
v 4.152557 2.235471 -1.217046
v 4.131949 2.050757 -0.921856
v 4.119993 2.063095 -1.049178
v 4.126160 2.120930 -1.172520
v 4.133175 2.175231 -1.259323
v 4.137657 1.944837 -1.061024
v 4.159229 1.949902 -0.923197
v 4.143794 2.013720 -1.201386
v 4.123290 2.086854 -1.295135
v 4.112680 2.195089 -1.366908
v 4.111934 2.234814 -1.399949
v 4.304562 1.906537 -0.572242
v 4.232341 1.903079 -0.534362
v 4.240116 1.770049 -0.583946
v 4.303615 1.799914 -0.610388
v 4.377095 1.871713 -0.595743
v 4.432610 1.878873 -0.577888
v 4.148883 1.759918 -0.573765
v 4.281287 2.055751 -0.787000
v 4.354941 2.064161 -0.778851
v 4.245225 2.008532 -0.772641
v 5.998088 1.231874 -0.107334
v 5.959462 1.157227 -0.187097
v 5.895899 1.182730 -0.164705
v 5.998088 1.231874 -0.107334
v 5.961686 1.110978 -0.090324
v 5.950684 1.082725 -0.175648
v 5.959462 1.157227 -0.187097
v 5.672385 1.007694 -0.341778
v 5.681086 1.054964 -0.355860
v 5.763952 1.062109 -0.338641
v 5.755282 1.004149 -0.307505
v 5.837875 1.141493 -0.305184
v 5.773410 1.225861 -0.323025
v 5.840665 1.221942 -0.187128
v 5.849792 1.193480 -0.181047
v 5.535184 0.980180 -0.341257
v 5.573803 0.952578 -0.243886
v 5.546347 0.916044 -0.246782
v 5.480649 0.941387 -0.316248
v 5.647186 1.394606 -0.257833
v 5.685194 1.452202 -0.188749
v 5.730427 1.435668 -0.209848
v 5.710154 1.360653 -0.290072
v 5.250485 1.123029 -0.385234
v 5.241466 1.040469 -0.383965
v 5.011084 1.066770 -0.458562
v 4.991713 1.163096 -0.504149
v 4.567896 1.149805 -0.642484
v 4.449011 1.260929 -0.647431
v 4.522247 1.398278 -0.644892
v 4.641547 1.285422 -0.622034
v 4.697024 1.862575 -0.604048
v 4.688114 2.046378 -0.604518
v 4.728963 2.036146 -0.614307
v 4.742358 1.882232 -0.621650
v 4.842883 2.021333 -0.638025
v 4.861611 2.001639 -0.621913
v 4.824747 1.946835 -0.626358
v 4.760921 1.881357 -0.613120
v 4.897808 1.946794 -0.628057
v 4.861611 2.001639 -0.621913
v 4.935561 2.016016 -0.585700
v 4.925394 1.955229 -0.618837
v 4.760921 1.881357 -0.613120
v 4.861618 1.854067 -0.618095
v 4.852582 1.816115 -0.603105
v 4.935561 2.016016 -0.585700
v 4.935880 2.051665 -0.572853
v 4.991746 2.009819 -0.523206
v 4.973133 1.992779 -0.533466
v 4.751519 2.039658 -0.634134
v 4.788476 2.028047 -0.608619
v 4.982364 1.873300 -0.536190
v 5.001903 1.914398 -0.486724
v 5.011430 1.875569 -0.463205
v 4.991709 1.844295 -0.520761
v 4.881574 2.094571 -0.539949
v 4.918466 2.084725 -0.532713
v 4.636582 2.263383 -0.471997
v 4.739441 2.299169 -0.369987
v 4.837331 2.235678 -0.479332
v 4.744050 2.179337 -0.556057
v 5.057495 2.002751 -0.451974
v 5.067202 2.027704 -0.422291
v 5.095375 1.961238 -0.401516
v 5.075994 1.900999 -0.443793
v 4.082988 2.175805 -1.450930
v 4.046673 2.341349 -1.452530
v 4.101726 2.312318 -1.438163
v 4.129926 2.308770 -1.402259
v 4.111934 2.234814 -1.399949
v 4.159229 1.949902 -0.923197
v 4.245225 2.008532 -0.772641
v 4.094112 1.889281 -0.578435
v 4.150297 1.820575 -0.917046
v 4.137657 1.944837 -1.061024
v 4.127903 1.828359 -1.090512
v 4.143794 2.013720 -1.201386
v 4.152166 1.868775 -1.225002
v 4.123290 2.086854 -1.295135
v 4.103303 2.038565 -1.363737
v 4.112680 2.195089 -1.366908
v 4.854957 2.660227 -0.924310
v 4.863709 2.722151 -0.936660
v 5.096148 2.759720 -0.774729
v 4.059885 1.860460 -0.470087
v 4.094112 1.889281 -0.578435
v 4.148883 1.759918 -0.573765
v 4.076852 1.746601 -0.527436
v 4.126565 0.642027 -0.000000
v 4.120842 0.627141 -0.185461
v 4.359048 0.700414 -0.166651
v 4.380854 0.704574 -0.000130
v 3.881998 1.764428 -0.476337
v 3.886058 1.550141 -0.504830
v 4.067576 1.572668 -0.534997
v 3.988510 1.297806 -0.539537
v 4.085564 1.288885 -0.544406
v 4.041657 1.039756 -0.496922
v 4.141189 1.008775 -0.499342
v 4.068249 0.798926 -0.400813
v 4.216374 0.852328 -0.405873
v 4.105198 0.672581 -0.300001
v 4.319799 0.731007 -0.291212
v 3.745669 2.266001 -0.241930
v 3.828001 2.352540 -0.233341
v 3.870548 2.292106 -0.368964
v 3.758215 2.206683 -0.323051
v 3.727093 2.308406 -0.150049
v 3.716360 2.343387 -0.000000
v 3.787342 2.396113 -0.001159
v 3.922437 1.972461 -0.483563
v 3.814876 1.968416 -0.443000
v 3.823349 2.141733 -0.428356
v 4.821336 2.621498 -0.789636
v 4.829566 2.580797 -0.821827
v 5.096148 2.759720 -0.774729
v 4.856249 2.593812 -0.867067
v 4.245225 2.008532 -0.772641
v 4.232341 1.903079 -0.534362
v 4.094112 1.889281 -0.578435
v 1.655948 -2.520927 -0.844269
v 1.678986 -2.513137 -0.891745
v 1.718315 -2.775468 -0.921796
v 1.700797 -2.794792 -0.824250
v 1.734568 -2.965876 -0.986396
v 1.705953 -3.006628 -0.832630
v -1.305099 -1.708460 -0.484230
v -1.108758 -1.770749 -0.473033
v -0.977375 -1.793126 -0.498747
v -0.972514 -1.822778 -0.372649
v -1.406693 -1.697325 -0.450399
v -1.397474 -1.693815 -0.570541
v -1.266738 -1.691944 -0.557922
v -3.139394 -1.687482 -0.638546
v -3.008323 -1.759271 -0.655672
v -2.941731 -1.787431 -0.442574
v -3.120907 -1.707924 -0.431829
v -2.709403 -1.879947 -0.508775
v -2.811581 -1.798210 -0.712737
v -2.699966 -1.850397 -0.570070
v -3.392806 1.769365 -0.000000
v -3.413372 1.871604 -0.142309
v -3.358510 1.810253 -0.380095
v -3.348274 1.767738 -0.000085
v -3.380836 1.819691 -0.123273
v 4.149438 2.340550 -1.353693
v 4.129926 2.308770 -1.402259
v 4.101726 2.312318 -1.438163
v 4.148927 2.388726 -1.376879
v -2.811581 -1.798210 -0.712737
v -3.008323 -1.759271 -0.655672
v -3.066022 -1.953125 -0.719516
v -2.964215 -1.978727 -0.776572
v -3.139394 -1.687482 -0.638546
v -3.211005 -1.850398 -0.700723
v 2.407309 -0.974980 0.805091
v 2.410367 -0.777999 0.841105
v 2.292449 -0.871852 0.882400
v 2.229345 -0.992723 0.862826
v 2.520417 -0.954785 0.739445
v 2.539200 -0.727778 0.750475
v 2.637655 -0.768176 0.637039
v 2.514167 -1.077721 0.706614
v 2.669281 -0.930664 0.557166
v 2.386465 -1.116066 0.761367
v 2.180012 -1.130557 0.821812
v 2.158051 -1.209613 0.783941
v 2.354287 -1.193746 0.735189
v 2.126237 -1.330172 0.721011
v 2.318787 -1.294090 0.673863
v 2.274533 -1.433487 0.567366
v 2.457060 -1.400958 0.539866
v 2.486533 -1.274971 0.627822
v 2.549322 -1.335209 0.535156
v 2.617970 -1.235597 0.520238
v 2.670253 -1.108365 0.544018
v 2.510841 -1.158786 0.678057
v 2.710721 -0.830091 0.532493
v 2.757946 -1.099958 0.471684
v 2.857666 -0.930625 0.391195
v 2.803736 -1.255869 0.438328
v 2.847364 -1.103812 0.402301
v 2.740886 -1.339225 0.463604
v 2.663024 -1.440487 0.478149
v 2.515314 -1.507063 0.483275
v 2.422296 -1.510915 0.494169
v 2.249663 -1.492705 0.531270
v 2.079600 -1.473377 0.654997
v 2.928787 -1.107467 0.312054
v 2.960118 -0.941827 0.284743
v 2.893096 -1.302168 0.332049
v 2.824356 -1.407256 0.355013
v 2.721135 -1.520418 0.362378
v 2.545261 -1.593300 0.386310
v 2.396607 -1.593239 0.389972
v 2.243492 -1.584783 0.431143
v 2.048200 -1.581983 0.555832
v 2.931756 -1.129655 0.000000
v 2.970902 -0.959664 0.000000
v 2.896234 -1.319560 0.000000
v 2.821376 -1.431534 0.000000
v 2.706963 -1.528854 0.000000
v 2.534227 -1.617078 0.000000
v 2.348182 -1.624595 0.000000
v 2.167167 -1.596326 0.000000
v 1.920432 -1.567396 0.000000
v 2.835437 -0.231101 0.577890
v 2.736198 -0.346225 0.659345
v 2.881063 -0.493146 0.521968
v 2.986408 -0.413503 0.428964
v 2.910769 -0.638444 0.431191
v 2.825540 -0.567578 0.552597
v 2.688131 -0.517509 0.672975
v 2.647368 -0.611550 0.669485
v 2.618307 -0.549092 0.805491
v 2.993075 -0.708434 0.342596
v 3.045715 -0.767786 0.261741
v 3.065544 -0.788768 0.000000
v 3.118124 -0.703925 0.000000
v 3.107533 -0.691019 0.264602
v 3.053144 -0.609681 0.326931
v -2.306662 -1.116976 0.961238
v -2.119856 -1.128800 0.970960
v -2.033406 -0.910030 0.964220
v -2.031698 -1.097344 0.966701
v -1.782298 -1.020581 0.943381
v -2.337617 -1.334842 0.966761
v -2.462835 -1.305500 0.966395
v -2.161843 -1.325837 0.957465
v -2.042059 -1.312976 0.940911
v -1.776785 -1.275107 0.914703
v -1.709172 -1.283232 0.897427
v -1.456655 -1.295527 0.894240
v -2.417777 -1.553136 0.887222
v -2.591357 -1.510845 0.885470
v -2.223917 -1.541268 0.879260
v -2.049879 -1.562369 0.829319
v -1.778934 -1.550199 0.776454
v -1.777628 -1.473076 0.845827
v -1.686329 -1.414405 0.869373
v -1.592146 -1.408592 0.838483
v -1.552229 -1.555077 0.735708
v -1.659758 -1.544361 0.788181
v -1.376186 -1.661988 0.718954
v -1.366873 -1.340211 0.907567
v -1.200688 -1.577575 0.799188
v -1.198513 -1.456102 0.885435
v -0.953236 -1.545941 0.899180
v -1.200688 -1.577575 0.799188
v -1.226563 -1.655159 0.687343
v -1.091175 -1.707120 0.727242
v -0.953236 -1.545941 0.899180
v -1.376186 -1.661988 0.718954
v -1.266738 -1.691944 0.557922
v -1.089642 -1.757196 0.685154
v -0.972089 -1.774507 0.768570
v -0.812845 -1.785424 0.768511
v -0.680046 -1.768325 0.819080
v -0.535144 -1.615983 0.920556
v -0.564074 -1.789401 0.803191
v -0.422877 -1.751200 0.823423
v -0.078470 -1.688266 0.800230
v -0.063012 -1.583021 0.865082
v -0.543078 -1.810473 0.563825
v -0.094135 -1.769086 0.556924
v -0.977375 -1.793126 0.498747
v -1.108758 -1.770749 0.473033
v -1.305099 -1.708460 0.484230
v -1.397474 -1.693815 0.570541
v -1.376186 -1.661988 0.718954
v -1.480217 -1.656600 0.606638
v -1.397474 -1.693815 0.570541
v -1.552229 -1.555077 0.735708
v -1.601625 -1.593321 0.605607
v -1.519339 -1.653776 0.501741
v -1.406693 -1.697325 0.450399
v -1.576196 -1.696317 0.358146
v -1.386502 -1.718441 0.350823
v -1.305099 -1.708460 0.484230
v -1.406693 -1.697325 0.450399
v -1.386502 -1.718441 0.350823
v -0.972514 -1.822778 0.372649
v -0.523838 -1.850065 0.388007
v -0.543078 -1.810473 0.563825
v -0.977375 -1.793126 0.498747
v -0.112666 -1.806584 0.383324
v -0.094135 -1.769086 0.556924
v 0.480235 -1.631521 0.401961
v 0.489819 -1.524947 0.672392
v -0.155114 -1.828285 0.000000
v 0.446550 -1.672950 0.000000
v -0.530369 -1.860806 0.000000
v -0.956007 -1.825728 0.000000
v -1.395728 -1.723811 0.000000
v -1.576196 -1.696317 0.358146
v -1.610025 -1.711571 0.000000
v -1.395728 -1.723811 0.000000
v -1.386502 -1.718441 0.350823
v -1.764045 -1.764987 0.406586
v -1.799827 -1.753136 0.000000
v -1.601625 -1.593321 0.605607
v -1.747790 -1.667608 0.606340
v -1.778934 -1.550199 0.776454
v -1.659758 -1.544361 0.788181
v -1.552229 -1.555077 0.735708
v -2.508885 -1.719933 0.721675
v -2.417777 -1.553136 0.887222
v -2.591357 -1.510845 0.885470
v -2.734184 -1.717948 0.749581
v -2.267049 -1.753901 0.662106
v -2.223917 -1.541268 0.879260
v -2.037371 -1.736360 0.656787
v -2.049879 -1.562369 0.829319
v -1.936032 -1.829617 0.488916
v -1.883160 -1.829718 0.401567
v -2.027242 -1.813012 0.555232
v -2.126375 -1.866497 0.502895
v -2.317557 -1.874200 0.470587
v -2.176551 -1.873816 0.445782
v -2.466779 -1.857679 0.570461
v -2.446375 -1.893261 0.494110
v -2.547737 -1.833025 0.609321
v -2.647220 -1.844010 0.594347
v -2.811581 -1.798210 0.712737
v -2.699966 -1.850397 0.570070
v -2.892162 -1.781087 0.000000
v -2.684452 -1.891207 0.447388
v -2.709403 -1.879947 0.508775
v -2.941731 -1.787431 0.442574
v -2.656867 -1.853045 0.000000
v -2.614084 -1.905005 0.404925
v -2.348005 -1.869142 0.000000
v -2.503818 -1.909806 0.431456
v -2.147113 -1.903198 0.362462
v -2.092921 -1.839622 0.000000
v -2.062725 -1.884246 0.307336
v -1.946306 -1.872735 0.344251
v -0.977375 -1.793126 0.498747
v -0.972089 -1.774507 0.768570
v -1.089642 -1.757196 0.685154
v -0.812845 -1.785424 0.768511
v -3.304804 -1.582192 0.643445
v -3.314868 -1.599081 0.439626
v -3.120907 -1.707924 0.431829
v -3.139394 -1.687482 0.638546
v -3.387254 -1.486027 0.672861
v -3.442085 -1.484120 0.406377
v -3.533910 -1.330455 0.568246
v -3.557869 -1.325941 0.378030
v -3.631179 -1.157838 0.505610
v -3.639586 -1.140102 0.333800
v -3.667859 -0.964867 0.464702
v -3.686518 -0.955181 0.320349
v -3.665774 -0.734080 0.446286
v -3.676599 -0.729578 0.330724
v -3.595973 -0.346391 0.426453
v -3.616627 -0.350374 0.338492
v -3.529709 -0.065998 0.437217
v -3.570243 -0.060093 0.344854
v -3.516840 0.149002 0.430359
v -3.535416 0.191408 0.338478
v -3.536654 0.442277 0.322000
v -3.544507 0.467147 -0.000000
v -3.552320 0.219613 -0.000000
v -3.583763 -0.052271 0.000000
v -3.673607 -0.720796 0.000000
v -3.637643 -0.356271 0.000000
v -3.678793 -0.926816 0.000000
v -3.650579 -1.142448 0.000000
v -3.522115 -1.366623 0.000000
v -3.417689 -1.494416 0.000000
v -3.271035 -1.609292 0.000000
v -3.110300 -1.691720 0.000000
v -2.892162 -1.781087 0.000000
v -2.941731 -1.787431 0.442574
v -3.470778 -0.078218 0.546398
v -3.526766 -0.317542 0.560837
v -3.569993 -0.731989 0.649435
v -3.550120 -0.984868 0.675228
v -3.492599 -1.180646 0.692282
v -3.335942 -1.365685 0.724590
v -3.438226 -0.721479 0.728141
v -3.283698 -0.730967 0.793898
v -3.415655 -0.308965 0.671045
v -3.355398 -0.969157 0.766213
v -3.279790 -1.162072 0.784602
v -3.251210 -0.948205 0.819868
v -3.556552 0.704883 0.280630
v -3.566995 0.656967 -0.000000
v -3.578170 0.837714 0.288502
v -3.599077 0.796217 -0.000000
v 1.806371 -2.949735 0.984058
v 1.771416 -2.769024 0.946100
v 1.718315 -2.775468 0.921796
v 1.734568 -2.965876 0.986396
v 2.021366 -2.881725 0.945561
v 1.960643 -2.712860 0.900890
v 1.880971 -2.733242 0.890200
v 1.911792 -2.895773 0.950117
v 2.057496 -2.887282 0.844225
v 1.994078 -2.713047 0.824553
v 1.735077 -3.022732 0.972751
v 1.721745 -3.116887 0.979111
v 1.802387 -3.089615 0.961851
v 1.811797 -3.135641 0.933096
v 2.031262 -3.256709 1.111122
v 2.148880 -3.221616 1.076203
v 2.110033 -3.148257 1.068816
v 1.970051 -3.141862 1.065178
v 2.138771 -3.397683 1.214726
v 2.247981 -3.342804 1.127459
v 2.254361 -3.550931 1.235118
v 2.343303 -3.507846 1.195262
v 1.981186 -3.441282 1.180532
v 2.025468 -3.556842 1.204841
v 1.926176 -3.288880 1.093746
v 1.886443 -3.191742 1.047318
v 2.201939 -3.226457 0.996503
v 2.281229 -3.338250 1.043475
v 2.170039 -3.134504 0.978866
v 2.217369 -3.156093 0.888927
v 2.113587 -3.011851 0.851648
v 2.091539 -3.032437 0.947029
v 1.865135 -3.353827 1.054981
v 1.841888 -3.246003 1.014774
v 1.919391 -3.487078 1.110869
v 1.980621 -3.043895 0.964237
v 2.091539 -3.032437 0.947029
v 2.113587 -3.011851 0.851648
v 2.057496 -2.887282 0.844225
v 2.021366 -2.881725 0.945561
v 1.880971 -2.733242 0.890200
v 1.830669 -2.736121 0.903313
v 1.848272 -2.927260 0.996966
v 1.911792 -2.895773 0.950117
v 1.771416 -2.769024 0.946100
v 1.806371 -2.949735 0.984058
v 1.709173 -3.133145 0.807940
v 1.721745 -3.116887 0.979111
v 1.735077 -3.022732 0.972751
v 1.705953 -3.006628 0.832630
v 1.806407 -3.173343 0.834455
v 1.811797 -3.135641 0.933096
v 1.832790 -3.296508 0.865078
v 1.841888 -3.246003 1.014774
v 1.811797 -3.135641 0.933096
v 1.806407 -3.173343 0.834455
v 2.078928 -3.584991 0.917088
v 2.025468 -3.556842 1.204841
v 1.919391 -3.487078 1.110869
v 1.933899 -3.546253 0.912438
v 1.839523 -3.405292 0.883488
v 1.865135 -3.353827 1.054981
v 1.900481 -3.131932 0.728621
v 1.806407 -3.173343 0.834455
v 1.709173 -3.133145 0.807940
v 1.741854 -3.114181 0.700705
v 1.806407 -3.173343 0.834455
v 1.900481 -3.131932 0.728621
v 1.929730 -3.298418 0.689538
v 1.832790 -3.296508 0.865078
v 1.941325 -3.434803 0.701314
v 1.839523 -3.405292 0.883488
v 2.002745 -3.523420 0.688103
v 1.933899 -3.546253 0.912438
v 2.126553 -3.549679 0.701005
v 2.078928 -3.584991 0.917088
v 2.244147 -3.545557 0.732888
v 2.197935 -3.583948 0.936437
v 1.776024 -2.980086 0.707575
v 1.741854 -3.114181 0.700705
v 1.709173 -3.133145 0.807940
v 1.705953 -3.006628 0.832630
v 1.700797 -2.794792 0.824250
v 1.736425 -2.743683 0.736866
v 1.911792 -2.895773 0.950117
v 1.980621 -3.043895 0.964237
v 2.091539 -3.032437 0.947029
v 2.021366 -2.881725 0.945561
v 1.970051 -3.141862 1.065178
v 2.110033 -3.148257 1.068816
v 1.980621 -3.043895 0.964237
v 1.898573 -3.068274 0.994338
v 1.911792 -2.895773 0.950117
v 1.848272 -2.927260 0.996966
v 1.898573 -3.068274 0.994338
v 1.980621 -3.043895 0.964237
v 1.806371 -2.949735 0.984058
v 1.855134 -3.083228 0.986129
v 1.886443 -3.191742 1.047318
v 1.970051 -3.141862 1.065178
v 1.898573 -3.068274 0.994338
v 1.855134 -3.083228 0.986129
v 1.841888 -3.246003 1.014774
v 1.811797 -3.135641 0.933096
v 1.811797 -3.135641 0.933096
v 1.855134 -3.083228 0.986129
v 1.802387 -3.089615 0.961851
v 1.806371 -2.949735 0.984058
v 1.735077 -3.022732 0.972751
v 1.734568 -2.965876 0.986396
v 1.705953 -3.006628 0.832630
v 2.187495 -3.161535 0.800285
v 2.073690 -3.020848 0.782654
v 2.113587 -3.011851 0.851648
v 2.217369 -3.156093 0.888927
v 2.073690 -3.020848 0.782654
v 2.001343 -2.847715 0.762517
v 2.057496 -2.887282 0.844225
v 2.113587 -3.011851 0.851648
v 2.201939 -3.226457 0.996503
v 2.236407 -3.220054 0.892030
v 2.217369 -3.156093 0.888927
v 2.170039 -3.134504 0.978866
v 2.343303 -3.507846 1.195262
v 2.386827 -3.462222 1.136480
v 2.281229 -3.338250 1.043475
v 2.247981 -3.342804 1.127459
v 2.440236 -3.509564 1.019417
v 2.327021 -3.352317 0.958234
v 2.377814 -3.484109 0.800332
v 2.309358 -3.345468 0.801508
v 2.235942 -3.243103 0.823955
v 2.187495 -3.161535 0.800285
v 1.857471 -2.950722 0.669988
v 1.900481 -3.131932 0.728621
v 1.741854 -3.114181 0.700705
v 1.776024 -2.980086 0.707575
v 1.945632 -2.876710 0.703118
v 1.998099 -3.039955 0.718855
v 2.001343 -2.847715 0.762517
v 2.073690 -3.020848 0.782654
v 1.841282 -2.716008 0.708009
v 1.884318 -2.724404 0.701999
v 1.972647 -2.728848 0.772496
v 1.998099 -3.039955 0.718855
v 2.059222 -3.230076 0.674936
v 1.929730 -3.298418 0.689538
v 1.900481 -3.131932 0.728621
v 2.073690 -3.020848 0.782654
v 2.187495 -3.161535 0.800285
v 2.107985 -3.363571 0.677007
v 1.941325 -3.434803 0.701314
v 2.235942 -3.243103 0.823955
v 1.736425 -2.743683 0.736866
v 1.841282 -2.716008 0.708009
v 1.857471 -2.950722 0.669988
v 1.776024 -2.980086 0.707575
v 2.002745 -3.523420 0.688103
v 1.941325 -3.434803 0.701314
v 2.107985 -3.363571 0.677007
v 2.126553 -3.549679 0.701005
v 2.309358 -3.345468 0.801508
v 2.235942 -3.243103 0.823955
v 2.244147 -3.545557 0.732888
v 2.377814 -3.484109 0.800332
v 2.197935 -3.583948 0.936437
v 2.440236 -3.509564 1.019417
v 2.254361 -3.550931 1.235118
v 2.025468 -3.556842 1.204841
v 2.078928 -3.584991 0.917088
v -2.687162 -1.539807 0.988048
v -2.837147 -1.791733 0.921563
v -2.734184 -1.717948 0.749581
v -2.591357 -1.510845 0.885470
v -2.765069 -1.561164 1.084313
v -2.918293 -1.904184 1.004659
v -2.862576 -1.546894 1.117139
v -3.010917 -1.884498 1.083510
v -2.955052 -1.496840 1.128812
v -3.117476 -1.866892 1.108034
v -3.063133 -1.440555 1.090926
v -3.232610 -1.834299 1.087832
v -3.387254 -1.486027 0.672861
v -3.498521 -1.762078 0.762472
v -3.490520 -1.760417 0.903104
v -3.365990 -1.485170 0.888076
v -3.319817 -1.365015 0.886015
v -3.335942 -1.365685 0.724590
v -3.068444 -2.260195 1.035070
v -3.177824 -2.279173 1.047580
v -3.162498 -2.556375 1.058409
v -3.078699 -2.553982 1.046834
v -3.047974 -2.109628 1.063497
v -3.169489 -2.110039 1.076796
v -3.207447 -2.103206 1.071366
v -3.281816 -2.305055 1.001878
v -3.251541 -2.564050 1.023627
v -3.327526 -2.075729 1.005328
v -3.357996 -1.811803 0.975625
v -3.389388 -2.305625 0.950348
v -3.347304 -2.573628 0.955211
v -3.451965 -2.077314 0.931974
v -3.007483 -2.270712 0.984279
v -3.022819 -2.522240 0.979148
v -2.969687 -2.097941 0.982836
v -2.892438 -1.950810 0.878120
v -2.981187 -2.142718 0.858353
v -3.030605 -2.311222 0.884330
v -3.046610 -2.510881 0.900772
v -3.040398 -2.156239 0.808208
v -2.964215 -1.978727 0.776572
v -3.144012 -2.333635 0.829994
v -3.120761 -2.157770 0.766432
v -3.066022 -1.953125 0.719516
v -3.253309 -2.137354 0.760713
v -3.211005 -1.850398 0.700723
v -3.235873 -2.335338 0.820588
v -3.132772 -2.528669 0.848639
v -3.240554 -2.555467 0.856262
v -3.381262 -1.828189 0.697034
v -3.304804 -1.582192 0.643445
v -3.139394 -1.687482 0.638546
v -3.422698 -2.070796 0.773898
v -3.339489 -2.328145 0.827572
v -3.297886 -2.549020 0.861657
v -3.463753 -2.079892 0.844667
v -3.412068 -2.356105 0.865813
v -3.372066 -2.569159 0.904785
v -3.342096 -1.533989 0.921628
v 2.024530 -2.195334 0.811284
v 1.985330 -2.221319 0.893145
v 1.930747 -2.463535 0.894743
v 1.953911 -2.462233 0.830594
v 2.047696 -2.050138 0.814712
v 2.013095 -2.051912 0.911043
v 2.053108 -1.738285 0.824853
v 2.021591 -1.755289 0.912093
v 2.059844 -1.561331 0.858957
v 2.036036 -1.579080 0.967151
v 1.718315 -2.775468 0.921796
v 1.771416 -2.769024 0.946100
v 1.737623 -2.485017 0.918334
v 1.678986 -2.513137 0.891745
v 1.710406 -2.272223 0.954296
v 1.648793 -2.280014 0.929365
v 1.720031 -2.105568 0.971354
v 1.624900 -2.087301 0.963391
v 1.717145 -1.809530 1.004092
v 1.572979 -1.827591 0.985823
v 1.650318 -1.645881 1.053347
v 1.541750 -1.643613 1.014190
v 1.655948 -2.520927 0.844269
v 1.586321 -2.273752 0.880969
v 1.529305 -2.092083 0.887353
v 1.508714 -1.808578 0.934359
v 1.480629 -1.640132 0.953447
v 1.663494 -2.485963 0.790773
v 1.601290 -2.267132 0.787696
v 1.544087 -2.080722 0.786432
v 1.473886 -1.818947 0.799576
v 1.451825 -1.576856 0.702758
v 1.756349 -2.446399 0.705428
v 1.677597 -2.237953 0.696318
v 1.643403 -2.076583 0.689565
v 1.596751 -1.722028 0.684655
v 1.599889 -1.595526 0.623185
v 1.960643 -2.712860 0.900890
v 1.994078 -2.713047 0.824553
v 1.880971 -2.733242 0.890200
v 1.864064 -2.469953 0.935601
v 1.937009 -1.625419 1.026843
v 1.941767 -1.759457 0.997454
v 1.918641 -2.083654 1.001275
v 1.906370 -2.282284 0.964887
v 1.830669 -2.736121 0.903313
v 1.801127 -2.484690 0.938593
v 1.818846 -1.756976 1.023593
v 1.804927 -1.581954 1.089198
v 1.839224 -2.109267 0.998351
v 1.818266 -2.313852 0.968652
v 2.170039 -3.134504 0.978866
v 2.091539 -3.032437 0.947029
v 1.980621 -3.043895 0.964237
v 2.440236 -3.509564 1.019417
v 2.386827 -3.462222 1.136480
v 2.343303 -3.507846 1.195262
v 2.254361 -3.550931 1.235118
v 2.197935 -3.583948 0.936437
v 1.736425 -2.743683 0.736866
v 1.663494 -2.485963 0.790773
v 1.756349 -2.446399 0.705428
v 1.841282 -2.716008 0.708009
v 1.596751 -1.722028 0.684655
v 1.599889 -1.595526 0.623185
v 1.721211 -1.590185 0.601932
v 1.740323 -1.679830 0.664098
v 1.643403 -2.076583 0.689565
v 1.747671 -2.067518 0.638841
v 1.677597 -2.237953 0.696318
v 1.772999 -2.230292 0.644940
v 1.700797 -2.794792 0.824250
v 1.655948 -2.520927 0.844269
v 2.001343 -2.847715 0.762517
v 1.972647 -2.728848 0.772496
v 1.994078 -2.713047 0.824553
v 2.057496 -2.887282 0.844225
v 1.947264 -2.443232 0.732587
v 1.884318 -2.724404 0.701999
v 1.828658 -2.477348 0.673470
v 1.921881 -2.157616 0.692678
v 1.953911 -2.462233 0.830594
v 1.963153 -1.588839 0.612861
v 1.991892 -1.748400 0.652770
v 1.945206 -2.015769 0.672724
v 2.059844 -1.561331 0.858957
v 2.053108 -1.738285 0.824853
v 2.047696 -2.050138 0.814712
v 2.024530 -2.195334 0.811284
v 2.126237 -1.330172 0.721011
v 2.158051 -1.209613 0.783941
v 2.141273 -1.234642 0.941254
v 2.111557 -1.376942 0.896570
v 2.099566 -1.259996 1.055763
v 2.071448 -1.410118 1.006192
v 1.966698 -1.228160 1.153716
v 1.974215 -1.469208 1.068951
v 1.805207 -1.268427 1.165317
v 1.801794 -1.465464 1.129277
v 1.601721 -1.262359 1.141420
v 1.612396 -1.485728 1.099731
v 1.497480 -1.283201 1.088258
v 1.516700 -1.453050 1.068516
v 1.430817 -1.301205 1.024924
v 1.454817 -1.430228 0.976569
v 1.348219 -1.282064 0.845204
v 1.328862 -1.352627 0.758733
v 2.180012 -1.130557 0.821812
v 2.177450 -1.127765 0.974416
v 2.148553 -1.103067 1.065410
v 2.024692 -1.074646 1.172465
v 1.838895 -1.087204 1.201408
v 1.645819 -1.087442 1.173773
v 1.524407 -1.125312 1.142248
v 1.438439 -1.148029 1.098069
v 1.310865 -1.136322 0.914838
v 2.048200 -1.581983 0.555832
v 2.079600 -1.473377 0.654997
v 1.650318 -1.645881 1.053347
v 1.804927 -1.581954 1.089198
v 1.937009 -1.625419 1.026843
v 2.036036 -1.579080 0.967151
v 2.229345 -0.992723 0.862826
v 2.222082 -0.957342 1.014137
v 1.867657 -0.920633 1.206933
v 1.635139 -0.965221 1.184968
v 2.058189 -0.931238 1.163518
v 2.158585 -0.955809 1.113647
v 1.451825 -1.576856 0.702758
v 1.480629 -1.640132 0.953447
v 1.428883 -0.986690 1.133905
v 1.337875 -0.945716 1.021299
v 1.541750 -1.643613 1.014190
v 1.536037 -0.985876 1.185597
v 3.247406 2.073333 -0.000000
v 2.985371 1.982663 -0.000000
v 3.009101 1.971604 0.034220
v 3.233975 2.059193 0.072431
v 3.036361 1.913989 0.169838
v 3.252224 2.026347 0.148215
v 3.058366 1.773346 0.297337
v 3.276333 1.863773 0.294266
v 3.086666 1.632991 0.338863
v 3.337545 1.748927 0.340210
v 3.115383 1.492390 0.380228
v 3.377233 1.587800 0.400781
v 3.163181 1.209972 0.462438
v 3.473410 1.366149 0.454658
v 3.189664 0.907503 0.500122
v 3.528445 1.060127 0.489443
v 3.280681 0.510802 0.499434
v 3.559394 0.706516 0.452535
v 3.321825 0.266690 0.465750
v 3.619650 0.472046 0.391742
v 3.360040 0.165487 0.412685
v 3.641195 0.407454 0.362198
v 3.378799 0.073736 0.355362
v 3.674710 0.338839 0.307840
v 3.438950 -0.082580 0.257015
v 3.700363 0.265794 0.240762
v 3.514981 -0.121886 0.187589
v 3.737014 0.181837 0.176819
v 3.486028 -0.141683 0.000000
v 3.731689 0.186391 -0.000000
v 3.454971 2.169877 -0.000000
v 3.458300 2.151656 0.102662
v 3.727093 2.308406 0.150049
v 3.716360 2.343387 -0.000000
v 3.955635 0.432417 0.197586
v 3.929251 0.411689 -0.000000
v 4.126565 0.642027 -0.000000
v 4.120842 0.627141 0.185461
v 3.889626 0.475277 0.247365
v 3.861841 0.560638 0.311961
v 4.105198 0.672581 0.300001
v 3.849352 0.664451 0.387198
v 4.068249 0.798926 0.400813
v 3.823137 0.853054 0.461519
v 4.041657 1.039756 0.496922
v 3.747724 1.184933 0.518662
v 3.988510 1.297806 0.539537
v 3.650974 1.463740 0.478617
v 3.886058 1.550141 0.504830
v 3.590526 1.701090 0.411994
v 3.881998 1.764428 0.476337
v 3.541188 1.849183 0.386366
v 3.814876 1.968416 0.443000
v 3.479418 1.978250 0.317478
v 3.758215 2.206683 0.323051
v 3.460196 2.103494 0.180368
v 3.745669 2.266001 0.241930
v 3.335210 -0.375755 0.000000
v 3.342159 -0.384674 0.201349
v 3.107533 -0.691019 0.264602
v 3.118124 -0.703925 0.000000
v 2.715712 1.828219 0.167709
v 2.723503 1.898839 -0.000000
v 2.339597 1.807702 -0.000000
v 2.361089 1.766660 0.202595
v 2.738132 1.687333 0.295046
v 2.406969 1.645328 0.341479
v 2.775680 1.538710 0.352829
v 2.519027 1.485931 0.422962
v 2.815366 1.377583 0.413399
v 2.553871 1.284278 0.512335
v 2.854291 1.093951 0.494650
v 2.637461 1.017260 0.581611
v 2.948387 0.783357 0.515058
v 2.747937 0.712253 0.615674
v 3.061090 0.397226 0.574193
v 2.811504 0.469098 0.657443
v 2.898733 0.271916 0.651298
v 3.136321 0.171237 0.539896
v 2.919870 0.084875 0.642460
v 3.166160 0.021310 0.457261
v 2.953029 -0.127690 0.520499
v 3.199571 -0.153739 0.380150
v 2.986408 -0.413503 0.428964
v 3.286426 -0.300744 0.276331
v 3.053144 -0.609681 0.326931
v 2.835437 -0.231101 0.577890
v 2.679445 0.687427 0.720573
v 2.753156 0.400829 0.713141
v 2.790681 0.219187 0.718263
v 2.790657 0.044324 0.717488
v 2.743995 -0.129852 0.718277
v 2.736198 -0.346225 0.659345
v 2.396355 1.242239 0.597722
v 2.482917 0.997637 0.702425
v 2.514162 0.988713 0.674527
v 2.543372 -0.548031 0.937182
v 2.410367 -0.777999 0.841105
v 2.539200 -0.727778 0.750475
v 2.618307 -0.549092 0.805491
v 2.594499 -0.422948 0.981263
v 2.690576 -0.368057 0.819343
v 2.607430 -0.208248 0.974218
v 2.702577 -0.197406 0.795611
v 2.649413 0.031535 1.024796
v 2.734183 0.038769 0.865810
v 2.668936 0.206182 1.014371
v 2.731512 0.219003 0.891585
v 2.616001 0.447717 0.960748
v 2.706960 0.393597 0.849582
v 2.570400 0.738683 0.830405
v 2.604217 0.728827 0.769671
v 2.688131 -0.517509 0.672975
v 2.542439 0.999928 0.648592
v 2.128139 1.788397 -0.000000
v 2.132390 1.755821 0.180271
v 2.183003 1.654070 0.341767
v 2.301359 1.397721 0.546015
v 2.346081 -0.745350 1.013296
v 2.245624 -0.864372 0.995778
v 2.292449 -0.871852 0.882400
v 2.069379 1.727818 0.212746
v 2.096552 1.678482 0.326810
v 2.189848 1.468992 0.517501
v 2.266003 1.273253 0.663332
v 2.347317 1.066114 0.758763
v 2.399389 0.782091 0.915279
v 2.448969 0.529858 1.037335
v 2.495354 0.250522 1.132081
v 2.500490 -0.035029 1.170179
v 2.452588 -0.244072 1.138797
v 2.439827 -0.395385 1.131324
v 2.384638 -0.591919 1.043058
v 2.013534 -0.662303 1.191491
v 2.108912 -0.357128 1.259691
v 1.794465 1.787719 -0.000000
v 1.807583 1.756546 0.177627
v 2.042206 1.777154 -0.000000
v 2.136269 -0.187666 1.278057
v 2.141790 -0.055306 1.295565
v 2.081700 0.283249 1.259461
v 2.023441 0.529338 1.144399
v 1.975941 0.827957 1.018423
v 1.958254 1.130271 0.861813
v 1.859443 1.450393 0.632222
v 1.821946 1.618209 0.403751
v 1.798719 1.714447 0.259352
v 0.733818 1.740873 -0.000000
v 0.234527 1.730117 -0.000000
v 0.223642 1.684075 0.160743
v 0.737904 1.604213 0.281713
v 0.237330 1.595746 0.288672
v 0.725959 1.478055 0.461804
v 0.289039 1.496446 0.430055
v 0.760722 1.205036 0.700545
v 0.305671 1.298417 0.629719
v 0.857323 0.985001 0.874029
v 0.243473 1.134082 0.819993
v 0.921312 0.755659 0.999330
v 0.316341 0.785311 1.086260
v 0.939271 0.379986 1.185872
v 0.539252 0.353984 1.254493
v 0.927775 0.195225 1.233043
v 0.539150 0.148262 1.321014
v 0.950215 0.042751 1.256188
v 0.516872 -0.020713 1.356627
v 0.943855 -0.101127 1.274771
v 0.542386 -0.188227 1.370375
v 0.960321 -0.308052 1.243133
v 0.546875 -0.390940 1.363244
v 0.974530 -0.525273 1.140353
v 0.550658 -0.633015 1.331311
v 0.948819 -0.638568 1.102958
v 0.527724 -0.862854 1.253811
v 0.939974 -0.894739 1.019809
v 0.544825 -1.133123 1.096902
v 0.956456 -1.070504 0.921063
v 0.530629 -1.316423 0.929842
v 0.930660 -1.216516 0.831196
v 0.538756 -1.408602 0.764911
v 0.922703 -1.296032 0.728307
v 0.489819 -1.524947 0.672392
v 0.912699 -1.455066 0.576185
v 0.480235 -1.631521 0.401961
v 0.912989 -1.499314 0.419547
v 0.446550 -1.672950 0.000000
v 0.927497 -1.558489 0.000000
v -0.228904 1.734267 -0.000000
v -0.547248 1.742126 -0.000000
v -0.559706 1.694180 0.186107
v -0.221516 1.686349 0.151403
v -0.557624 1.641278 0.271462
v -0.267035 1.627058 0.266577
v -0.626493 1.585426 0.443136
v -0.247999 1.565146 0.389142
v -0.597781 1.489620 0.641047
v -0.179548 1.471301 0.544513
v -0.674657 1.333008 0.761059
v -0.192546 1.305535 0.700080
v -0.910602 1.204118 0.837740
v -0.406155 1.005088 0.971088
v -0.969076 0.901205 1.146223
v -0.115190 0.458427 1.346197
v -0.752416 0.438132 1.467349
v 0.005537 0.163519 1.472265
v -0.645496 0.179261 1.584316
v 0.018086 0.002865 1.523199
v -0.536767 -0.144454 1.682232
v 0.034087 -0.225059 1.542949
v -0.533528 -0.582280 1.701405
v 0.010486 -0.502317 1.576297
v -0.505045 -0.913827 1.645612
v 0.021051 -0.831931 1.511548
v -0.487217 -1.193519 1.504026
v -0.041570 -1.143825 1.395176
v -0.524231 -1.399266 1.313019
v -0.071941 -1.346991 1.237379
v -0.526127 -1.495000 1.167736
v -0.072300 -1.450245 1.087397
v -0.535144 -1.615983 0.920556
v -0.063012 -1.583021 0.865082
v -0.866132 1.754670 -0.000000
v -1.179474 1.786649 -0.000000
v -1.215563 1.757097 0.133494
v -0.894132 1.712652 0.151911
v -1.227613 1.709095 0.276029
v -0.954897 1.677544 0.293034
v -1.292756 1.656509 0.514030
v -1.017767 1.607824 0.541965
v -1.338488 1.613735 0.725441
v -1.046070 1.509097 0.761060
v -1.403848 1.533059 0.902827
v -1.115594 1.392380 0.819623
v -1.551526 1.400025 1.050193
v -1.278903 1.192051 0.946843
v -1.552899 1.128654 1.151040
v -1.200768 0.978822 1.103391
v -1.454529 0.875045 1.238858
v -1.147922 0.807955 1.254191
v -1.405685 0.573835 1.352181
v -1.120716 0.424016 1.456990
v -1.479588 0.295746 1.440042
v -1.077307 0.165008 1.553393
v -1.489699 -0.024215 1.510987
v -1.053434 -0.342553 1.690245
v -1.395501 -0.698702 1.553257
v -1.077209 -0.869649 1.633144
v -1.376176 -0.948757 1.451608
v -1.061272 -1.141877 1.496230
v -1.402349 -1.127845 1.309055
v -1.001366 -1.335897 1.353338
v -1.407658 -1.236026 1.112930
v -0.952525 -1.440582 1.168650
v 1.640095 -0.674556 1.246804
v 1.644178 -0.857872 1.208494
v 1.456656 1.785879 -0.000000
v 1.462507 1.745481 0.222394
v 1.483832 1.697594 0.288781
v 1.497138 1.618935 0.401108
v 1.504951 1.483493 0.585976
v 1.517126 1.334367 0.741076
v 1.570685 0.938327 0.989108
v 1.582203 0.771083 1.068180
v 1.630080 0.420236 1.172369
v 1.649027 0.224458 1.211969
v 1.660355 0.019397 1.246002
v 1.664159 -0.189659 1.266729
v 1.678622 -0.410061 1.291177
v 1.920432 -1.567396 0.000000
v 1.604939 -1.556997 0.000000
v 1.192040 -1.330605 0.678707
v 1.210555 -1.460061 0.576841
v 1.223415 -1.532658 0.434522
v 1.289448 -1.546597 0.000000
v 1.219163 -1.218342 0.823029
v 1.373216 -0.564620 1.106245
v 1.252961 -0.928825 1.001643
v 1.230116 -1.085439 0.894543
v -0.078470 -1.688266 0.800230
v -0.094135 -1.769086 0.556924
v -0.953236 -1.545941 0.899180
v 2.881063 -0.493146 0.521968
v 2.824356 -1.407256 0.355013
v 2.740886 -1.339225 0.463604
v 2.663024 -1.440487 0.478149
v -1.350950 1.807009 -0.000000
v -1.365948 1.769608 0.133901
v -1.396332 1.723782 0.267642
v -1.417595 1.676180 0.529265
v -1.465432 1.655336 0.722125
v -1.582187 1.567542 0.982349
v -1.721806 1.391264 1.113307
v -1.733703 1.083864 1.181489
v -1.807421 0.657142 1.209422
v -1.796156 0.452382 1.243643
v -1.810920 0.287592 1.292257
v -1.795130 0.033439 1.371160
v -1.802864 -0.282523 1.401315
v -1.837859 -0.540871 1.295851
v -1.782928 -0.770786 1.173619
v -1.757573 -0.945337 1.075832
v -1.676510 1.826886 -0.000000
v -1.683863 1.789041 0.121501
v -1.714432 1.747956 0.247594
v -1.744732 1.734849 0.433807
v -1.929731 1.617188 0.806390
v -1.996117 1.387891 1.064104
v -1.980388 1.134038 1.143196
v -2.013663 0.810726 1.158827
v -2.030191 0.547622 1.189762
v -2.021159 0.411979 1.234679
v -1.932916 0.232972 1.304589
v -1.897394 0.037852 1.365798
v -1.950547 -0.275573 1.377028
v -2.033655 -0.526012 1.277639
v -2.050292 -0.755566 1.114167
v -2.043593 -0.875823 1.028879
v -2.033406 -0.910030 0.964220
v -1.782298 -1.020581 0.943381
v -1.198513 -1.456102 0.885435
v -1.456655 -1.295527 0.894240
v -1.366873 -1.340211 0.907567
v -2.057387 1.841308 -0.000000
v -2.079597 1.817785 0.138375
v -2.100170 1.789980 0.229245
v -2.137524 1.753182 0.433142
v -2.172139 1.623010 0.805318
v -2.205791 1.356023 1.081662
v -2.296056 1.062810 1.171139
v -2.298249 0.768333 1.203884
v -2.256285 0.547326 1.238301
v -2.158400 0.381542 1.272962
v -2.070413 0.207766 1.335106
v -2.064786 0.018789 1.411866
v -2.187634 -0.375454 1.406902
v -2.276341 -0.689823 1.268026
v -2.292049 -0.933921 1.128136
v -2.299356 -1.025449 1.044687
v -2.306662 -1.116976 0.961238
v -2.629466 1.918204 -0.000000
v -2.672899 1.905110 0.067168
v -2.697367 1.871291 0.218796
v -2.703112 1.825435 0.395127
v -2.715246 1.746763 0.604653
v -2.717480 1.576797 0.875971
v -2.684930 1.262021 1.110490
v -2.572286 0.835495 1.252192
v -2.536112 0.656633 1.269661
v -2.520947 0.559036 1.273617
v -2.473750 0.300945 1.316695
v -2.433366 0.078222 1.371269
v -2.414730 -0.108377 1.395384
v -2.382920 -0.417450 1.375045
v -2.430508 -0.822313 1.254486
v -2.566746 -1.211312 1.167101
v -3.037562 2.001526 -0.000000
v -3.053102 1.968810 0.051104
v -3.077669 1.871112 0.217368
v -3.075310 1.846000 0.363149
v -3.109047 1.789477 0.565323
v -3.085650 1.657340 0.784479
v -3.028932 1.461517 0.941324
v -2.930312 1.103580 1.125876
v -2.825835 0.755899 1.209042
v -2.790630 0.468810 1.224273
v -2.787011 0.264495 1.237352
v -2.687022 0.076781 1.290565
v -2.649338 -0.241719 1.339644
v -2.616467 -0.511373 1.344133
v -2.624856 -0.888200 1.261176
v -2.725776 -1.214862 1.190384
v -2.862576 -1.546894 1.117139
v -2.765069 -1.561164 1.084313
v -3.392806 1.769365 -0.000000
v -3.507689 1.700214 -0.000000
v -3.519716 1.685231 0.317130
v -3.358510 1.810253 0.380095
v -3.527168 1.583508 0.512679
v -3.395381 1.726325 0.554770
v -3.512997 1.448050 0.611386
v -3.338742 1.598933 0.689636
v -3.476235 1.287798 0.704766
v -3.278080 1.432418 0.853958
v -3.442151 1.105486 0.762934
v -3.244771 1.195540 0.910945
v -3.379131 0.767915 0.885996
v -3.196410 0.797564 0.985913
v -3.306875 0.379713 0.987620
v -3.112555 0.457376 1.084816
v -3.251181 0.175063 1.053445
v -3.044646 0.224321 1.164934
v -3.160225 -0.018852 1.113626
v -2.971546 0.032038 1.215971
v -3.101125 -0.354760 1.162409
v -2.907080 -0.345582 1.281557
v -3.096267 -0.668100 1.140081
v -2.901159 -0.619504 1.284058
v -3.122061 -0.998702 1.065015
v -2.937658 -1.002749 1.219413
v -3.150210 -1.259588 1.001021
v -2.982676 -1.264649 1.133596
v -3.188954 -1.408279 0.963611
v -3.063133 -1.440555 1.090926
v -3.690685 1.602080 -0.000000
v -3.734989 1.589433 0.295202
v -3.697974 1.466697 0.433432
v -3.684619 1.350690 0.501428
v -3.655148 1.190938 0.573692
v -3.639878 1.015186 0.615203
v -3.582867 0.734419 0.697787
v -3.504525 0.405574 0.847066
v -3.424258 0.158638 0.918279
v -3.365413 -0.113447 0.952400
v -3.290393 -0.424259 0.984153
v -3.233333 -0.683782 1.015512
v -3.238094 -0.979377 0.961631
v -3.277510 -1.177346 0.915300
v -3.319817 -1.365015 0.886015
v -3.709827 1.417763 -0.000000
v -3.709741 1.351194 0.211745
v -3.701634 1.272650 0.270469
v -3.695872 1.156978 0.316829
v -3.672431 1.044224 0.364991
v -3.664355 0.932851 0.370749
v -3.631292 0.701013 0.420276
v -3.570384 0.385564 0.524480
v -3.520188 0.140164 0.618561
v -3.458251 -0.125950 0.731712
v -3.406618 -0.343461 0.746456
v -3.283698 -0.730967 0.793898
v -2.687162 -1.539807 0.988048
v -2.462835 -1.305500 0.966395
v -2.591357 -1.510845 0.885470
v -2.955052 -1.496840 1.128812
v -3.357996 -1.811803 0.975625
v -3.232610 -1.834299 1.087832
v -3.365990 -1.485170 0.888076
v -3.342096 -1.533989 0.921628
v -2.964215 -1.978727 0.776572
v -2.811581 -1.798210 0.712737
v -2.734184 -1.717948 0.749581
v -2.892438 -1.950810 0.878120
v -2.837147 -1.791733 0.921563
v -3.046610 -2.510881 0.900772
v -3.132772 -2.528669 0.848639
v -3.144012 -2.333635 0.829994
v -3.030605 -2.311222 0.884330
v -3.223286 -3.001780 1.126176
v -3.261810 -2.821069 1.088218
v -3.320330 -2.827513 1.063914
v -3.302419 -3.017921 1.128514
v -2.986345 -2.933770 1.087679
v -3.053267 -2.764905 1.043008
v -3.141072 -2.785287 1.032318
v -3.107105 -2.947818 1.092235
v -2.946527 -2.939327 0.986343
v -3.016419 -2.765091 0.966671
v -3.301857 -3.074776 1.114869
v -3.316551 -3.168932 1.121229
v -3.227676 -3.141660 1.103969
v -3.217306 -3.187686 1.075214
v -2.975439 -3.308754 1.253240
v -2.845816 -3.273661 1.218321
v -2.888628 -3.200302 1.210934
v -3.042899 -3.193907 1.207296
v -2.856957 -3.449728 1.356844
v -2.736599 -3.394849 1.269577
v -2.729567 -3.602976 1.377236
v -2.631547 -3.559891 1.337380
v -3.030627 -3.493327 1.322650
v -2.981824 -3.608887 1.346959
v -3.091252 -3.340925 1.235864
v -3.135041 -3.243787 1.189436
v -2.787341 -3.278502 1.138621
v -2.699957 -3.390295 1.185593
v -2.822497 -3.186549 1.120984
v -2.770335 -3.208138 1.031045
v -2.884711 -3.063896 0.993766
v -2.909010 -3.084482 1.089147
v -3.158524 -3.405872 1.197099
v -3.184143 -3.298048 1.156892
v -3.098730 -3.539123 1.252987
v -3.031250 -3.095940 1.106355
v -2.909010 -3.084482 1.089147
v -2.884711 -3.063896 0.993766
v -2.946527 -2.939327 0.986343
v -2.986345 -2.933770 1.087679
v -3.141072 -2.785287 1.032318
v -3.196508 -2.788166 1.045431
v -3.177108 -2.979305 1.139084
v -3.107105 -2.947818 1.092235
v -3.261810 -2.821069 1.088218
v -3.223286 -3.001780 1.126176
v -3.330406 -3.185190 0.950058
v -3.316551 -3.168932 1.121229
v -3.301857 -3.074776 1.114869
v -3.333954 -3.058673 0.974748
v -3.223246 -3.225388 0.976573
v -3.217306 -3.187686 1.075214
v -3.194170 -3.348553 1.007196
v -3.184143 -3.298048 1.156892
v -3.217306 -3.187686 1.075214
v -3.223246 -3.225388 0.976573
v -2.922908 -3.637036 1.059206
v -2.981824 -3.608887 1.346959
v -3.098730 -3.539123 1.252987
v -3.082741 -3.598298 1.054556
v -3.186750 -3.457336 1.025606
v -3.158524 -3.405872 1.197099
v -3.119570 -3.183977 0.870739
v -3.223246 -3.225388 0.976573
v -3.330406 -3.185190 0.950058
v -3.294389 -3.166225 0.842823
v -3.223246 -3.225388 0.976573
v -3.119570 -3.183977 0.870739
v -3.087335 -3.350463 0.831656
v -3.194170 -3.348553 1.007196
v -3.074557 -3.486847 0.843432
v -3.186750 -3.457336 1.025606
v -3.006867 -3.575464 0.830221
v -3.082741 -3.598298 1.054556
v -2.870422 -3.601724 0.843123
v -2.922908 -3.637036 1.059206
v -2.740824 -3.597601 0.875006
v -2.791754 -3.635993 1.078555
v -3.256731 -3.032131 0.849693
v -3.294389 -3.166225 0.842823
v -3.330406 -3.185190 0.950058
v -3.333954 -3.058673 0.974748
v -3.339637 -2.846837 0.966368
v -3.300372 -2.795728 0.878984
v -3.107105 -2.947818 1.092235
v -3.031250 -3.095940 1.106355
v -2.909010 -3.084482 1.089147
v -2.986345 -2.933770 1.087679
v -3.042899 -3.193907 1.207296
v -2.888628 -3.200302 1.210934
v -3.031250 -3.095940 1.106355
v -3.121673 -3.120319 1.136456
v -3.107105 -2.947818 1.092235
v -3.177108 -2.979305 1.139084
v -3.121673 -3.120319 1.136456
v -3.031250 -3.095940 1.106355
v -3.223286 -3.001780 1.126176
v -3.169546 -3.135273 1.128247
v -3.135041 -3.243787 1.189436
v -3.042899 -3.193907 1.207296
v -3.121673 -3.120319 1.136456
v -3.169546 -3.135273 1.128247
v -3.184143 -3.298048 1.156892
v -3.217306 -3.187686 1.075214
v -3.217306 -3.187686 1.075214
v -3.169546 -3.135273 1.128247
v -3.227676 -3.141660 1.103969
v -3.223286 -3.001780 1.126176
v -3.301857 -3.074776 1.114869
v -3.302419 -3.017921 1.128514
v -3.333954 -3.058673 0.974748
v -3.320330 -2.827513 1.063914
v -3.339637 -2.846837 0.966368
v -2.803260 -3.213580 0.942403
v -2.928681 -3.072892 0.924772
v -2.884711 -3.063896 0.993766
v -2.770335 -3.208138 1.031045
v -2.928681 -3.072892 0.924772
v -3.008412 -2.899760 0.904635
v -2.946527 -2.939327 0.986343
v -2.884711 -3.063896 0.993766
v -2.787341 -3.278502 1.138621
v -2.749355 -3.272099 1.034148
v -2.770335 -3.208138 1.031045
v -2.822497 -3.186549 1.120984
v -2.631547 -3.559891 1.337380
v -2.583580 -3.514267 1.278598
v -2.699957 -3.390295 1.185593
v -2.736599 -3.394849 1.269577
v -2.524720 -3.561609 1.161535
v -2.649491 -3.404362 1.100352
v -2.593513 -3.536154 0.942450
v -2.668957 -3.397513 0.943626
v -2.749867 -3.295148 0.966073
v -2.803260 -3.213580 0.942403
v -3.166971 -3.002766 0.812106
v -3.119570 -3.183977 0.870739
v -3.294389 -3.166225 0.842823
v -3.256731 -3.032131 0.849693
v -3.069810 -2.928755 0.845236
v -3.011987 -3.092000 0.860973
v -3.008412 -2.899760 0.904635
v -2.928681 -3.072892 0.924772
v -3.184812 -2.768053 0.850127
v -3.137383 -2.776449 0.844117
v -3.040038 -2.780893 0.914614
v -3.011987 -3.092000 0.860973
v -2.944625 -3.282121 0.817054
v -3.087335 -3.350463 0.831656
v -3.119570 -3.183977 0.870739
v -2.928681 -3.072892 0.924772
v -2.803260 -3.213580 0.942403
v -2.890885 -3.415616 0.819125
v -3.074557 -3.486847 0.843432
v -2.749867 -3.295148 0.966073
v -3.300372 -2.795728 0.878984
v -3.184812 -2.768053 0.850127
v -3.166971 -3.002766 0.812106
v -3.256731 -3.032131 0.849693
v -3.006867 -3.575464 0.830221
v -3.074557 -3.486847 0.843432
v -2.890885 -3.415616 0.819125
v -2.870422 -3.601724 0.843123
v -2.668957 -3.397513 0.943626
v -2.749867 -3.295148 0.966073
v -2.740824 -3.597601 0.875006
v -2.593513 -3.536154 0.942450
v -2.791754 -3.635993 1.078555
v -2.524720 -3.561609 1.161535
v -2.729567 -3.602976 1.377236
v -2.981824 -3.608887 1.346959
v -2.922908 -3.637036 1.059206
v -2.822497 -3.186549 1.120984
v -2.909010 -3.084482 1.089147
v -3.031250 -3.095940 1.106355
v -2.583580 -3.514267 1.278598
v -2.631547 -3.559891 1.337380
v -3.008412 -2.899760 0.904635
v -3.040038 -2.780893 0.914614
v -3.016419 -2.765091 0.966671
v -2.946527 -2.939327 0.986343
v -3.078699 -2.553982 1.046834
v -3.162498 -2.556375 1.058409
v -3.141072 -2.785287 1.032318
v -3.053267 -2.764905 1.043008
v -3.347304 -2.573628 0.955211
v -3.372066 -2.569159 0.904785
v -3.339637 -2.846837 0.966368
v -3.320330 -2.827513 1.063914
v -3.251541 -2.564050 1.023627
v -3.261810 -2.821069 1.088218
v -3.196508 -2.788166 1.045431
v -3.022819 -2.522240 0.979148
v -3.300372 -2.795728 0.878984
v -3.297886 -2.549020 0.861657
v -3.184812 -2.768053 0.850127
v -3.240554 -2.555467 0.856262
v -3.137383 -2.776449 0.844117
v -3.132772 -2.528669 0.848639
v -3.046610 -2.510881 0.900772
v -3.335942 -1.365685 0.724590
v -3.319817 -1.365015 0.886015
v -3.277510 -1.177346 0.915300
v -3.279790 -1.162072 0.784602
v -3.238094 -0.979377 0.961631
v -3.233333 -0.683782 1.015512
v -3.283698 -0.730967 0.793898
v -3.251210 -0.948205 0.819868
v -3.406618 -0.343461 0.746456
v -3.415655 -0.308965 0.671045
v -3.631292 0.701013 0.420276
v -3.664355 0.932851 0.370749
v -3.578170 0.837714 0.288502
v -3.556552 0.704883 0.280630
v -3.570384 0.385564 0.524480
v -3.536654 0.442277 0.322000
v -3.520188 0.140164 0.618561
v -3.516840 0.149002 0.430359
v -3.458251 -0.125950 0.731712
v -3.470778 -0.078218 0.546398
v -3.599077 0.796217 -0.000000
v -3.623861 0.911561 -0.000000
v -3.709741 1.351194 0.211745
v -3.709827 1.417763 -0.000000
v -3.601668 1.293049 -0.000000
v -3.701634 1.272650 0.270469
v -3.695872 1.156978 0.316829
v -3.608593 1.163581 -0.000000
v -3.672431 1.044224 0.364991
v -3.622326 1.005378 -0.000000
v -3.676450 -0.551317 0.077574
v -3.740631 -0.558176 0.085478
v -3.729470 -0.869371 0.096946
v -3.699784 -0.759901 0.088664
v -3.697889 -0.951955 0.098793
v -3.733767 -1.141917 0.111139
v -3.666536 -1.140372 0.078261
v -3.743747 -1.367219 0.100951
v -3.639696 -1.242349 0.057190
v -3.823638 -1.557534 0.081533
v -3.581963 -1.413947 -0.104371
v -3.683069 -1.591975 -0.115233
v -3.890388 -1.750102 0.017612
v -3.828485 -1.786559 -0.114095
v -3.778908 -0.541975 0.064258
v -3.805841 -0.798961 0.099237
v -3.843256 -0.981402 0.116282
v -3.884588 -1.261469 0.148322
v -3.914006 -1.486854 0.149147
v -4.015306 -1.659952 0.130331
v -4.107191 -1.836520 0.120149
v -3.818598 -0.522690 0.055572
v -3.900964 -0.780883 0.091579
v -3.949814 -0.963797 0.140806
v -3.974499 -1.169600 0.164243
v -4.018866 -1.413191 0.154149
v -4.154334 -1.677827 0.165852
v -4.207566 -1.922824 0.155104
v -3.896204 -0.629183 0.077883
v -3.978115 -0.823440 0.099280
v -4.029726 -1.043238 0.136305
v -4.129295 -1.228786 0.120745
v -4.184154 -1.598080 0.151191
v -4.297769 -1.889903 0.177707
v -3.932489 -0.556566 0.037354
v -4.070739 -0.947648 0.110554
v -4.227645 -1.227895 0.069894
v -4.229164 -1.473093 0.111560
v -4.309744 -1.743848 0.150329
v -4.405365 -1.921443 0.192978
v -3.975337 -0.554961 -0.014407
v -4.112449 -0.875765 0.016326
v -4.233834 -1.166542 0.022074
v -4.333831 -1.548255 0.056938
v -4.424122 -1.831742 0.130839
v -4.445835 -2.015127 0.189702
v -3.921874 -0.538502 -0.145307
v -4.042715 -0.876710 -0.168968
v -4.216296 -1.160854 -0.104034
v -4.252683 -1.437854 -0.145620
v -4.331331 -1.692590 -0.043593
v -4.387148 -1.967814 0.045602
v -3.910546 -0.601719 -0.163159
v -3.988138 -0.962789 -0.223649
v -4.111927 -1.333141 -0.267160
v -4.201904 -1.668554 -0.214859
v -4.273069 -1.798884 -0.099878
v -4.351543 -1.947675 0.025020
v -3.873622 -0.759035 -0.197169
v -3.917882 -1.082831 -0.289171
v -4.001496 -1.375703 -0.285641
v -4.073086 -1.649491 -0.238382
v -4.175757 -1.808223 -0.140659
v -4.321269 -1.963488 0.025072
v -3.742608 -0.729374 -0.149361
v -3.777709 -1.051411 -0.240495
v -3.820370 -1.239135 -0.269807
v -4.000019 -1.567512 -0.275350
v -3.977657 -1.750845 -0.184909
v -4.075028 -1.904403 -0.041324
v -4.192486 -1.953852 0.017313
v -3.860740 -0.188349 -0.024962
v -3.845990 -0.188820 0.019164
v -3.817430 0.150343 0.048629
v -3.828633 0.149083 -0.000000
v -3.844470 0.498176 0.053132
v -3.856649 0.496801 -0.000000
v -3.887340 1.003866 0.057635
v -3.900566 1.002504 -0.000000
v -3.860820 1.479723 0.062137
v -3.875140 1.480358 -0.000000
v -3.698925 1.787941 0.066640
v -3.712832 1.794492 -0.000000
v -3.469715 1.961504 0.071141
v -3.478430 1.975409 -0.000000
v -3.238225 2.005405 0.075645
v -3.242148 2.021387 -0.000000
v -3.805688 -0.190106 0.051472
v -3.786822 0.153783 0.084233
v -3.811194 0.501935 0.092033
v -3.851206 1.007586 0.099831
v -3.821694 1.477989 0.107631
v -3.660928 1.770041 0.115431
v -3.445903 1.923509 0.123229
v -3.227504 1.961738 0.131029
v -3.750630 -0.191863 0.063305
v -3.745007 0.158482 0.097274
v -3.765736 0.507070 0.106281
v -3.801840 1.012668 0.115288
v -3.768245 1.475619 0.124295
v -3.609021 1.745588 0.133304
v -3.413372 1.871604 0.142309
v -3.695565 -0.193620 0.051497
v -3.703185 0.163182 0.084262
v -3.720269 0.512205 0.092064
v -3.752468 1.017751 0.099865
v -3.714787 1.473248 0.107668
v -3.557104 1.721130 0.115470
v -3.380836 1.819691 0.123273
v -3.655240 -0.194907 0.019209
v -3.672559 0.166625 0.048678
v -3.686972 0.515966 0.053185
v -3.716312 1.021474 0.057693
v -3.675638 1.471512 0.062201
v -3.519086 1.703220 0.066709
v -3.357009 1.781675 0.071216
v -3.640457 -0.195379 -0.024909
v -3.661331 0.167886 0.000058
v -3.674766 0.517345 -0.000063
v -3.703058 1.022838 -0.000069
v -3.661286 1.470876 -0.000074
v -3.507689 1.700214 -0.000000
v -3.348274 1.767738 -0.000085
v -3.655175 -0.194909 -0.069044
v -3.672510 0.166630 -0.048579
v -3.686972 0.515966 -0.053185
v -3.695452 -0.193624 -0.101369
v -3.703099 0.163192 -0.084205
v -3.720269 0.512205 -0.092064
v -3.750500 -0.191867 -0.113230
v -3.744907 0.158493 -0.097274
v -3.765736 0.507070 -0.106281
v -3.805575 -0.190109 -0.101447
v -3.786736 0.153792 -0.084291
v -3.811194 0.501935 -0.092033
v -3.845923 -0.188822 -0.069180
v -3.817381 0.150348 -0.048728
v -3.844470 0.498176 -0.053132
v -3.655240 -0.194907 0.019209
v -3.695565 -0.193620 0.051497
v -3.740631 -0.558176 0.085478
v -3.676450 -0.551317 0.077574
v -3.805688 -0.190106 0.051472
v -3.975337 -0.554961 -0.014407
v -3.932489 -0.556566 0.037354
v -3.896204 -0.629183 0.077883
v -3.818598 -0.522690 0.055572
v -3.750630 -0.191863 0.063305
v -3.778908 -0.541975 0.064258
v -3.845990 -0.188820 0.019164
v -3.860740 -0.188349 -0.024962
v -3.695452 -0.193624 -0.101369
v -3.742608 -0.729374 -0.149361
v -3.873622 -0.759035 -0.197169
v -3.750500 -0.191867 -0.113230
v -3.805575 -0.190109 -0.101447
v -3.910546 -0.601719 -0.163159
v -3.921874 -0.538502 -0.145307
v -3.845923 -0.188822 -0.069180
v -3.655175 -0.194909 -0.069044
v -3.640457 -0.195379 -0.024909
v -3.569386 -0.761644 -0.035893
v -3.697889 -0.951955 0.098793
v -3.666536 -1.140372 0.078261
v -3.820370 -1.239135 -0.269807
v -3.777709 -1.051411 -0.240495
v -3.581963 -1.413947 -0.104371
v -3.639696 -1.242349 0.057190
v -3.977657 -1.750845 -0.184909
v -3.890388 -1.750102 0.017612
v -4.075028 -1.904403 -0.041324
v -4.000019 -1.567512 -0.275350
v -3.683069 -1.591975 -0.115233
v -3.828485 -1.786559 -0.114095
v -4.107191 -1.836520 0.120149
v -4.207566 -1.922824 0.155104
v -4.405365 -1.921443 0.192978
v -4.387148 -1.967814 0.045602
v -4.297769 -1.889903 0.177707
v -4.192486 -1.953852 0.017313
v -4.321269 -1.963488 0.025072
v -4.351543 -1.947675 0.025020
v -4.445835 -2.015127 0.189702
v -3.413372 1.871604 0.142309
v -3.077669 1.871112 0.217368
v -3.227504 1.961738 0.131029
v -3.053102 1.968810 0.051104
v -3.037562 2.001526 -0.000000
v -3.242148 2.021387 -0.000000
v -3.238225 2.005405 0.075645
v -3.358510 1.810253 0.380095
v -3.075310 1.846000 0.363149
v -1.936032 -1.829617 0.488916
v -1.971059 -1.992958 0.500845
v -1.933565 -1.993029 0.438902
v -1.883160 -1.829718 0.401567
v -2.027242 -1.813012 0.555232
v -2.035740 -1.981182 0.547873
v -2.126375 -1.866497 0.502895
v -2.106039 -2.019111 0.510759
v -2.176551 -1.873816 0.445782
v -2.141621 -2.024301 0.470257
v -2.147113 -1.903198 0.362462
v -2.120746 -2.045137 0.411171
v -2.062725 -1.884246 0.307336
v -2.060902 -2.031698 0.372079
v -1.946306 -1.872735 0.344251
v -1.978344 -2.023535 0.398257
v -2.466779 -1.857679 0.570461
v -2.513608 -2.012858 0.558673
v -2.499138 -2.038090 0.504529
v -2.446375 -1.893261 0.494110
v -2.547737 -1.833025 0.609321
v -2.571019 -1.995375 0.586230
v -2.647220 -1.844010 0.594347
v -2.641567 -2.003164 0.575611
v -2.699966 -1.850397 0.570070
v -2.678971 -2.007694 0.558395
v -2.709403 -1.879947 0.508775
v -2.685663 -2.028649 0.514928
v -2.684452 -1.891207 0.447388
v -2.667969 -2.036634 0.471396
v -2.614084 -1.905005 0.404925
v -2.618068 -2.046419 0.441284
v -2.503818 -1.909806 0.431456
v -2.539874 -2.049824 0.460098
v -1.985123 -2.116661 0.394256
v -2.065655 -2.124623 0.368720
v -2.124030 -2.137733 0.406853
v -2.144393 -2.117408 0.464489
v -2.109684 -2.112345 0.503997
v -2.041110 -2.075348 0.540201
v -1.978016 -2.086834 0.494327
v -1.941442 -2.086904 0.433904
v -2.513187 -2.130859 0.497920
v -2.552923 -2.142304 0.454579
v -2.629199 -2.138983 0.436227
v -2.677875 -2.129439 0.465600
v -2.695135 -2.121650 0.508064
v -2.688607 -2.101208 0.550465
v -2.652120 -2.096790 0.567258
v -2.583303 -2.089191 0.577616
v -2.527301 -2.106246 0.550735
v -2.048681 -2.165282 0.450843
v -2.603284 -2.176802 0.510638
v 4.925499 1.917814 0.613413
v 4.953403 1.907939 0.605609
v 4.971872 1.924079 0.586026
v 4.953739 1.952580 0.592256
v 4.925394 1.955229 0.618837
v 4.897808 1.946794 0.628057
v 5.001903 1.914398 0.486724
v 4.973133 1.992779 0.533466
v 4.982364 1.873300 0.536190
v 4.926194 1.859813 0.582137
v 4.852578 1.889721 0.605031
v 4.824747 1.946835 0.626358
v 4.861611 2.001639 0.621913
v 4.935561 2.016016 0.585700
v 4.861618 1.854067 0.618095
v 4.852578 1.889721 0.605031
v 4.824747 1.946835 0.626358
v 4.760921 1.881357 0.613120
v 4.935561 2.016016 0.585700
v 4.935880 2.051665 0.572853
v 4.842883 2.021333 0.638025
v 4.861611 2.001639 0.621913
v 4.973133 1.992779 0.533466
v 5.001903 1.914398 0.486724
v 4.991746 2.009819 0.523206
v 4.944706 1.840663 0.575374
v 4.926194 1.859813 0.582137
v 4.991709 1.844295 0.520761
v 4.982364 1.873300 0.536190
v 4.852582 1.816115 0.603105
v 4.908019 1.796041 0.587882
v 4.963546 1.783161 0.553515
v 4.983034 1.806343 0.505779
v 5.011430 1.875569 0.463205
v 4.964945 2.053575 0.499903
v 4.918466 2.084725 0.532713
v 5.020077 1.978170 0.480978
v 4.881574 2.094571 0.539949
v 4.825996 2.089176 0.576083
v 4.788476 2.028047 0.608619
v 4.798297 2.118191 0.591085
v 4.751519 2.039658 0.634134
v 4.872539 2.159259 0.542891
v 4.927885 2.156560 0.516579
v 5.002440 2.105746 0.468233
v 5.057495 2.002751 0.451974
v 5.075994 1.900999 0.443793
v 5.030289 1.827419 0.440803
v 4.991904 1.760829 0.510386
v 4.936066 1.737668 0.557276
v 4.871155 1.741238 0.592326
v 4.816181 1.797860 0.604026
v 5.085813 1.888503 0.408327
v 5.095375 1.961238 0.401516
v 5.058179 1.788186 0.417387
v 5.019836 1.739907 0.485562
v 4.917973 1.681480 0.544201
v 4.862636 1.684144 0.570155
v 4.752337 1.723388 0.591296
v 4.697607 1.768061 0.576663
v 5.067202 2.027704 0.422291
v 5.030641 2.102197 0.432329
v 4.937950 2.181155 0.486939
v 4.881855 2.194544 0.530288
v 4.807794 2.143653 0.570393
v 4.728963 2.036146 0.614307
v 4.742358 1.882232 0.621650
v 4.688114 2.046378 0.604518
v 4.744050 2.179337 0.556057
v 4.837331 2.235678 0.479332
v 4.893850 2.220523 0.417713
v 4.995978 2.148785 0.344534
v 5.060840 2.053335 0.309324
v 5.097062 1.954206 0.328795
v 5.105589 1.864086 0.347113
v 4.697024 1.862575 0.604048
v 4.832890 2.262727 0.283787
v 4.739441 2.299169 0.369987
v 4.971394 2.146686 0.224781
v 5.072165 2.043630 0.209228
v 5.127157 1.942759 0.211214
v 5.152698 1.830661 0.287042
v 5.133171 1.715563 0.334258
v 5.103427 1.624404 0.434275
v 4.982822 1.503071 0.507606
v 4.927282 1.486953 0.526327
v 4.798410 1.473149 0.570618
v 4.715646 1.502195 0.584339
v 4.615408 1.639641 0.577768
v 4.560751 1.785154 0.562428
v 4.551484 1.841749 0.575191
v 4.533113 1.989009 0.578975
v 4.561299 2.133066 0.547248
v 4.636582 2.263383 0.471997
v 5.049690 2.032731 0.000071
v 4.912303 2.162645 -0.000090
v 5.156645 1.942902 0.119993
v 5.218821 1.803552 0.199306
v 5.216855 1.636645 0.279797
v 5.233176 1.442459 0.362988
v 4.596478 1.512987 0.598982
v 4.679116 1.438434 0.589658
v 4.560024 1.604023 0.589333
v 4.477781 1.687858 0.597407
v 4.459682 1.778884 0.588185
v 4.432610 1.878873 0.577888
v 4.433020 2.024714 0.563794
v 4.747988 2.300163 -0.000276
v 4.634996 2.369115 0.140117
v 4.577573 2.389535 0.256196
v 4.472349 2.325133 0.443764
v 4.389484 2.190421 0.473320
v 5.223191 1.371491 0.388069
v 5.158322 1.236770 0.418043
v 4.955360 1.236724 0.505230
v 4.761601 1.363013 0.571370
v 5.321136 1.795562 0.119606
v 5.177545 1.932323 0.000214
v 5.378289 1.768448 0.000441
v 5.421809 1.685349 0.123555
v 5.424281 1.721152 0.000496
v 5.383208 1.619661 0.202452
v 5.373133 1.541142 0.246712
v 5.334328 1.402713 0.332639
v 5.296963 1.322443 0.357984
v 5.260653 1.184173 0.352062
v 5.250485 1.123029 0.385234
v 4.991713 1.163096 0.504149
v 4.733657 1.227371 0.592883
v 4.641547 1.285422 0.622034
v 4.522247 1.398278 0.644892
v 4.430999 1.535753 0.638888
v 4.404221 1.662433 0.616610
v 4.386380 1.770868 0.596666
v 4.377095 1.871713 0.595743
v 5.604888 1.546091 0.113773
v 5.588763 1.573846 0.000686
v 5.566339 1.498677 0.190905
v 5.528186 1.440180 0.250666
v 5.471928 1.345179 0.313899
v 5.425783 1.264372 0.329687
v 5.397967 1.174238 0.346802
v 5.388455 1.119419 0.351883
v 5.685194 1.452202 0.188749
v 5.730427 1.435668 0.209848
v 5.741781 1.463956 0.124891
v 5.687035 1.499636 0.110765
v 5.647186 1.394606 0.257833
v 5.608974 1.317869 0.319719
v 5.710154 1.360653 0.290072
v 5.563253 1.235295 0.317238
v 5.681726 1.282503 0.333871
v 5.580797 1.174135 0.351054
v 5.672187 1.164767 0.354080
v 5.680007 1.510009 0.000786
v 5.479630 1.111310 0.364188
v 5.813217 1.415581 0.195261
v 5.886832 1.385674 0.172365
v 5.915025 1.382159 0.136820
v 5.842092 1.427708 0.130724
v 5.979357 1.325532 0.125337
v 5.963117 1.307775 0.001098
v 5.908842 1.388968 0.001026
v 5.941384 1.330818 0.178936
v 5.835498 1.436280 0.000946
v 5.743997 1.482739 0.000851
v 5.783731 1.341471 0.284590
v 5.847989 1.311569 0.261476
v 5.931474 1.233483 0.215613
v 5.998088 1.231874 0.107334
v 5.963527 1.232407 0.001121
v 5.961686 1.110978 0.090324
v 5.927110 1.131195 0.001118
v 5.934596 1.054796 0.077039
v 5.908782 1.066916 0.001121
v 5.934596 1.054796 0.077039
v 5.897758 1.009309 0.080583
v 5.871947 1.021428 0.001102
v 5.908782 1.066916 0.001121
v 5.923808 1.025283 0.153084
v 5.878630 0.986485 0.128292
v 5.950684 1.082725 0.175648
v 5.923808 1.025283 0.153084
v 5.934596 1.054796 0.077039
v 5.961686 1.110978 0.090324
v 5.763952 1.062109 0.338641
v 5.755282 1.004149 0.307505
v 5.857750 0.997026 0.236768
v 5.884856 1.062202 0.249545
v 5.800778 1.078596 0.319450
v 5.959462 1.157227 0.187097
v 5.912147 1.117911 0.254197
v 5.857750 0.997026 0.236768
v 5.757506 0.957900 0.210732
v 5.878630 0.986485 0.128292
v 5.923808 1.025283 0.153084
v 5.674999 0.950754 0.227960
v 5.755282 1.004149 0.307505
v 5.884856 1.062202 0.249545
v 5.912147 1.117911 0.254197
v 5.837875 1.141493 0.305184
v 5.800778 1.078596 0.319450
v 5.773410 1.225861 0.323025
v 5.672187 1.164767 0.354080
v 5.764774 1.279824 0.308562
v 5.681726 1.282503 0.333871
v 5.783731 1.341471 0.284590
v 5.710154 1.360653 0.290072
v 5.912147 1.117911 0.254197
v 5.959462 1.157227 0.187097
v 5.895899 1.182730 0.164705
v 5.837875 1.141493 0.305184
v 5.849792 1.193480 0.181047
v 5.764774 1.279824 0.308562
v 5.773410 1.225861 0.323025
v 5.840665 1.221942 0.187128
v 5.803425 1.260787 0.210002
v 5.783731 1.341471 0.284590
v 5.847989 1.311569 0.261476
v 5.931474 1.233483 0.215613
v 5.998088 1.231874 0.107334
v 5.573803 0.952578 0.243886
v 5.674999 0.950754 0.227960
v 5.755282 1.004149 0.307505
v 5.672385 1.007694 0.341778
v 5.580727 0.999330 0.349867
v 5.535184 0.980180 0.341257
v 5.681086 1.054964 0.355860
v 5.763952 1.062109 0.338641
v 5.690122 1.092917 0.370850
v 5.800778 1.078596 0.319450
v 5.672187 1.164767 0.354080
v 5.598282 1.094735 0.386994
v 5.580797 1.174135 0.351054
v 5.479630 1.111310 0.364188
v 5.470775 1.009574 0.355371
v 5.580223 1.047470 0.372696
v 5.580727 0.999330 0.349867
v 5.672385 1.007694 0.341778
v 5.535184 0.980180 0.341257
v 5.425352 1.035967 0.342720
v 5.388455 1.119419 0.351883
v 5.434594 0.970412 0.330823
v 5.480649 0.941387 0.316248
v 5.379461 1.045817 0.349748
v 5.370709 0.980272 0.337432
v 5.373646 0.885375 0.208840
v 5.546347 0.916044 0.246782
v 5.638369 0.904402 0.222548
v 5.674999 0.950754 0.227960
v 5.573803 0.952578 0.243886
v 5.748613 0.920490 0.205099
v 5.757506 0.957900 0.210732
v 5.373646 0.885375 0.208840
v 5.511556 0.863525 0.177613
v 5.546347 0.916044 0.246782
v 5.480649 0.941387 0.316248
v 5.603370 0.852748 0.162335
v 5.638369 0.904402 0.222548
v 5.704630 0.849158 0.128130
v 5.748613 0.920490 0.205099
v 5.241466 1.040469 0.383965
v 5.379461 1.045817 0.349748
v 5.388455 1.119419 0.351883
v 5.250485 1.123029 0.385234
v 5.223571 0.974029 0.362117
v 5.370709 0.980272 0.337432
v 5.299005 0.908991 0.260177
v 5.197562 0.922406 0.302473
v 5.757506 0.957900 0.210732
v 5.748613 0.920490 0.205099
v 5.851404 0.929008 0.105362
v 5.878630 0.986485 0.128292
v 5.897758 1.009309 0.080583
v 5.836005 0.945722 0.001092
v 5.871947 1.021428 0.001102
v 5.851404 0.929008 0.105362
v 5.797411 0.880032 0.072306
v 5.780790 0.891286 0.001059
v 5.836005 0.945722 0.001092
v 5.748613 0.920490 0.205099
v 5.704630 0.849158 0.128130
v 5.679621 0.839500 0.000985
v 5.568745 0.834653 0.071390
v 5.579253 0.837796 0.000896
v 5.603370 0.852748 0.162335
v 5.449164 0.847535 0.103909
v 5.137075 0.824518 0.144842
v 5.112563 0.840686 0.000480
v 5.213434 0.856784 0.000565
v 5.247762 0.848549 0.108546
v 5.511556 0.863525 0.177613
v 5.356900 0.851120 0.138324
v 5.373646 0.885375 0.208840
v 5.264430 0.855571 0.181694
v 5.323232 0.866039 0.000660
v 5.469641 0.838722 0.000798
v 5.299005 0.908991 0.260177
v 5.153735 0.831575 0.218348
v 5.197562 0.922406 0.302473
v 4.963526 0.797382 0.143440
v 4.920855 0.812339 0.000318
v 4.996710 0.810560 0.280771
v 4.669690 0.738163 0.188296
v 4.712067 0.770512 0.333393
v 4.655453 0.758022 0.000098
v 5.004627 0.908637 0.345273
v 4.728809 0.878731 0.405801
v 5.021254 0.951308 0.405567
v 5.223571 0.974029 0.362117
v 5.241466 1.040469 0.383965
v 5.011084 1.066770 0.458562
v 4.743250 1.059210 0.563421
v 4.991713 1.163096 0.504149
v 4.733657 1.227371 0.592883
v 4.744871 0.950945 0.491082
v 4.567896 1.149805 0.642484
v 4.641547 1.285422 0.622034
v 4.496191 1.024566 0.579491
v 4.416475 0.921264 0.458839
v 4.297891 0.911506 0.447987
v 4.399629 0.850459 0.391855
v 4.333503 0.951176 0.481517
v 4.359048 0.700414 0.166651
v 4.380854 0.704574 -0.000130
v 4.319799 0.731007 0.291212
v 4.216374 0.852328 0.405873
v 4.366867 1.131136 0.630581
v 4.449011 1.260929 0.647431
v 4.141189 1.008775 0.499342
v 4.277227 1.077746 0.550819
v 4.175444 1.350332 0.613988
v 4.085564 1.288885 0.544406
v 4.247733 1.381058 0.649596
v 4.329607 1.464801 0.661485
v 4.522247 1.398278 0.644892
v 4.430999 1.535753 0.638888
v 4.404221 1.662433 0.616610
v 4.312225 1.683392 0.639944
v 4.386380 1.770868 0.596666
v 4.303615 1.799914 0.610388
v 4.377095 1.871713 0.595743
v 4.304562 1.906537 0.572242
v 4.221814 1.660769 0.594090
v 4.240116 1.770049 0.583946
v 4.121121 1.614451 0.587188
v 4.067576 1.572668 0.534997
v 4.148883 1.759918 0.573765
v 4.076852 1.746601 0.527436
v 4.832890 2.262727 0.283787
v 4.971394 2.146686 0.224781
v 4.912303 2.162645 -0.000090
v 4.747988 2.300163 -0.000276
v 5.156645 1.942902 0.119993
v 5.177545 1.932323 0.000214
v 5.049690 2.032731 0.000071
v 5.687035 1.499636 0.110765
v 5.741781 1.463956 0.124891
v 5.743997 1.482739 0.000851
v 5.680007 1.510009 0.000786
v 5.842092 1.427708 0.130724
v 5.915025 1.382159 0.136820
v 5.908842 1.388968 0.001026
v 5.835498 1.436280 0.000946
v 4.452383 2.524558 0.130255
v 4.454962 2.523303 -0.000603
v 4.317602 2.588926 -0.000745
v 4.342351 2.581176 0.140317
v 4.440143 2.510529 0.269164
v 4.332083 2.586481 0.194917
v 4.429895 2.495758 0.306894
v 4.339601 2.592642 0.258891
v 4.189883 2.606916 -0.000863
v 4.187258 2.590221 0.135844
v 4.203325 2.589186 0.219164
v 4.211652 2.602538 0.264011
v 4.328606 2.563996 0.343892
v 4.209941 2.600612 0.337597
v 4.410844 2.500167 0.351972
v 4.344028 2.585635 0.470949
v 4.328606 2.563996 0.343892
v 4.209941 2.600612 0.337597
v 4.224730 2.624525 0.491916
v 4.407729 2.531640 0.486692
v 4.410844 2.500167 0.351972
v 4.359483 2.615839 0.596817
v 4.277169 2.652435 0.591369
v 4.423033 2.561337 0.603562
v 4.411541 2.663824 0.713132
v 4.356680 2.682996 0.719050
v 4.476090 2.606654 0.692301
v 4.465268 2.695425 0.757267
v 4.418954 2.707401 0.782531
v 4.520603 2.639162 0.745542
v 4.546655 2.709095 0.803780
v 4.509555 2.719807 0.819972
v 4.574545 2.669863 0.780363
v 4.634996 2.369115 0.140117
v 4.747988 2.300163 -0.000276
v 4.528082 2.467537 -0.000521
v 4.577573 2.389535 0.256196
v 4.454962 2.523303 -0.000603
v 4.452383 2.524558 0.130255
v 4.440143 2.510529 0.269164
v 4.429895 2.495758 0.306894
v 4.410844 2.500167 0.351972
v 4.474318 2.418432 0.361347
v 4.443850 2.449921 0.495432
v 4.474318 2.418432 0.361347
v 4.410844 2.500167 0.351972
v 4.407729 2.531640 0.486692
v 4.440760 2.490353 0.629287
v 4.423033 2.561337 0.603562
v 4.484667 2.534451 0.708888
v 4.476090 2.606654 0.692301
v 4.520165 2.557971 0.762427
v 4.520603 2.639162 0.745542
v 4.592620 2.569879 0.790452
v 4.574545 2.669863 0.780363
v 4.674691 2.598833 0.808006
v 4.656565 2.680542 0.799684
v 4.546655 2.709095 0.803780
v 4.646703 2.728688 0.822295
v 4.509555 2.719807 0.819972
v 4.636909 2.750501 0.856859
v 4.729447 2.606204 0.807513
v 4.748031 2.683805 0.800044
v 4.728931 2.721892 0.832625
v 4.719171 2.751091 0.865965
v 4.821336 2.621498 0.789636
v 4.821325 2.691794 0.791887
v 4.811798 2.728680 0.815406
v 4.801436 2.750224 0.858918
v 5.096148 2.759720 0.774729
v 4.577573 2.389535 0.256196
v 4.429895 2.495758 0.306894
v 4.474318 2.418432 0.361347
v 4.472349 2.325133 0.443764
v 4.472349 2.325133 0.443764
v 4.474318 2.418432 0.361347
v 4.443850 2.449921 0.495432
v 4.442912 2.343263 0.533220
v 4.440760 2.490353 0.629287
v 4.440713 2.398472 0.629128
v 4.474625 2.465214 0.751890
v 4.484667 2.534451 0.708888
v 4.320630 2.385528 0.682583
v 4.314039 2.329460 0.577510
v 4.296769 2.260422 0.528796
v 4.382053 2.433474 0.798757
v 4.538177 2.513353 0.776566
v 4.520165 2.557971 0.762427
v 4.444739 2.475795 0.860515
v 4.601515 2.533324 0.794193
v 4.592620 2.569879 0.790452
v 4.554459 2.511417 0.850571
v 4.683344 2.554221 0.821927
v 4.674691 2.598833 0.808006
v 4.681847 2.551036 0.886235
v 4.755192 2.568818 0.876311
v 4.737893 2.564648 0.830389
v 4.856249 2.593812 0.867067
v 4.829566 2.580797 0.821827
v 4.729447 2.606204 0.807513
v 4.821336 2.621498 0.789636
v 4.497719 2.547480 0.937659
v 4.662221 2.556346 0.940618
v 4.763337 2.590834 0.929248
v 4.883022 2.613658 0.893163
v 4.352603 2.524888 0.890532
v 4.262798 2.490674 0.818316
v 4.192789 2.411967 0.668016
v 4.193959 2.370476 0.616705
v 4.113935 2.334131 0.526471
v 5.096148 2.759720 0.774729
v 4.854957 2.660227 0.924310
v 4.735139 2.645464 0.950890
v 4.615662 2.633870 0.977986
v 4.460582 2.622875 0.957002
v 4.343217 2.589542 0.893106
v 4.244622 2.554467 0.811726
v 4.138687 2.474013 0.642311
v 4.121994 2.458034 0.570029
v 4.078510 2.411810 0.472193
v 4.342998 2.664049 0.904347
v 4.235494 2.636171 0.803613
v 4.460786 2.695616 0.949972
v 4.624800 2.708372 0.989445
v 4.138494 2.557838 0.652651
v 4.104292 2.537976 0.543437
v 4.088356 2.510913 0.453793
v 4.043796 2.386524 0.400392
v 4.078510 2.411810 0.472193
v 4.088356 2.510913 0.453793
v 4.063205 2.509679 0.342987
v 4.035753 2.399538 0.343957
v 4.055262 2.505284 0.297282
v 4.615662 2.633870 0.977986
v 4.735139 2.645464 0.950890
v 4.753015 2.699695 0.973279
v 4.624800 2.708372 0.989445
v 4.854957 2.660227 0.924310
v 4.863709 2.722151 0.936660
v 4.189883 2.606916 -0.000863
v 4.079812 2.571649 -0.000951
v 4.084506 2.570978 0.218168
v 4.187258 2.590221 0.135844
v 4.101754 2.557092 0.265856
v 4.203325 2.589186 0.219164
v 4.100907 2.560626 0.302396
v 4.211652 2.602538 0.264011
v 4.117367 2.568514 0.384500
v 4.209941 2.600612 0.337597
v 4.209941 2.600612 0.337597
v 4.117367 2.568514 0.384500
v 4.151183 2.579059 0.494606
v 4.224730 2.624525 0.491916
v 4.509555 2.719807 0.819972
v 4.462368 2.725999 0.882675
v 4.616626 2.749486 0.939333
v 4.636909 2.750501 0.856859
v 4.418954 2.707401 0.782531
v 4.354196 2.711836 0.826545
v 4.356680 2.682996 0.719050
v 4.273414 2.686575 0.753674
v 4.176065 2.636883 0.618384
v 4.277169 2.652435 0.591369
v 4.055262 2.505284 0.297282
v 4.029016 2.519175 0.249385
v 4.000110 2.424158 0.313254
v 4.035753 2.399538 0.343957
v 3.988172 2.489642 -0.001008
v 4.024214 2.527933 -0.000987
v 4.084506 2.570978 0.218168
v 4.079812 2.571649 -0.000951
v 4.101754 2.557092 0.265856
v 4.063205 2.509679 0.342987
v 4.100907 2.560626 0.302396
v 4.088356 2.510913 0.453793
v 4.117367 2.568514 0.384500
v 4.104292 2.537976 0.543437
v 4.151183 2.579059 0.494606
v 4.117367 2.568514 0.384500
v 4.088356 2.510913 0.453793
v 4.273414 2.686575 0.753674
v 4.356680 2.682996 0.719050
v 4.277169 2.652435 0.591369
v 4.176065 2.636883 0.618384
v 4.138494 2.557838 0.652651
v 4.235494 2.636171 0.803613
v 4.342998 2.664049 0.904347
v 4.354196 2.711836 0.826545
v 4.460786 2.695616 0.949972
v 4.462368 2.725999 0.882675
v 4.616626 2.749486 0.939333
v 4.735445 2.749285 0.940329
v 4.719171 2.751091 0.865965
v 4.636909 2.750501 0.856859
v 4.827733 2.754390 0.905049
v 4.801436 2.750224 0.858918
v 5.096148 2.759720 0.774729
v 4.624800 2.708372 0.989445
v 4.753015 2.699695 0.973279
v 4.863709 2.722151 0.936660
v 3.828001 2.352540 0.233341
v 4.000110 2.424158 0.313254
v 3.988172 2.489642 -0.001008
v 3.787342 2.396113 -0.001159
v 3.870548 2.292106 0.368964
v 3.961908 2.347745 0.374747
v 4.025364 2.359300 0.402597
v 4.043796 2.386524 0.400392
v 4.035753 2.399538 0.343957
v 3.967085 2.280648 0.537643
v 4.077563 2.305187 0.510338
v 3.903911 2.241501 0.512468
v 3.823349 2.141733 0.428356
v 3.857922 2.141554 0.521067
v 4.113935 2.334131 0.526471
v 4.078510 2.411810 0.472193
v 4.010847 2.270246 0.622149
v 4.112302 2.285832 0.595500
v 3.928869 2.223919 0.615683
v 3.892378 2.149432 0.603589
v 4.044730 2.254459 0.744209
v 4.146067 2.278102 0.707372
v 3.990744 2.205448 0.710795
v 3.945464 2.130100 0.689536
v 4.212974 2.303184 0.587113
v 4.296769 2.260422 0.528796
v 4.212058 2.279450 0.625927
v 4.172143 2.303394 0.778972
v 4.229332 2.274522 0.672749
v 4.079122 2.264104 0.845010
v 4.024700 2.187859 0.814219
v 4.215419 2.350484 0.885764
v 4.273005 2.310529 0.762172
v 4.104864 2.298353 0.915735
v 4.059714 2.194906 0.888152
v 4.097362 2.366600 1.239986
v 4.155551 2.388662 1.091960
v 4.102304 2.299960 1.025862
v 4.061989 2.231988 1.178382
v 4.194233 2.408334 1.008471
v 4.307092 2.367482 0.877202
v 4.266263 2.421651 1.054799
v 4.228523 2.435029 1.098575
v 4.170470 2.458441 1.241846
v 4.058311 2.293363 1.338054
v 4.094116 2.426172 1.381032
v 4.046673 2.341349 1.452530
v 4.047406 2.207209 1.015108
v 3.989434 2.118832 0.765086
v 4.022592 2.123052 0.903284
v 4.020299 2.141675 1.002365
v 4.024858 2.106568 1.208099
v 4.036947 1.992167 1.072561
v 4.082988 2.175805 1.450930
v 4.103303 2.038565 1.363737
v 4.152166 1.868775 1.225002
v 4.127903 1.828359 1.090512
v 4.031515 1.968248 0.918460
v 3.966639 1.969285 0.549291
v 3.922437 1.972461 0.483563
v 3.982910 1.987391 0.639809
v 4.059885 1.860460 0.470087
v 4.094112 1.889281 0.578435
v 4.017509 1.996169 0.731654
v 4.150297 1.820575 0.917046
v 4.389484 2.190421 0.473320
v 4.472349 2.325133 0.443764
v 4.342700 2.112281 0.516692
v 4.314791 2.142163 0.540650
v 4.305411 2.059245 0.539407
v 4.433020 2.024714 0.563794
v 4.101726 2.312318 1.438163
v 4.148927 2.388726 1.376879
v 4.129926 2.308770 1.402259
v 4.140097 2.295949 1.367196
v 4.169404 2.306276 1.284031
v 4.149438 2.340550 1.353693
v 4.141759 2.279958 1.295340
v 4.197644 2.394643 1.248646
v 4.197516 2.349135 1.253043
v 4.199317 2.304652 1.174540
v 4.267320 2.121987 0.614940
v 4.274886 2.220030 0.679075
v 4.354411 2.102985 0.802580
v 4.380990 2.207701 0.839016
v 4.369751 2.298204 0.921894
v 4.303193 2.347123 1.044413
v 4.245861 2.375093 1.141312
v 4.218457 2.356834 1.142444
v 4.275405 2.319905 1.046400
v 4.296538 2.243779 0.925459
v 4.289048 2.172969 0.858693
v 4.211815 2.282490 1.039137
v 4.278045 1.976660 0.537351
v 4.290375 2.112337 0.800190
v 4.222795 2.228178 0.952752
v 4.197609 2.164063 0.857433
v 4.153175 2.084823 0.799668
v 4.151090 2.102939 0.889759
v 4.148865 2.148829 0.986567
v 4.154566 2.190480 1.129552
v 4.152557 2.235471 1.217046
v 4.131949 2.050757 0.921856
v 4.119993 2.063095 1.049178
v 4.126160 2.120930 1.172520
v 4.133175 2.175231 1.259323
v 4.159229 1.949902 0.923197
v 4.137657 1.944837 1.061024
v 4.143794 2.013720 1.201386
v 4.123290 2.086854 1.295135
v 4.112680 2.195089 1.366908
v 4.111934 2.234814 1.399949
v 4.232341 1.903079 0.534362
v 4.304562 1.906537 0.572242
v 4.303615 1.799914 0.610388
v 4.240116 1.770049 0.583946
v 4.377095 1.871713 0.595743
v 4.432610 1.878873 0.577888
v 4.148883 1.759918 0.573765
v 4.281287 2.055751 0.787000
v 4.354941 2.064161 0.778851
v 4.245225 2.008532 0.772641
v 5.895899 1.182730 0.164705
v 5.959462 1.157227 0.187097
v 5.998088 1.231874 0.107334
v 5.959462 1.157227 0.187097
v 5.950684 1.082725 0.175648
v 5.961686 1.110978 0.090324
v 5.998088 1.231874 0.107334
v 5.755282 1.004149 0.307505
v 5.763952 1.062109 0.338641
v 5.681086 1.054964 0.355860
v 5.672385 1.007694 0.341778
v 5.849792 1.193480 0.181047
v 5.840665 1.221942 0.187128
v 5.773410 1.225861 0.323025
v 5.837875 1.141493 0.305184
v 5.480649 0.941387 0.316248
v 5.546347 0.916044 0.246782
v 5.573803 0.952578 0.243886
v 5.535184 0.980180 0.341257
v 5.710154 1.360653 0.290072
v 5.730427 1.435668 0.209848
v 5.685194 1.452202 0.188749
v 5.647186 1.394606 0.257833
v 4.991713 1.163096 0.504149
v 5.011084 1.066770 0.458562
v 5.241466 1.040469 0.383965
v 5.250485 1.123029 0.385234
v 4.641547 1.285422 0.622034
v 4.522247 1.398278 0.644892
v 4.449011 1.260929 0.647431
v 4.567896 1.149805 0.642484
v 4.742358 1.882232 0.621650
v 4.728963 2.036146 0.614307
v 4.688114 2.046378 0.604518
v 4.697024 1.862575 0.604048
v 4.760921 1.881357 0.613120
v 4.824747 1.946835 0.626358
v 4.861611 2.001639 0.621913
v 4.842883 2.021333 0.638025
v 4.925394 1.955229 0.618837
v 4.935561 2.016016 0.585700
v 4.861611 2.001639 0.621913
v 4.897808 1.946794 0.628057
v 4.852582 1.816115 0.603105
v 4.861618 1.854067 0.618095
v 4.760921 1.881357 0.613120
v 4.973133 1.992779 0.533466
v 4.991746 2.009819 0.523206
v 4.935880 2.051665 0.572853
v 4.935561 2.016016 0.585700
v 4.788476 2.028047 0.608619
v 4.751519 2.039658 0.634134
v 4.991709 1.844295 0.520761
v 5.011430 1.875569 0.463205
v 5.001903 1.914398 0.486724
v 4.982364 1.873300 0.536190
v 4.918466 2.084725 0.532713
v 4.881574 2.094571 0.539949
v 4.744050 2.179337 0.556057
v 4.837331 2.235678 0.479332
v 4.739441 2.299169 0.369987
v 4.636582 2.263383 0.471997
v 5.075994 1.900999 0.443793
v 5.095375 1.961238 0.401516
v 5.067202 2.027704 0.422291
v 5.057495 2.002751 0.451974
v 4.101726 2.312318 1.438163
v 4.046673 2.341349 1.452530
v 4.082988 2.175805 1.450930
v 4.111934 2.234814 1.399949
v 4.129926 2.308770 1.402259
v 4.150297 1.820575 0.917046
v 4.094112 1.889281 0.578435
v 4.245225 2.008532 0.772641
v 4.159229 1.949902 0.923197
v 4.127903 1.828359 1.090512
v 4.137657 1.944837 1.061024
v 4.152166 1.868775 1.225002
v 4.143794 2.013720 1.201386
v 4.103303 2.038565 1.363737
v 4.123290 2.086854 1.295135
v 4.112680 2.195089 1.366908
v 5.096148 2.759720 0.774729
v 4.863709 2.722151 0.936660
v 4.854957 2.660227 0.924310
v 4.076852 1.746601 0.527436
v 4.148883 1.759918 0.573765
v 4.094112 1.889281 0.578435
v 4.059885 1.860460 0.470087
v 4.380854 0.704574 -0.000130
v 4.359048 0.700414 0.166651
v 4.120842 0.627141 0.185461
v 4.126565 0.642027 -0.000000
v 3.881998 1.764428 0.476337
v 4.067576 1.572668 0.534997
v 3.886058 1.550141 0.504830
v 4.085564 1.288885 0.544406
v 3.988510 1.297806 0.539537
v 4.141189 1.008775 0.499342
v 4.041657 1.039756 0.496922
v 4.216374 0.852328 0.405873
v 4.068249 0.798926 0.400813
v 4.319799 0.731007 0.291212
v 4.105198 0.672581 0.300001
v 3.758215 2.206683 0.323051
v 3.870548 2.292106 0.368964
v 3.828001 2.352540 0.233341
v 3.745669 2.266001 0.241930
v 3.787342 2.396113 -0.001159
v 3.716360 2.343387 -0.000000
v 3.727093 2.308406 0.150049
v 3.922437 1.972461 0.483563
v 3.814876 1.968416 0.443000
v 3.823349 2.141733 0.428356
v 5.096148 2.759720 0.774729
v 4.829566 2.580797 0.821827
v 4.821336 2.621498 0.789636
v 4.856249 2.593812 0.867067
v 4.094112 1.889281 0.578435
v 4.232341 1.903079 0.534362
v 4.245225 2.008532 0.772641
v 1.700797 -2.794792 0.824250
v 1.718315 -2.775468 0.921796
v 1.678986 -2.513137 0.891745
v 1.655948 -2.520927 0.844269
v 1.705953 -3.006628 0.832630
v 1.734568 -2.965876 0.986396
v -0.972514 -1.822778 0.372649
v -0.977375 -1.793126 0.498747
v -1.108758 -1.770749 0.473033
v -1.305099 -1.708460 0.484230
v -1.266738 -1.691944 0.557922
v -1.397474 -1.693815 0.570541
v -1.406693 -1.697325 0.450399
v -3.120907 -1.707924 0.431829
v -2.941731 -1.787431 0.442574
v -3.008323 -1.759271 0.655672
v -3.139394 -1.687482 0.638546
v -2.709403 -1.879947 0.508775
v -2.699966 -1.850397 0.570070
v -2.811581 -1.798210 0.712737
v -3.697889 -0.951955 0.098793
v -3.676450 -0.551317 0.077574
v -3.699784 -0.759901 0.088664
v -3.358510 1.810253 0.380095
v -3.413372 1.871604 0.142309
v -3.392806 1.769365 -0.000000
v -3.380836 1.819691 0.123273
v -3.348274 1.767738 -0.000085
v 4.148927 2.388726 1.376879
v 4.101726 2.312318 1.438163
v 4.129926 2.308770 1.402259
v 4.149438 2.340550 1.353693
v -2.964215 -1.978727 0.776572
v -3.066022 -1.953125 0.719516
v -3.008323 -1.759271 0.655672
v -2.811581 -1.798210 0.712737
v -3.211005 -1.850398 0.700723
v -3.139394 -1.687482 0.638546
v -3.357009 1.781675 0.071216
v -3.357009 1.781675 -0.071216
v -3.380836 1.819691 -0.123273
vn 0.3071 -0.3362 -0.8903
vn 0.3839 -0.2407 -0.8914
vn 0.5260 -0.1330 -0.8400
vn 0.4313 -0.2540 -0.8657
vn 0.7173 -0.1874 -0.6711
vn 0.6529 -0.1762 -0.7367
vn 0.7082 -0.1957 -0.6784
vn 0.7178 -0.1044 -0.6883
vn 0.6015 -0.2502 -0.7587
vn 0.3672 -0.3721 -0.8525
vn 0.2690 -0.4200 -0.8668
vn 0.3119 -0.4811 -0.8193
vn 0.2474 -0.4879 -0.8371
vn 0.2780 -0.5984 -0.7514
vn 0.3358 -0.5535 -0.7622
vn 0.2527 -0.5857 -0.7701
vn 0.4609 -0.4984 -0.7343
vn 0.2517 -0.4809 -0.8399
vn 0.4261 -0.3248 -0.8443
vn 0.5359 -0.2501 -0.8064
vn 0.5486 -0.3686 -0.7505
vn 0.6670 -0.2220 -0.7112
vn 0.6804 -0.2092 -0.7023
vn 0.6665 -0.1189 -0.7360
vn 0.5892 -0.0586 -0.8059
vn 0.6870 -0.0138 -0.7265
vn 0.6035 -0.1209 -0.7881
vn 0.4731 -0.1421 -0.8695
vn 0.3661 -0.4336 -0.8234
vn 0.2022 -0.5735 -0.7939
vn 0.1180 -0.6251 -0.7716
vn 0.2624 -0.6473 -0.7156
vn 0.4360 -0.5782 -0.6896
vn 0.8813 -0.2457 -0.4035
vn 0.9160 -0.1168 -0.3838
vn 0.8837 -0.3037 -0.3561
vn 0.7734 -0.5326 -0.3438
vn 0.5546 -0.7611 -0.3363
vn 0.2270 -0.8989 -0.3748
vn 0.0271 -0.9415 -0.3360
vn 0.0699 -0.9412 -0.3304
vn 0.2321 -0.8905 -0.3913
vn 0.9400 -0.3359 -0.0595
vn 0.9791 -0.2022 -0.0225
vn 0.9235 -0.3826 -0.0288
vn 0.7555 -0.6549 -0.0194
vn 0.5425 -0.8399 -0.0127
vn 0.2430 -0.9682 -0.0587
vn -0.0505 -0.9964 -0.0674
vn -0.1332 -0.9898 -0.0501
vn -0.0888 -0.9957 -0.0264
vn 0.6974 -0.1614 -0.6983
vn 0.6637 -0.0438 -0.7467
vn 0.6686 -0.0420 -0.7424
vn 0.6800 -0.1422 -0.7193
vn 0.6471 -0.2488 -0.7206
vn 0.6488 -0.2453 -0.7204
vn 0.7088 -0.3125 -0.6324
vn 0.7177 -0.3136 -0.6217
vn 0.8184 -0.4355 -0.3749
vn 0.6229 -0.2681 -0.7349
vn 0.7887 -0.4711 -0.3949
vn 0.8581 -0.5026 -0.1053
vn 0.7148 -0.5135 -0.4747
vn 0.8309 -0.5481 -0.0961
vn 0.5925 -0.2197 -0.7750
vn 0.0443 0.0234 -0.9987
vn 0.0051 -0.0246 -0.9997
vn -0.0153 0.0040 -0.9999
vn 0.0881 -0.0474 -0.9950
vn 0.1013 -0.0910 -0.9907
vn -0.0504 -0.1930 -0.9799
vn 0.0155 -0.1796 -0.9836
vn 0.0926 -0.2187 -0.9714
vn 0.1390 -0.2574 -0.9563
vn 0.1582 -0.1885 -0.9693
vn 0.1406 -0.1914 -0.9714
vn -0.1305 -0.3974 -0.9083
vn -0.0869 -0.3177 -0.9442
vn -0.0228 -0.3356 -0.9417
vn 0.1211 -0.3758 -0.9188
vn 0.1507 -0.4414 -0.8846
vn 0.1461 -0.5295 -0.8356
vn 0.1097 -0.6252 -0.7727
vn 0.1742 -0.3527 -0.9194
vn 0.1768 -0.4510 -0.8748
vn 0.0005 -0.5039 -0.8638
vn 0.1723 -0.5077 -0.8441
vn -0.2624 -0.4633 -0.8465
vn -0.1860 -0.4929 -0.8500
vn -0.2662 -0.5549 -0.7882
vn -0.2099 -0.5301 -0.8215
vn -0.2487 -0.5578 -0.7919
vn -0.2228 -0.5186 -0.8255
vn -0.4321 -0.5686 -0.6999
vn -0.2110 -0.8504 -0.4820
vn -0.1958 -0.7202 -0.6655
vn 0.0949 -0.9388 -0.3310
vn -0.4630 -0.7627 -0.4516
vn -0.2349 -0.9347 -0.2669
vn -0.2970 -0.4798 -0.8256
vn -0.0949 -0.8361 -0.5403
vn 0.0117 -0.5177 -0.8555
vn -0.0829 -0.7889 -0.6089
vn 0.0285 -0.8901 -0.4548
vn 0.1417 -0.8013 -0.5813
vn 0.1483 -0.5249 -0.8381
vn 0.1810 -0.7604 -0.6237
vn 0.1512 -0.9562 -0.2507
vn 0.0464 -0.9907 -0.1283
vn -0.1263 -0.9895 -0.0704
vn -0.2871 -0.9498 -0.1246
vn -0.2666 -0.9015 -0.3408
vn 0.0338 -0.9782 -0.2049
vn -0.3358 -0.9307 -0.1450
vn -0.4042 -0.8808 -0.2465
vn -0.3989 -0.8562 -0.3284
vn -0.4394 -0.8087 -0.3910
vn -0.4003 -0.8589 -0.3195
vn -0.2835 -0.9305 -0.2320
vn -0.3150 -0.9429 -0.1086
vn -0.1304 -0.9354 -0.3287
vn -0.1782 -0.9515 -0.2508
vn -0.2297 -0.9664 -0.1150
vn -0.1640 -0.9712 -0.1727
vn -0.2248 -0.9519 -0.2084
vn -0.1345 -0.9864 -0.0948
vn -0.0677 -0.9726 -0.2226
vn 0.0136 -0.9760 -0.2175
vn 0.0208 -0.9914 -0.1290
vn 0.2014 -0.9567 -0.2100
vn 0.1840 -0.9758 -0.1180
vn 0.3048 -0.8897 -0.3398
vn 0.2934 -0.9333 -0.2070
vn 0.2697 -0.9612 -0.0583
vn 0.1678 -0.9853 -0.0318
vn 0.0070 -0.9997 -0.0220
vn -0.1523 -0.9883 -0.0011
vn -0.2364 -0.9716 -0.0105
vn -0.1151 -0.9932 -0.0182
vn -0.0750 -0.9964 -0.0387
vn 0.0875 -0.9956 -0.0341
vn 0.2047 -0.9722 -0.1138
vn 0.3033 -0.9496 0.0788
vn 0.4339 -0.8851 -0.1682
vn 0.3694 -0.7856 -0.4964
vn 0.2916 -0.8643 -0.4097
vn 0.2138 -0.8134 -0.5410
vn 0.0257 -0.9635 -0.2665
vn 0.0356 -0.9624 -0.2694
vn 0.1692 -0.7012 -0.6926
vn -0.0540 -0.6289 -0.7756
vn -0.0257 -0.6971 -0.7165
vn 0.0436 -0.6947 -0.7180
vn 0.0832 -0.7142 -0.6950
vn 0.0775 -0.7751 -0.6271
vn 0.1404 -0.6920 -0.7081
vn 0.1640 -0.7488 -0.6421
vn 0.5013 -0.8602 -0.0933
vn 0.3754 -0.8004 -0.4675
vn 0.1864 -0.7729 -0.6065
vn -0.1142 -0.8559 -0.5044
vn -0.1354 -0.9566 -0.2578
vn 0.1220 -0.9601 -0.2515
vn 0.2178 -0.9501 -0.2234
vn 0.1591 -0.8076 -0.5678
vn 0.0218 -0.7155 -0.6983
vn -0.0590 -0.7737 -0.6308
vn 0.0127 -0.8034 -0.5952
vn 0.4307 -0.6850 -0.5875
vn -0.3730 -0.9268 0.0449
vn -0.3743 -0.9271 -0.0179
vn -0.3283 -0.9429 0.0570
vn -0.3165 -0.9451 0.0814
vn -0.1516 -0.9823 0.1099
vn -0.1822 -0.9775 0.1062
vn 0.1406 -0.9892 0.0424
vn 0.0249 -0.9953 0.0938
vn -0.2256 -0.9736 -0.0346
vn 0.1678 -0.9681 0.1861
vn 0.1941 -0.9678 0.1603
vn 0.3924 -0.9077 0.1484
vn -0.1947 -0.9783 -0.0713
vn -0.1159 -0.9908 -0.0706
vn -0.1338 -0.9885 -0.0708
vn -0.0682 -0.9952 -0.0700
vn -0.5093 -0.8579 -0.0681
vn -0.4568 -0.8895 0.0138
vn -0.5934 -0.8045 -0.0259
vn -0.6348 -0.7642 -0.1139
vn -0.7512 -0.6581 -0.0515
vn -0.7776 -0.4797 -0.4065
vn -0.8545 -0.5180 -0.0395
vn -0.8004 -0.4678 -0.3749
vn -0.9506 -0.3085 -0.0354
vn -0.9221 -0.2622 -0.2847
vn -0.9941 -0.0916 -0.0576
vn -0.9585 -0.0679 -0.2770
vn -0.9946 0.0870 -0.0559
vn -0.9595 0.0991 -0.2638
vn -0.9779 0.1629 -0.1309
vn -0.9279 0.1793 -0.3268
vn -0.9667 0.1442 -0.2112
vn -0.8875 0.1367 -0.4402
vn -0.9885 0.0621 -0.1381
vn -0.9499 0.0880 -0.2998
vn -0.9982 -0.0282 -0.0530
vn -0.9968 0.0638 -0.0472
vn -0.9987 -0.0469 -0.0207
vn -0.9881 0.1451 -0.0515
vn -0.9875 0.1514 -0.0434
vn -0.9978 0.0660 0.0113
vn -0.9984 -0.0481 0.0283
vn -0.9470 -0.3211 0.0107
vn -0.8195 -0.5729 0.0158
vn -0.7018 -0.7122 0.0156
vn -0.5451 -0.8377 0.0332
vn -0.4206 -0.9059 0.0486
vn -0.3953 -0.9173 0.0478
vn -0.3785 -0.9239 0.0556
vn -0.8329 0.1756 -0.5249
vn -0.8061 0.2046 -0.5553
vn -0.7448 0.1012 -0.6596
vn -0.6806 -0.0545 -0.7306
vn -0.6028 -0.1972 -0.7732
vn -0.5480 -0.1934 -0.8138
vn -0.6442 0.1986 -0.7386
vn -0.3854 0.0888 -0.9185
vn -0.4510 0.0892 -0.8881
vn -0.4347 -0.0470 -0.8993
vn -0.4038 -0.1038 -0.9089
vn -0.4368 -0.0335 -0.8989
vn -0.9876 -0.1461 -0.0578
vn -0.9912 -0.1194 -0.0573
vn -0.9694 -0.2233 -0.1024
vn -0.9802 -0.1825 -0.0764
vn 0.0293 0.0146 -0.9995
vn -0.3375 0.1608 -0.9275
vn -0.4245 0.1068 -0.8991
vn -0.0595 0.1504 -0.9868
vn -0.0498 0.2719 -0.9610
vn -0.2028 0.3046 -0.9306
vn 0.4242 0.4183 -0.8032
vn 0.5490 0.3762 -0.7464
vn 0.8564 0.3852 -0.3438
vn 0.8862 0.3560 -0.2964
vn 0.1472 -0.0847 -0.9855
vn 0.2850 -0.2586 -0.9230
vn 0.2499 -0.1318 -0.9593
vn 0.3300 -0.4507 -0.8294
vn -0.1837 0.3110 -0.9325
vn 0.4040 0.5409 -0.7377
vn 0.4843 0.5143 -0.7078
vn -0.1065 0.4050 -0.9081
vn 0.4623 0.6163 -0.6375
vn 0.0057 0.3490 -0.9371
vn 0.3007 0.4059 -0.8630
vn 0.1063 0.2287 -0.9677
vn -0.3017 0.0842 -0.9497
vn -0.4899 0.1219 -0.8632
vn -0.4668 0.2426 -0.8504
vn -0.4985 0.2116 -0.8407
vn 0.6682 0.6643 -0.3350
vn 0.7278 0.5147 -0.4533
vn 0.6719 0.6266 -0.3949
vn 0.7080 0.6386 -0.3015
vn 0.7282 0.6256 -0.2800
vn 0.7538 0.6072 -0.2509
vn -0.6790 0.1235 -0.7237
vn -0.6692 0.1185 -0.7336
vn -0.7281 -0.0567 -0.6831
vn 0.3752 0.8457 -0.3796
vn 0.8674 0.4066 -0.2869
vn 0.8671 0.4069 -0.2874
vn 0.8666 0.4074 -0.2882
vn 0.8669 0.4071 -0.2877
vn 0.3615 0.4267 -0.8290
vn -0.0040 0.2992 -0.9542
vn 0.2939 0.4085 -0.8641
vn 0.2139 0.3733 -0.9027
vn -0.3533 0.1264 -0.9269
vn 0.2711 0.4114 -0.8702
vn -0.9785 -0.0632 -0.1961
vn -0.9915 0.0610 -0.1150
vn -0.8834 -0.4561 -0.1082
vn -0.7959 -0.5586 -0.2336
vn -0.2556 -0.9478 -0.1907
vn -0.4371 -0.8319 -0.3418
vn -0.9763 -0.1789 -0.1217
vn -0.9766 -0.1784 -0.1204
vn -0.9808 -0.1391 -0.1365
vn -0.9892 -0.1093 -0.0974
vn -0.6178 -0.7804 -0.0960
vn -0.7691 -0.6148 -0.1747
vn -0.4923 -0.8617 -0.1230
vn -0.2592 -0.9647 -0.0462
vn -0.9534 -0.2186 -0.2080
vn -0.9511 -0.2752 -0.1403
vn -0.1566 -0.9290 0.3353
vn -0.3088 -0.9160 0.2561
vn -0.1503 -0.9289 0.3383
vn -0.0342 -0.9200 0.3904
vn -0.8361 -0.1452 0.5290
vn -0.8729 -0.0815 0.4811
vn -0.8084 -0.1413 0.5714
vn -0.6464 -0.3116 0.6965
vn -0.8505 -0.3334 0.4068
vn -0.8403 -0.3469 0.4167
vn -0.5510 -0.7961 0.2501
vn -0.4925 -0.8277 0.2690
vn -0.1062 -0.9797 0.1698
vn -0.0586 -0.9816 0.1816
vn 0.0482 -0.9862 0.1582
vn 0.0798 -0.9827 0.1672
vn -0.8999 0.0619 0.4317
vn -0.9576 0.0315 0.2863
vn -0.9182 0.1453 0.3684
vn -0.8834 0.0807 0.4617
vn -0.9001 -0.0982 0.4244
vn -0.8908 -0.0801 0.4472
vn 0.0706 0.0966 -0.9928
vn 0.1451 0.0772 -0.9864
vn 0.1030 0.0882 -0.9908
vn 0.0275 0.1075 -0.9938
vn 0.0438 0.7146 -0.6981
vn 0.0313 0.7156 -0.6978
vn 0.0146 0.7168 -0.6972
vn 0.0236 0.7162 -0.6975
vn 0.2782 0.2185 -0.9353
vn 0.0957 0.0803 -0.9922
vn 0.1897 0.0494 -0.9806
vn 0.4445 0.1903 -0.8753
vn -0.1699 -0.0468 -0.9843
vn -0.2283 -0.0936 -0.9691
vn -0.5855 0.2634 -0.7667
vn -0.3437 0.3986 -0.8503
vn -0.4104 0.3933 -0.8227
vn -0.6216 0.2927 -0.7266
vn -0.7943 0.1445 -0.5901
vn -0.7503 0.2487 -0.6125
vn -0.3110 -0.5013 -0.8075
vn -0.2515 -0.3463 -0.9038
vn -0.2937 -0.5490 -0.7825
vn -0.7101 -0.1133 -0.6949
vn -0.1259 -0.0306 -0.9916
vn -0.9788 -0.0560 -0.1970
vn 0.8089 0.5036 0.3035
vn 0.7405 0.5141 0.4328
vn 0.7111 0.5153 0.4784
vn 0.7877 0.5084 0.3481
vn 0.7981 0.3293 0.5045
vn 0.8355 0.3103 0.4535
vn 0.8475 0.3035 0.4355
vn 0.8157 0.3208 0.4813
vn 0.8567 0.3668 -0.3628
vn 0.9313 0.3564 -0.0745
vn 0.9021 0.4270 -0.0627
vn 0.8034 0.5061 -0.3139
vn 0.5819 0.7069 -0.4022
vn 0.6676 0.6959 -0.2646
vn 0.6228 0.6479 -0.4385
vn 0.4181 0.5412 -0.7296
vn 0.7952 0.6034 -0.0592
vn 0.8137 0.5812 0.0119
vn 0.8519 0.5185 0.0734
vn 0.8618 0.4898 0.1316
vn 0.8674 0.4674 0.1707
vn 0.8537 0.4161 0.3132
vn -0.0282 -0.1653 0.9858
vn 0.1471 -0.2727 0.9508
vn 0.1287 -0.0483 0.9905
vn -0.4611 0.1622 0.8724
vn 0.4182 -0.0397 0.9075
vn 0.4846 0.1385 0.8637
vn 0.6357 0.1466 0.7578
vn 0.6609 0.2076 0.7212
vn 0.2244 0.1885 0.9561
vn -0.1076 0.1517 0.9825
vn 0.6262 0.2345 0.7435
vn -0.2242 0.1630 0.9608
vn -0.1422 0.0298 0.9894
vn 0.2247 0.1876 0.9562
vn 0.2508 0.2933 0.9225
vn 0.6087 0.2638 0.7483
vn 0.5507 0.3506 0.7575
vn -0.1041 -0.0943 0.9901
vn 0.2466 0.0561 0.9675
vn 0.6624 0.1826 0.7265
vn -0.4304 0.0396 0.9017
vn -0.3961 0.0643 0.9160
vn -0.2954 0.1329 0.9461
vn -0.3282 0.1111 0.9380
vn 0.2511 0.0929 0.9635
vn -0.1595 0.0365 0.9865
vn -0.0410 -0.0423 0.9983
vn 0.1846 -0.1075 0.9769
vn 0.4308 0.4770 0.7661
vn 0.4716 0.3425 0.8126
vn 0.4649 -0.3707 0.8040
vn 0.5958 -0.5182 0.6135
vn 0.3935 -0.9061 0.1555
vn 0.1515 -0.9884 -0.0072
vn -0.0069 -0.9953 -0.0961
vn 0.0068 -0.9945 -0.1048
vn 0.0114 -0.9941 -0.1077
vn 0.6206 -0.6820 -0.3871
vn 0.7554 -0.5876 -0.2900
vn 0.8403 -0.5091 -0.1863
vn 0.7291 -0.5723 -0.3754
vn 0.7652 -0.3548 -0.5372
vn 0.5952 -0.3846 -0.7056
vn 0.3681 -0.2233 -0.9026
vn 0.1939 -0.1640 -0.9672
vn -0.0093 -0.0944 -0.9955
vn -0.0999 0.0073 -0.9950
vn -0.3708 -0.0197 -0.9285
vn -0.2765 0.1115 -0.9545
vn -0.8817 0.3861 -0.2710
vn -0.8471 0.1608 -0.5065
vn -0.9053 0.0586 0.4208
vn -0.9210 0.2686 0.2820
vn -0.9294 0.3578 -0.0907
vn -0.9290 0.3586 -0.0913
vn 0.4197 0.0018 -0.9077
vn -0.1213 0.0276 -0.9922
vn -0.1348 -0.0772 -0.9879
vn 0.4048 -0.0900 -0.9100
vn -0.0253 -0.1438 -0.9893
vn 0.4219 -0.1977 -0.8848
vn -0.3275 -0.1201 -0.9372
vn -0.4779 0.0103 -0.8783
vn -0.4328 -0.0628 -0.8993
vn -0.5153 -0.0543 -0.8553
vn -0.5202 0.0670 -0.8514
vn -0.7346 -0.0715 -0.6747
vn -0.7190 -0.1345 -0.6819
vn -0.8235 -0.0891 -0.5603
vn 0.9616 -0.0805 -0.2624
vn 0.9157 -0.1424 -0.3758
vn 0.8720 -0.2919 -0.3929
vn 0.9289 -0.3645 -0.0652
vn 0.8585 -0.3545 0.3704
vn 0.8615 -0.2525 0.4406
vn 0.9478 -0.1009 0.3023
vn 0.6354 -0.3399 0.6934
vn 0.5335 -0.3493 0.7703
vn 0.2194 -0.3093 0.9253
vn 0.2141 -0.2715 0.9383
vn 0.1742 -0.2570 0.9506
vn -0.0380 -0.2802 0.9592
vn -0.0819 -0.2405 0.9672
vn -0.0074 -0.2239 0.9746
vn -0.0685 -0.1641 0.9841
vn 0.0023 -0.1424 0.9898
vn -0.3386 -0.1226 0.9329
vn -0.3068 -0.1965 0.9313
vn -0.0972 -0.2350 0.9671
vn -0.5318 -0.2406 0.8119
vn -0.2346 -0.2483 0.9398
vn -0.2673 -0.2049 0.9416
vn -0.9663 -0.1793 0.1845
vn -0.8867 -0.2644 0.3792
vn -0.9528 -0.2397 0.1862
vn -0.5078 0.2658 -0.8194
vn 0.9386 -0.0396 -0.3427
vn 0.7745 -0.0610 -0.6296
vn 0.8332 -0.1899 -0.5193
vn 0.9121 -0.1911 -0.3628
vn 0.8400 -0.1013 -0.5330
vn 0.9377 -0.0911 -0.3352
vn 0.8588 -0.0901 -0.5044
vn 0.9424 -0.0649 -0.3281
vn 0.8442 -0.2217 -0.4880
vn 0.9647 -0.1271 -0.2306
vn -0.5745 -0.1498 -0.8047
vn -0.3304 -0.0786 -0.9405
vn -0.0348 0.0118 -0.9993
vn -0.4210 0.0388 -0.9062
vn -0.4831 -0.2074 -0.8506
vn -0.2488 -0.1590 -0.9554
vn -0.3750 -0.1591 -0.9133
vn -0.1596 -0.1060 -0.9815
vn -0.4171 -0.2087 -0.8845
vn -0.1026 -0.1906 -0.9763
vn -0.5312 -0.2051 -0.8220
vn -0.1511 -0.2906 -0.9448
vn -0.8964 -0.2777 -0.3453
vn -0.9429 -0.3036 -0.1370
vn -0.9023 -0.2538 -0.3484
vn -0.8514 -0.1592 -0.4998
vn -0.9041 -0.1939 -0.3808
vn -0.8610 -0.2461 0.4452
vn -0.8270 -0.2645 0.4961
vn -0.8550 -0.2331 0.4633
vn -0.9553 -0.1406 0.2601
vn -0.7903 -0.3110 0.5279
vn -0.7026 -0.2039 0.6818
vn -0.5923 -0.2571 0.7636
vn -0.6837 -0.1670 0.7104
vn -0.5205 -0.2917 0.8025
vn -0.4693 -0.3688 0.8024
vn 0.9135 0.1227 -0.3879
vn 0.5370 -0.0146 -0.8434
vn 0.2684 -0.1434 -0.9526
vn 0.0810 -0.1448 -0.9861
vn 0.5193 -0.1091 -0.8476
vn 0.5061 -0.2095 -0.8367
vn 0.3883 -0.1224 -0.9134
vn 0.4386 -0.1802 -0.8804
vn -0.0829 -0.1057 -0.9909
vn 0.4442 -0.0731 -0.8929
vn 0.0979 -0.3155 -0.9439
vn 0.0516 -0.2143 -0.9754
vn -0.0925 -0.1236 -0.9880
vn -0.0542 -0.1593 -0.9857
vn 0.1052 0.3689 -0.9235
vn 0.3771 -0.9120 -0.1611
vn 0.4416 -0.8971 -0.0157
vn 0.5398 -0.8399 0.0562
vn 0.4517 -0.8851 -0.1120
vn 0.1307 -0.8970 -0.4224
vn -0.2887 -0.0761 0.9544
vn -0.5121 -0.1940 0.8367
vn -0.7703 -0.1439 0.6213
vn -0.6545 -0.0272 0.7555
vn -0.0802 -0.3441 0.9355
vn -0.0304 -0.8658 0.4996
vn -0.1052 -0.9193 0.3793
vn -0.1494 -0.1918 0.9700
vn -0.1340 -0.0253 0.9907
vn -0.4361 -0.0903 0.8954
vn -0.0937 -0.1194 0.9884
vn -0.4570 -0.1675 0.8736
vn -0.9634 -0.1411 0.2281
vn -0.8958 -0.1534 0.4172
vn 0.8540 0.2511 0.4556
vn 0.8816 0.2049 0.4251
vn 0.8396 0.1330 0.5267
vn 0.8503 0.2444 0.4660
vn -0.0065 -0.1139 0.9935
vn 0.3116 -0.0896 0.9460
vn 0.8015 -0.0799 0.5927
vn 0.5709 -0.1284 0.8109
vn 0.9924 -0.0630 0.1061
vn 0.5907 -0.0978 0.8009
vn 0.4977 -0.7908 0.3562
vn 0.4941 -0.1164 0.8616
vn 0.9418 0.0136 0.3358
vn 0.9622 -0.2605 0.0800
vn 0.8017 -0.1358 0.5821
vn 0.7842 -0.0887 0.6141
vn 0.9550 -0.2693 -0.1246
vn 0.9390 -0.3054 -0.1583
vn 0.9625 -0.2690 -0.0349
vn 0.9578 -0.2873 -0.0036
vn 0.8159 -0.3094 -0.4885
vn 0.7546 -0.2916 -0.5879
vn 0.4891 -0.3235 -0.8100
vn 0.3301 -0.2308 -0.9153
vn 0.0753 -0.2654 -0.9612
vn -0.0078 -0.1800 -0.9836
vn -0.2551 -0.2504 -0.9339
vn -0.2568 -0.1833 -0.9489
vn -0.5942 -0.2255 -0.7721
vn -0.5117 -0.2251 -0.8291
vn -0.8556 -0.2379 -0.4598
vn -0.7817 -0.2790 -0.5577
vn -0.6778 -0.5057 -0.5337
vn -0.7290 -0.4328 -0.5303
vn 0.9333 -0.3076 -0.1855
vn 0.9566 -0.2886 -0.0396
vn 0.7593 -0.2921 -0.5815
vn 0.3788 -0.1763 -0.9086
vn 0.0210 -0.1272 -0.9917
vn -0.1330 -0.1527 -0.9793
vn -0.3199 -0.2189 -0.9218
vn -0.6265 -0.2322 -0.7441
vn -0.6331 -0.3618 -0.6843
vn 0.8407 -0.5413 -0.0145
vn 0.2427 -0.9376 -0.2491
vn 0.1186 -0.3239 -0.9386
vn -0.2195 -0.3242 -0.9202
vn 0.4587 -0.3201 -0.8289
vn 0.7885 -0.3074 -0.5327
vn 0.9100 -0.1564 -0.3839
vn 0.9112 -0.3717 -0.1774
vn 0.0014 -0.1230 -0.9924
vn 0.0290 0.0223 -0.9993
vn 0.3465 -0.0299 -0.9376
vn 0.7091 -0.0189 -0.7048
vn -0.8437 -0.2940 -0.4492
vn -0.5865 -0.7953 -0.1536
vn -0.5939 -0.2372 -0.7687
vn -0.6181 -0.1300 -0.7753
vn -0.5271 -0.3080 -0.7920
vn -0.2463 -0.1572 -0.9564
vn -0.3750 0.8788 -0.2951
vn -0.3315 0.8254 -0.4570
vn -0.3090 0.8379 -0.4499
vn -0.3666 0.9223 -0.1224
vn -0.3573 0.7365 -0.5744
vn -0.2680 0.7497 -0.6051
vn -0.2692 0.4544 -0.8492
vn -0.1534 0.4652 -0.8718
vn -0.2075 0.2562 -0.9441
vn -0.0927 0.2707 -0.9582
vn -0.1715 0.2376 -0.9561
vn -0.0818 0.2630 -0.9613
vn -0.1412 0.1375 -0.9804
vn -0.0192 0.1942 -0.9808
vn -0.0306 -0.0166 -0.9994
vn 0.0503 0.0477 -0.9976
vn 0.1494 -0.1377 -0.9792
vn 0.2402 -0.0049 -0.9707
vn 0.2938 -0.2363 -0.9262
vn 0.3966 -0.1759 -0.9010
vn 0.4197 -0.3536 -0.8360
vn 0.4610 -0.3474 -0.8166
vn 0.4940 -0.4344 -0.7532
vn 0.4859 -0.3517 -0.8001
vn 0.4867 -0.4255 -0.7629
vn 0.5173 -0.3220 -0.7929
vn 0.7118 -0.5685 -0.4125
vn 0.7581 -0.5135 -0.4020
vn 0.7783 -0.6264 0.0426
vn 0.8191 -0.5702 0.0624
vn -0.5257 0.8229 -0.2155
vn -0.5197 0.7811 -0.3462
vn -0.4716 0.8176 -0.3302
vn -0.4842 0.8586 -0.1681
vn 0.6887 -0.6871 -0.2316
vn 0.7591 -0.6503 0.0288
vn 0.7565 -0.6531 0.0331
vn 0.6693 -0.5707 -0.4758
vn 0.4278 -0.4400 -0.7896
vn 0.4122 -0.6343 -0.6540
vn 0.3919 -0.4900 -0.7787
vn 0.2079 -0.4300 -0.8786
vn 0.2568 -0.4091 -0.8756
vn 0.0363 -0.2270 -0.9732
vn 0.0820 -0.2545 -0.9636
vn -0.0743 -0.0299 -0.9968
vn -0.0890 -0.0420 -0.9951
vn -0.1797 0.1306 -0.9750
vn -0.1753 0.1463 -0.9736
vn -0.2372 0.1034 -0.9660
vn -0.2165 0.1621 -0.9627
vn -0.2821 0.2252 -0.9326
vn -0.2815 0.1984 -0.9388
vn -0.4392 0.5489 -0.7112
vn -0.3726 0.4780 -0.7954
vn -0.5067 0.6989 -0.5048
vn -0.4401 0.7035 -0.5581
vn 0.8105 -0.5852 -0.0261
vn 0.7442 -0.4725 -0.4722
vn 0.7798 -0.4870 -0.3934
vn 0.8362 -0.5459 0.0530
vn -0.0881 0.8823 -0.4623
vn -0.1480 0.9675 -0.2052
vn -0.2200 0.9103 -0.3508
vn -0.1447 0.8092 -0.5695
vn 0.0453 0.6509 -0.7578
vn -0.0300 0.5317 -0.8464
vn 0.1894 0.4692 -0.8625
vn 0.0561 0.3589 -0.9317
vn 0.2853 0.3810 -0.8795
vn 0.0929 0.3341 -0.9379
vn 0.3940 0.2996 -0.8689
vn 0.1607 0.2146 -0.9634
vn 0.5508 0.3077 -0.7758
vn 0.2172 0.1521 -0.9642
vn 0.4960 0.1886 -0.8476
vn 0.3475 0.0947 -0.9329
vn 0.4378 0.0765 -0.8958
vn 0.5270 -0.1573 -0.8352
vn 0.4523 -0.1774 -0.8740
vn 0.5375 -0.2838 -0.7941
vn 0.4731 -0.3271 -0.8181
vn 0.5091 -0.2372 -0.8274
vn 0.4860 -0.2730 -0.8302
vn 0.5346 -0.2576 -0.8049
vn 0.5362 -0.2923 -0.7918
vn 0.6567 -0.2453 -0.7131
vn 0.7698 0.2076 -0.6036
vn 0.6710 0.2890 -0.6828
vn 0.7637 0.0920 -0.6390
vn 0.7570 -0.1109 -0.6439
vn 0.8600 -0.1575 -0.4853
vn 0.8317 -0.2260 -0.5071
vn 0.5976 0.4615 -0.6557
vn 0.5917 0.4920 -0.6386
vn 0.4318 0.4702 -0.7697
vn 0.8104 -0.4223 -0.4062
vn 0.6594 -0.5489 -0.5137
vn 0.6755 -0.5643 -0.4747
vn 0.6604 -0.5058 -0.5550
vn 0.9122 -0.1684 -0.3735
vn 0.7613 -0.2712 -0.5890
vn 0.9127 -0.1309 -0.3870
vn 0.8131 -0.1437 -0.5641
vn 0.9039 -0.1428 -0.4033
vn 0.8021 -0.1418 -0.5802
vn 0.9099 0.0936 -0.4042
vn 0.7671 0.1209 -0.6301
vn 0.8671 0.2884 -0.4062
vn 0.6809 0.3515 -0.6425
vn 0.7630 0.3790 -0.5235
vn 0.6865 0.4339 -0.5835
vn 0.8261 -0.2485 -0.5058
vn 0.5126 0.4073 -0.7558
vn -0.1342 0.9320 -0.3368
vn -0.1086 0.9778 -0.1793
vn 0.0536 0.7454 -0.6644
vn 0.2625 0.5770 -0.7734
vn 0.7244 -0.6004 -0.3388
vn 0.7147 -0.3683 -0.5947
vn 0.6457 -0.4262 -0.6336
vn 0.0549 0.8139 -0.5785
vn -0.0830 0.9334 -0.3490
vn 0.1956 0.6808 -0.7059
vn 0.3417 0.5614 -0.7537
vn 0.4144 0.4928 -0.7651
vn 0.3764 0.4855 -0.7890
vn 0.3938 0.4108 -0.8223
vn 0.4471 0.2377 -0.8623
vn 0.5405 -0.0845 -0.8371
vn 0.5587 -0.1507 -0.8156
vn 0.4952 -0.2810 -0.8221
vn 0.5200 -0.4241 -0.7415
vn 0.2792 -0.1865 -0.9419
vn 0.2052 -0.2012 -0.9578
vn -0.0426 0.9791 -0.1988
vn 0.0305 0.9494 -0.3125
vn 0.0172 0.9850 -0.1716
vn 0.1724 -0.1374 -0.9754
vn 0.1455 0.0012 -0.9894
vn 0.0953 0.2677 -0.9588
vn 0.1036 0.4065 -0.9078
vn 0.1564 0.4416 -0.8834
vn 0.1619 0.5252 -0.8354
vn 0.0986 0.7138 -0.6934
vn 0.0239 0.8055 -0.5922
vn 0.0121 0.8628 -0.5054
vn -0.0492 0.8567 -0.5135
vn 0.0040 0.9053 -0.4248
vn -0.0102 0.9607 -0.2774
vn -0.0430 0.9140 -0.4034
vn -0.0660 0.7441 -0.6648
vn 0.0212 0.8270 -0.5618
vn -0.0596 0.6257 -0.7778
vn 0.0453 0.7733 -0.6324
vn -0.0296 0.5470 -0.8366
vn 0.0868 0.7128 -0.6960
vn -0.0013 0.4699 -0.8827
vn 0.0939 0.6718 -0.7348
vn 0.0546 0.3317 -0.9418
vn 0.1220 0.5451 -0.8295
vn 0.1013 0.2087 -0.9727
vn 0.1812 0.3680 -0.9120
vn 0.1064 0.1457 -0.9836
vn 0.2369 0.2388 -0.9417
vn 0.1253 0.0033 -0.9921
vn 0.2656 0.1392 -0.9540
vn 0.1208 -0.2528 -0.9599
vn 0.2894 0.0433 -0.9562
vn 0.1397 -0.4061 -0.9031
vn 0.3705 -0.1047 -0.9229
vn 0.2473 -0.3078 -0.9187
vn 0.4346 -0.2072 -0.8765
vn 0.2412 -0.3862 -0.8903
vn 0.4265 -0.3734 -0.8238
vn 0.2075 -0.5084 -0.8358
vn 0.3883 -0.5403 -0.7465
vn 0.1905 -0.6865 -0.7017
vn 0.3362 -0.7453 -0.5758
vn 0.1509 -0.7453 -0.6494
vn 0.3057 -0.7440 -0.5941
vn 0.1310 -0.8514 -0.5079
vn 0.3025 -0.7739 -0.5563
vn 0.0922 -0.9685 -0.2313
vn 0.2596 -0.9411 -0.2167
vn 0.1172 -0.9884 -0.0961
vn 0.2308 -0.9697 -0.0806
vn 0.0265 0.9247 -0.3798
vn 0.0268 0.9154 -0.4017
vn 0.0271 0.9668 -0.2540
vn 0.0265 0.9560 -0.2922
vn 0.0423 0.8840 -0.4656
vn 0.0655 0.9009 -0.4291
vn 0.0806 0.8876 -0.4534
vn 0.1186 0.9192 -0.3755
vn 0.1310 0.7813 -0.6102
vn 0.1645 0.7556 -0.6340
vn 0.1169 0.6542 -0.7473
vn 0.1297 0.5136 -0.8482
vn 0.0864 0.6174 -0.7819
vn 0.1334 0.5019 -0.8546
vn 0.1417 0.5069 -0.8503
vn 0.1157 0.6564 -0.7455
vn 0.2032 0.3715 -0.9059
vn 0.0627 0.4963 -0.8659
vn 0.2520 0.2120 -0.9442
vn 0.0506 0.3622 -0.9307
vn 0.2781 0.0925 -0.9561
vn 0.0961 0.1807 -0.9788
vn 0.2977 -0.0430 -0.9537
vn 0.0997 -0.0620 -0.9931
vn 0.3409 -0.2810 -0.8971
vn 0.1097 -0.3088 -0.9448
vn 0.3259 -0.5040 -0.7998
vn 0.0972 -0.5653 -0.8192
vn 0.2771 -0.7120 -0.6452
vn 0.0591 -0.7621 -0.6447
vn 0.2344 -0.8213 -0.5201
vn 0.0291 -0.8748 -0.4836
vn 0.2508 -0.7368 -0.6279
vn -0.0086 -0.8913 -0.4533
vn 0.0874 0.9528 -0.2908
vn 0.0951 0.9532 -0.2868
vn 0.1053 0.9646 -0.2420
vn 0.0708 0.9594 -0.2731
vn 0.1076 0.9490 -0.2965
vn 0.0897 0.9524 -0.2913
vn 0.1576 0.9261 -0.3427
vn 0.1599 0.9627 -0.2183
vn 0.2487 0.6577 -0.7110
vn 0.2628 0.8906 -0.3711
vn 0.2891 0.2955 -0.9106
vn 0.4137 0.5795 -0.7021
vn 0.3628 0.4599 -0.8104
vn 0.4115 0.3491 -0.8419
vn 0.2493 0.6716 -0.6977
vn 0.2448 0.3770 -0.8933
vn 0.1106 0.5611 -0.8203
vn -0.0676 0.3040 -0.9503
vn -0.0967 0.3798 -0.9200
vn -0.2304 0.3153 -0.9206
vn -0.1336 0.2846 -0.9493
vn -0.2813 0.2894 -0.9149
vn -0.1797 0.0635 -0.9817
vn -0.3145 0.1435 -0.9384
vn -0.2111 -0.2935 -0.9324
vn -0.4350 -0.2052 -0.8767
vn -0.2344 -0.5449 -0.8051
vn -0.5026 -0.4324 -0.7486
vn -0.2329 -0.7543 -0.6139
vn -0.5360 -0.6151 -0.5783
vn -0.2468 -0.8818 -0.4018
vn -0.5286 -0.7599 -0.3784
vn 0.1002 -0.2116 -0.9722
vn -0.1602 -0.1277 -0.9788
vn -0.0768 0.9022 -0.4243
vn -0.0346 0.9833 -0.1786
vn -0.0597 0.8144 -0.5772
vn -0.0520 0.8109 -0.5828
vn -0.0619 0.7634 -0.6429
vn -0.0601 0.6185 -0.7835
vn -0.0351 0.4753 -0.8792
vn -0.0169 0.3784 -0.9255
vn -0.0265 0.2600 -0.9653
vn -0.0562 0.1758 -0.9828
vn -0.0410 0.1239 -0.9914
vn -0.0171 0.0701 -0.9974
vn -0.0431 -0.0974 -0.9943
vn -0.0519 -0.9981 0.0322
vn -0.0166 -0.9988 0.0450
vn -0.3285 -0.7529 -0.5703
vn -0.2117 -0.6898 -0.6924
vn -0.1683 -0.9706 -0.1719
vn -0.0032 -0.9995 -0.0316
vn -0.2125 -0.6157 -0.7588
vn -0.1174 -0.3976 -0.9100
vn -0.2155 -0.4143 -0.8843
vn -0.1878 -0.4820 -0.8558
vn 0.3257 -0.7777 -0.5377
vn 0.3228 -0.9042 -0.2796
vn -0.2368 -0.8986 -0.3693
vn 0.6212 -0.1126 -0.7755
vn 0.6107 -0.3690 -0.7006
vn 0.0635 0.9500 -0.3056
vn 0.0785 0.9603 -0.2677
vn 0.0797 0.9621 -0.2608
vn 0.1521 0.9747 -0.1636
vn 0.1544 0.9434 -0.2936
vn 0.1549 0.7356 -0.6594
vn 0.0259 0.4359 -0.8996
vn -0.0539 0.1794 -0.9823
vn -0.1932 0.1564 -0.9686
vn -0.2171 0.2392 -0.9464
vn -0.2105 0.2857 -0.9349
vn -0.2371 0.1767 -0.9553
vn -0.3120 -0.0843 -0.9463
vn -0.3580 -0.4083 -0.8397
vn -0.4482 -0.4979 -0.7424
vn -0.4790 -0.6356 -0.6054
vn 0.0548 0.9507 -0.3053
vn 0.0431 0.9542 -0.2961
vn 0.0781 0.9756 -0.2051
vn 0.0630 0.9793 -0.1924
vn -0.0368 0.8838 -0.4665
vn -0.0876 0.5473 -0.8324
vn -0.0508 0.1782 -0.9827
vn -0.0158 0.0928 -0.9956
vn -0.0011 0.2344 -0.9721
vn 0.0383 0.3279 -0.9439
vn 0.0352 0.3321 -0.9426
vn 0.0683 0.1743 -0.9823
vn 0.0093 -0.1470 -0.9891
vn 0.1118 -0.4860 -0.8668
vn 0.1117 -0.5586 -0.8219
vn 0.1175 -0.7073 -0.6971
vn -0.4208 -0.7577 -0.4988
vn 0.0789 -0.8760 -0.4759
vn -0.4129 -0.8330 -0.3682
vn -0.5359 -0.7686 -0.3493
vn -0.4919 -0.8120 -0.3142
vn 0.0997 0.9622 -0.2535
vn 0.0982 0.9758 -0.1952
vn 0.0955 0.9656 -0.2419
vn 0.0755 0.9605 -0.2679
vn 0.0275 0.8489 -0.5278
vn -0.0048 0.5080 -0.8614
vn 0.0653 0.2094 -0.9757
vn 0.1754 0.1358 -0.9751
vn 0.1749 0.2344 -0.9563
vn 0.1873 0.3735 -0.9085
vn 0.1170 0.3669 -0.9229
vn 0.1255 0.1407 -0.9821
vn 0.0810 -0.2462 -0.9658
vn 0.2593 -0.4330 -0.8633
vn 0.4560 -0.5072 -0.7313
vn 0.5257 -0.5957 -0.6073
vn 0.5742 -0.5768 -0.5811
vn 0.1210 0.9492 -0.2905
vn 0.1388 0.9532 -0.2687
vn 0.0626 0.9708 -0.2317
vn 0.0724 0.9519 -0.2978
vn 0.0543 0.8986 -0.4355
vn -0.0159 0.7295 -0.6838
vn -0.0846 0.4312 -0.8983
vn -0.0198 0.1684 -0.9855
vn -0.0038 0.0801 -0.9968
vn -0.0518 0.0968 -0.9940
vn -0.1391 0.1803 -0.9737
vn -0.1800 0.1569 -0.9711
vn -0.1614 0.0400 -0.9861
vn -0.0635 -0.1966 -0.9784
vn 0.2515 -0.3480 -0.9031
vn 0.4170 -0.4208 -0.8056
vn 0.1172 0.8352 -0.5373
vn 0.1226 0.8361 -0.5347
vn 0.0439 0.9507 -0.3070
vn -0.0171 0.9710 -0.2385
vn -0.0725 0.9088 -0.4108
vn -0.1761 0.7135 -0.6781
vn -0.2254 0.5042 -0.8336
vn -0.3435 0.2223 -0.9124
vn -0.3327 0.0806 -0.9396
vn -0.2794 0.0534 -0.9587
vn -0.2667 0.1036 -0.9582
vn -0.2877 0.1138 -0.9509
vn -0.2479 0.0502 -0.9675
vn -0.1253 -0.1142 -0.9855
vn 0.0293 -0.2331 -0.9720
vn 0.0156 -0.2330 -0.9724
vn 0.4669 -0.4455 -0.7639
vn 0.1152 -0.2780 -0.9536
vn -0.4561 0.8645 -0.2111
vn -0.5517 0.8200 -0.1525
vn -0.4950 0.8686 -0.0223
vn -0.5470 0.8371 -0.0032
vn -0.5135 0.7033 -0.4916
vn -0.6391 0.5358 -0.5518
vn -0.5193 0.4933 -0.6979
vn -0.6414 0.3458 -0.6849
vn -0.5128 0.3610 -0.7789
vn -0.6496 0.1800 -0.7387
vn -0.5838 0.1022 -0.8054
vn -0.6251 0.1212 -0.7711
vn -0.5177 0.1198 -0.8471
vn -0.5798 0.1596 -0.7990
vn -0.4637 0.1315 -0.8762
vn -0.5388 0.1087 -0.8354
vn -0.4123 0.1181 -0.9033
vn -0.5564 0.0552 -0.8291
vn -0.3771 0.0956 -0.9212
vn -0.5488 0.0202 -0.8357
vn -0.3746 0.0379 -0.9264
vn -0.5945 -0.0240 -0.8038
vn -0.3681 -0.0793 -0.9264
vn -0.6281 -0.0844 -0.7736
vn -0.3684 -0.1787 -0.9123
vn -0.6451 -0.1147 -0.7555
vn -0.4205 -0.0941 -0.9024
vn -0.6133 -0.0478 -0.7884
vn -0.5726 0.0856 -0.8153
vn -0.5894 0.1109 -0.8002
vn -0.8437 0.5042 -0.1841
vn -0.7972 0.5992 0.0733
vn -0.8638 0.2171 -0.4547
vn -0.8775 0.1182 -0.4648
vn -0.8638 0.0502 -0.5014
vn -0.8772 0.0007 -0.4801
vn -0.8810 -0.0022 -0.4732
vn -0.8277 -0.0276 -0.5605
vn -0.7948 -0.0649 -0.6034
vn -0.7905 -0.1024 -0.6038
vn -0.8163 -0.1449 -0.5591
vn -0.7835 -0.1210 -0.6095
vn -0.6705 -0.0794 -0.7377
vn -0.6007 -0.0574 -0.7974
vn -0.5027 0.0772 -0.8610
vn -0.9948 -0.1005 0.0140
vn -0.9955 0.0153 0.0938
vn -0.9962 -0.0602 -0.0626
vn -0.9851 -0.0904 -0.1466
vn -0.9861 -0.0842 -0.1432
vn -0.9841 -0.1009 -0.1463
vn -0.9765 -0.1122 -0.1839
vn -0.9713 -0.1276 -0.2007
vn -0.9527 -0.1330 -0.2733
vn -0.9198 -0.1455 -0.3645
vn -0.9048 -0.2074 -0.3719
vn -0.9298 -0.2084 -0.3033
vn 0.7047 -0.5209 -0.4817
vn 0.6042 -0.5539 -0.5728
vn 0.6557 -0.5451 -0.5224
vn -0.1646 -0.1275 -0.9781
vn -0.6210 0.2774 -0.7331
vn -0.5727 0.2630 -0.7764
vn -0.4396 0.2472 -0.8635
vn -0.4746 0.2698 -0.8378
vn 0.7821 -0.6158 0.0950
vn 0.8337 -0.5515 -0.0273
vn 0.7358 -0.6375 0.2284
vn 0.6767 -0.6756 0.2926
vn 0.8540 -0.3907 -0.3437
vn 0.4469 -0.1089 0.8879
vn 0.4708 -0.0917 0.8775
vn 0.5247 -0.0510 0.8498
vn 0.4980 -0.0714 0.8642
vn -0.0018 -0.0278 -0.9996
vn -0.3946 0.2617 -0.8808
vn -0.3116 0.2518 -0.9162
vn 0.0111 0.0898 -0.9959
vn -0.0492 0.2730 -0.9607
vn -0.1847 0.3057 -0.9340
vn 0.3983 0.4248 -0.8130
vn 0.5417 0.3912 -0.7440
vn 0.8329 0.4129 -0.3685
vn 0.8665 0.3836 -0.3194
vn 0.1339 -0.0846 -0.9874
vn 0.2632 -0.2721 -0.9256
vn 0.2253 -0.1226 -0.9665
vn 0.3023 -0.4551 -0.8375
vn -0.1714 0.3095 -0.9353
vn 0.3749 0.5525 -0.7444
vn 0.4455 0.5322 -0.7199
vn -0.0989 0.4038 -0.9095
vn 0.4353 0.6183 -0.6544
vn 0.0039 0.3463 -0.9381
vn 0.2766 0.4127 -0.8678
vn 0.1056 0.2342 -0.9664
vn -0.2780 0.0839 -0.9569
vn -0.4606 0.1238 -0.8789
vn -0.4354 0.2458 -0.8660
vn -0.4700 0.2122 -0.8567
vn 0.6719 0.6635 -0.3291
vn 0.6927 0.5611 -0.4533
vn 0.6439 0.6449 -0.4117
vn 0.6729 0.6689 -0.3158
vn 0.6936 0.6574 -0.2946
vn 0.7212 0.6402 -0.2646
vn -0.6428 0.1288 -0.7551
vn -0.6329 0.1222 -0.7646
vn -0.6946 -0.0578 -0.7171
vn 0.3448 0.8564 -0.3844
vn 0.8452 0.4367 -0.3082
vn 0.8449 0.4369 -0.3086
vn 0.8443 0.4374 -0.3095
vn 0.8447 0.4371 -0.3089
vn 0.3298 0.4309 -0.8400
vn 0.0139 0.3075 -0.9514
vn 0.2724 0.4134 -0.8689
vn 0.1949 0.3749 -0.9064
vn -0.3242 0.1278 -0.9373
vn 0.2395 0.4110 -0.8796
vn -0.9741 -0.0693 -0.2152
vn -0.9897 0.0672 -0.1264
vn -0.8765 -0.4674 -0.1153
vn -0.7825 -0.5732 -0.2431
vn -0.2414 -0.9498 -0.1992
vn -0.4035 -0.8463 -0.3478
vn -0.9714 -0.1961 -0.1335
vn -0.9717 -0.1956 -0.1321
vn -0.9769 -0.1525 -0.1498
vn -0.9870 -0.1201 -0.1071
vn -0.5904 -0.8007 -0.1013
vn -0.7412 -0.6455 -0.1843
vn -0.4519 -0.8834 -0.1240
vn -0.2366 -0.9705 -0.0465
vn -0.9442 -0.2386 -0.2270
vn -0.9428 -0.2959 -0.1534
vn -0.1492 -0.9312 0.3325
vn -0.2826 -0.9238 0.2583
vn -0.1320 -0.9306 0.3414
vn -0.0311 -0.9201 0.3905
vn -0.8094 -0.1564 0.5661
vn -0.8514 -0.0878 0.5172
vn -0.7823 -0.1472 0.6052
vn -0.6094 -0.3238 0.7237
vn -0.8194 -0.3596 0.4464
vn -0.8172 -0.4003 0.4147
vn -0.5312 -0.8006 0.2773
vn -0.4740 -0.8405 0.2623
vn -0.0984 -0.9804 0.1706
vn -0.0509 -0.9822 0.1811
vn 0.0447 -0.9863 0.1585
vn 0.0724 -0.9832 0.1673
vn -0.8824 0.0662 0.4658
vn -0.9492 0.0344 0.3127
vn -0.9029 0.1582 0.3997
vn -0.8634 0.0863 0.4971
vn -0.8823 -0.1061 0.4585
vn -0.8715 -0.0860 0.4827
vn 0.0665 0.0960 -0.9932
vn 0.1319 0.0773 -0.9882
vn 0.0912 0.0890 -0.9919
vn 0.0250 0.1075 -0.9939
vn 0.0397 0.7147 -0.6983
vn 0.0281 0.7157 -0.6979
vn 0.0133 0.7168 -0.6972
vn 0.0219 0.7162 -0.6976
vn 0.2542 0.2200 -0.9418
vn 0.0986 0.0852 -0.9915
vn 0.1609 0.0449 -0.9860
vn 0.4085 0.1941 -0.8919
vn -0.1546 -0.0469 -0.9869
vn -0.2071 -0.0931 -0.9739
vn -0.5617 0.2636 -0.7842
vn -0.3166 0.4028 -0.8588
vn -0.3781 0.3993 -0.8352
vn -0.5830 0.3031 -0.7538
vn -0.7641 0.1546 -0.6263
vn -0.7174 0.2621 -0.6454
vn -0.2850 -0.5043 -0.8151
vn -0.2273 -0.3436 -0.9112
vn -0.2686 -0.5532 -0.7886
vn -0.7125 -0.1168 -0.6919
vn -0.1144 -0.0307 -0.9930
vn -0.9780 -0.0295 -0.2064
vn -0.9768 -0.0387 -0.2106
vn -0.9801 -0.0185 -0.1976
vn -0.9793 -0.0199 -0.2013
vn 0.7805 0.5354 0.3228
vn 0.7062 0.5410 0.4567
vn 0.6761 0.5399 0.5013
vn 0.7583 0.5386 0.3672
vn 0.7688 0.3496 0.5355
vn 0.8096 0.3315 0.4844
vn 0.8230 0.3248 0.4660
vn 0.7880 0.3415 0.5124
vn 0.8332 0.3931 -0.3889
vn 0.9185 0.3873 -0.0800
vn 0.8846 0.4614 -0.0674
vn 0.7772 0.5327 -0.3348
vn 0.5441 0.7286 -0.4160
vn 0.6315 0.7243 -0.2767
vn 0.5943 0.6738 -0.4390
vn 0.3853 0.5498 -0.7411
vn 0.7477 0.6587 -0.0837
vn 0.7967 0.6043 -0.0034
vn 0.8059 0.5817 0.1098
vn 0.8571 0.4682 0.2147
vn 0.8463 0.4999 0.1840
vn 0.8298 0.4458 0.3356
vn -0.0389 -0.1552 0.9871
vn 0.1341 -0.2731 0.9526
vn 0.1156 -0.0526 0.9919
vn -0.4265 0.1653 0.8893
vn 0.3963 -0.0297 0.9176
vn 0.4525 0.1419 0.8804
vn 0.5992 0.1531 0.7858
vn 0.6244 0.2158 0.7507
vn 0.2086 0.1884 0.9597
vn -0.0977 0.1519 0.9836
vn 0.5896 0.2427 0.7704
vn -0.2038 0.1647 0.9651
vn -0.1133 0.0243 0.9933
vn 0.2085 0.1824 0.9609
vn 0.2150 0.2915 0.9321
vn 0.5739 0.2689 0.7735
vn 0.5138 0.3614 0.7781
vn -0.0828 -0.0755 0.9937
vn 0.2348 0.0718 0.9694
vn 0.6258 0.1901 0.7564
vn -0.3971 0.0403 0.9169
vn -0.3618 0.0672 0.9298
vn -0.2702 0.1339 0.9535
vn -0.3034 0.1103 0.9465
vn 0.2256 0.0859 0.9704
vn -0.1450 0.0366 0.9887
vn -0.0442 -0.0372 0.9983
vn 0.1682 -0.1079 0.9798
vn 0.3975 0.4850 0.7790
vn 0.4377 0.3447 0.8304
vn 0.4638 -0.3883 0.7963
vn 0.5081 -0.6351 0.5818
vn 0.2126 -0.9609 -0.1772
vn 0.2098 -0.9772 -0.0333
vn 0.0006 -0.9944 -0.1062
vn 0.0114 -0.9950 -0.0997
vn 0.2268 -0.9722 -0.0575
vn 0.0955 0.3693 -0.9244
vn 0.5079 -0.8592 0.0618
vn 0.4079 -0.9043 -0.1258
vn 0.8258 0.2757 0.4919
vn 0.9783 0.0971 0.1830
vn 0.8091 0.0972 0.5796
vn 0.8298 0.2734 0.4864
vn 0.4501 -0.0082 -0.8929
vn 0.0963 -0.0700 -0.9929
vn -0.0082 0.0280 -0.9996
vn 0.4668 0.0010 -0.8844
vn -0.7575 0.1452 -0.6365
vn -0.9945 -0.0950 0.0430
vn -0.9164 -0.0724 0.3936
vn -0.8162 0.1043 -0.5682
vn -0.1160 0.1480 -0.9822
vn -0.4647 0.2541 -0.8482
vn 0.4541 -0.1161 -0.8834
vn 0.9922 0.0537 -0.1125
vn -0.3085 -0.0373 0.9505
vn -0.6185 -0.1503 0.7713
vn -0.0842 0.0067 0.9964
vn -0.1533 -0.0143 0.9881
vn 0.2758 0.0087 0.9612
vn 0.2608 -0.0009 0.9654
vn 0.7864 0.0153 0.6175
vn -0.9801 0.1946 -0.0398
vn -0.9804 0.1853 -0.0671
vn -0.9741 0.2045 -0.0965
vn -0.9717 0.2235 -0.0770
vn -0.9971 -0.0109 -0.0756
vn -0.9834 -0.0806 -0.1626
vn -0.9736 -0.0256 -0.2267
vn -0.9896 0.0418 -0.1375
vn -0.9684 -0.2492 -0.0008
vn -0.9598 -0.2804 0.0132
vn -0.8730 -0.1272 0.4708
vn -0.8665 -0.3977 0.3016
vn -0.9298 -0.2784 0.2410
vn -0.8779 -0.1799 0.4437
vn -0.9442 -0.2157 0.2490
vn -0.9338 -0.2725 0.2319
vn -0.9917 -0.1271 0.0185
vn -0.9769 -0.2066 0.0550
vn -0.9796 -0.2004 -0.0146
vn -0.9746 -0.2237 -0.0039
vn -0.9865 -0.1629 0.0174
vn -0.9727 -0.2090 -0.1006
vn -0.9116 -0.2708 0.3094
vn -0.7400 -0.6418 0.2015
vn -0.8443 -0.4363 0.3111
vn -0.9330 -0.1886 0.3066
vn -0.9544 0.0412 0.2955
vn -0.9677 -0.1643 0.1913
vn -0.9858 0.0036 0.1680
vn -0.9806 -0.1566 0.1179
vn -0.9744 -0.0171 -0.2240
vn -0.8946 -0.0175 -0.4465
vn -0.8901 -0.0795 -0.4489
vn -0.9708 -0.0843 -0.2247
vn -0.9424 0.2512 -0.2209
vn -0.8710 0.2334 -0.4322
vn -0.7541 0.6195 -0.2183
vn -0.6952 0.5769 -0.4288
vn -0.4036 0.8878 -0.2211
vn -0.3712 0.8209 -0.4340
vn -0.0499 0.9767 -0.2087
vn -0.0047 0.8988 -0.4384
vn -0.5578 -0.0172 -0.8298
vn -0.5513 -0.0565 -0.8324
vn -0.5605 0.1520 -0.8141
vn -0.4456 0.3761 -0.8124
vn -0.2417 0.5245 -0.8164
vn -0.0197 0.6984 -0.7154
vn -0.0123 -0.0173 -0.9998
vn -0.0062 -0.0182 -0.9998
vn -0.0439 0.0004 -0.9990
vn -0.0464 0.0114 -0.9989
vn -0.0745 0.3200 -0.9445
vn 0.5421 -0.0184 -0.8401
vn 0.5441 0.0217 -0.8388
vn 0.5002 -0.1870 -0.8454
vn 0.3547 -0.4257 -0.8324
vn 0.2427 -0.5133 -0.8232
vn 0.8906 -0.0193 -0.4544
vn 0.8898 0.0476 -0.4539
vn 0.8357 -0.3106 -0.4529
vn 0.5795 -0.6979 -0.4208
vn 0.3799 -0.8104 -0.4460
vn 0.9744 -0.0191 -0.2239
vn 0.9728 0.0545 -0.2250
vn 0.9159 -0.3404 -0.2127
vn 0.6160 -0.7752 -0.1402
vn 0.4129 -0.8891 -0.1975
vn -0.0181 0.9013 -0.4327
vn 0.1993 0.8516 -0.4849
vn 0.2225 0.8009 -0.5559
vn -0.0725 0.9688 -0.2372
vn -0.1134 0.9788 -0.1704
vn 0.9566 -0.2907 -0.0200
vn 0.9744 -0.2238 0.0196
vn 0.7193 -0.1023 -0.6871
vn 0.7381 -0.1097 -0.6657
vn 0.0713 -0.0623 -0.9955
vn 0.1614 -0.0513 -0.9856
vn -0.6005 -0.0397 -0.7986
vn -0.6017 -0.0391 -0.7977
vn -0.9614 -0.0976 -0.2573
vn -0.9509 -0.1798 -0.2518
vn -0.7946 -0.1134 0.5964
vn -0.7389 -0.3374 0.5833
vn -0.1033 -0.2040 0.9735
vn -0.0224 -0.4022 0.9153
vn 0.5376 -0.1795 0.8239
vn 0.5873 -0.3806 0.7143
vn 0.9391 -0.3433 0.0157
vn 0.9573 -0.2497 0.1456
vn 0.6874 -0.2176 -0.6930
vn 0.6351 -0.2472 -0.7318
vn 0.1288 -0.1362 -0.9823
vn 0.1339 -0.1583 -0.9783
vn -0.2701 -0.0898 -0.9586
vn -0.2620 -0.1220 -0.9573
vn -0.7692 -0.0796 -0.6340
vn -0.7003 -0.1453 -0.6989
vn -0.9941 -0.0155 0.1075
vn -0.9872 -0.1583 0.0167
vn -0.7658 -0.0357 0.6421
vn -0.7821 -0.1868 0.5945
vn -0.1537 -0.0832 0.9846
vn -0.1831 -0.2400 0.9534
vn 0.5162 -0.1550 0.8423
vn 0.5344 -0.2993 0.7905
vn -0.0881 -0.4386 0.8944
vn 0.5561 -0.5223 0.6465
vn -0.6694 -0.5775 0.4673
vn -0.8828 -0.4190 -0.2124
vn -0.4547 -0.4778 -0.7516
vn 0.0882 -0.3299 -0.9399
vn 0.6499 -0.4307 -0.6262
vn 0.9215 -0.3747 0.1022
vn 0.4557 -0.5338 0.7124
vn 0.8410 -0.5334 0.0905
vn -0.1972 -0.4683 0.8613
vn -0.7301 -0.4214 0.5379
vn -0.8988 -0.4379 -0.0192
vn -0.7460 -0.3076 -0.5907
vn -0.2480 -0.3523 -0.9024
vn 0.1047 -0.3314 -0.9377
vn 0.6146 -0.4221 -0.6664
vn 0.1261 -0.9794 -0.1575
vn -0.0150 -0.9771 -0.2120
vn 0.0944 -0.2229 -0.9703
vn 0.5833 -0.0025 -0.8123
vn 0.7062 0.2528 -0.6614
vn 0.8411 0.0535 -0.5382
vn 0.4997 -0.2226 -0.8371
vn 0.2539 -0.2514 -0.9340
vn 0.8857 0.2574 -0.3863
vn 0.9571 0.0586 -0.2837
vn 0.8703 -0.2745 -0.4089
vn 0.3280 -0.5570 -0.7630
vn 0.0303 -0.4103 -0.9115
vn -0.0231 -0.1534 -0.9879
vn -0.0231 0.0962 -0.9951
vn 0.7866 0.2822 -0.5491
vn 0.1234 -0.1532 -0.9805
vn 0.1110 -0.2997 -0.9475
vn 0.1819 0.1838 -0.9660
vn 0.2940 0.1567 -0.9429
vn 0.4647 -0.2524 -0.8487
vn -0.0215 0.4076 -0.9129
vn 0.5052 0.6304 -0.5894
vn 0.4883 0.2316 -0.8414
vn 0.8381 0.3287 -0.4353
vn 0.6188 -0.2222 -0.7535
vn 0.4929 0.2167 -0.8427
vn 0.5895 0.0386 -0.8068
vn 0.7322 -0.0278 -0.6805
vn 0.8939 -0.1947 -0.4038
vn 0.3898 -0.1751 -0.9041
vn 0.1186 -0.1961 -0.9734
vn 0.7079 -0.1645 -0.6869
vn 0.8638 -0.0068 -0.5038
vn 0.6067 -0.1595 -0.7787
vn 0.5544 0.3283 -0.7647
vn 0.6875 0.3584 -0.6316
vn 0.6614 0.0229 -0.7497
vn 0.4265 0.3273 -0.8432
vn 0.3880 0.3265 -0.8619
vn -0.0134 0.2858 -0.9582
vn -0.3662 0.3018 -0.8802
vn -0.0173 0.4936 -0.8695
vn 0.4125 0.1605 -0.8967
vn 0.5632 0.2881 -0.7745
vn 0.6751 0.3073 -0.6707
vn 0.6414 0.1778 -0.7464
vn 0.6989 -0.1834 -0.6912
vn 0.6425 -0.0518 -0.7645
vn 0.7431 0.0506 -0.6672
vn 0.5404 -0.2991 -0.7865
vn 0.1681 -0.2823 -0.9445
vn -0.0160 -0.1482 -0.9888
vn 0.9774 0.1912 -0.0898
vn 0.9284 -0.1562 -0.3371
vn 0.7900 0.0555 -0.6106
vn 0.6937 0.1069 -0.7123
vn 0.4719 -0.1751 -0.8641
vn 0.2543 -0.1980 -0.9467
vn -0.0491 -0.0334 -0.9982
vn -0.1509 -0.0766 -0.9856
vn 0.8056 0.5193 -0.2852
vn 0.8919 0.3841 -0.2388
vn 0.6333 0.6907 -0.3490
vn 0.3588 0.6225 -0.6955
vn 0.0757 0.5099 -0.8569
vn -0.4300 0.3289 -0.8408
vn 0.2910 -0.2203 -0.9310
vn -0.0556 0.4959 -0.8666
vn -0.1523 0.2702 -0.9507
vn 0.3182 0.8851 -0.3395
vn 0.5207 0.8478 -0.1011
vn 0.6958 0.7181 0.0104
vn 0.8792 0.4735 -0.0532
vn 0.9464 0.2903 -0.1417
vn 0.8859 0.0358 -0.4624
vn -0.2004 -0.1869 -0.9617
vn 0.3530 0.9111 -0.2128
vn 0.4869 0.8731 -0.0240
vn 0.6668 0.7326 0.1368
vn 0.7899 0.6130 0.0189
vn 0.8593 0.4480 -0.2467
vn 0.8312 0.2312 -0.5056
vn 0.7670 0.2436 -0.5936
vn 0.6690 0.1797 -0.7212
vn 0.4154 -0.0329 -0.9090
vn 0.3449 -0.0683 -0.9361
vn 0.2329 -0.0600 -0.9706
vn 0.1201 -0.0034 -0.9928
vn 0.0364 0.0880 -0.9955
vn 0.0641 -0.0565 -0.9963
vn -0.0232 -0.0881 -0.9958
vn -0.1197 0.0969 -0.9881
vn 0.0534 0.7040 -0.7082
vn -0.1688 0.3936 -0.9036
vn 0.6813 0.7207 0.1280
vn 0.6961 0.7081 0.1190
vn 0.7485 0.6422 -0.1653
vn 0.6510 0.4519 -0.6099
vn 0.5768 0.3591 -0.7338
vn 0.4934 0.2791 -0.8238
vn 0.2332 0.0682 -0.9700
vn 0.2079 0.1651 -0.9641
vn 0.1921 0.1431 -0.9709
vn 0.1988 0.1676 -0.9656
vn 0.1381 0.1026 -0.9851
vn 0.0807 0.0634 -0.9947
vn -0.1428 0.2460 -0.9587
vn 0.4667 0.8842 -0.0213
vn 0.4913 0.8704 0.0322
vn 0.3500 0.9037 -0.2467
vn 0.0387 0.6638 -0.7469
vn -0.2550 0.3815 -0.8885
vn 0.4368 0.1055 -0.8933
vn 0.4437 0.0287 -0.8957
vn 0.3680 0.0728 -0.9270
vn 0.2916 0.0177 -0.9564
vn 0.6548 0.7522 -0.0738
vn 0.6306 0.6645 -0.4010
vn 0.6791 0.7161 -0.1616
vn 0.6727 0.7143 -0.1928
vn 0.5928 0.6512 -0.4738
vn 0.4350 0.4742 -0.7654
vn 0.3613 0.4287 -0.8280
vn 0.3342 0.2906 -0.8966
vn 0.3409 0.0228 -0.9398
vn 0.3692 0.1497 -0.9172
vn 0.4177 0.3146 -0.8524
vn 0.3858 0.1582 -0.9089
vn 0.3549 0.0833 -0.9312
vn 0.3217 0.1068 -0.9408
vn 0.2781 0.1778 -0.9439
vn 0.2464 0.1988 -0.9486
vn 0.1796 0.2068 -0.9618
vn 0.1522 0.1288 -0.9799
vn 0.3017 0.0365 -0.9527
vn 0.6133 0.7852 -0.0858
vn 0.5068 0.7744 -0.3788
vn 0.3465 0.6184 -0.7054
vn 0.2421 0.5434 -0.8038
vn 0.1533 0.2701 -0.9505
vn 0.1431 0.1072 -0.9839
vn 0.0173 0.1660 -0.9860
vn -0.0055 0.1534 -0.9881
vn 0.4695 0.8095 -0.3526
vn 0.3416 0.8922 -0.2955
vn 0.2565 0.8401 -0.4779
vn 0.2892 0.7922 -0.5375
vn 0.1014 0.6282 -0.7714
vn -0.0143 0.3257 -0.9454
vn 0.1270 0.6382 -0.7593
vn -0.0618 0.3102 -0.9487
vn -0.0834 0.2563 -0.9630
vn -0.0152 0.1703 -0.9853
vn -0.0914 0.3536 -0.9309
vn 0.5728 0.8187 -0.0400
vn -0.0455 0.2107 -0.9765
vn 0.3819 0.8894 -0.2511
vn 0.6202 0.7306 -0.2855
vn 0.4974 0.7256 -0.4755
vn 0.3727 0.7789 -0.5043
vn 0.7677 0.6310 0.1116
vn 0.9219 0.3193 0.2195
vn 0.8833 0.4128 -0.2222
vn 0.6973 0.4145 -0.5848
vn 0.4484 0.8828 -0.1398
vn 0.4006 0.9110 -0.0980
vn 0.3664 0.6431 -0.6724
vn 0.5252 0.4898 -0.6959
vn 0.7478 0.1661 -0.6428
vn 0.9998 0.0112 0.0132
vn 0.9356 -0.1373 0.3252
vn 0.8746 -0.2834 0.3934
vn 0.8900 -0.2873 0.3541
vn 0.8829 -0.2843 0.3738
vn 0.8755 -0.3413 0.3421
vn 0.7300 -0.6010 0.3253
vn 0.7360 -0.5961 0.3210
vn 0.7319 -0.6500 0.2044
vn 0.7428 -0.6210 0.2502
vn 0.6745 -0.7339 0.0807
vn 0.7204 -0.6851 0.1079
vn 0.9028 -0.4292 0.0257
vn 0.9057 -0.4229 0.0280
vn 0.8465 -0.4679 -0.2538
vn 0.8391 -0.3838 -0.3854
vn 0.5528 -0.3705 -0.7464
vn 0.7107 -0.3985 -0.5797
vn 0.6453 -0.4125 -0.6430
vn 0.4791 -0.4699 -0.7414
vn 0.5168 -0.4215 -0.7451
vn 0.8355 -0.4371 -0.3330
vn 0.7969 -0.2707 -0.5401
vn 0.5783 -0.7938 -0.1884
vn 0.4826 -0.8579 -0.1763
vn 0.2296 -0.9028 -0.3636
vn 0.3512 -0.9027 -0.2487
vn 0.2040 -0.8815 -0.4259
vn 0.1664 -0.8882 -0.4283
vn 0.4380 -0.0628 -0.8968
vn 0.4439 -0.0945 -0.8911
vn 0.4730 -0.3009 -0.8281
vn 0.5290 -0.2546 -0.8095
vn 0.2582 0.1025 -0.9606
vn 0.2022 0.1638 -0.9655
vn 0.2899 0.2438 -0.9255
vn 0.2196 0.2876 -0.9322
vn 0.2232 0.3582 -0.9066
vn 0.1524 0.3171 -0.9361
vn 0.4618 -0.0395 -0.8861
vn 0.1270 0.8141 -0.5666
vn 0.3787 0.8036 -0.4592
vn 0.1777 0.1363 -0.9746
vn 0.5041 0.7783 -0.3743
vn 0.5612 -0.1694 -0.8101
vn -0.0117 -0.3503 -0.9366
vn 0.8908 0.3098 -0.3323
vn 0.9332 0.0684 -0.3527
vn 0.6199 -0.4457 -0.6458
vn -0.1083 -0.6573 -0.7458
vn 0.1651 -0.7238 -0.6699
vn 0.5596 -0.7487 -0.3554
vn 0.1210 -0.9121 -0.3917
vn 0.1016 -0.8945 -0.4354
vn 0.0648 -0.8576 -0.5102
vn 0.1440 -0.8955 -0.4212
vn 0.1972 -0.9017 -0.3849
vn 0.3003 -0.8798 -0.3685
vn 0.3093 -0.0126 -0.9509
vn 0.3836 0.1233 -0.9152
vn 0.1916 -0.3736 -0.9076
vn 0.2100 0.3243 -0.9224
vn 0.3794 0.2033 -0.9026
vn -0.0534 0.4020 -0.9141
vn 0.0200 0.0380 -0.9991
vn -0.1876 -0.0050 -0.9822
vn -0.1810 -0.2853 -0.9412
vn 0.0455 -0.3488 -0.9361
vn 0.1613 -0.3450 -0.9246
vn 0.0567 -0.4273 -0.9023
vn -0.0104 -0.4526 -0.8916
vn -0.0516 -0.1315 -0.9900
vn -0.0961 -0.1344 -0.9863
vn -0.1202 -0.5434 -0.8308
vn -0.1367 -0.6092 -0.7811
vn 0.1191 -0.1081 -0.9870
vn 0.0101 -0.5106 -0.8597
vn -0.1537 -0.7729 -0.6156
vn 0.2152 -0.1396 -0.9665
vn 0.1984 -0.2669 -0.9431
vn 0.1801 -0.2133 -0.9602
vn 0.2409 -0.1045 -0.9649
vn 0.1911 -0.2140 -0.9579
vn 0.1803 -0.1882 -0.9654
vn 0.0674 -0.8634 -0.5000
vn 0.1396 -0.8142 -0.5636
vn 0.0358 -0.8364 -0.5470
vn 0.0542 -0.8430 -0.5352
vn 0.1476 -0.7914 -0.5931
vn 0.1065 -0.7884 -0.6059
vn 0.1907 -0.7828 -0.5924
vn 0.1793 -0.7705 -0.6117
vn 0.2393 -0.0460 -0.9699
vn 0.2332 -0.0567 -0.9708
vn 0.2400 -0.1247 -0.9627
vn 0.2147 -0.1940 -0.9572
vn 0.1926 -0.5482 -0.8139
vn 0.1598 -0.6199 -0.7683
vn 0.1467 -0.7887 -0.5970
vn 0.1507 -0.7791 -0.6086
vn 0.7833 -0.5799 -0.2238
vn 0.8498 -0.4695 -0.2397
vn 0.6827 -0.2648 -0.6810
vn 0.6577 -0.3307 -0.6768
vn 0.8529 -0.4050 0.3296
vn 0.8574 -0.4644 0.2218
vn 0.7861 -0.6057 0.1228
vn 0.7009 -0.6736 0.2343
vn 0.5601 -0.7904 0.2481
vn 0.5547 -0.8318 -0.0214
vn 0.6316 -0.7645 -0.1285
vn 0.2811 -0.9412 -0.1871
vn 0.4818 -0.7627 -0.4315
vn 0.2000 -0.9795 0.0242
vn -0.0082 -0.9963 -0.0857
vn 0.0054 -0.9991 0.0427
vn -0.0497 -0.9930 -0.1068
vn -0.0112 -0.9781 -0.2078
vn 0.1056 -0.9935 0.0420
vn 0.1268 -0.9853 0.1142
vn 0.1554 -0.9786 0.1352
vn 0.1764 -0.9838 0.0328
vn 0.0265 -0.9713 -0.2362
vn -0.0450 -0.9586 -0.2812
vn 0.1829 -0.9430 -0.2780
vn 0.0527 -0.8870 -0.4587
vn -0.0191 -0.9949 0.0988
vn -0.1142 -0.9928 -0.0356
vn 0.1857 -0.8120 -0.5533
vn 0.2183 -0.7268 -0.6512
vn 0.2546 -0.9097 -0.3279
vn 0.1664 -0.9757 0.1423
vn 0.1710 -0.9838 0.0529
vn 0.2315 -0.8455 -0.4811
vn 0.1300 -0.8195 -0.5581
vn 0.1487 -0.9884 -0.0311
vn 0.1725 -0.9802 0.0974
vn 0.2172 -0.6993 -0.6810
vn 0.1150 -0.6774 -0.7266
vn 0.3172 -0.3641 -0.8757
vn 0.2494 -0.3625 -0.8980
vn 0.2311 -0.5679 -0.7900
vn 0.2471 -0.6426 -0.7253
vn 0.3107 -0.1098 -0.9442
vn 0.3340 -0.2864 -0.8980
vn 0.2487 -0.3782 -0.8917
vn 0.1427 -0.6714 -0.7272
vn 0.2931 -0.0150 -0.9560
vn 0.1326 -0.2987 -0.9451
vn -0.0294 -0.6104 -0.7916
vn -0.0155 -0.7118 -0.7022
vn -0.1001 -0.6083 -0.7874
vn 0.0145 -0.6559 -0.7547
vn -0.0256 -0.6074 -0.7940
vn 0.1911 -0.9816 -0.0005
vn 0.1198 -0.9864 -0.1130
vn 0.0405 -0.8160 -0.5766
vn 0.0086 -0.6007 -0.7994
vn -0.0196 -0.0808 -0.9965
vn -0.2236 -0.3805 -0.8973
vn -0.1508 -0.3985 -0.9047
vn -0.2767 -0.4404 -0.8541
vn -0.4647 -0.2048 -0.8615
vn -0.4812 -0.1528 -0.8632
vn -0.2616 -0.0562 -0.9635
vn -0.0809 0.0664 -0.9945
vn 0.1578 0.1338 -0.9784
vn 0.0945 0.0254 -0.9952
vn -0.1150 0.1727 -0.9782
vn 0.2870 0.2222 -0.9318
vn -0.0535 0.2025 -0.9778
vn 0.2312 0.1633 -0.9591
vn -0.1412 0.3346 -0.9317
vn -0.0127 0.2123 -0.9771
vn -0.3375 0.1539 -0.9287
vn -0.2795 0.1286 -0.9515
vn -0.4731 0.0863 -0.8768
vn -0.6813 -0.0101 -0.7320
vn -0.3095 0.1450 -0.9398
vn -0.6080 0.1489 -0.7799
vn 0.6391 0.7638 0.0905
vn 0.6294 0.7712 0.0959
vn 0.6119 0.7839 0.1053
vn 0.6245 0.7748 0.0985
vn 0.6172 0.7859 -0.0382
vn 0.3914 0.9182 -0.0607
vn 0.4338 0.8969 -0.0856
vn 0.5162 0.8457 -0.1354
vn 0.4793 0.8703 -0.1129
vn 0.5419 0.8400 -0.0275
vn 0.5370 0.8432 -0.0242
vn 0.5285 0.8487 -0.0182
vn 0.5333 0.8457 -0.0215
vn 0.2844 0.9586 0.0134
vn 0.2475 0.9683 -0.0346
vn 0.4433 0.8963 0.0140
vn 0.4765 0.8780 -0.0461
vn 0.2837 0.9572 0.0583
vn 0.5584 0.7892 -0.2559
vn 0.4058 0.9110 -0.0737
vn 0.5799 0.7485 -0.3218
vn 0.0669 0.9971 -0.0372
vn 0.1385 0.9825 -0.1242
vn -0.0051 0.9905 0.1375
vn 0.0374 0.9938 0.1047
vn 0.1516 0.9768 -0.1509
vn 0.4519 0.8329 -0.3195
vn 0.5931 0.7861 -0.1738
vn 0.2549 0.9282 0.2711
vn 0.2883 0.9396 0.1844
vn 0.4540 0.8676 0.2029
vn 0.4859 0.8419 0.2347
vn 0.6310 0.7530 0.1865
vn 0.6586 0.7229 0.2088
vn 0.3475 0.8654 0.3610
vn 0.4882 0.7799 0.3916
vn 0.6057 0.6494 0.4597
vn 0.2292 0.8344 0.5012
vn 0.3010 0.7205 0.6247
vn 0.4301 0.6595 0.6166
vn 0.0370 0.9231 0.3827
vn 0.1893 0.7668 0.6134
vn 0.3171 0.5189 0.7939
vn 0.0625 0.8923 0.4470
vn 0.2145 0.7578 0.6162
vn 0.2947 0.5605 0.7740
vn 0.6243 0.7799 -0.0443
vn 0.6029 0.7920 -0.0966
vn 0.6229 0.7740 -0.1135
vn 0.6423 0.7613 -0.0881
vn 0.6064 0.7951 -0.0044
vn 0.6420 0.7426 -0.1907
vn 0.6481 0.7054 -0.2869
vn 0.6883 0.6387 -0.3439
vn 0.7488 0.6110 -0.2567
vn 0.9104 0.3866 0.1475
vn 0.8407 0.5415 0.0038
vn 0.7874 0.6154 -0.0344
vn 0.9047 0.4176 0.0843
vn 0.9347 0.1627 0.3159
vn 0.9500 0.1235 0.2869
vn 0.8410 -0.0426 0.5394
vn 0.8601 -0.0150 0.5099
vn 0.6204 -0.0964 0.7783
vn 0.6442 -0.1339 0.7531
vn 0.2718 0.2029 0.9407
vn 0.3473 -0.0804 0.9343
vn 0.1018 0.1993 0.9746
vn 0.1198 -0.0758 0.9899
vn 0.0606 0.7080 0.7036
vn -0.0022 0.7294 0.6841
vn 0.0280 0.8318 0.5544
vn -0.0240 0.8076 0.5892
vn -0.0795 0.2879 0.9544
vn -0.0661 -0.0799 0.9946
vn -0.0281 0.7044 0.7093
vn -0.0233 0.7743 0.6324
vn -0.1395 0.2696 0.9528
vn -0.1179 0.0067 0.9930
vn -0.1719 0.6944 0.6988
vn -0.0793 0.8857 0.4574
vn -0.1404 0.4521 0.8809
vn 0.6626 0.5608 -0.4965
vn 0.6199 0.6576 -0.4281
vn 0.6588 0.5707 -0.4901
vn 0.6908 0.4704 -0.5491
vn 0.7668 -0.5130 -0.3858
vn 0.9887 0.0646 -0.1356
vn 0.9717 0.1446 -0.1869
vn 0.9316 -0.2014 -0.3025
vn 0.7969 -0.5670 -0.2087
vn 0.9833 -0.0682 0.1687
vn 0.8195 -0.3008 0.4878
vn 0.6934 -0.7201 0.0253
vn 0.0759 -0.7673 -0.6367
vn -0.0041 -0.8966 -0.4428
vn 0.0728 -0.6430 -0.7624
vn 0.0494 -0.8798 -0.4728
vn 0.6277 0.0286 0.7780
vn 0.5653 -0.6553 0.5010
vn 0.1490 -0.8557 -0.4955
vn 0.2943 -0.0261 0.9553
vn 0.3905 -0.6377 0.6640
vn 0.2606 -0.9546 -0.1440
vn 0.1803 -0.2348 0.9552
vn 0.2829 -0.7726 0.5684
vn 0.2519 -0.9641 -0.0841
vn 0.1959 -0.8552 0.4799
vn 0.2660 -0.9518 -0.1524
vn 0.1060 -0.9443 0.3115
vn 0.3328 -0.9133 -0.2346
vn 0.0617 -0.4553 0.8882
vn -0.0474 -0.6255 0.7788
vn 0.2030 -0.7292 -0.6535
vn -0.0339 -0.6021 -0.7977
vn 0.2942 -0.6274 -0.7210
vn 0.5452 -0.6413 -0.5399
vn -0.3772 -0.4338 -0.8183
vn -0.5535 -0.4681 -0.6888
vn -0.5575 -0.6311 -0.5393
vn -0.4299 -0.7119 -0.5554
vn -0.6446 -0.3975 -0.6530
vn 0.6542 -0.4821 -0.5828
vn 0.2241 -0.2709 -0.9362
vn 0.4112 -0.2900 -0.8642
vn -0.0028 -0.2820 -0.9594
vn -0.2733 -0.1247 -0.9538
vn -0.5333 -0.1162 -0.8379
vn -0.7382 -0.0843 -0.6693
vn -0.8788 -0.2580 -0.4014
vn -0.8887 -0.1812 -0.4212
vn -0.9314 -0.0296 -0.3628
vn -0.7547 -0.0192 -0.6558
vn -0.5171 -0.0722 -0.8529
vn -0.3048 0.0925 -0.9479
vn -0.1588 -0.0688 -0.9849
vn -0.8891 -0.0671 -0.4528
vn -0.9507 -0.0344 -0.3081
vn -0.9828 0.1232 -0.1375
vn -0.9576 0.2311 -0.1720
vn -0.9367 0.2179 -0.2740
vn -0.9096 0.1615 -0.3829
vn -0.9414 0.2229 -0.2532
vn -0.9602 0.2300 -0.1582
vn -0.9456 0.2605 -0.1948
vn 0.1928 -0.2442 -0.9503
vn 0.1975 -0.3931 -0.8981
vn 0.1802 -0.3775 -0.9083
vn 0.2339 -0.1758 -0.9562
vn 0.3474 -0.2304 -0.9090
vn 0.3204 -0.2909 -0.9015
vn -0.1973 0.9795 -0.0407
vn -0.1597 0.9745 -0.1579
vn -0.2514 0.9655 -0.0673
vn -0.3031 0.9464 -0.1112
vn -0.2557 0.9664 0.0255
vn -0.2919 0.9540 -0.0689
vn -0.3626 0.9263 0.1024
vn -0.3693 0.9278 0.0523
vn -0.3197 0.9474 -0.0174
vn -0.3467 0.9380 0.0064
vn -0.4202 0.8956 0.1458
vn -0.5264 0.8478 0.0637
vn -0.4232 0.9047 0.0488
vn -0.3737 0.9214 0.1070
vn -0.1496 0.9858 0.0759
vn -0.1423 0.9896 0.0228
vn -0.1005 0.9846 0.1431
vn -0.1224 0.9733 0.1942
vn -0.0780 0.9715 0.2237
vn -0.0793 0.9735 0.2147
vn -0.0667 0.9633 0.2600
vn -0.0844 0.9619 0.2600
vn -0.1938 0.9664 0.1690
vn -0.3259 0.9205 0.2154
vn -0.3994 0.4309 -0.8092
vn -0.6351 0.4654 -0.6164
vn -0.7395 0.6172 -0.2687
vn -0.6618 0.6433 -0.3850
vn -0.6741 0.7376 -0.0390
vn -0.7776 0.6266 -0.0534
vn -0.6292 0.7765 -0.0354
vn -0.6181 0.7667 -0.1736
vn -0.6233 0.7424 -0.2456
vn -0.7689 0.6392 -0.0131
vn -0.7734 0.6246 -0.1086
vn -0.7756 0.6157 -0.1392
vn -0.7820 0.5994 -0.1708
vn -0.7551 0.6513 -0.0749
vn -0.7746 0.6064 -0.1798
vn -0.7457 0.6649 0.0441
vn -0.7627 0.6443 0.0552
vn -0.6938 0.7169 -0.0691
vn -0.1553 0.9660 0.2068
vn -0.0439 0.9774 0.2066
vn -0.4585 0.8800 -0.1239
vn -0.8405 0.4950 -0.2202
vn -0.6337 0.7136 -0.2987
vn -0.4854 0.7798 -0.3952
vn -0.4591 0.7870 -0.4121
vn -0.2717 0.8672 -0.4173
vn -0.2471 0.8792 -0.4075
vn -0.0083 0.9999 -0.0103
vn -0.0138 0.9999 -0.0089
vn 0.0661 0.8794 -0.4714
vn -0.1471 0.8624 -0.4843
vn -0.0183 0.9967 0.0796
vn 0.0946 0.9531 -0.2875
vn 0.1130 0.9557 -0.2719
vn -0.1102 0.7544 -0.6471
vn 0.1435 0.5825 -0.8001
vn 0.2148 0.7691 -0.6020
vn -0.4100 0.8807 -0.2371
vn -0.4291 0.8758 -0.2210
vn -0.4073 0.7936 -0.4520
vn -0.4654 0.8261 -0.3178
vn -0.4391 0.7500 -0.4946
vn -0.5887 0.6885 -0.4236
vn -0.0838 0.8285 -0.5537
vn -0.7912 0.4426 -0.4220
vn -0.5097 0.6662 -0.5445
vn -0.3607 0.7951 -0.4876
vn -0.4140 0.8419 -0.3461
vn -0.7303 0.5974 -0.3314
vn -0.9276 -0.0170 -0.3731
vn -0.9290 0.1065 -0.3545
vn -0.8852 -0.0840 -0.4576
vn -0.5702 0.3514 -0.7425
vn -0.0920 0.9730 -0.2115
vn -0.3168 0.9204 -0.2293
vn -0.7148 0.5785 -0.3930
vn -0.9022 -0.0032 -0.4313
vn -0.1260 0.9883 0.0853
vn -0.5102 0.8440 -0.1656
vn -0.7909 0.3840 -0.4765
vn -0.8562 -0.0016 -0.5166
vn 0.7650 0.4089 -0.4975
vn 0.2897 0.9104 -0.2954
vn 0.1754 0.9633 -0.2030
vn 0.3535 0.9255 0.1356
vn -0.2664 0.9344 0.2367
vn -0.7126 0.6953 -0.0934
vn -0.8670 0.3877 -0.3129
vn 0.3944 0.7854 0.4771
vn -0.2967 0.8869 0.3540
vn -0.7293 0.6679 0.1485
vn -0.8863 0.4470 -0.1211
vn -0.9461 0.3176 0.0628
vn -0.8343 0.5462 0.0757
vn -0.6792 0.7048 0.2050
vn -0.8673 0.4610 0.1878
vn -0.3606 0.8845 0.2960
vn 0.3985 0.8453 0.3558
vn 0.5604 0.8198 -0.1176
vn 0.2641 0.9627 -0.0584
vn 0.1185 0.9900 -0.0763
vn -0.3447 0.8454 -0.4080
vn -0.9882 0.1451 0.0486
vn -0.8289 0.3789 -0.4115
vn -0.8989 0.4362 0.0410
vn -0.9442 0.0197 -0.3288
vn -0.9763 0.1857 -0.1111
vn -0.9854 0.1682 0.0260
vn -0.9416 -0.3118 -0.1273
vn -0.9848 -0.0905 -0.1481
vn -0.9693 -0.1591 -0.1872
vn -0.8790 -0.3796 -0.2885
vn -0.8482 -0.4532 -0.2742
vn -0.9260 -0.3757 -0.0382
vn -0.8484 -0.5096 -0.1436
vn -0.7255 -0.5373 -0.4300
vn -0.6884 -0.6391 -0.3430
vn -0.7351 -0.6084 -0.2992
vn -0.4956 -0.6549 -0.5705
vn -0.5636 -0.7366 -0.3740
vn -0.8518 -0.4963 -0.1678
vn -0.7843 -0.6188 0.0440
vn 0.4607 -0.0896 -0.8830
vn 0.4592 0.1079 -0.8817
vn 0.7923 -0.0117 -0.6101
vn 0.3316 0.2392 -0.9126
vn 0.6526 0.1545 -0.7418
vn -0.0347 0.3046 -0.9518
vn 0.6782 0.4178 -0.6045
vn 0.4105 0.4307 -0.8037
vn 0.9291 -0.1314 -0.3456
vn 0.8443 -0.4286 -0.3216
vn 0.9382 -0.2211 -0.2662
vn 0.9253 -0.1796 -0.3341
vn 0.8645 -0.4419 -0.2396
vn 0.9026 0.2277 -0.3652
vn 0.9199 -0.1883 -0.3439
vn 0.9174 -0.3512 -0.1869
vn 0.8931 0.3934 0.2184
vn 0.9817 0.1856 -0.0422
vn 0.9841 -0.1106 -0.1390
vn 0.7970 -0.3792 -0.4700
vn 0.9736 0.0303 -0.2261
vn 0.8436 -0.0947 -0.5286
vn 0.8949 -0.1390 -0.4241
vn 0.7463 -0.6158 -0.2527
vn 0.5014 -0.6688 -0.5489
vn 0.3898 -0.7035 -0.5942
vn 0.1737 -0.6337 -0.7538
vn 0.6831 -0.6261 -0.3760
vn 0.3674 -0.2623 -0.8923
vn -0.0064 -0.4972 -0.8676
vn 0.5631 -0.6984 -0.4418
vn 0.4836 -0.6977 -0.5285
vn 0.6515 -0.0761 -0.7549
vn 0.8982 -0.4167 -0.1397
vn 0.8941 -0.4069 -0.1871
vn 0.9214 -0.3638 -0.1369
vn 0.9149 -0.3389 -0.2192
vn 0.9881 0.0055 -0.1534
vn 0.9986 -0.0461 -0.0256
vn 0.9941 -0.0996 -0.0436
vn 0.9811 -0.1441 -0.1295
vn 0.9849 0.1726 -0.0116
vn 0.8930 0.3036 -0.3324
vn 0.9875 0.1532 0.0378
vn 0.9959 0.0121 -0.0893
vn 0.9639 -0.1686 -0.2059
vn 0.9128 -0.2456 -0.3263
vn -0.2937 0.3506 -0.8892
vn 0.0082 0.0925 -0.9957
vn -0.3026 0.3173 -0.8987
vn -0.4709 0.2889 -0.8335
vn 0.0151 0.1919 -0.9813
vn 0.2942 0.0911 -0.9514
vn 0.0756 0.2234 -0.9718
vn 0.2259 -0.2641 -0.9377
vn 0.8662 -0.4027 -0.2959
vn 0.6165 -0.7347 -0.2833
vn 0.0439 0.7187 -0.6939
vn 0.9372 -0.3058 -0.1677
vn 0.9639 -0.2311 -0.1326
vn 0.9880 -0.1294 -0.0845
vn 0.9648 -0.2281 -0.1312
vn 0.3493 -0.3260 -0.8785
vn 0.2988 -0.3917 -0.8702
vn 0.2178 -0.4870 -0.8458
vn 0.2644 -0.4336 -0.8614
vn 0.8050 0.4813 -0.3470
vn 0.7746 0.5139 -0.3685
vn 0.8927 0.3624 -0.2680
vn 0.9447 0.2603 -0.1997
vn 0.4319 -0.7217 -0.5410
vn 0.7349 -0.5176 -0.4382
vn 0.5989 -0.6279 -0.4970
vn 0.2938 -0.7744 -0.5604
vn 0.0235 0.7391 -0.6732
vn -0.0143 0.7719 -0.6356
vn 0.0061 0.7545 -0.6563
vn 0.0388 0.7250 -0.6877
vn 0.4093 -0.0587 -0.9105
vn 0.3789 -0.1267 -0.9167
vn 0.2469 -0.3735 -0.8942
vn 0.2910 -0.2983 -0.9090
vn 0.1198 0.0841 -0.9892
vn 0.1293 0.0117 -0.9915
vn 0.1375 -0.0550 -0.9890
vn 0.1286 0.0170 -0.9915
vn -0.3421 0.0074 -0.9396
vn -0.2363 -0.0139 -0.9716
vn -0.2563 -0.0100 -0.9665
vn -0.3666 0.0125 -0.9303
vn 0.3612 -0.2295 -0.9038
vn 0.4695 -0.2471 -0.8477
vn 0.0113 -0.1574 -0.9875
vn -0.0616 -0.1398 -0.9883
vn 0.2339 0.2593 -0.9370
vn 0.3072 0.3639 -0.8793
vn 0.3368 0.4066 -0.8492
vn 0.2926 0.3429 -0.8926
vn 0.1748 -0.2398 -0.9550
vn -0.1370 -0.3355 -0.9320
vn 0.7439 0.1261 -0.6563
vn 0.6539 0.4035 -0.6400
vn 0.7338 -0.1511 -0.6623
vn 0.6782 -0.3526 -0.6447
vn 0.5498 -0.0778 -0.8317
vn 0.9064 0.0704 -0.4165
vn 0.8792 -0.0604 -0.4727
vn 0.9349 0.0146 -0.3546
vn 0.9207 0.0538 -0.3866
vn 0.3140 0.7952 -0.5187
vn 0.0969 0.8423 -0.5303
vn 0.1085 0.8988 -0.4247
vn 0.0945 0.8303 -0.5493
vn 0.0803 0.7543 -0.6516
vn 0.8513 0.1763 -0.4941
vn 0.8582 0.2186 -0.4644
vn 0.8432 0.1378 -0.5196
vn 0.8359 0.1087 -0.5381
vn 0.8889 -0.1060 -0.4457
vn 0.2776 0.0516 -0.9593
vn 0.5396 0.0047 -0.8419
vn 0.8348 -0.0962 -0.5422
vn 0.9362 -0.2286 -0.2669
vn 0.9673 -0.2533 -0.0079
vn 0.5965 -0.8021 -0.0284
vn 0.8338 -0.5488 0.0610
vn 0.9979 -0.0626 0.0137
vn 0.9986 -0.0489 -0.0197
vn 0.9961 -0.0868 0.0133
vn 0.9912 0.0550 -0.1201
vn 0.9998 0.0155 -0.0105
vn 0.9683 -0.0544 -0.2438
vn 0.9668 -0.0222 -0.2544
vn 0.9493 -0.1196 -0.2909
vn 0.5808 -0.2374 -0.7787
vn -0.4691 0.1551 -0.8694
vn -0.8355 -0.0925 -0.5417
vn -0.4936 -0.2392 -0.8362
vn -0.4593 0.0787 -0.8848
vn 0.2701 -0.9620 0.0398
vn 0.2865 -0.9435 -0.1666
vn 0.2806 -0.9521 -0.1217
vn 0.2388 -0.9710 -0.0070
vn -0.1659 0.1113 -0.9799
vn -0.1608 0.0874 -0.9831
vn -0.1910 0.0598 -0.9798
vn -0.0495 0.0064 -0.9988
vn -0.0792 -0.0651 -0.9947
vn -0.1001 -0.2512 -0.9627
vn -0.0624 -0.3337 -0.9406
vn 0.1243 -0.5198 -0.8452
vn 0.1646 -0.5286 -0.8327
vn 0.2285 -0.7539 -0.6160
vn 0.2604 -0.8035 -0.5354
vn -0.6311 0.6192 -0.4672
vn -0.6066 0.6866 -0.4008
vn -0.6236 0.5435 -0.5619
vn -0.6740 0.4509 -0.5852
vn -0.5867 0.7516 -0.3014
vn -0.5835 0.7807 -0.2237
vn -0.5716 0.7870 -0.2323
vn -0.2292 0.0287 -0.9730
vn -0.4301 0.0733 -0.8998
vn -0.7153 0.1932 -0.6716
vn 0.2445 -0.5706 0.7840
vn 0.4295 -0.7659 0.4785
vn 0.4336 -0.7695 0.4689
vn 0.5454 -0.8342 0.0817
vn 0.2126 -0.8977 -0.3858
vn -0.9119 -0.1024 -0.3973
vn -0.8912 -0.0825 -0.4460
vn -0.9737 -0.0887 -0.2100
vn -0.9776 -0.0854 -0.1925
vn -0.9820 -0.0200 -0.1880
vn -0.9824 -0.0190 -0.1856
vn -0.0627 -0.9902 -0.1252
vn -0.2752 -0.9538 -0.1209
vn -0.2050 -0.9545 -0.2166
vn -0.2289 -0.9558 -0.1848
vn -0.1215 -0.9919 -0.0383
vn -0.0558 -0.9925 -0.1087
vn 0.0335 -0.9788 -0.2019
vn -0.4843 -0.8739 -0.0431
vn -0.3813 -0.9221 -0.0656
vn -0.3865 -0.9223 -0.0011
vn -0.4361 -0.8998 -0.0129
vn -0.2312 -0.9281 -0.2920
vn -0.2372 -0.9574 -0.1646
vn -0.1640 -0.9108 -0.3788
vn -0.1512 0.9054 0.3967
vn -0.9698 -0.2416 -0.0335
vn -0.9265 -0.3560 -0.1219
vn 0.0345 0.9241 0.3806
vn 0.6795 0.6538 0.3329
vn 0.9466 -0.1316 -0.2942
vn 0.8410 -0.0284 -0.5403
vn 0.7868 0.0089 -0.6171
vn 0.9069 -0.0845 -0.4128
vn 0.1654 -0.4502 0.8775
vn 0.0868 -0.3676 0.9259
vn 0.1896 -0.3652 0.9114
vn 0.2781 -0.4200 0.8639
vn -0.0679 -0.3080 0.9490
vn -0.1013 -0.3156 0.9435
vn 0.4313 -0.2540 0.8657
vn 0.5260 -0.1330 0.8400
vn 0.3839 -0.2407 0.8914
vn 0.3071 -0.3362 0.8903
vn 0.6529 -0.1762 0.7367
vn 0.7173 -0.1874 0.6711
vn 0.7082 -0.1957 0.6784
vn 0.6015 -0.2502 0.7587
vn 0.7178 -0.1044 0.6883
vn 0.3672 -0.3721 0.8525
vn 0.2690 -0.4200 0.8668
vn 0.2474 -0.4879 0.8371
vn 0.3119 -0.4811 0.8193
vn 0.3358 -0.5535 0.7622
vn 0.2780 -0.5984 0.7514
vn 0.2527 -0.5857 0.7701
vn 0.2517 -0.4809 0.8399
vn 0.4609 -0.4984 0.7343
vn 0.4261 -0.3248 0.8443
vn 0.5359 -0.2501 0.8064
vn 0.6670 -0.2220 0.7112
vn 0.5486 -0.3686 0.7505
vn 0.6804 -0.2092 0.7023
vn 0.5892 -0.0586 0.8059
vn 0.6665 -0.1189 0.7360
vn 0.6035 -0.1209 0.7881
vn 0.6870 -0.0138 0.7265
vn 0.4731 -0.1421 0.8695
vn 0.3661 -0.4336 0.8234
vn 0.2022 -0.5735 0.7939
vn 0.1180 -0.6251 0.7716
vn 0.2624 -0.6473 0.7156
vn 0.4360 -0.5782 0.6896
vn 0.9180 -0.1139 0.3798
vn 0.8818 -0.2510 0.3993
vn 0.8837 -0.3037 0.3561
vn 0.7734 -0.5326 0.3438
vn 0.5546 -0.7611 0.3363
vn 0.2270 -0.8989 0.3748
vn 0.0271 -0.9415 0.3360
vn 0.0699 -0.9412 0.3304
vn 0.2321 -0.8905 0.3913
vn 0.9803 -0.1952 0.0301
vn 0.9368 -0.3429 0.0690
vn 0.9235 -0.3826 0.0288
vn 0.7555 -0.6549 0.0194
vn 0.5425 -0.8399 0.0127
vn 0.2430 -0.9682 0.0587
vn -0.0505 -0.9964 0.0674
vn -0.1332 -0.9898 0.0501
vn -0.0888 -0.9957 0.0264
vn 0.6686 -0.0420 0.7424
vn 0.6637 -0.0438 0.7467
vn 0.6974 -0.1614 0.6983
vn 0.6800 -0.1422 0.7193
vn 0.6471 -0.2488 0.7206
vn 0.6488 -0.2453 0.7204
vn 0.7088 -0.3125 0.6324
vn 0.7177 -0.3136 0.6217
vn 0.8184 -0.4355 0.3749
vn 0.6229 -0.2681 0.7349
vn 0.7887 -0.4711 0.3949
vn 0.8581 -0.5026 0.1053
vn 0.8309 -0.5481 0.0961
vn 0.7148 -0.5135 0.4747
vn 0.5925 -0.2197 0.7750
vn -0.0153 0.0040 0.9999
vn 0.0051 -0.0246 0.9997
vn 0.0443 0.0234 0.9987
vn 0.0881 -0.0474 0.9950
vn 0.1013 -0.0910 0.9907
vn 0.0155 -0.1796 0.9836
vn -0.0504 -0.1930 0.9799
vn 0.0926 -0.2187 0.9714
vn 0.1390 -0.2574 0.9563
vn 0.1582 -0.1885 0.9693
vn 0.1406 -0.1914 0.9714
vn -0.1305 -0.3974 0.9083
vn -0.0228 -0.3356 0.9417
vn -0.0869 -0.3177 0.9442
vn 0.1211 -0.3758 0.9188
vn 0.1507 -0.4414 0.8846
vn 0.1097 -0.6252 0.7727
vn 0.1461 -0.5295 0.8356
vn 0.1742 -0.3527 0.9194
vn 0.1768 -0.4510 0.8748
vn 0.0005 -0.5039 0.8638
vn 0.1723 -0.5077 0.8441
vn -0.1860 -0.4929 0.8500
vn -0.2624 -0.4633 0.8465
vn -0.2099 -0.5301 0.8215
vn -0.2662 -0.5549 0.7882
vn -0.2487 -0.5578 0.7919
vn -0.1958 -0.7202 0.6655
vn -0.2110 -0.8504 0.4820
vn -0.4321 -0.5686 0.6999
vn -0.2228 -0.5186 0.8255
vn 0.0949 -0.9388 0.3310
vn -0.2349 -0.9347 0.2669
vn -0.4630 -0.7627 0.4516
vn -0.2970 -0.4798 0.8256
vn -0.0949 -0.8361 0.5403
vn -0.0829 -0.7889 0.6089
vn 0.0117 -0.5177 0.8555
vn 0.0285 -0.8901 0.4548
vn 0.1417 -0.8013 0.5813
vn 0.1810 -0.7604 0.6237
vn 0.1483 -0.5249 0.8381
vn 0.0464 -0.9907 0.1283
vn 0.1512 -0.9562 0.2507
vn -0.1263 -0.9895 0.0704
vn -0.2871 -0.9498 0.1246
vn -0.2666 -0.9015 0.3408
vn 0.0338 -0.9782 0.2049
vn -0.3989 -0.8562 0.3284
vn -0.4042 -0.8808 0.2465
vn -0.3358 -0.9307 0.1450
vn -0.4394 -0.8087 0.3910
vn -0.4003 -0.8589 0.3195
vn -0.2835 -0.9305 0.2320
vn -0.3150 -0.9429 0.1086
vn -0.1304 -0.9354 0.3287
vn -0.1782 -0.9515 0.2508
vn -0.2248 -0.9519 0.2084
vn -0.1640 -0.9712 0.1727
vn -0.2297 -0.9664 0.1150
vn -0.1345 -0.9864 0.0948
vn 0.0208 -0.9914 0.1290
vn 0.0136 -0.9760 0.2175
vn -0.0677 -0.9726 0.2226
vn 0.1840 -0.9758 0.1180
vn 0.2014 -0.9567 0.2100
vn 0.2934 -0.9333 0.2070
vn 0.3048 -0.8897 0.3398
vn 0.1678 -0.9853 0.0318
vn 0.2697 -0.9612 0.0583
vn 0.0070 -0.9997 0.0220
vn -0.1523 -0.9883 0.0011
vn -0.2364 -0.9716 0.0105
vn 0.2047 -0.9722 0.1138
vn 0.0875 -0.9956 0.0341
vn -0.0750 -0.9964 0.0387
vn -0.1151 -0.9932 0.0182
vn 0.4339 -0.8851 0.1682
vn 0.3033 -0.9496 -0.0788
vn 0.2916 -0.8643 0.4097
vn 0.3694 -0.7856 0.4964
vn 0.2138 -0.8134 0.5410
vn 0.0257 -0.9635 0.2665
vn 0.0356 -0.9624 0.2694
vn 0.0436 -0.6947 0.7180
vn -0.0257 -0.6971 0.7165
vn -0.0540 -0.6289 0.7756
vn 0.1692 -0.7012 0.6926
vn 0.0775 -0.7751 0.6271
vn 0.0832 -0.7142 0.6950
vn 0.1640 -0.7488 0.6421
vn 0.1404 -0.6920 0.7081
vn 0.3754 -0.8004 0.4675
vn 0.5013 -0.8602 0.0933
vn 0.1864 -0.7729 0.6065
vn -0.1142 -0.8559 0.5044
vn 0.1220 -0.9601 0.2515
vn -0.1354 -0.9566 0.2578
vn 0.1591 -0.8076 0.5678
vn 0.2178 -0.9501 0.2234
vn 0.0218 -0.7155 0.6983
vn -0.0590 -0.7737 0.6308
vn 0.4307 -0.6850 0.5875
vn 0.0127 -0.8034 0.5952
vn -0.3165 -0.9451 -0.0814
vn -0.3283 -0.9429 -0.0570
vn -0.3743 -0.9271 0.0179
vn -0.3730 -0.9268 -0.0449
vn -0.1822 -0.9775 -0.1062
vn -0.1516 -0.9823 -0.1099
vn 0.0249 -0.9953 -0.0938
vn 0.1406 -0.9892 -0.0424
vn -0.2256 -0.9736 0.0346
vn 0.1941 -0.9678 -0.1603
vn 0.1678 -0.9681 -0.1861
vn 0.3924 -0.9077 -0.1484
vn -0.1338 -0.9885 0.0708
vn -0.1159 -0.9908 0.0706
vn -0.1947 -0.9783 0.0713
vn -0.0682 -0.9952 0.0700
vn -0.6348 -0.7642 0.1139
vn -0.5934 -0.8045 0.0259
vn -0.4568 -0.8895 -0.0138
vn -0.5093 -0.8579 0.0681
vn -0.7776 -0.4797 0.4065
vn -0.7512 -0.6581 0.0515
vn -0.8004 -0.4678 0.3749
vn -0.8545 -0.5180 0.0395
vn -0.9221 -0.2622 0.2847
vn -0.9506 -0.3085 0.0354
vn -0.9585 -0.0679 0.2770
vn -0.9941 -0.0916 0.0576
vn -0.9595 0.0991 0.2638
vn -0.9946 0.0870 0.0559
vn -0.9279 0.1793 0.3268
vn -0.9779 0.1629 0.1309
vn -0.8875 0.1367 0.4402
vn -0.9667 0.1442 0.2112
vn -0.9499 0.0880 0.2998
vn -0.9885 0.0621 0.1381
vn -0.9982 -0.0282 0.0530
vn -0.9987 -0.0469 0.0207
vn -0.9968 0.0638 0.0472
vn -0.9881 0.1451 0.0515
vn -0.9978 0.0660 -0.0113
vn -0.9875 0.1514 0.0434
vn -0.9984 -0.0481 -0.0283
vn -0.9470 -0.3211 -0.0107
vn -0.8195 -0.5729 -0.0158
vn -0.7018 -0.7122 -0.0156
vn -0.5451 -0.8377 -0.0332
vn -0.4206 -0.9059 -0.0486
vn -0.3785 -0.9239 -0.0556
vn -0.3953 -0.9173 -0.0478
vn -0.8329 0.1756 0.5249
vn -0.8061 0.2046 0.5553
vn -0.7448 0.1012 0.6596
vn -0.6806 -0.0545 0.7306
vn -0.6028 -0.1972 0.7732
vn -0.5480 -0.1934 0.8138
vn -0.4510 0.0892 0.8881
vn -0.3854 0.0888 0.9185
vn -0.6442 0.1986 0.7386
vn -0.4347 -0.0470 0.8993
vn -0.4038 -0.1038 0.9089
vn -0.4368 -0.0335 0.8989
vn -0.9912 -0.1194 0.0573
vn -0.9876 -0.1461 0.0578
vn -0.9802 -0.1825 0.0764
vn -0.9694 -0.2233 0.1024
vn -0.0595 0.1504 0.9868
vn -0.4245 0.1068 0.8991
vn -0.3375 0.1608 0.9275
vn 0.0293 0.0146 0.9995
vn 0.5490 0.3762 0.7464
vn 0.4242 0.4183 0.8032
vn -0.2028 0.3046 0.9306
vn -0.0498 0.2719 0.9610
vn 0.8862 0.3560 0.2964
vn 0.8564 0.3852 0.3438
vn 0.1472 -0.0847 0.9855
vn 0.2499 -0.1318 0.9593
vn 0.2850 -0.2586 0.9230
vn 0.3300 -0.4507 0.8294
vn -0.1065 0.4050 0.9081
vn 0.4755 0.5195 0.7100
vn 0.4040 0.5409 0.7377
vn -0.1837 0.3110 0.9325
vn 0.0057 0.3490 0.9371
vn 0.4633 0.6051 0.6475
vn 0.1063 0.2287 0.9677
vn 0.3007 0.4059 0.8630
vn -0.4899 0.1219 0.8632
vn -0.3017 0.0842 0.9497
vn -0.4668 0.2426 0.8504
vn -0.4985 0.2116 0.8407
vn 0.7283 0.5312 0.4328
vn 0.7070 0.6335 0.3143
vn 0.6719 0.6266 0.3949
vn 0.7538 0.6072 0.2509
vn 0.7282 0.6256 0.2800
vn 0.7080 0.6386 0.3015
vn -0.6692 0.1185 0.7336
vn -0.6790 0.1235 0.7237
vn -0.7281 -0.0567 0.6831
vn 0.3752 0.8457 0.3796
vn 0.8669 0.4071 0.2877
vn 0.8666 0.4074 0.2882
vn 0.8671 0.4069 0.2874
vn 0.8674 0.4066 0.2869
vn 0.2139 0.3733 0.9027
vn 0.2939 0.4085 0.8641
vn -0.0040 0.2992 0.9542
vn 0.3615 0.4267 0.8290
vn 0.2711 0.4114 0.8702
vn -0.3533 0.1264 0.9269
vn -0.7959 -0.5586 0.2336
vn -0.8834 -0.4561 0.1082
vn -0.9915 0.0610 0.1150
vn -0.9785 -0.0632 0.1961
vn -0.4371 -0.8319 0.3418
vn -0.2556 -0.9478 0.1907
vn -0.9892 -0.1093 0.0974
vn -0.9808 -0.1391 0.1365
vn -0.9766 -0.1784 0.1204
vn -0.9763 -0.1789 0.1217
vn -0.2592 -0.9647 0.0462
vn -0.4923 -0.8617 0.1230
vn -0.7691 -0.6148 0.1747
vn -0.6178 -0.7804 0.0960
vn -0.9511 -0.2752 0.1403
vn -0.9534 -0.2186 0.2080
vn -0.0342 -0.9200 -0.3904
vn -0.1503 -0.9289 -0.3383
vn -0.3088 -0.9160 -0.2561
vn -0.1566 -0.9290 -0.3353
vn -0.6464 -0.3116 -0.6965
vn -0.8084 -0.1413 -0.5714
vn -0.8729 -0.0815 -0.4811
vn -0.8361 -0.1452 -0.5290
vn -0.8403 -0.3469 -0.4167
vn -0.8505 -0.3334 -0.4068
vn -0.4925 -0.8277 -0.2690
vn -0.5510 -0.7961 -0.2501
vn -0.0586 -0.9816 -0.1816
vn -0.1062 -0.9797 -0.1698
vn 0.0798 -0.9827 -0.1672
vn 0.0482 -0.9862 -0.1582
vn -0.8834 0.0807 -0.4617
vn -0.9182 0.1453 -0.3684
vn -0.9576 0.0315 -0.2863
vn -0.8999 0.0619 -0.4317
vn -0.8908 -0.0801 -0.4472
vn -0.9001 -0.0982 -0.4244
vn 0.0275 0.1075 0.9938
vn 0.1030 0.0882 0.9908
vn 0.1451 0.0772 0.9864
vn 0.0706 0.0966 0.9928
vn 0.0236 0.7162 0.6975
vn 0.0146 0.7168 0.6972
vn 0.0313 0.7156 0.6978
vn 0.0438 0.7146 0.6981
vn 0.4445 0.1903 0.8753
vn 0.1897 0.0494 0.9806
vn 0.0957 0.0803 0.9922
vn 0.2782 0.2185 0.9353
vn -0.2283 -0.0936 0.9691
vn -0.1699 -0.0468 0.9843
vn -0.6216 0.2927 0.7266
vn -0.4104 0.3933 0.8227
vn -0.3437 0.3986 0.8503
vn -0.5855 0.2634 0.7667
vn -0.7503 0.2487 0.6125
vn -0.7943 0.1445 0.5901
vn -0.2937 -0.5490 0.7825
vn -0.2515 -0.3463 0.9038
vn -0.3110 -0.5013 0.8075
vn -0.1259 -0.0306 0.9916
vn -0.7101 -0.1133 0.6949
vn -0.9788 -0.0560 0.1970
vn 0.7877 0.5084 -0.3481
vn 0.7111 0.5153 -0.4784
vn 0.7405 0.5141 -0.4328
vn 0.8089 0.5036 -0.3035
vn 0.8157 0.3208 -0.4813
vn 0.8475 0.3035 -0.4355
vn 0.8355 0.3103 -0.4535
vn 0.7981 0.3293 -0.5045
vn 0.8034 0.5061 0.3139
vn 0.9021 0.4270 0.0627
vn 0.9313 0.3564 0.0745
vn 0.8567 0.3668 0.3628
vn 0.4181 0.5412 0.7296
vn 0.6228 0.6479 0.4385
vn 0.6676 0.6959 0.2646
vn 0.5819 0.7069 0.4022
vn 0.8137 0.5812 -0.0119
vn 0.7952 0.6034 0.0592
vn 0.8618 0.4898 -0.1316
vn 0.8519 0.5185 -0.0734
vn 0.8674 0.4674 -0.1707
vn 0.8537 0.4161 -0.3132
vn 0.1287 -0.0483 -0.9905
vn 0.1471 -0.2727 -0.9508
vn -0.0282 -0.1653 -0.9858
vn -0.4611 0.1622 -0.8724
vn 0.4846 0.1385 -0.8637
vn 0.4182 -0.0397 -0.9075
vn 0.6609 0.2076 -0.7212
vn 0.6357 0.1466 -0.7578
vn -0.1076 0.1517 -0.9825
vn 0.2244 0.1885 -0.9561
vn 0.6262 0.2345 -0.7435
vn 0.2508 0.2933 -0.9225
vn 0.2247 0.1876 -0.9562
vn -0.1422 0.0298 -0.9894
vn -0.2242 0.1630 -0.9608
vn 0.5507 0.3506 -0.7575
vn 0.6087 0.2638 -0.7483
vn 0.2466 0.0561 -0.9675
vn -0.1041 -0.0943 -0.9901
vn 0.6624 0.1826 -0.7265
vn -0.3282 0.1111 -0.9380
vn -0.2954 0.1329 -0.9461
vn -0.3961 0.0643 -0.9160
vn -0.4304 0.0396 -0.9017
vn -0.0410 -0.0423 -0.9983
vn -0.1595 0.0365 -0.9865
vn 0.2511 0.0929 -0.9635
vn 0.1846 -0.1075 -0.9769
vn 0.4716 0.3425 -0.8126
vn 0.4308 0.4770 -0.7661
vn 0.4649 -0.3707 -0.8040
vn 0.5958 -0.5182 -0.6135
vn 0.1515 -0.9884 0.0072
vn 0.3935 -0.9061 -0.1555
vn 0.0114 -0.9941 0.1077
vn 0.0068 -0.9945 0.1048
vn -0.0069 -0.9953 0.0961
vn 0.7291 -0.5723 0.3754
vn 0.8403 -0.5091 0.1863
vn 0.7554 -0.5876 0.2900
vn 0.6206 -0.6820 0.3871
vn 0.5952 -0.3846 0.7056
vn 0.7652 -0.3548 0.5372
vn 0.1939 -0.1640 0.9672
vn 0.3681 -0.2233 0.9026
vn -0.0999 0.0073 0.9950
vn -0.0093 -0.0944 0.9955
vn -0.2765 0.1115 0.9545
vn -0.3708 -0.0197 0.9285
vn -0.9210 0.2686 -0.2820
vn -0.9053 0.0586 -0.4208
vn -0.8471 0.1608 0.5065
vn -0.8817 0.3861 0.2710
vn -0.9290 0.3586 0.0913
vn -0.9294 0.3578 0.0907
vn 0.4048 -0.0900 0.9100
vn -0.1348 -0.0772 0.9879
vn -0.1213 0.0276 0.9922
vn 0.4197 0.0018 0.9077
vn 0.4219 -0.1977 0.8848
vn -0.0253 -0.1438 0.9893
vn -0.3275 -0.1201 0.9372
vn -0.4328 -0.0628 0.8993
vn -0.4779 0.0103 0.8783
vn -0.5153 -0.0543 0.8553
vn -0.5202 0.0670 0.8514
vn -0.7190 -0.1345 0.6819
vn -0.7346 -0.0715 0.6747
vn -0.8235 -0.0891 0.5603
vn 0.9157 -0.1424 0.3758
vn 0.9616 -0.0805 0.2624
vn 0.8720 -0.2919 0.3929
vn 0.9289 -0.3645 0.0652
vn 0.8585 -0.3545 -0.3704
vn 0.8615 -0.2525 -0.4406
vn 0.9478 -0.1009 -0.3023
vn 0.5335 -0.3493 -0.7703
vn 0.6354 -0.3399 -0.6934
vn 0.2141 -0.2715 -0.9383
vn 0.2194 -0.3093 -0.9253
vn 0.1742 -0.2570 -0.9506
vn -0.0819 -0.2405 -0.9672
vn -0.0380 -0.2802 -0.9592
vn -0.0074 -0.2239 -0.9746
vn 0.0023 -0.1424 -0.9898
vn -0.0685 -0.1641 -0.9841
vn -0.3068 -0.1965 -0.9313
vn -0.3386 -0.1226 -0.9329
vn -0.0972 -0.2350 -0.9671
vn -0.5318 -0.2406 -0.8119
vn -0.2346 -0.2483 -0.9398
vn -0.2673 -0.2049 -0.9416
vn -0.9663 -0.1793 -0.1845
vn -0.8867 -0.2644 -0.3792
vn -0.9528 -0.2397 -0.1862
vn -0.5078 0.2658 0.8194
vn 0.9121 -0.1911 0.3628
vn 0.8332 -0.1899 0.5193
vn 0.7745 -0.0610 0.6296
vn 0.9386 -0.0396 0.3427
vn 0.9377 -0.0911 0.3352
vn 0.8400 -0.1013 0.5330
vn 0.9424 -0.0649 0.3281
vn 0.8588 -0.0901 0.5044
vn 0.9647 -0.1271 0.2306
vn 0.8442 -0.2217 0.4880
vn -0.4210 0.0388 0.9062
vn -0.0348 0.0118 0.9993
vn -0.3304 -0.0786 0.9405
vn -0.5745 -0.1498 0.8047
vn -0.2488 -0.1590 0.9554
vn -0.4831 -0.2074 0.8506
vn -0.1596 -0.1060 0.9815
vn -0.3750 -0.1591 0.9133
vn -0.1026 -0.1906 0.9763
vn -0.4171 -0.2087 0.8845
vn -0.1511 -0.2906 0.9448
vn -0.5312 -0.2051 0.8220
vn -0.9429 -0.3036 0.1370
vn -0.8964 -0.2777 0.3453
vn -0.9023 -0.2538 0.3484
vn -0.8514 -0.1592 0.4998
vn -0.9041 -0.1939 0.3808
vn -0.8270 -0.2645 -0.4961
vn -0.8610 -0.2461 -0.4452
vn -0.8550 -0.2331 -0.4633
vn -0.9553 -0.1406 -0.2601
vn -0.7903 -0.3110 -0.5279
vn -0.5923 -0.2571 -0.7636
vn -0.7026 -0.2039 -0.6818
vn -0.6837 -0.1670 -0.7104
vn -0.5205 -0.2917 -0.8025
vn -0.4693 -0.3688 -0.8024
vn 0.5370 -0.0146 0.8434
vn 0.9135 0.1227 0.3879
vn 0.0810 -0.1448 0.9861
vn 0.2684 -0.1434 0.9526
vn 0.5061 -0.2095 0.8367
vn 0.5193 -0.1091 0.8476
vn 0.3883 -0.1224 0.9134
vn 0.4386 -0.1802 0.8804
vn 0.4442 -0.0731 0.8929
vn -0.0829 -0.1057 0.9909
vn 0.0516 -0.2143 0.9754
vn 0.0979 -0.3155 0.9439
vn -0.0925 -0.1236 0.9880
vn -0.0542 -0.1593 0.9857
vn 0.1052 0.3689 0.9235
vn 0.1307 -0.8970 0.4224
vn 0.4517 -0.8851 0.1120
vn 0.5398 -0.8399 -0.0562
vn 0.4416 -0.8971 0.0157
vn 0.3771 -0.9120 0.1611
vn -0.6545 -0.0272 -0.7555
vn -0.7703 -0.1439 -0.6213
vn -0.5121 -0.1940 -0.8367
vn -0.2887 -0.0761 -0.9544
vn -0.1494 -0.1918 -0.9700
vn -0.1052 -0.9193 -0.3793
vn -0.0304 -0.8658 -0.4996
vn -0.0802 -0.3441 -0.9355
vn -0.4361 -0.0903 -0.8954
vn -0.1340 -0.0253 -0.9907
vn -0.4570 -0.1675 -0.8735
vn -0.0937 -0.1194 -0.9884
vn -0.8958 -0.1534 -0.4172
vn -0.9634 -0.1411 -0.2281
vn 0.8503 0.2444 -0.4660
vn 0.8396 0.1330 -0.5267
vn 0.8816 0.2049 -0.4251
vn 0.8540 0.2511 -0.4556
vn 0.8015 -0.0799 -0.5927
vn 0.3116 -0.0896 -0.9460
vn -0.0065 -0.1139 -0.9935
vn 0.5709 -0.1284 -0.8109
vn 0.9924 -0.0630 -0.1061
vn 0.4977 -0.7908 -0.3562
vn 0.5907 -0.0978 -0.8009
vn 0.4941 -0.1164 -0.8616
vn 0.9622 -0.2605 -0.0800
vn 0.9418 0.0136 -0.3358
vn 0.8017 -0.1358 -0.5821
vn 0.7842 -0.0887 -0.6141
vn 0.9578 -0.2873 0.0036
vn 0.9625 -0.2690 0.0349
vn 0.9390 -0.3054 0.1583
vn 0.9550 -0.2693 0.1246
vn 0.7546 -0.2916 0.5879
vn 0.8159 -0.3094 0.4885
vn 0.3301 -0.2308 0.9153
vn 0.4891 -0.3235 0.8100
vn -0.0078 -0.1800 0.9836
vn 0.0753 -0.2654 0.9612
vn -0.2568 -0.1833 0.9489
vn -0.2551 -0.2504 0.9339
vn -0.5117 -0.2251 0.8291
vn -0.5942 -0.2255 0.7721
vn -0.7817 -0.2790 0.5577
vn -0.8556 -0.2379 0.4598
vn -0.7290 -0.4328 0.5303
vn -0.6778 -0.5057 0.5337
vn 0.9566 -0.2886 0.0396
vn 0.9333 -0.3076 0.1855
vn 0.7593 -0.2921 0.5815
vn 0.3788 -0.1763 0.9086
vn 0.0210 -0.1272 0.9917
vn -0.1330 -0.1527 0.9793
vn -0.3199 -0.2189 0.9218
vn -0.6265 -0.2322 0.7441
vn -0.6331 -0.3618 0.6843
vn 0.2427 -0.9376 0.2491
vn 0.8407 -0.5413 0.0145
vn -0.2195 -0.3242 0.9202
vn 0.1186 -0.3239 0.9386
vn 0.4587 -0.3201 0.8289
vn 0.7885 -0.3074 0.5327
vn 0.9112 -0.3717 0.1774
vn 0.9100 -0.1564 0.3839
vn 0.0290 0.0223 0.9993
vn 0.0014 -0.1230 0.9924
vn 0.3465 -0.0299 0.9376
vn 0.7091 -0.0189 0.7048
vn -0.5865 -0.7953 0.1536
vn -0.8437 -0.2940 0.4492
vn -0.6181 -0.1300 0.7753
vn -0.5939 -0.2372 0.7687
vn -0.5271 -0.3080 0.7920
vn -0.2463 -0.1572 0.9564
vn -0.3666 0.9223 0.1224
vn -0.3090 0.8379 0.4499
vn -0.3315 0.8254 0.4570
vn -0.3750 0.8788 0.2951
vn -0.2680 0.7497 0.6051
vn -0.3573 0.7365 0.5744
vn -0.1534 0.4652 0.8718
vn -0.2692 0.4544 0.8492
vn -0.0927 0.2707 0.9582
vn -0.2075 0.2562 0.9441
vn -0.0818 0.2630 0.9613
vn -0.1715 0.2376 0.9561
vn -0.0192 0.1942 0.9808
vn -0.1412 0.1375 0.9804
vn 0.0503 0.0477 0.9976
vn -0.0306 -0.0166 0.9994
vn 0.2402 -0.0049 0.9707
vn 0.1494 -0.1377 0.9792
vn 0.3966 -0.1759 0.9010
vn 0.2938 -0.2363 0.9262
vn 0.4610 -0.3474 0.8166
vn 0.4197 -0.3536 0.8360
vn 0.4859 -0.3517 0.8001
vn 0.4940 -0.4344 0.7532
vn 0.5173 -0.3220 0.7929
vn 0.4867 -0.4255 0.7629
vn 0.7581 -0.5135 0.4020
vn 0.7118 -0.5685 0.4125
vn 0.8191 -0.5702 -0.0624
vn 0.7783 -0.6264 -0.0426
vn -0.4842 0.8586 0.1681
vn -0.4716 0.8176 0.3302
vn -0.5197 0.7811 0.3462
vn -0.5257 0.8229 0.2155
vn 0.6693 -0.5707 0.4758
vn 0.7565 -0.6531 -0.0331
vn 0.7591 -0.6503 -0.0288
vn 0.6887 -0.6871 0.2316
vn 0.4278 -0.4400 0.7896
vn 0.3919 -0.4900 0.7787
vn 0.4122 -0.6343 0.6540
vn 0.2568 -0.4091 0.8756
vn 0.2079 -0.4300 0.8786
vn 0.0820 -0.2545 0.9636
vn 0.0363 -0.2270 0.9732
vn -0.0890 -0.0420 0.9951
vn -0.0743 -0.0299 0.9968
vn -0.1753 0.1463 0.9736
vn -0.1797 0.1306 0.9750
vn -0.2165 0.1621 0.9627
vn -0.2372 0.1034 0.9660
vn -0.2815 0.1984 0.9388
vn -0.2821 0.2252 0.9326
vn -0.3726 0.4780 0.7954
vn -0.4392 0.5489 0.7112
vn -0.4401 0.7035 0.5581
vn -0.5067 0.6989 0.5048
vn 0.8362 -0.5459 -0.0530
vn 0.7798 -0.4870 0.3934
vn 0.7442 -0.4725 0.4722
vn 0.8105 -0.5852 0.0261
vn -0.1447 0.8092 0.5695
vn -0.2200 0.9103 0.3507
vn -0.1480 0.9675 0.2052
vn -0.0881 0.8823 0.4623
vn -0.0300 0.5317 0.8464
vn 0.0453 0.6509 0.7578
vn 0.0561 0.3589 0.9317
vn 0.1894 0.4692 0.8625
vn 0.0929 0.3341 0.9379
vn 0.2853 0.3810 0.8795
vn 0.1607 0.2146 0.9634
vn 0.3940 0.2996 0.8689
vn 0.2172 0.1521 0.9642
vn 0.5508 0.3077 0.7758
vn 0.3475 0.0947 0.9329
vn 0.4960 0.1886 0.8476
vn 0.4378 0.0765 0.8958
vn 0.4523 -0.1774 0.8740
vn 0.5270 -0.1573 0.8352
vn 0.4731 -0.3271 0.8181
vn 0.5375 -0.2838 0.7941
vn 0.4860 -0.2730 0.8302
vn 0.5091 -0.2372 0.8274
vn 0.5362 -0.2923 0.7918
vn 0.5346 -0.2576 0.8049
vn 0.6567 -0.2453 0.7131
vn 0.6710 0.2890 0.6828
vn 0.7698 0.2076 0.6036
vn 0.7637 0.0920 0.6390
vn 0.7570 -0.1109 0.6439
vn 0.8317 -0.2260 0.5071
vn 0.8600 -0.1575 0.4853
vn 0.4318 0.4702 0.7697
vn 0.5917 0.4920 0.6386
vn 0.5976 0.4615 0.6557
vn 0.6604 -0.5058 0.5550
vn 0.6755 -0.5643 0.4747
vn 0.6594 -0.5489 0.5137
vn 0.8104 -0.4223 0.4062
vn 0.7613 -0.2712 0.5890
vn 0.9122 -0.1684 0.3735
vn 0.8131 -0.1437 0.5641
vn 0.9127 -0.1309 0.3870
vn 0.8021 -0.1418 0.5802
vn 0.9039 -0.1428 0.4033
vn 0.7671 0.1209 0.6301
vn 0.9099 0.0936 0.4042
vn 0.6809 0.3515 0.6425
vn 0.8671 0.2884 0.4062
vn 0.6865 0.4339 0.5835
vn 0.7630 0.3790 0.5235
vn 0.8261 -0.2485 0.5058
vn 0.5126 0.4073 0.7558
vn -0.1086 0.9778 0.1793
vn -0.1342 0.9320 0.3368
vn 0.0536 0.7454 0.6644
vn 0.2625 0.5770 0.7734
vn 0.6457 -0.4262 0.6336
vn 0.7147 -0.3683 0.5947
vn 0.7244 -0.6004 0.3388
vn -0.0830 0.9334 0.3490
vn 0.0549 0.8139 0.5785
vn 0.1956 0.6808 0.7059
vn 0.3417 0.5614 0.7537
vn 0.4144 0.4928 0.7651
vn 0.3764 0.4855 0.7890
vn 0.3938 0.4108 0.8223
vn 0.4471 0.2377 0.8623
vn 0.5405 -0.0845 0.8371
vn 0.5587 -0.1507 0.8156
vn 0.4952 -0.2810 0.8221
vn 0.5200 -0.4241 0.7415
vn 0.2792 -0.1865 0.9419
vn 0.2052 -0.2012 0.9578
vn 0.0172 0.9850 0.1716
vn 0.0305 0.9494 0.3125
vn -0.0426 0.9791 0.1988
vn 0.1724 -0.1374 0.9754
vn 0.1455 0.0012 0.9894
vn 0.0953 0.2677 0.9588
vn 0.1036 0.4065 0.9078
vn 0.1564 0.4416 0.8834
vn 0.1619 0.5252 0.8354
vn 0.0986 0.7138 0.6934
vn 0.0239 0.8055 0.5922
vn 0.0121 0.8628 0.5054
vn -0.0430 0.9140 0.4034
vn -0.0102 0.9607 0.2774
vn 0.0040 0.9053 0.4248
vn -0.0492 0.8567 0.5135
vn 0.0212 0.8270 0.5618
vn -0.0660 0.7441 0.6648
vn 0.0453 0.7733 0.6324
vn -0.0596 0.6257 0.7778
vn 0.0868 0.7128 0.6960
vn -0.0296 0.5470 0.8366
vn 0.0939 0.6718 0.7348
vn -0.0013 0.4699 0.8827
vn 0.1220 0.5451 0.8295
vn 0.0546 0.3317 0.9418
vn 0.1812 0.3680 0.9120
vn 0.1013 0.2087 0.9727
vn 0.2369 0.2388 0.9417
vn 0.1064 0.1457 0.9836
vn 0.2656 0.1392 0.9540
vn 0.1253 0.0033 0.9921
vn 0.2894 0.0433 0.9562
vn 0.1208 -0.2528 0.9599
vn 0.3705 -0.1047 0.9229
vn 0.1397 -0.4061 0.9031
vn 0.4346 -0.2072 0.8765
vn 0.2473 -0.3078 0.9187
vn 0.4265 -0.3734 0.8238
vn 0.2412 -0.3862 0.8903
vn 0.3883 -0.5403 0.7465
vn 0.2075 -0.5084 0.8358
vn 0.3362 -0.7453 0.5758
vn 0.1905 -0.6865 0.7017
vn 0.3057 -0.7440 0.5941
vn 0.1509 -0.7453 0.6494
vn 0.3025 -0.7739 0.5563
vn 0.1310 -0.8514 0.5079
vn 0.2596 -0.9411 0.2167
vn 0.0922 -0.9685 0.2313
vn 0.2308 -0.9697 0.0806
vn 0.1172 -0.9884 0.0961
vn 0.0265 0.9560 0.2922
vn 0.0271 0.9668 0.2540
vn 0.0268 0.9154 0.4017
vn 0.0265 0.9247 0.3798
vn 0.0655 0.9009 0.4291
vn 0.0423 0.8840 0.4656
vn 0.1186 0.9192 0.3755
vn 0.0806 0.8877 0.4534
vn 0.1645 0.7556 0.6340
vn 0.1310 0.7813 0.6102
vn 0.1297 0.5136 0.8482
vn 0.1169 0.6542 0.7473
vn 0.1334 0.5019 0.8546
vn 0.0864 0.6174 0.7819
vn 0.1157 0.6564 0.7455
vn 0.1417 0.5069 0.8503
vn 0.0627 0.4963 0.8659
vn 0.2032 0.3715 0.9059
vn 0.0506 0.3622 0.9307
vn 0.2520 0.2120 0.9442
vn 0.0961 0.1807 0.9788
vn 0.2781 0.0925 0.9561
vn 0.0997 -0.0620 0.9931
vn 0.2977 -0.0430 0.9537
vn 0.1097 -0.3088 0.9448
vn 0.3409 -0.2810 0.8971
vn 0.0972 -0.5653 0.8192
vn 0.3259 -0.5040 0.7998
vn 0.0591 -0.7621 0.6447
vn 0.2771 -0.7120 0.6452
vn 0.0291 -0.8748 0.4836
vn 0.2344 -0.8213 0.5201
vn -0.0086 -0.8913 0.4533
vn 0.2508 -0.7368 0.6279
vn 0.0708 0.9594 0.2731
vn 0.1053 0.9646 0.2420
vn 0.0951 0.9532 0.2868
vn 0.0874 0.9528 0.2908
vn 0.0897 0.9524 0.2913
vn 0.1076 0.9490 0.2965
vn 0.1599 0.9627 0.2183
vn 0.1576 0.9261 0.3427
vn 0.2628 0.8906 0.3711
vn 0.2487 0.6577 0.7110
vn 0.4137 0.5795 0.7021
vn 0.2891 0.2955 0.9106
vn 0.4115 0.3491 0.8419
vn 0.3628 0.4599 0.8104
vn 0.2448 0.3770 0.8933
vn 0.2493 0.6716 0.6977
vn -0.0676 0.3040 0.9503
vn 0.1106 0.5611 0.8203
vn -0.2304 0.3153 0.9206
vn -0.0967 0.3798 0.9200
vn -0.2813 0.2894 0.9149
vn -0.1336 0.2846 0.9493
vn -0.3145 0.1435 0.9384
vn -0.1797 0.0635 0.9817
vn -0.4350 -0.2052 0.8767
vn -0.2111 -0.2935 0.9324
vn -0.5026 -0.4324 0.7486
vn -0.2344 -0.5449 0.8051
vn -0.5360 -0.6151 0.5783
vn -0.2329 -0.7543 0.6139
vn -0.5286 -0.7599 0.3784
vn -0.2468 -0.8818 0.4018
vn -0.1602 -0.1277 0.9788
vn 0.1002 -0.2116 0.9722
vn -0.0346 0.9833 0.1786
vn -0.0768 0.9022 0.4243
vn -0.0597 0.8144 0.5772
vn -0.0520 0.8109 0.5828
vn -0.0619 0.7634 0.6429
vn -0.0601 0.6185 0.7835
vn -0.0351 0.4753 0.8792
vn -0.0169 0.3784 0.9255
vn -0.0265 0.2600 0.9653
vn -0.0562 0.1758 0.9828
vn -0.0410 0.1239 0.9914
vn -0.0171 0.0701 0.9974
vn -0.0431 -0.0974 0.9943
vn -0.0166 -0.9988 -0.0450
vn -0.0519 -0.9981 -0.0322
vn -0.2117 -0.6898 0.6924
vn -0.3285 -0.7529 0.5703
vn -0.1683 -0.9706 0.1719
vn -0.0032 -0.9995 0.0316
vn -0.2125 -0.6157 0.7588
vn -0.2155 -0.4143 0.8843
vn -0.1174 -0.3976 0.9100
vn -0.1878 -0.4820 0.8558
vn 0.3257 -0.7777 0.5377
vn 0.3228 -0.9042 0.2796
vn -0.2368 -0.8986 0.3693
vn 0.6212 -0.1126 0.7755
vn 0.6107 -0.3690 0.7006
vn 0.0785 0.9603 0.2677
vn 0.0635 0.9500 0.3056
vn 0.0797 0.9621 0.2608
vn 0.1521 0.9747 0.1636
vn 0.1544 0.9434 0.2936
vn 0.1549 0.7356 0.6594
vn 0.0259 0.4359 0.8996
vn -0.0539 0.1794 0.9823
vn -0.1932 0.1564 0.9686
vn -0.2171 0.2392 0.9464
vn -0.2105 0.2857 0.9349
vn -0.2371 0.1767 0.9553
vn -0.3120 -0.0843 0.9463
vn -0.3580 -0.4083 0.8397
vn -0.4482 -0.4979 0.7424
vn -0.4790 -0.6356 0.6054
vn 0.0431 0.9542 0.2961
vn 0.0548 0.9507 0.3053
vn 0.0781 0.9756 0.2051
vn 0.0630 0.9793 0.1924
vn -0.0368 0.8838 0.4665
vn -0.0876 0.5473 0.8324
vn -0.0508 0.1782 0.9827
vn -0.0158 0.0928 0.9956
vn -0.0011 0.2344 0.9721
vn 0.0383 0.3279 0.9439
vn 0.0352 0.3321 0.9426
vn 0.0683 0.1743 0.9823
vn 0.0093 -0.1470 0.9891
vn 0.1118 -0.4860 0.8668
vn 0.1117 -0.5586 0.8219
vn 0.1175 -0.7073 0.6971
vn 0.0789 -0.8760 0.4759
vn -0.4208 -0.7577 0.4988
vn -0.4129 -0.8330 0.3682
vn -0.5359 -0.7686 0.3493
vn -0.4919 -0.8120 0.3142
vn 0.0982 0.9758 0.1952
vn 0.0997 0.9622 0.2535
vn 0.0955 0.9656 0.2419
vn 0.0755 0.9605 0.2679
vn 0.0275 0.8489 0.5278
vn -0.0048 0.5080 0.8614
vn 0.0653 0.2094 0.9757
vn 0.1754 0.1358 0.9751
vn 0.1749 0.2344 0.9563
vn 0.1873 0.3735 0.9085
vn 0.1170 0.3669 0.9229
vn 0.1255 0.1407 0.9821
vn 0.0810 -0.2462 0.9658
vn 0.2593 -0.4330 0.8633
vn 0.4560 -0.5072 0.7313
vn 0.5257 -0.5957 0.6073
vn 0.5742 -0.5768 0.5811
vn 0.1388 0.9532 0.2687
vn 0.1210 0.9492 0.2905
vn 0.0626 0.9708 0.2317
vn 0.0724 0.9519 0.2978
vn 0.0543 0.8986 0.4355
vn -0.0159 0.7295 0.6838
vn -0.0846 0.4312 0.8983
vn -0.0198 0.1684 0.9855
vn -0.0038 0.0801 0.9968
vn -0.0475 0.1031 0.9935
vn -0.1332 0.1763 0.9753
vn -0.1800 0.1569 0.9711
vn -0.1614 0.0400 0.9861
vn -0.0635 -0.1966 0.9784
vn 0.2515 -0.3480 0.9031
vn 0.4170 -0.4208 0.8056
vn 0.1226 0.8361 0.5347
vn 0.1172 0.8352 0.5373
vn 0.0439 0.9507 0.3070
vn -0.0171 0.9710 0.2385
vn -0.0725 0.9088 0.4108
vn -0.1761 0.7135 0.6781
vn -0.2254 0.5042 0.8336
vn -0.3435 0.2223 0.9124
vn -0.3327 0.0806 0.9396
vn -0.2906 0.0610 0.9549
vn -0.2725 0.0970 0.9573
vn -0.2877 0.1138 0.9509
vn -0.2479 0.0502 0.9675
vn -0.1253 -0.1142 0.9855
vn 0.0293 -0.2331 0.9720
vn 0.0156 -0.2330 0.9724
vn 0.1152 -0.2780 0.9536
vn 0.4669 -0.4455 0.7639
vn -0.5470 0.8371 0.0032
vn -0.4950 0.8686 0.0223
vn -0.5517 0.8200 0.1525
vn -0.4561 0.8645 0.2111
vn -0.6391 0.5358 0.5518
vn -0.5135 0.7033 0.4916
vn -0.6414 0.3458 0.6849
vn -0.5193 0.4933 0.6979
vn -0.6496 0.1800 0.7387
vn -0.5128 0.3610 0.7789
vn -0.6251 0.1212 0.7711
vn -0.5838 0.1022 0.8054
vn -0.5798 0.1596 0.7990
vn -0.5177 0.1198 0.8471
vn -0.5388 0.1087 0.8354
vn -0.4637 0.1315 0.8762
vn -0.5564 0.0552 0.8291
vn -0.4123 0.1181 0.9033
vn -0.5488 0.0202 0.8357
vn -0.3771 0.0956 0.9212
vn -0.5945 -0.0240 0.8038
vn -0.3746 0.0379 0.9264
vn -0.6281 -0.0844 0.7736
vn -0.3681 -0.0793 0.9264
vn -0.6451 -0.1147 0.7555
vn -0.3684 -0.1787 0.9123
vn -0.6133 -0.0477 0.7884
vn -0.4205 -0.0941 0.9024
vn -0.5894 0.1109 0.8002
vn -0.5726 0.0856 0.8153
vn -0.7972 0.5992 -0.0733
vn -0.8437 0.5042 0.1841
vn -0.8638 0.2171 0.4547
vn -0.8775 0.1182 0.4648
vn -0.8638 0.0502 0.5014
vn -0.8772 0.0007 0.4801
vn -0.8810 -0.0022 0.4732
vn -0.8277 -0.0276 0.5605
vn -0.7948 -0.0649 0.6034
vn -0.7905 -0.1024 0.6038
vn -0.8163 -0.1449 0.5591
vn -0.7835 -0.1210 0.6095
vn -0.6705 -0.0794 0.7377
vn -0.6007 -0.0574 0.7974
vn -0.5027 0.0772 0.8610
vn -0.9955 0.0153 -0.0938
vn -0.9948 -0.1005 -0.0140
vn -0.9962 -0.0602 0.0626
vn -0.9851 -0.0904 0.1466
vn -0.9861 -0.0842 0.1432
vn -0.9841 -0.1009 0.1463
vn -0.9765 -0.1122 0.1839
vn -0.9713 -0.1276 0.2007
vn -0.9527 -0.1330 0.2733
vn -0.9198 -0.1455 0.3645
vn -0.9048 -0.2074 0.3719
vn -0.9298 -0.2084 0.3033
vn 0.7047 -0.5209 0.4817
vn 0.6042 -0.5539 0.5728
vn 0.6557 -0.5451 0.5224
vn -0.1646 -0.1275 0.9781
vn -0.5727 0.2630 0.7764
vn -0.6210 0.2774 0.7331
vn -0.4746 0.2698 0.8378
vn -0.4396 0.2472 0.8635
vn 0.6767 -0.6756 -0.2926
vn 0.7358 -0.6375 -0.2284
vn 0.8337 -0.5515 0.0273
vn 0.7821 -0.6158 -0.0950
vn 0.8540 -0.3907 0.3437
vn 0.4980 -0.0714 -0.8642
vn 0.5247 -0.0510 -0.8498
vn 0.4708 -0.0917 -0.8775
vn 0.4469 -0.1089 -0.8879
vn 0.0111 0.0898 0.9959
vn -0.3116 0.2518 0.9162
vn -0.3946 0.2617 0.8808
vn -0.0018 -0.0278 0.9996
vn 0.5417 0.3912 0.7440
vn 0.3983 0.4248 0.8130
vn -0.1847 0.3057 0.9340
vn -0.0492 0.2730 0.9607
vn 0.8665 0.3836 0.3194
vn 0.8329 0.4129 0.3685
vn 0.1339 -0.0846 0.9874
vn 0.2253 -0.1226 0.9665
vn 0.2632 -0.2721 0.9256
vn 0.3023 -0.4551 0.8375
vn -0.0989 0.4038 0.9095
vn 0.4455 0.5322 0.7199
vn 0.3749 0.5525 0.7444
vn -0.1714 0.3095 0.9353
vn 0.0039 0.3463 0.9381
vn 0.4353 0.6183 0.6544
vn 0.1056 0.2342 0.9664
vn 0.2766 0.4127 0.8678
vn -0.4606 0.1238 0.8789
vn -0.2780 0.0839 0.9569
vn -0.4354 0.2458 0.8660
vn -0.4700 0.2122 0.8567
vn 0.6927 0.5611 0.4533
vn 0.6719 0.6635 0.3291
vn 0.6439 0.6449 0.4117
vn 0.7212 0.6402 0.2646
vn 0.6936 0.6574 0.2946
vn 0.6729 0.6689 0.3158
vn -0.6329 0.1222 0.7646
vn -0.6428 0.1288 0.7551
vn -0.6946 -0.0578 0.7171
vn 0.3448 0.8564 0.3844
vn 0.8447 0.4371 0.3089
vn 0.8443 0.4374 0.3095
vn 0.8449 0.4369 0.3086
vn 0.8452 0.4367 0.3082
vn 0.1949 0.3749 0.9064
vn 0.2724 0.4134 0.8689
vn 0.0139 0.3075 0.9514
vn 0.3298 0.4309 0.8400
vn 0.2395 0.4110 0.8796
vn -0.3242 0.1278 0.9373
vn -0.7825 -0.5732 0.2431
vn -0.8765 -0.4674 0.1153
vn -0.9897 0.0672 0.1264
vn -0.9741 -0.0693 0.2152
vn -0.4035 -0.8463 0.3478
vn -0.2414 -0.9498 0.1992
vn -0.9794 -0.1398 0.1457
vn -0.9735 -0.1889 0.1289
vn -0.9717 -0.1956 0.1321
vn -0.9714 -0.1961 0.1335
vn -0.2366 -0.9705 0.0465
vn -0.4519 -0.8834 0.1240
vn -0.7412 -0.6455 0.1843
vn -0.5904 -0.8007 0.1013
vn -0.9473 -0.2693 0.1734
vn -0.9531 -0.2272 0.2000
vn -0.0311 -0.9201 -0.3905
vn -0.1320 -0.9306 -0.3414
vn -0.2826 -0.9238 -0.2583
vn -0.1492 -0.9312 -0.3325
vn -0.6094 -0.3238 -0.7237
vn -0.7823 -0.1472 -0.6052
vn -0.8514 -0.0878 -0.5172
vn -0.8094 -0.1564 -0.5661
vn -0.8172 -0.4003 -0.4147
vn -0.8194 -0.3596 -0.4464
vn -0.4740 -0.8405 -0.2623
vn -0.5312 -0.8006 -0.2773
vn -0.0509 -0.9822 -0.1811
vn -0.0984 -0.9804 -0.1706
vn 0.0724 -0.9832 -0.1673
vn 0.0447 -0.9863 -0.1585
vn -0.8634 0.0863 -0.4971
vn -0.9029 0.1582 -0.3997
vn -0.9492 0.0344 -0.3127
vn -0.8824 0.0662 -0.4658
vn -0.8715 -0.0860 -0.4827
vn -0.8823 -0.1061 -0.4585
vn 0.0250 0.1075 0.9939
vn 0.0912 0.0890 0.9919
vn 0.1319 0.0773 0.9882
vn 0.0665 0.0960 0.9932
vn 0.0219 0.7162 0.6976
vn 0.0133 0.7168 0.6972
vn 0.0281 0.7157 0.6979
vn 0.0397 0.7147 0.6983
vn 0.4085 0.1941 0.8919
vn 0.1609 0.0449 0.9860
vn 0.0986 0.0852 0.9915
vn 0.2542 0.2200 0.9418
vn -0.2071 -0.0931 0.9739
vn -0.1546 -0.0469 0.9869
vn -0.5830 0.3031 0.7538
vn -0.3781 0.3993 0.8352
vn -0.3166 0.4028 0.8588
vn -0.5617 0.2636 0.7842
vn -0.7174 0.2621 0.6454
vn -0.7641 0.1546 0.6263
vn -0.2686 -0.5532 0.7886
vn -0.2273 -0.3436 0.9112
vn -0.2850 -0.5043 0.8151
vn -0.1144 -0.0307 0.9930
vn -0.7125 -0.1168 0.6919
vn -0.9768 -0.0387 0.2106
vn -0.9780 -0.0295 0.2064
vn -0.9793 -0.0199 0.2013
vn -0.9801 -0.0185 0.1976
vn 0.7583 0.5386 -0.3672
vn 0.6761 0.5399 -0.5013
vn 0.7062 0.5410 -0.4567
vn 0.7805 0.5354 -0.3228
vn 0.7880 0.3415 -0.5124
vn 0.8230 0.3248 -0.4660
vn 0.8096 0.3315 -0.4844
vn 0.7688 0.3496 -0.5355
vn 0.7772 0.5327 0.3348
vn 0.8846 0.4614 0.0674
vn 0.9185 0.3873 0.0800
vn 0.8332 0.3931 0.3889
vn 0.3853 0.5498 0.7411
vn 0.5943 0.6738 0.4390
vn 0.6315 0.7243 0.2767
vn 0.5441 0.7286 0.4160
vn 0.7967 0.6043 0.0034
vn 0.7477 0.6587 0.0837
vn 0.8571 0.4682 -0.2147
vn 0.8059 0.5817 -0.1098
vn 0.8463 0.4999 -0.1840
vn 0.8298 0.4458 -0.3356
vn 0.1156 -0.0526 -0.9919
vn 0.1341 -0.2731 -0.9526
vn -0.0389 -0.1552 -0.9871
vn -0.4265 0.1653 -0.8893
vn 0.4525 0.1419 -0.8804
vn 0.3963 -0.0297 -0.9176
vn 0.6244 0.2158 -0.7507
vn 0.5992 0.1531 -0.7858
vn -0.0977 0.1519 -0.9836
vn 0.2086 0.1884 -0.9597
vn 0.5896 0.2427 -0.7704
vn 0.2150 0.2915 -0.9321
vn 0.2085 0.1824 -0.9609
vn -0.1133 0.0243 -0.9933
vn -0.2038 0.1647 -0.9651
vn 0.5138 0.3614 -0.7781
vn 0.5739 0.2689 -0.7735
vn 0.2348 0.0718 -0.9694
vn -0.0828 -0.0755 -0.9937
vn 0.6258 0.1901 -0.7564
vn -0.3034 0.1103 -0.9465
vn -0.2702 0.1339 -0.9535
vn -0.3618 0.0672 -0.9298
vn -0.3971 0.0403 -0.9169
vn -0.0442 -0.0372 -0.9983
vn -0.1450 0.0366 -0.9887
vn 0.2256 0.0859 -0.9704
vn 0.1682 -0.1079 -0.9798
vn 0.4377 0.3447 -0.8304
vn 0.3975 0.4850 -0.7790
vn 0.4638 -0.3883 -0.7963
vn 0.5081 -0.6351 -0.5818
vn 0.2098 -0.9772 0.0333
vn 0.2126 -0.9609 0.1772
vn 0.2268 -0.9722 0.0575
vn 0.0114 -0.9950 0.0997
vn 0.0006 -0.9944 0.1062
vn 0.0955 0.3693 0.9244
vn 0.4079 -0.9043 0.1258
vn 0.5079 -0.8592 -0.0618
vn 0.8298 0.2734 -0.4864
vn 0.8091 0.0972 -0.5796
vn 0.9783 0.0971 -0.1830
vn 0.8258 0.2757 -0.4919
vn 0.4668 0.0010 0.8844
vn -0.0082 0.0280 0.9996
vn 0.0963 -0.0700 0.9929
vn 0.4501 -0.0082 0.8929
vn -0.8162 0.1043 0.5682
vn -0.9164 -0.0724 -0.3936
vn -0.9945 -0.0950 -0.0430
vn -0.7575 0.1452 0.6365
vn -0.4647 0.2541 0.8482
vn -0.1160 0.1480 0.9822
vn 0.4541 -0.1161 0.8834
vn 0.9922 0.0537 0.1125
vn -0.6185 -0.1503 -0.7713
vn -0.3085 -0.0373 -0.9505
vn -0.1533 -0.0143 -0.9881
vn -0.0842 0.0067 -0.9964
vn 0.2608 -0.0009 -0.9654
vn 0.2758 0.0087 -0.9612
vn 0.7864 0.0153 -0.6175
vn -0.9717 0.2235 0.0770
vn -0.9741 0.2045 0.0965
vn -0.9804 0.1853 0.0671
vn -0.9801 0.1946 0.0398
vn -0.9896 0.0418 0.1375
vn -0.9736 -0.0256 0.2267
vn -0.9834 -0.0806 0.1626
vn -0.9971 -0.0109 0.0756
vn -0.9598 -0.2804 -0.0132
vn -0.9684 -0.2492 0.0008
vn -0.8779 -0.1799 -0.4437
vn -0.9298 -0.2784 -0.2410
vn -0.8665 -0.3977 -0.3016
vn -0.8730 -0.1272 -0.4708
vn -0.9338 -0.2725 -0.2319
vn -0.9442 -0.2157 -0.2490
vn -0.9769 -0.2066 -0.0550
vn -0.9917 -0.1271 -0.0185
vn -0.9746 -0.2237 0.0039
vn -0.9796 -0.2004 0.0146
vn -0.9727 -0.2090 0.1006
vn -0.9865 -0.1629 -0.0174
vn -0.8443 -0.4363 -0.3111
vn -0.7400 -0.6418 -0.2015
vn -0.9116 -0.2708 -0.3094
vn -0.9330 -0.1886 -0.3066
vn -0.9677 -0.1643 -0.1913
vn -0.9544 0.0412 -0.2955
vn -0.9806 -0.1566 -0.1179
vn -0.9858 0.0036 -0.1680
vn 0.1187 0.0406 0.9921
vn -0.2185 0.0281 0.9754
vn 0.0763 0.0581 0.9954
vn 0.1348 0.0384 0.9901
vn 0.1187 0.0425 0.9920
vn 0.3097 0.0012 0.9508
vn 0.4422 -0.0459 0.8957
vn 0.5141 -0.2110 0.8313
vn 0.5615 -0.1845 0.8067
vn 0.5597 -0.3728 0.7401
vn 0.6954 -0.3847 0.6069
vn 0.6993 -0.4482 0.5569
vn 0.5897 -0.4313 0.6829
vn 0.7055 -0.5244 0.4767
vn -0.2163 0.1190 0.9690
vn 0.0679 0.1334 0.9887
vn 0.1924 0.0652 0.9791
vn 0.2002 -0.0122 0.9797
vn 0.2563 -0.1476 0.9553
vn 0.3732 -0.2879 0.8819
vn 0.5403 -0.3259 0.7758
vn -0.0757 0.1564 0.9848
vn -0.0232 0.1795 0.9835
vn -0.0864 0.2080 0.9743
vn -0.0287 0.0513 0.9983
vn -0.0441 0.0338 0.9985
vn 0.0584 0.0062 0.9983
vn 0.2701 -0.1248 0.9547
vn 0.0145 0.1219 0.9924
vn -0.0318 0.1380 0.9899
vn -0.3581 0.1924 0.9137
vn 0.8524 -0.4292 0.2987
vn -0.1352 0.1188 0.9837
vn 0.1437 0.0006 0.9896
vn -0.6108 0.3478 0.7113
vn -0.0362 -0.0947 0.9949
vn -0.6755 0.2345 0.6991
vn -0.6802 0.2578 0.6862
vn -0.4450 0.3463 0.8258
vn -0.8977 0.4356 -0.0665
vn -0.9083 0.3970 0.1317
vn -0.8934 0.4149 0.1725
vn -0.9277 0.3190 0.1939
vn -0.9247 0.3043 0.2288
vn -0.9235 0.2520 0.2892
vn -0.9861 0.1489 -0.0738
vn -0.7886 0.3279 -0.5203
vn -0.7048 0.3214 -0.6325
vn -0.8743 0.2676 -0.4050
vn -0.7440 0.1796 -0.6436
vn -0.8582 0.0551 -0.5103
vn -0.8208 -0.0519 -0.5688
vn -0.2507 0.2213 -0.9424
vn -0.4354 0.2294 -0.8705
vn -0.4654 0.0968 -0.8798
vn -0.4926 -0.2132 -0.8437
vn -0.6083 -0.2939 -0.7373
vn -0.4123 -0.3223 -0.8521
vn 0.2225 0.2382 -0.9454
vn -0.0683 0.0949 -0.9931
vn -0.0578 -0.0128 -0.9982
vn -0.0984 -0.3306 -0.9386
vn -0.1544 -0.5919 -0.7911
vn -0.2010 -0.6057 -0.7699
vn 0.2837 0.2278 -0.9315
vn 0.2570 0.1439 -0.9556
vn -0.0120 0.1308 -0.9913
vn -0.2446 -0.1410 -0.9593
vn -0.0015 -0.5511 -0.8344
vn 0.0131 -0.7190 -0.6948
vn 0.0214 -0.7850 -0.6191
vn -0.9961 0.0882 -0.0104
vn -0.8370 0.0191 0.5468
vn -0.8868 -0.0204 0.4617
vn -1.0000 0.0047 0.0076
vn -0.8886 -0.0771 0.4521
vn -0.9937 -0.0821 0.0762
vn -0.8946 -0.0175 0.4465
vn -0.9744 -0.0171 0.2240
vn -0.8710 0.2334 0.4322
vn -0.9424 0.2512 0.2209
vn -0.6952 0.5769 0.4288
vn -0.7541 0.6195 0.2183
vn -0.3712 0.8209 0.4340
vn -0.4036 0.8878 0.2211
vn -0.1757 0.8815 0.4383
vn -0.1862 0.9594 0.2120
vn -0.4411 -0.0656 0.8951
vn -0.5308 -0.0499 0.8461
vn -0.5451 -0.0564 0.8365
vn -0.5578 -0.0172 0.8298
vn -0.5605 0.1520 0.8141
vn -0.4456 0.3761 0.8124
vn -0.2417 0.5245 0.8164
vn -0.1482 0.7009 0.6977
vn -0.0012 -0.0965 0.9953
vn 0.0118 -0.0545 0.9984
vn 0.0031 -0.0216 0.9998
vn -0.0123 -0.0173 0.9998
vn -0.0439 0.0004 0.9990
vn -0.0464 0.0114 0.9989
vn -0.0553 0.0953 0.9939
vn 0.4407 -0.0784 0.8942
vn 0.5460 -0.0217 0.8375
vn 0.5499 0.0153 0.8351
vn 0.5421 -0.0184 0.8401
vn 0.5002 -0.1870 0.8454
vn 0.3547 -0.4257 0.8324
vn 0.2427 -0.5133 0.8232
vn 0.8376 -0.0086 0.5461
vn 0.8895 0.0181 0.4565
vn 0.8916 0.0395 0.4510
vn 0.8907 -0.0193 0.4542
vn 0.8358 -0.3106 0.4527
vn 0.5796 -0.6979 0.4208
vn 0.3799 -0.8105 0.4458
vn 0.9986 0.0515 -0.0088
vn 0.9990 0.0443 0.0072
vn 0.9960 0.0442 0.0773
vn 0.9746 -0.0191 0.2233
vn 0.9160 -0.3403 0.2123
vn 0.6160 -0.7752 0.1402
vn 0.4129 -0.8892 0.1971
vn 0.8238 0.0603 -0.5636
vn 0.8915 0.0522 -0.4500
vn 0.8933 0.0311 -0.4484
vn 0.4370 0.0477 -0.8982
vn 0.5481 0.0362 -0.8357
vn 0.5559 0.0087 -0.8312
vn 0.0043 0.0454 -0.9990
vn 0.0068 0.0164 -0.9998
vn 0.0126 -0.0249 -0.9996
vn -0.4293 0.0626 -0.9010
vn -0.5406 0.0142 -0.8412
vn -0.5388 -0.0563 -0.8406
vn -0.8182 0.0904 -0.5678
vn -0.8910 0.0182 -0.4536
vn -0.8872 -0.0748 -0.4554
vn 0.8108 0.1000 0.5767
vn 0.3958 0.0490 0.9170
vn -0.1621 0.1114 0.9805
vn 0.5762 0.0624 0.8150
vn -0.3909 0.0861 0.9164
vn -0.9407 0.2873 0.1805
vn -0.6528 0.1977 0.7312
vn -0.2858 0.1161 0.9512
vn 0.0662 0.0094 0.9978
vn 0.0065 0.0025 1.0000
vn -0.3181 0.0847 0.9443
vn -0.7712 0.2176 0.5982
vn -0.9558 0.2939 -0.0097
vn 0.4505 0.0523 -0.8913
vn 0.5032 0.0724 -0.8611
vn 0.1932 0.0959 -0.9765
vn 0.0297 0.1400 -0.9897
vn -0.3807 0.2390 -0.8933
vn -0.1537 0.1847 -0.9707
vn -0.5690 0.2598 -0.7802
vn -0.7891 0.2894 -0.5419
vn 0.8383 -0.0556 -0.5424
vn 0.9973 0.0255 -0.0685
vn 0.9905 0.0706 -0.1183
vn 0.5929 0.0109 0.8052
vn 0.6980 0.0317 0.7154
vn 0.5128 -0.1353 -0.8478
vn 0.6732 0.0878 -0.7342
vn 0.7091 -0.1068 -0.6969
vn 0.8849 -0.0396 0.4640
vn 0.7793 -0.4697 -0.4149
vn 0.3982 -0.8093 -0.4318
vn 0.6067 -0.7702 0.1968
vn 0.5778 -0.3033 -0.7577
vn 0.3786 -0.2438 -0.8929
vn -0.6847 -0.1900 -0.7036
vn 0.6065 -0.6825 0.4077
vn 0.0832 -0.9576 0.2760
vn 0.6374 -0.7090 0.3019
vn 0.5947 -0.7758 0.2109
vn 0.0859 -0.9444 0.3174
vn 0.2743 -0.9142 0.2984
vn -0.1703 -0.8771 0.4491
vn 0.0947 -0.9417 0.3230
vn 0.8896 -0.3925 0.2335
vn -0.1057 0.8718 0.4783
vn -0.0181 0.9013 0.4327
vn 0.0332 0.6940 0.7192
vn 0.2225 0.8009 0.5559
vn 0.1993 0.8516 0.4849
vn 0.0947 0.9750 0.2011
vn 0.1769 0.8881 0.4243
vn -0.0725 0.9688 0.2372
vn -0.1134 0.9788 0.1704
vn 0.7381 -0.1097 0.6657
vn 0.7193 -0.1023 0.6871
vn 0.9744 -0.2238 -0.0196
vn 0.9566 -0.2907 0.0200
vn 0.1614 -0.0513 0.9856
vn 0.0713 -0.0623 0.9955
vn -0.6017 -0.0391 0.7977
vn -0.6005 -0.0397 0.7986
vn -0.9509 -0.1798 0.2518
vn -0.9614 -0.0976 0.2573
vn -0.7389 -0.3374 -0.5833
vn -0.7946 -0.1134 -0.5964
vn -0.0224 -0.4022 -0.9153
vn -0.1033 -0.2040 -0.9735
vn 0.5873 -0.3806 -0.7143
vn 0.5376 -0.1795 -0.8239
vn 0.6351 -0.2472 0.7318
vn 0.6874 -0.2176 0.6930
vn 0.9573 -0.2497 -0.1456
vn 0.9391 -0.3433 -0.0157
vn 0.1339 -0.1583 0.9783
vn 0.1288 -0.1362 0.9823
vn -0.2620 -0.1220 0.9573
vn -0.2701 -0.0898 0.9586
vn -0.7003 -0.1453 0.6989
vn -0.7692 -0.0796 0.6340
vn -0.9872 -0.1583 -0.0167
vn -0.9941 -0.0155 -0.1075
vn -0.7821 -0.1868 -0.5945
vn -0.7658 -0.0357 -0.6421
vn -0.1831 -0.2400 -0.9534
vn -0.1537 -0.0832 -0.9846
vn 0.5344 -0.2993 -0.7905
vn 0.5162 -0.1550 -0.8423
vn 0.5561 -0.5223 -0.6465
vn -0.0881 -0.4386 -0.8944
vn -0.6694 -0.5775 -0.4673
vn -0.8828 -0.4190 0.2124
vn -0.4547 -0.4778 0.7516
vn 0.0882 -0.3299 0.9399
vn 0.6499 -0.4307 0.6262
vn 0.9215 -0.3747 -0.1022
vn 0.8410 -0.5334 -0.0905
vn 0.4557 -0.5338 -0.7124
vn -0.1972 -0.4683 -0.8613
vn -0.7301 -0.4214 -0.5379
vn -0.8988 -0.4379 0.0192
vn -0.7460 -0.3076 0.5907
vn -0.2480 -0.3523 0.9024
vn 0.1047 -0.3314 0.9377
vn 0.6146 -0.4221 0.6664
vn 0.1261 -0.9794 0.1575
vn -0.0150 -0.9771 0.2120
vn 0.2539 -0.2514 0.9340
vn 0.4997 -0.2226 0.8371
vn 0.8411 0.0535 0.5382
vn 0.7062 0.2528 0.6614
vn 0.5833 -0.0025 0.8123
vn 0.0944 -0.2229 0.9703
vn 0.9571 0.0586 0.2837
vn 0.8857 0.2574 0.3863
vn 0.8703 -0.2745 0.4089
vn 0.3280 -0.5570 0.7630
vn 0.0303 -0.4103 0.9115
vn -0.0231 -0.1534 0.9879
vn -0.0231 0.0962 0.9951
vn 0.7866 0.2822 0.5491
vn 0.2940 0.1567 0.9429
vn 0.1819 0.1838 0.9660
vn 0.1110 -0.2997 0.9475
vn 0.1234 -0.1532 0.9805
vn 0.4883 0.2316 0.8414
vn 0.5052 0.6304 0.5894
vn -0.0215 0.4076 0.9129
vn 0.4647 -0.2524 0.8487
vn 0.6188 -0.2222 0.7535
vn 0.8381 0.3287 0.4353
vn 0.5895 0.0386 0.8068
vn 0.4929 0.2167 0.8427
vn 0.8939 -0.1947 0.4038
vn 0.7322 -0.0278 0.6805
vn 0.1186 -0.1961 0.9734
vn 0.3898 -0.1751 0.9041
vn 0.7079 -0.1645 0.6869
vn 0.8995 -0.0214 0.4365
vn 0.6030 -0.1767 0.7779
vn 0.6875 0.3584 0.6316
vn 0.5805 0.2865 0.7622
vn 0.6614 0.0229 0.7496
vn 0.3432 0.2803 0.8965
vn 0.4265 0.3273 0.8432
vn -0.0134 0.2858 0.9582
vn -0.0173 0.4936 0.8695
vn -0.3662 0.3018 0.8802
vn 0.3966 0.1772 0.9007
vn 0.5749 0.3016 0.7607
vn 0.6751 0.3073 0.6707
vn 0.6414 0.1778 0.7464
vn 0.6989 -0.1834 0.6912
vn 0.6250 -0.0502 0.7790
vn 0.7456 0.0608 0.6636
vn 0.5404 -0.2991 0.7865
vn 0.1681 -0.2823 0.9445
vn -0.0160 -0.1482 0.9888
vn 0.9284 -0.1562 0.3371
vn 0.9774 0.1912 0.0898
vn 0.7849 0.0881 0.6134
vn 0.6803 0.1045 0.7255
vn 0.4750 -0.1763 0.8622
vn 0.2543 -0.1980 0.9467
vn -0.0491 -0.0334 0.9982
vn -0.1509 -0.0766 0.9856
vn 0.8919 0.3841 0.2388
vn 0.8056 0.5193 0.2852
vn 0.6333 0.6907 0.3490
vn 0.3588 0.6225 0.6955
vn 0.0757 0.5099 0.8569
vn -0.4300 0.3289 0.8408
vn 0.2910 -0.2203 0.9310
vn -0.1523 0.2702 0.9507
vn -0.0556 0.4959 0.8666
vn 0.3182 0.8851 0.3395
vn 0.5207 0.8478 0.1011
vn 0.6958 0.7181 -0.0104
vn 0.8792 0.4735 0.0532
vn 0.9464 0.2903 0.1417
vn 0.8845 0.0493 0.4640
vn -0.2004 -0.1869 0.9617
vn 0.4869 0.8731 0.0240
vn 0.3530 0.9111 0.2128
vn 0.6668 0.7326 -0.1368
vn 0.7899 0.6130 -0.0189
vn 0.8593 0.4480 0.2467
vn 0.8347 0.2336 0.4987
vn 0.7763 0.2394 0.5831
vn 0.6683 0.1674 0.7248
vn 0.4159 -0.0310 0.9089
vn 0.3449 -0.0683 0.9361
vn 0.2329 -0.0600 0.9706
vn 0.1201 -0.0034 0.9928
vn 0.0364 0.0880 0.9955
vn 0.0641 -0.0565 0.9963
vn -0.0232 -0.0881 0.9958
vn -0.1197 0.0969 0.9881
vn -0.1688 0.3936 0.9036
vn 0.0534 0.7040 0.7082
vn 0.6961 0.7080 -0.1190
vn 0.6815 0.7205 -0.1279
vn 0.7485 0.6422 0.1654
vn 0.6510 0.4519 0.6099
vn 0.5768 0.3591 0.7338
vn 0.4934 0.2791 0.8238
vn 0.2079 0.1651 0.9641
vn 0.2332 0.0682 0.9700
vn 0.1848 0.1447 0.9721
vn 0.1933 0.1439 0.9705
vn 0.1381 0.1026 0.9851
vn 0.0807 0.0634 0.9947
vn -0.1428 0.2460 0.9587
vn 0.4913 0.8704 -0.0321
vn 0.4667 0.8842 0.0213
vn 0.3500 0.9037 0.2467
vn 0.0387 0.6638 0.7469
vn -0.2550 0.3815 0.8885
vn 0.4368 0.1055 0.8933
vn 0.4437 0.0287 0.8957
vn 0.3680 0.0728 0.9270
vn 0.2916 0.0177 0.9564
vn 0.6304 0.6644 0.4014
vn 0.6548 0.7521 0.0740
vn 0.6788 0.7161 0.1626
vn 0.5925 0.6509 0.4746
vn 0.6725 0.7141 0.1945
vn 0.4350 0.4742 0.7654
vn 0.3613 0.4287 0.8280
vn 0.3342 0.2906 0.8966
vn 0.3409 0.0228 0.9398
vn 0.3692 0.1497 0.9172
vn 0.4177 0.3146 0.8524
vn 0.3858 0.1582 0.9089
vn 0.3549 0.0833 0.9312
vn 0.3217 0.1068 0.9408
vn 0.2781 0.1778 0.9439
vn 0.2521 0.2126 0.9441
vn 0.2103 0.1908 0.9589
vn 0.1522 0.1288 0.9799
vn 0.3017 0.0365 0.9527
vn 0.5066 0.7742 0.3795
vn 0.6132 0.7851 0.0870
vn 0.3465 0.6184 0.7054
vn 0.2421 0.5434 0.8038
vn 0.1533 0.2701 0.9505
vn 0.1431 0.1072 0.9839
vn 0.0173 0.1660 0.9860
vn -0.0055 0.1534 0.9881
vn 0.2892 0.7922 0.5375
vn 0.2565 0.8401 0.4779
vn 0.3416 0.8920 0.2960
vn 0.4695 0.8093 0.3529
vn 0.1270 0.6382 0.7593
vn -0.0143 0.3257 0.9454
vn 0.1014 0.6282 0.7714
vn -0.0834 0.2563 0.9630
vn -0.0618 0.3102 0.9487
vn -0.0914 0.3536 0.9309
vn -0.0152 0.1703 0.9853
vn 0.5728 0.8187 0.0406
vn -0.0455 0.2107 0.9765
vn 0.3727 0.7789 0.5043
vn 0.4974 0.7256 0.4755
vn 0.6202 0.7306 0.2855
vn 0.3819 0.8894 0.2514
vn 0.8836 0.4127 0.2211
vn 0.9209 0.3197 -0.2230
vn 0.7669 0.6319 -0.1126
vn 0.6973 0.4145 0.5848
vn 0.3999 0.9112 0.0989
vn 0.4480 0.8827 0.1417
vn 0.3664 0.6431 0.6724
vn 0.5252 0.4898 0.6959
vn 0.7478 0.1661 0.6428
vn 0.9998 0.0113 -0.0170
vn 0.9336 -0.1365 -0.3312
vn 0.8872 -0.2856 -0.3624
vn 0.8712 -0.2824 -0.4017
vn 0.8732 -0.3381 -0.3509
vn 0.8798 -0.2830 -0.3820
vn 0.7416 -0.6205 -0.2552
vn 0.7313 -0.6496 -0.2081
vn 0.7340 -0.5942 -0.3290
vn 0.7277 -0.5994 -0.3336
vn 0.7204 -0.6851 -0.1079
vn 0.6745 -0.7339 -0.0807
vn 0.8489 -0.3695 0.3780
vn 0.8488 -0.4823 0.2168
vn 0.9057 -0.4229 -0.0280
vn 0.9028 -0.4292 -0.0257
vn 0.5632 -0.4549 0.6899
vn 0.5323 -0.4235 0.7330
vn 0.6188 -0.4091 0.6706
vn 0.6912 -0.3876 0.6099
vn 0.5361 -0.4429 0.7186
vn 0.7969 -0.2707 0.5401
vn 0.8355 -0.4371 0.3330
vn 0.3512 -0.9027 0.2487
vn 0.2296 -0.9028 0.3636
vn 0.4826 -0.8579 0.1763
vn 0.5783 -0.7938 0.1884
vn 0.1664 -0.8882 0.4283
vn 0.2040 -0.8815 0.4259
vn 0.5290 -0.2546 0.8095
vn 0.4730 -0.3009 0.8281
vn 0.4439 -0.0945 0.8911
vn 0.4380 -0.0628 0.8968
vn 0.2022 0.1638 0.9655
vn 0.2582 0.1025 0.9606
vn 0.2196 0.2876 0.9322
vn 0.2899 0.2438 0.9255
vn 0.1524 0.3171 0.9361
vn 0.2232 0.3582 0.9066
vn 0.3787 0.8036 0.4592
vn 0.1270 0.8141 0.5666
vn 0.4618 -0.0395 0.8861
vn 0.5041 0.7783 0.3743
vn 0.1777 0.1363 0.9746
vn 0.9332 0.0684 0.3527
vn 0.8908 0.3098 0.3323
vn -0.0117 -0.3503 0.9366
vn 0.5612 -0.1694 0.8101
vn 0.6199 -0.4457 0.6458
vn -0.1083 -0.6573 0.7458
vn 0.1651 -0.7238 0.6699
vn 0.5596 -0.7487 0.3554
vn 0.1271 -0.9003 0.4162
vn 0.0859 -0.8902 0.4473
vn 0.1463 -0.8834 0.4453
vn 0.1132 -0.8956 0.4303
vn 0.1972 -0.9017 0.3849
vn 0.3003 -0.8798 0.3685
vn 0.1783 -0.3836 0.9061
vn 0.3836 0.1233 0.9152
vn 0.3093 -0.0126 0.9509
vn 0.3794 0.2033 0.9026
vn 0.2100 0.3243 0.9224
vn 0.0200 0.0380 0.9991
vn -0.0534 0.4020 0.9141
vn -0.1876 -0.0050 0.9822
vn -0.1810 -0.2853 0.9412
vn 0.0562 -0.3570 0.9324
vn 0.0754 -0.4118 0.9081
vn 0.1111 -0.3025 0.9467
vn -0.0104 -0.4526 0.8916
vn -0.0961 -0.1344 0.9863
vn -0.0516 -0.1315 0.9900
vn -0.1202 -0.5434 0.8308
vn -0.1367 -0.6092 0.7811
vn 0.1191 -0.1081 0.9870
vn 0.0101 -0.5106 0.8597
vn -0.1537 -0.7729 0.6156
vn 0.2409 -0.1045 0.9649
vn 0.1751 -0.2160 0.9606
vn 0.1801 -0.2410 0.9536
vn 0.2152 -0.1396 0.9665
vn 0.2087 -0.2134 0.9544
vn 0.2167 -0.1955 0.9565
vn 0.0542 -0.8430 0.5352
vn 0.0358 -0.8364 0.5470
vn 0.1396 -0.8142 0.5636
vn 0.0674 -0.8634 0.5000
vn 0.1065 -0.7884 0.6059
vn 0.1476 -0.7914 0.5931
vn 0.1793 -0.7705 0.6117
vn 0.1907 -0.7828 0.5924
vn 0.2147 -0.1940 0.9572
vn 0.2400 -0.1247 0.9627
vn 0.2332 -0.0567 0.9708
vn 0.2393 -0.0460 0.9699
vn 0.1598 -0.6199 0.7683
vn 0.1926 -0.5482 0.8139
vn 0.1467 -0.7887 0.5970
vn 0.1507 -0.7791 0.6086
vn 0.6577 -0.3307 0.6768
vn 0.6827 -0.2648 0.6810
vn 0.8505 -0.4691 0.2380
vn 0.7831 -0.5805 0.2230
vn 0.7863 -0.6046 -0.1271
vn 0.8564 -0.4646 -0.2252
vn 0.8503 -0.4037 -0.3377
vn 0.6325 -0.7641 0.1266
vn 0.5553 -0.8315 0.0180
vn 0.5590 -0.7890 -0.2550
vn 0.7011 -0.6716 -0.2396
vn 0.4818 -0.7627 0.4315
vn 0.2812 -0.9412 0.1874
vn 0.1992 -0.9797 -0.0237
vn -0.0082 -0.9963 0.0852
vn 0.0055 -0.9990 -0.0437
vn -0.0112 -0.9781 0.2078
vn -0.0499 -0.9930 0.1071
vn 0.1763 -0.9838 -0.0332
vn 0.1554 -0.9784 -0.1361
vn 0.1270 -0.9851 -0.1155
vn 0.1057 -0.9935 -0.0426
vn -0.0450 -0.9586 0.2812
vn 0.0265 -0.9713 0.2362
vn 0.0527 -0.8870 0.4587
vn 0.1829 -0.9430 0.2780
vn -0.0187 -0.9948 -0.1006
vn -0.1144 -0.9928 0.0365
vn 0.1857 -0.8120 0.5533
vn 0.2546 -0.9097 0.3279
vn 0.2183 -0.7268 0.6512
vn 0.1751 -0.9832 -0.0508
vn 0.1760 -0.9722 -0.1541
vn 0.2315 -0.8455 0.4811
vn 0.1459 -0.9887 0.0340
vn 0.1300 -0.8195 0.5581
vn 0.1655 -0.9808 -0.1030
vn 0.2172 -0.6993 0.6810
vn 0.1150 -0.6774 0.7266
vn 0.2471 -0.6426 0.7253
vn 0.2311 -0.5679 0.7900
vn 0.2494 -0.3625 0.8980
vn 0.3172 -0.3641 0.8757
vn 0.2487 -0.3782 0.8917
vn 0.3340 -0.2864 0.8980
vn 0.3107 -0.1098 0.9442
vn 0.1427 -0.6714 0.7272
vn 0.1326 -0.2987 0.9451
vn 0.2931 -0.0150 0.9560
vn -0.0294 -0.6104 0.7916
vn -0.0155 -0.7118 0.7022
vn -0.0256 -0.6074 0.7940
vn 0.0145 -0.6559 0.7547
vn -0.1001 -0.6083 0.7874
vn 0.1198 -0.9864 0.1129
vn 0.1911 -0.9816 0.0005
vn 0.0405 -0.8160 0.5766
vn 0.0086 -0.6007 0.7994
vn -0.2236 -0.3805 0.8973
vn -0.0196 -0.0808 0.9965
vn -0.1508 -0.3985 0.9047
vn -0.2767 -0.4404 0.8541
vn -0.4812 -0.1528 0.8632
vn -0.4647 -0.2048 0.8615
vn -0.2616 -0.0562 0.9635
vn -0.0809 0.0664 0.9945
vn 0.0945 0.0254 0.9952
vn 0.1578 0.1338 0.9784
vn 0.2870 0.2222 0.9318
vn -0.1150 0.1727 0.9782
vn 0.2312 0.1633 0.9591
vn -0.0535 0.2025 0.9778
vn -0.0127 0.2123 0.9771
vn -0.1412 0.3346 0.9317
vn -0.2795 0.1286 0.9515
vn -0.3375 0.1539 0.9287
vn -0.4731 0.0863 0.8768
vn -0.6813 -0.0101 0.7320
vn -0.3095 0.1450 0.9398
vn -0.6080 0.1489 0.7799
vn 0.6246 0.7747 -0.0984
vn 0.6119 0.7839 -0.1052
vn 0.6295 0.7711 -0.0958
vn 0.6392 0.7637 -0.0904
vn 0.6172 0.7859 0.0383
vn 0.4785 0.8706 0.1141
vn 0.5157 0.8457 0.1373
vn 0.4341 0.8967 0.0871
vn 0.3913 0.9182 0.0616
vn 0.5333 0.8456 0.0219
vn 0.5285 0.8487 0.0185
vn 0.5370 0.8433 0.0245
vn 0.5418 0.8400 0.0280
vn 0.4765 0.8780 0.0461
vn 0.4432 0.8963 -0.0139
vn 0.2477 0.9682 0.0343
vn 0.2843 0.9586 -0.0135
vn 0.5584 0.7892 0.2559
vn 0.2837 0.9572 -0.0583
vn 0.5799 0.7485 0.3218
vn 0.4058 0.9110 0.0737
vn 0.1383 0.9828 0.1227
vn 0.0667 0.9971 0.0365
vn -0.0051 0.9905 -0.1375
vn 0.0374 0.9938 -0.1047
vn 0.4519 0.8329 0.3195
vn 0.1516 0.9768 0.1509
vn 0.5931 0.7861 0.1738
vn 0.4826 0.8429 -0.2379
vn 0.4487 0.8719 -0.1962
vn 0.2988 0.9383 -0.1740
vn 0.2590 0.9254 -0.2767
vn 0.6586 0.7229 -0.2088
vn 0.6310 0.7530 -0.1865
vn 0.5036 0.7765 -0.3788
vn 0.3475 0.8654 -0.3610
vn 0.5898 0.6890 -0.4211
vn 0.3043 0.7073 -0.6381
vn 0.2292 0.8344 -0.5012
vn 0.3832 0.6659 -0.6402
vn 0.1893 0.7668 -0.6134
vn 0.0370 0.9231 -0.3827
vn 0.3171 0.5189 -0.7939
vn 0.2145 0.7578 -0.6162
vn 0.0625 0.8923 -0.4470
vn 0.2947 0.5605 -0.7740
vn 0.6229 0.7741 0.1131
vn 0.6028 0.7921 0.0961
vn 0.6242 0.7800 0.0440
vn 0.6420 0.7426 0.1907
vn 0.6064 0.7951 0.0043
vn 0.6424 0.7613 0.0880
vn 0.6481 0.7054 0.2869
vn 0.6883 0.6387 0.3439
vn 0.7488 0.6110 0.2567
vn 0.9047 0.4176 -0.0843
vn 0.7874 0.6154 0.0344
vn 0.8407 0.5415 -0.0038
vn 0.9104 0.3866 -0.1475
vn 0.9500 0.1235 -0.2869
vn 0.9347 0.1627 -0.3159
vn 0.8601 -0.0150 -0.5099
vn 0.8410 -0.0426 -0.5394
vn 0.6442 -0.1339 -0.7531
vn 0.6204 -0.0964 -0.7783
vn 0.3473 -0.0804 -0.9343
vn 0.2718 0.2029 -0.9407
vn 0.1198 -0.0758 -0.9899
vn 0.1018 0.1993 -0.9746
vn -0.0022 0.7294 -0.6841
vn 0.0606 0.7080 -0.7036
vn -0.0240 0.8076 -0.5892
vn 0.0280 0.8318 -0.5544
vn -0.0661 -0.0799 -0.9946
vn -0.0795 0.2879 -0.9544
vn -0.0281 0.7044 -0.7093
vn -0.0233 0.7743 -0.6324
vn -0.1179 0.0067 -0.9930
vn -0.1395 0.2696 -0.9528
vn -0.1719 0.6944 -0.6988
vn -0.0793 0.8857 -0.4574
vn -0.1404 0.4521 -0.8809
vn 0.6588 0.5707 0.4901
vn 0.6200 0.6576 0.4281
vn 0.6626 0.5608 0.4965
vn 0.6908 0.4704 0.5491
vn 0.9316 -0.2014 0.3025
vn 0.9717 0.1446 0.1869
vn 0.9887 0.0646 0.1356
vn 0.7668 -0.5130 0.3858
vn 0.9833 -0.0682 -0.1687
vn 0.7969 -0.5670 0.2087
vn 0.6934 -0.7201 -0.0253
vn 0.8195 -0.3008 -0.4878
vn -0.0041 -0.8966 0.4428
vn 0.0759 -0.7673 0.6367
vn 0.0728 -0.6430 0.7624
vn 0.0494 -0.8798 0.4728
vn 0.5653 -0.6553 -0.5010
vn 0.6277 0.0286 -0.7780
vn 0.1490 -0.8557 0.4955
vn 0.3905 -0.6377 -0.6640
vn 0.2943 -0.0261 -0.9553
vn 0.2606 -0.9546 0.1440
vn 0.2829 -0.7726 -0.5684
vn 0.1803 -0.2348 -0.9552
vn 0.2519 -0.9641 0.0841
vn 0.2660 -0.9518 0.1524
vn 0.1959 -0.8552 -0.4799
vn 0.3328 -0.9133 0.2346
vn 0.1060 -0.9443 -0.3115
vn 0.0617 -0.4553 -0.8882
vn -0.0474 -0.6255 -0.7788
vn -0.0339 -0.6021 0.7977
vn 0.2030 -0.7292 0.6535
vn 0.2942 -0.6274 0.7210
vn 0.5452 -0.6413 0.5399
vn -0.3772 -0.4338 0.8183
vn -0.5535 -0.4681 0.6888
vn -0.5575 -0.6311 0.5393
vn -0.4299 -0.7119 0.5554
vn -0.6446 -0.3975 0.6530
vn 0.6542 -0.4820 0.5828
vn 0.4112 -0.2900 0.8642
vn 0.2241 -0.2709 0.9362
vn -0.0028 -0.2820 0.9594
vn -0.2733 -0.1247 0.9538
vn -0.5333 -0.1162 0.8379
vn -0.7382 -0.0843 0.6693
vn -0.8788 -0.2580 0.4014
vn -0.8887 -0.1812 0.4212
vn -0.9314 -0.0296 0.3628
vn -0.5171 -0.0722 0.8529
vn -0.7547 -0.0192 0.6558
vn -0.3048 0.0925 0.9479
vn -0.1588 -0.0688 0.9849
vn -0.8891 -0.0671 0.4528
vn -0.9507 -0.0344 0.3081
vn -0.9828 0.1232 0.1375
vn -0.9414 0.2229 0.2532
vn -0.9096 0.1615 0.3829
vn -0.9367 0.2179 0.2740
vn -0.9576 0.2311 0.1720
vn -0.9456 0.2605 0.1948
vn -0.9602 0.2300 0.1582
vn 0.2339 -0.1758 0.9562
vn 0.1802 -0.3775 0.9083
vn 0.1975 -0.3931 0.8981
vn 0.1928 -0.2442 0.9503
vn 0.3204 -0.2909 0.9015
vn 0.3474 -0.2304 0.9090
vn -0.3034 0.9465 0.1098
vn -0.2520 0.9654 0.0669
vn -0.1597 0.9745 0.1579
vn -0.1971 0.9796 0.0401
vn -0.2919 0.9540 0.0689
vn -0.2557 0.9664 -0.0255
vn -0.3693 0.9278 -0.0523
vn -0.3626 0.9263 -0.1024
vn -0.3467 0.9380 -0.0064
vn -0.3197 0.9474 0.0174
vn -0.3737 0.9214 -0.1070
vn -0.4232 0.9047 -0.0488
vn -0.5264 0.8478 -0.0637
vn -0.4202 0.8956 -0.1458
vn -0.1224 0.9733 -0.1942
vn -0.1005 0.9846 -0.1431
vn -0.1423 0.9896 -0.0228
vn -0.1496 0.9858 -0.0759
vn -0.0793 0.9735 -0.2147
vn -0.0780 0.9715 -0.2237
vn -0.0844 0.9619 -0.2600
vn -0.0667 0.9633 -0.2600
vn -0.3259 0.9205 -0.2154
vn -0.1938 0.9664 -0.1690
vn -0.6618 0.6433 0.3850
vn -0.7398 0.6170 0.2685
vn -0.6355 0.4653 0.6161
vn -0.3994 0.4309 0.8092
vn -0.7774 0.6268 0.0529
vn -0.6742 0.7375 0.0387
vn -0.6181 0.7667 0.1735
vn -0.6291 0.7765 0.0351
vn -0.6233 0.7424 0.2456
vn -0.7734 0.6246 0.1086
vn -0.7689 0.6392 0.0131
vn -0.7820 0.5994 0.1708
vn -0.7756 0.6157 0.1392
vn -0.7627 0.6443 -0.0552
vn -0.7457 0.6649 -0.0441
vn -0.7746 0.6064 0.1798
vn -0.7551 0.6513 0.0749
vn -0.4585 0.8800 0.1239
vn -0.0439 0.9774 -0.2066
vn -0.1553 0.9660 -0.2068
vn -0.6938 0.7169 0.0691
vn -0.8405 0.4950 0.2202
vn -0.6337 0.7136 0.2987
vn -0.4591 0.7870 0.4121
vn -0.4854 0.7798 0.3952
vn -0.2471 0.8792 0.4075
vn -0.2717 0.8672 0.4173
vn -0.1471 0.8624 0.4843
vn 0.0661 0.8794 0.4714
vn -0.0138 0.9999 0.0089
vn -0.0083 0.9999 0.0103
vn 0.0946 0.9531 0.2875
vn -0.0183 0.9967 -0.0796
vn 0.1130 0.9557 0.2719
vn -0.1102 0.7544 0.6471
vn 0.1435 0.5825 0.8001
vn 0.2148 0.7691 0.6020
vn -0.4655 0.8264 0.3167
vn -0.4072 0.7939 0.4516
vn -0.4291 0.8762 0.2194
vn -0.4105 0.8811 0.2349
vn -0.5887 0.6885 0.4236
vn -0.4391 0.7500 0.4946
vn -0.5097 0.6662 0.5445
vn -0.7912 0.4426 0.4220
vn -0.0838 0.8285 0.5537
vn -0.4140 0.8419 0.3461
vn -0.3607 0.7951 0.4876
vn -0.7303 0.5974 0.3314
vn -0.9290 0.1065 0.3545
vn -0.9276 -0.0170 0.3731
vn -0.5702 0.3514 0.7425
vn -0.8852 -0.0840 0.4576
vn -0.3168 0.9204 0.2293
vn -0.0920 0.9730 0.2115
vn -0.7148 0.5785 0.3930
vn -0.9022 -0.0032 0.4313
vn -0.5102 0.8440 0.1656
vn -0.1260 0.9883 -0.0853
vn -0.7909 0.3840 0.4765
vn -0.8562 -0.0016 0.5166
vn 0.2897 0.9104 0.2954
vn 0.7650 0.4089 0.4975
vn 0.1754 0.9633 0.2030
vn -0.2664 0.9344 -0.2367
vn 0.3535 0.9255 -0.1356
vn -0.7126 0.6953 0.0934
vn -0.8670 0.3877 0.3129
vn -0.2967 0.8869 -0.3540
vn 0.3944 0.7854 -0.4771
vn -0.7293 0.6679 -0.1485
vn -0.8863 0.4470 0.1211
vn -0.8673 0.4610 -0.1878
vn -0.6792 0.7048 -0.2050
vn -0.8343 0.5461 -0.0757
vn -0.9461 0.3176 -0.0628
vn -0.3606 0.8845 -0.2960
vn 0.3985 0.8453 -0.3558
vn 0.5604 0.8198 0.1176
vn 0.2641 0.9627 0.0584
vn 0.1185 0.9900 0.0763
vn -0.9882 0.1451 -0.0486
vn -0.3447 0.8454 0.4080
vn -0.8289 0.3789 0.4115
vn -0.8989 0.4362 -0.0410
vn -0.9442 0.0197 0.3288
vn -0.9763 0.1857 0.1111
vn -0.9854 0.1682 -0.0260
vn -0.9848 -0.0905 0.1481
vn -0.9416 -0.3118 0.1273
vn -0.9693 -0.1591 0.1872
vn -0.8790 -0.3796 0.2885
vn -0.8482 -0.4532 0.2742
vn -0.8484 -0.5096 0.1436
vn -0.9260 -0.3757 0.0382
vn -0.6884 -0.6391 0.3430
vn -0.7255 -0.5373 0.4300
vn -0.7351 -0.6084 0.2992
vn -0.5636 -0.7366 0.3740
vn -0.4956 -0.6549 0.5705
vn -0.8518 -0.4963 0.1678
vn -0.7843 -0.6188 -0.0440
vn 0.4592 0.1079 0.8817
vn 0.4607 -0.0896 0.8830
vn 0.3316 0.2392 0.9126
vn 0.7923 -0.0117 0.6101
vn 0.6526 0.1545 0.7418
vn -0.0347 0.3046 0.9518
vn 0.4105 0.4307 0.8037
vn 0.6782 0.4178 0.6045
vn 0.9253 -0.1796 0.3341
vn 0.9382 -0.2211 0.2662
vn 0.8443 -0.4286 0.3216
vn 0.9291 -0.1314 0.3456
vn 0.8645 -0.4419 0.2396
vn 0.9026 0.2277 0.3652
vn 0.9199 -0.1883 0.3439
vn 0.9174 -0.3512 0.1869
vn 0.9817 0.1856 0.0422
vn 0.8931 0.3934 -0.2184
vn 0.7970 -0.3792 0.4700
vn 0.9841 -0.1106 0.1390
vn 0.9736 0.0303 0.2261
vn 0.8436 -0.0947 0.5286
vn 0.8949 -0.1390 0.4241
vn 0.7463 -0.6158 0.2527
vn 0.5014 -0.6688 0.5489
vn 0.3898 -0.7035 0.5942
vn 0.1737 -0.6337 0.7538
vn 0.6831 -0.6261 0.3760
vn 0.3674 -0.2623 0.8923
vn -0.0064 -0.4972 0.8676
vn 0.5631 -0.6984 0.4418
vn 0.4836 -0.6977 0.5285
vn 0.6515 -0.0761 0.7549
vn 0.8982 -0.4167 0.1397
vn 0.8941 -0.4069 0.1871
vn 0.9214 -0.3638 0.1369
vn 0.9149 -0.3389 0.2192
vn 0.9881 0.0055 0.1534
vn 0.9986 -0.0461 0.0256
vn 0.9941 -0.0996 0.0436
vn 0.9811 -0.1441 0.1295
vn 0.8930 0.3036 0.3324
vn 0.9849 0.1726 0.0116
vn 0.9875 0.1532 -0.0378
vn 0.9959 0.0121 0.0893
vn 0.9639 -0.1686 0.2059
vn 0.9128 -0.2456 0.3263
vn 0.0082 0.0925 0.9957
vn -0.2937 0.3506 0.8892
vn -0.4709 0.2889 0.8335
vn -0.3026 0.3173 0.8987
vn 0.0151 0.1919 0.9813
vn 0.2942 0.0911 0.9514
vn 0.0756 0.2234 0.9718
vn 0.2259 -0.2641 0.9377
vn 0.8662 -0.4027 0.2959
vn 0.6165 -0.7347 0.2833
vn 0.0439 0.7187 0.6939
vn 0.9648 -0.2281 0.1312
vn 0.9880 -0.1294 0.0845
vn 0.9639 -0.2311 0.1326
vn 0.9372 -0.3058 0.1677
vn 0.2644 -0.4336 0.8614
vn 0.2178 -0.4870 0.8458
vn 0.2988 -0.3917 0.8702
vn 0.3493 -0.3260 0.8785
vn 0.9447 0.2603 0.1997
vn 0.8927 0.3624 0.2680
vn 0.7746 0.5139 0.3685
vn 0.8050 0.4813 0.3470
vn 0.2938 -0.7744 0.5604
vn 0.5989 -0.6279 0.4970
vn 0.7349 -0.5176 0.4382
vn 0.4319 -0.7217 0.5410
vn 0.0388 0.7250 0.6877
vn 0.0061 0.7545 0.6563
vn -0.0143 0.7719 0.6356
vn 0.0235 0.7391 0.6732
vn 0.2910 -0.2983 0.9090
vn 0.2469 -0.3735 0.8942
vn 0.3789 -0.1267 0.9167
vn 0.4093 -0.0587 0.9105
vn 0.1286 0.0170 0.9915
vn 0.1375 -0.0550 0.9890
vn 0.1293 0.0117 0.9915
vn 0.1198 0.0841 0.9892
vn -0.3666 0.0125 0.9303
vn -0.2563 -0.0100 0.9665
vn -0.2363 -0.0139 0.9716
vn -0.3421 0.0074 0.9396
vn -0.0616 -0.1398 0.9883
vn 0.0113 -0.1574 0.9875
vn 0.4695 -0.2471 0.8477
vn 0.3612 -0.2295 0.9038
vn 0.2926 0.3429 0.8926
vn 0.3368 0.4066 0.8492
vn 0.3072 0.3639 0.8793
vn 0.2339 0.2593 0.9370
vn -0.1370 -0.3355 0.9320
vn 0.1748 -0.2398 0.9550
vn 0.6782 -0.3526 0.6447
vn 0.7338 -0.1511 0.6623
vn 0.6539 0.4035 0.6400
vn 0.7439 0.1261 0.6563
vn 0.5498 -0.0778 0.8317
vn 0.9207 0.0538 0.3866
vn 0.9349 0.0146 0.3546
vn 0.8792 -0.0604 0.4727
vn 0.9064 0.0704 0.4165
vn 0.3140 0.7952 0.5187
vn 0.0803 0.7543 0.6516
vn 0.0945 0.8303 0.5493
vn 0.1085 0.8988 0.4247
vn 0.0969 0.8423 0.5303
vn 0.8359 0.1087 0.5381
vn 0.8432 0.1378 0.5196
vn 0.8582 0.2186 0.4644
vn 0.8513 0.1763 0.4941
vn 0.5396 0.0047 0.8419
vn 0.2776 0.0516 0.9593
vn 0.8889 -0.1060 0.4457
vn 0.9362 -0.2286 0.2669
vn 0.8347 -0.0962 0.5422
vn 0.9979 -0.0626 -0.0137
vn 0.8338 -0.5488 -0.0610
vn 0.5965 -0.8021 0.0284
vn 0.9673 -0.2533 0.0079
vn 0.9961 -0.0868 -0.0133
vn 0.9986 -0.0489 0.0197
vn 0.9998 0.0155 0.0105
vn 0.9912 0.0550 0.1201
vn 0.9668 -0.0222 0.2544
vn 0.9683 -0.0544 0.2438
vn 0.9493 -0.1196 0.2909
vn 0.5808 -0.2374 0.7786
vn -0.4593 0.0787 0.8848
vn -0.4936 -0.2392 0.8362
vn -0.8355 -0.0925 0.5417
vn -0.4691 0.1551 0.8694
vn 0.2388 -0.9710 0.0070
vn 0.2806 -0.9521 0.1217
vn 0.2865 -0.9435 0.1666
vn 0.2701 -0.9620 -0.0398
vn -0.1659 0.1113 0.9799
vn -0.1910 0.0598 0.9798
vn -0.1608 0.0874 0.9831
vn -0.0792 -0.0651 0.9947
vn -0.0495 0.0064 0.9988
vn -0.0624 -0.3337 0.9406
vn -0.1001 -0.2512 0.9627
vn 0.1646 -0.5286 0.8327
vn 0.1243 -0.5198 0.8452
vn 0.2604 -0.8035 0.5354
vn 0.2285 -0.7539 0.6160
vn -0.6740 0.4509 0.5852
vn -0.6236 0.5435 0.5619
vn -0.6063 0.6872 0.4002
vn -0.6311 0.6192 0.4672
vn -0.5681 0.7897 0.2317
vn -0.5788 0.7841 0.2242
vn -0.5853 0.7531 0.3004
vn -0.2292 0.0287 0.9730
vn -0.4301 0.0733 0.8998
vn -0.7153 0.1932 0.6716
vn 0.4336 -0.7695 -0.4689
vn 0.4295 -0.7659 -0.4785
vn 0.2445 -0.5706 -0.7840
vn 0.5454 -0.8342 -0.0817
vn 0.2126 -0.8977 0.3858
vn -0.9776 -0.0854 0.1925
vn -0.9737 -0.0887 0.2100
vn -0.8912 -0.0825 0.4460
vn -0.9119 -0.1024 0.3973
vn -0.9824 -0.0190 0.1856
vn -0.9820 -0.0200 0.1880
vn -0.2289 -0.9558 0.1848
vn -0.2050 -0.9545 0.2166
vn -0.2752 -0.9538 0.1209
vn -0.0627 -0.9902 0.1252
vn 0.0335 -0.9788 0.2019
vn -0.0558 -0.9925 0.1087
vn -0.1215 -0.9919 0.0383
vn -0.4361 -0.8998 0.0129
vn -0.3865 -0.9223 0.0011
vn -0.3813 -0.9221 0.0656
vn -0.4843 -0.8739 0.0431
vn -0.2312 -0.9281 0.2920
vn -0.1640 -0.9108 0.3788
vn -0.2372 -0.9574 0.1646
vn 0.0035 0.0527 0.9986
vn -0.9265 -0.3560 0.1219
vn -0.9698 -0.2416 0.0335
vn -0.1521 0.9054 -0.3965
vn 0.7002 0.6464 -0.3031
vn 0.2738 0.9101 -0.3110
vn 0.9069 -0.0845 0.4128
vn 0.7868 0.0089 0.6171
vn 0.8410 -0.0284 0.5403
vn 0.9466 -0.1316 0.2942
vn 0.2781 -0.4200 -0.8639
vn 0.1896 -0.3652 -0.9114
vn 0.0868 -0.3676 -0.9259
vn 0.1654 -0.4502 -0.8775
vn -0.1013 -0.3156 -0.9435
vn -0.0679 -0.3080 -0.9490
vn 0.8473 0.5311 -0.0000
vt 0.364322 0.803635
vt 0.358817 0.788399
vt 0.371107 0.794809
vt 0.372480 0.783794
vt 0.355137 0.808182
vt 0.350183 0.791099
vt 0.019831 0.983988
vt 0.008215 0.987271
vt 0.008215 0.974492
vt 0.677368 0.922858
vt 0.685923 0.930548
vt 0.677368 0.942712
vt 0.682689 0.950351
vt 0.356193 0.776421
vt 0.347011 0.781158
vt 0.372168 0.771319
vt 0.356334 0.769174
vt 0.371400 0.763916
vt 0.370065 0.752520
vt 0.355858 0.759166
vt 0.354659 0.744770
vt 0.341264 0.751463
vt 0.343104 0.763927
vt 0.335931 0.758644
vt 0.333299 0.767268
vt 0.332968 0.778555
vt 0.344811 0.774419
vt 0.981721 0.624323
vt 0.991314 0.621125
vt 0.991314 0.639875
vt 0.684308 0.921508
vt 0.322383 0.792024
vt 0.325924 0.779491
vt 0.317806 0.768657
vt 0.318425 0.779688
vt 0.320515 0.761668
vt 0.323811 0.752653
vt 0.333411 0.743850
vt 0.340571 0.741255
vt 0.354682 0.738755
vt 0.369222 0.738992
vt 0.983004 0.725032
vt 0.982662 0.734679
vt 0.970919 0.726571
vt 0.972837 0.736485
vt 0.983004 0.745432
vt 0.971050 0.745424
vt 0.308874 0.764719
vt 0.311416 0.755941
vt 0.316292 0.745140
vt 0.328023 0.735646
vt 0.339544 0.731534
vt 0.351902 0.729013
vt 0.367939 0.727381
vt 0.465073 0.846466
vt 0.490061 0.848044
vt 0.464237 0.860312
vt 0.486942 0.861256
vt 0.466125 0.831325
vt 0.492766 0.832555
vt 0.494496 0.822235
vt 0.465969 0.820257
vt 0.465122 0.808679
vt 0.494536 0.809957
vt 0.463360 0.795443
vt 0.494536 0.797713
vt 0.826108 0.441985
vt 0.798389 0.448075
vt 0.826914 0.430249
vt 0.799088 0.438341
vt 0.826594 0.455068
vt 0.795189 0.459239
vt 0.785459 0.474543
vt 0.826914 0.472451
vt 0.113647 0.965359
vt 0.122343 0.982623
vt 0.113647 0.987507
vt 0.980226 0.585187
vt 0.980226 0.563515
vt 0.989074 0.570783
vt 0.333675 0.827850
vt 0.327110 0.833761
vt 0.326701 0.815604
vt 0.336103 0.821867
vt 0.348953 0.825129
vt 0.345617 0.804711
vt 0.349458 0.817146
vt 0.975272 0.081238
vt 0.984170 0.070433
vt 0.984170 0.087027
vt 0.973277 0.089418
vt 0.337521 0.799245
vt 0.317775 0.810300
vt 0.313416 0.790960
vt 0.311493 0.805144
vt 0.484883 0.877231
vt 0.464194 0.876425
vt 0.485373 0.885237
vt 0.464252 0.884647
vt 0.338090 0.791617
vt 0.315777 0.818597
vt 0.308874 0.812472
vt 0.734732 0.717638
vt 0.752156 0.721738
vt 0.753958 0.737089
vt 0.748779 0.714983
vt 0.740495 0.695698
vt 0.770041 0.747267
vt 0.770639 0.736683
vt 0.767987 0.722492
vt 0.765985 0.712902
vt 0.760522 0.691799
vt 0.760797 0.686171
vt 0.758581 0.665454
vt 0.789674 0.754888
vt 0.790586 0.740196
vt 0.787445 0.724572
vt 0.788333 0.710078
vt 0.777591 0.689140
vt 0.785554 0.688144
vt 0.771268 0.682522
vt 0.770565 0.674907
vt 0.784260 0.669591
vt 0.783225 0.678535
vt 0.790586 0.653812
vt 0.760396 0.657560
vt 0.779504 0.640742
vt 0.767663 0.642280
vt 0.770879 0.621125
vt 0.883764 0.516396
vt 0.865518 0.505673
vt 0.877090 0.496032
vt 0.867616 0.494144
vt 0.867334 0.481945
vt 0.348844 0.974004
vt 0.340519 0.974781
vt 0.338964 0.960815
vt 0.860410 0.506015
vt 0.862205 0.515957
vt 0.862140 0.529119
vt 0.881088 0.551245
vt 0.865636 0.540040
vt 0.864102 0.549672
vt 0.868325 0.561095
vt 0.884203 0.589761
vt 0.874099 0.588992
vt 0.967380 0.296036
vt 0.953876 0.306077
vt 0.953876 0.272001
vt 0.860410 0.587695
vt 0.608715 0.967056
vt 0.615184 0.984793
vt 0.608715 0.991078
vt 0.938678 0.245636
vt 0.956647 0.241158
vt 0.936600 0.254259
vt 0.956647 0.269206
vt 0.938311 0.261417
vt 0.354494 0.958895
vt 0.353177 0.949623
vt 0.353563 0.974781
vt 0.860655 0.490798
vt 0.491648 0.990797
vt 0.491648 0.974577
vt 0.496635 0.981788
vt 0.949189 0.580198
vt 0.955993 0.584397
vt 0.948671 0.590482
vt 0.965122 0.594332
vt 0.615257 0.997836
vt 0.621985 0.986744
vt 0.623488 0.997836
vt 0.966838 0.586269
vt 0.959226 0.577293
vt 0.950378 0.571285
vt 0.780729 0.850024
vt 0.781544 0.839928
vt 0.790570 0.838087
vt 0.780729 0.825790
vt 0.948671 0.563515
vt 0.260807 0.872775
vt 0.254096 0.877047
vt 0.251489 0.870595
vt 0.256711 0.841428
vt 0.244224 0.817890
vt 0.255943 0.811305
vt 0.248378 0.845628
vt 0.968285 0.810589
vt 0.976985 0.802056
vt 0.976985 0.836749
vt 0.522016 0.956786
vt 0.513874 0.958982
vt 0.513874 0.923837
vt 0.946568 0.946487
vt 0.932386 0.938110
vt 0.946568 0.893427
vt 0.157957 0.898123
vt 0.156382 0.912452
vt 0.123255 0.911542
vt 0.123255 0.878618
vt 0.157048 0.866551
vt 0.259072 0.786535
vt 0.286669 0.780687
vt 0.284386 0.803544
vt 0.284359 0.832839
vt 0.286669 0.866177
vt 0.823378 0.947656
vt 0.823378 0.974235
vt 0.809253 0.944396
vt 0.810247 0.971068
vt 0.015441 0.907020
vt 0.002920 0.907575
vt 0.009914 0.874007
vt 0.000000 0.878310
vt 0.000000 0.927236
vt 0.010714 0.923757
vt 0.857209 0.845819
vt 0.850689 0.834334
vt 0.864673 0.831225
vt 0.866185 0.840996
vt 0.864401 0.849821
vt 0.845364 0.753873
vt 0.866185 0.764371
vt 0.845697 0.772353
vt 0.864040 0.778935
vt 0.842718 0.792366
vt 0.865854 0.794767
vt 0.845260 0.811106
vt 0.863750 0.809134
vt 0.024394 0.903716
vt 0.027590 0.909520
vt 0.836361 0.812313
vt 0.833607 0.819816
vt 0.830087 0.804458
vt 0.827375 0.788751
vt 0.827483 0.800294
vt 0.825873 0.778339
vt 0.830804 0.776536
vt 0.833394 0.769774
vt 0.831506 0.761653
vt 0.829962 0.757324
vt 0.837647 0.748018
vt 0.223221 0.906381
vt 0.221451 0.901269
vt 0.242802 0.905289
vt 0.242802 0.870020
vt 0.216688 0.896547
vt 0.224586 0.865590
vt 0.205060 0.858359
vt 0.209612 0.895984
vt 0.929786 0.612142
vt 0.936129 0.576924
vt 0.936129 0.617689
vt 0.542107 0.554726
vt 0.546377 0.588616
vt 0.542107 0.593820
vt 0.921674 0.606467
vt 0.919017 0.599778
vt 0.915587 0.593008
vt 0.922682 0.569629
vt 0.119731 0.939831
vt 0.116696 0.965359
vt 0.101502 0.939831
vt 0.308747 0.773811
vt 0.302330 0.772268
vt 0.308747 0.740779
vt 0.028970 0.897576
vt 0.387976 0.968065
vt 0.383015 0.976026
vt 0.372480 0.958732
vt 0.372480 0.978654
vt 0.391077 0.745807
vt 0.389237 0.763769
vt 0.375285 0.748181
vt 0.374135 0.764174
vt 0.372480 0.774530
vt 0.391974 0.777891
vt 0.395536 0.793649
vt 0.381258 0.792022
vt 0.388141 0.807393
vt 0.401602 0.808781
vt 0.394978 0.820115
vt 0.405946 0.821719
vt 0.270160 0.767921
vt 0.270868 0.752282
vt 0.282138 0.768969
vt 0.280383 0.753092
vt 0.279463 0.723444
vt 0.272019 0.723905
vt 0.272941 0.702163
vt 0.281094 0.701490
vt 0.272689 0.683472
vt 0.280476 0.686282
vt 0.271007 0.666405
vt 0.245054 0.679397
vt 0.244860 0.662281
vt 0.244876 0.699256
vt 0.244357 0.722328
vt 0.244224 0.748667
vt 0.244408 0.762852
vt 0.245176 0.776140
vt 0.427018 0.809150
vt 0.424378 0.789009
vt 0.423470 0.775588
vt 0.423666 0.760244
vt 0.424871 0.745784
vt 0.427018 0.727381
vt 0.391875 0.730366
vt 0.290927 0.700538
vt 0.291451 0.719456
vt 0.298409 0.750282
vt 0.301164 0.766702
vt 0.286322 0.780687
vt 0.890301 0.784309
vt 0.883325 0.770616
vt 0.894866 0.765118
vt 0.868383 0.759285
vt 0.884925 0.755010
vt 0.871159 0.748018
vt 0.887199 0.836889
vt 0.871532 0.810096
vt 0.884246 0.807117
vt 0.302232 0.714687
vt 0.894866 0.802474
vt 0.874604 0.790409
vt 0.866185 0.777171
vt 0.866352 0.794776
vt 0.266981 0.649193
vt 0.244224 0.650475
vt 0.168167 0.965845
vt 0.168167 0.986725
vt 0.158499 0.967887
vt 0.267071 0.641272
vt 0.994204 0.519869
vt 0.994660 0.532640
vt 0.988228 0.520374
vt 0.990092 0.533368
vt 0.985713 0.179556
vt 0.994611 0.181134
vt 0.987732 0.192197
vt 0.994571 0.192197
vt 0.694913 0.993430
vt 0.686213 0.993628
vt 0.694913 0.979418
vt 0.688088 0.979471
vt 0.994660 0.515116
vt 0.979713 0.233286
vt 0.979713 0.225461
vt 0.985397 0.229049
vt 0.982354 0.221863
vt 0.745662 0.940073
vt 0.735407 0.934733
vt 0.744005 0.931058
vt 0.734732 0.928418
vt 0.597451 0.915252
vt 0.605438 0.916715
vt 0.597451 0.932184
vt 0.608204 0.930008
vt 0.610068 0.946369
vt 0.603299 0.946774
vt 0.752424 0.912726
vt 0.752442 0.921745
vt 0.734732 0.905762
vt 0.738783 0.920053
vt 0.753122 0.932110
vt 0.753755 0.939111
vt 0.615257 0.927711
vt 0.613307 0.915969
vt 0.612064 0.908563
vt 0.603331 0.910518
vt 0.570054 0.994844
vt 0.561893 0.992951
vt 0.570054 0.980009
vt 0.562100 0.982060
vt 0.760364 0.928754
vt 0.623488 0.992064
vt 0.627013 0.986744
vt 0.627013 0.998777
vt 0.101148 0.985065
vt 0.101148 0.996854
vt 0.093436 0.987221
vt 0.092664 0.996154
vt 0.759644 0.918958
vt 0.602565 0.894758
vt 0.987860 0.146866
vt 0.996506 0.147856
vt 0.987860 0.159543
vt 0.995981 0.158310
vt 0.849096 0.992319
vt 0.854720 0.977257
vt 0.855194 0.992048
vt 0.857899 0.979102
vt 0.849096 0.977688
vt 0.998823 0.698621
vt 0.994763 0.711104
vt 0.994763 0.698537
vt 0.946568 0.995239
vt 0.946568 0.981234
vt 0.953619 0.994926
vt 0.954742 0.983116
vt 0.987531 0.996754
vt 0.980968 0.991812
vt 0.987531 0.984195
vt 0.979307 0.985158
vt 0.907823 0.829430
vt 0.895476 0.828014
vt 0.903072 0.820708
vt 0.894866 0.820038
vt 0.372480 0.958732
vt 0.376396 0.948220
vt 0.395552 0.958732
vt 0.391171 0.947182
vt 0.909351 0.836857
vt 0.894866 0.835409
vt 0.375787 0.934261
vt 0.387324 0.935501
vt 0.969033 0.222054
vt 0.979713 0.223765
vt 0.971434 0.233286
vt 0.979713 0.233133
vt 0.372480 0.900566
vt 0.373224 0.889721
vt 0.388291 0.895724
vt 0.384393 0.887042
vt 0.375533 0.908981
vt 0.391480 0.902341
vt 0.393894 0.916103
vt 0.374591 0.917561
vt 0.391374 0.927034
vt 0.373002 0.926567
vt 0.389910 0.934261
vt 0.372480 0.933615
vt 0.709993 0.991805
vt 0.699974 0.987693
vt 0.708696 0.981241
vt 0.699974 0.979306
vt 0.616787 0.971339
vt 0.624957 0.973973
vt 0.615257 0.986744
vt 0.627204 0.986744
vt 0.777124 0.975742
vt 0.785314 0.979620
vt 0.777124 0.988732
vt 0.785525 0.992062
vt 0.995643 0.288859
vt 0.988968 0.282141
vt 0.995643 0.273081
vt 0.989749 0.272001
vt 0.992923 0.946293
vt 0.999183 0.948612
vt 0.992923 0.958738
vt 0.332694 0.999791
vt 0.332694 0.988874
vt 0.338693 0.989999
vt 0.995646 0.355126
vt 0.995646 0.343396
vt 0.999650 0.354446
vt 0.999495 0.343429
vt 0.221880 0.858197
vt 0.221880 0.850568
vt 0.229263 0.857736
vt 0.982911 0.158183
vt 0.979442 0.159852
vt 0.979442 0.151969
vt 0.123255 0.998493
vt 0.123255 0.988561
vt 0.129502 0.997187
vt 0.130356 0.988694
vt 0.994054 0.504123
vt 0.989665 0.502760
vt 0.995817 0.500021
vt 0.987720 0.513605
vt 0.995817 0.511746
vt 0.119843 0.934476
vt 0.123255 0.923113
vt 0.123255 0.936245
vt 0.992923 0.946293
vt 0.992923 0.931458
vt 0.998210 0.943075
vt 0.748482 0.995212
vt 0.743283 0.995212
vt 0.744398 0.981537
vt 0.967300 0.514475
vt 0.974702 0.507065
vt 0.974702 0.516804
vt 0.998999 0.485012
vt 0.994801 0.494098
vt 0.994801 0.481945
vt 0.663960 0.884698
vt 0.672265 0.885799
vt 0.663834 0.892206
vt 0.672689 0.890602
vt 0.655115 0.921508
vt 0.656261 0.905081
vt 0.661243 0.919360
vt 0.663614 0.904106
vt 0.671650 0.921508
vt 0.671543 0.904822
vt 0.684488 0.910632
vt 0.681851 0.899072
vt 0.677404 0.889995
vt 0.677220 0.882089
vt 0.402460 0.908530
vt 0.415481 0.911302
vt 0.408478 0.920369
vt 0.402510 0.918560
vt 0.421467 0.918857
vt 0.414024 0.928382
vt 0.417846 0.933892
vt 0.427073 0.924231
vt 0.402460 0.937713
vt 0.406077 0.937636
vt 0.413166 0.941917
vt 0.859755 0.738092
vt 0.859007 0.728482
vt 0.874687 0.731537
vt 0.870723 0.721283
vt 0.875093 0.746654
vt 0.861407 0.745680
vt 0.878534 0.716195
vt 0.884685 0.728439
vt 0.881701 0.746654
vt 0.540689 0.992704
vt 0.532445 0.992941
vt 0.540689 0.974345
vt 0.534459 0.974593
vt 0.865262 0.602576
vt 0.860410 0.589761
vt 0.869096 0.589810
vt 0.876493 0.597207
vt 0.860410 0.620385
vt 0.870771 0.620368
vt 0.881248 0.606018
vt 0.882420 0.619287
vt 0.785352 0.957925
vt 0.785352 0.975742
vt 0.769334 0.953104
vt 0.769871 0.965034
vt 0.080332 0.978612
vt 0.080332 0.957410
vt 0.094343 0.979784
vt 0.087701 0.957688
vt 0.807734 0.860166
vt 0.811883 0.884613
vt 0.794228 0.868824
vt 0.804431 0.890087
vt 0.818952 0.880379
vt 0.814805 0.849203
vt 0.549533 0.810916
vt 0.557727 0.812417
vt 0.546377 0.842047
vt 0.554568 0.841647
vt 0.563126 0.843335
vt 0.566664 0.811784
vt 0.572790 0.843595
vt 0.576397 0.810680
vt 0.650249 0.841241
vt 0.644609 0.865121
vt 0.633083 0.836743
vt 0.633533 0.862009
vt 0.639962 0.827908
vt 0.652843 0.831273
vt 0.546377 0.760988
vt 0.552964 0.759078
vt 0.552735 0.782233
vt 0.560927 0.778510
vt 0.564595 0.791885
vt 0.554988 0.794537
vt 0.567714 0.791274
vt 0.559576 0.755259
vt 0.568206 0.772667
vt 0.577457 0.788295
vt 0.586179 0.805817
vt 0.576356 0.768398
vt 0.566484 0.750120
vt 0.586786 0.782875
vt 0.597451 0.804070
vt 0.987753 0.090126
vt 0.994138 0.091625
vt 0.987753 0.107302
vt 0.994831 0.105477
vt 0.547408 0.781455
vt 0.548682 0.794904
vt 0.805479 0.846315
vt 0.805121 0.828866
vt 0.814761 0.833121
vt 0.816507 0.819203
vt 0.808652 0.814898
vt 0.818952 0.800510
vt 0.812201 0.800000
vt 0.796746 0.840940
vt 0.800515 0.825271
vt 0.803151 0.808455
vt 0.796179 0.821719
vt 0.790586 0.838399
vt 0.535306 0.674517
vt 0.526703 0.658873
vt 0.544161 0.663525
vt 0.536287 0.653327
vt 0.524718 0.647190
vt 0.531875 0.644597
vt 0.519945 0.633905
vt 0.528480 0.631859
vt 0.071787 0.976539
vt 0.061757 0.990605
vt 0.061757 0.973479
vt 0.533324 0.693508
vt 0.517407 0.692109
vt 0.522990 0.681502
vt 0.543064 0.680831
vt 0.515936 0.669387
vt 0.517298 0.651345
vt 0.515936 0.636422
vt 0.496504 0.908476
vt 0.489929 0.906858
vt 0.495776 0.885237
vt 0.485109 0.891451
vt 0.492783 0.927570
vt 0.486971 0.927507
vt 0.485109 0.943476
vt 0.491394 0.943213
vt 0.636727 0.883764
vt 0.643803 0.885309
vt 0.636191 0.900503
vt 0.643952 0.898338
vt 0.642013 0.914521
vt 0.637529 0.913982
vt 0.652843 0.844338
vt 0.591467 0.824770
vt 0.160255 0.889633
vt 0.163023 0.867540
vt 0.166523 0.886229
vt 0.167884 0.866551
vt 0.166957 0.899586
vt 0.159656 0.901051
vt 0.157957 0.923815
vt 0.164695 0.921369
vt 0.167884 0.934703
vt 0.159337 0.936889
vt 0.765714 0.755575
vt 0.770288 0.754888
vt 0.766493 0.776759
vt 0.771704 0.774405
vt 0.772093 0.793612
vt 0.766808 0.794336
vt 0.772306 0.809566
vt 0.764608 0.807465
vt 0.762315 0.831058
vt 0.774381 0.830566
vt 0.766150 0.845672
vt 0.775304 0.845758
vt 0.415152 0.985173
vt 0.415152 0.998436
vt 0.411091 0.986806
vt 0.777515 0.793272
vt 0.780729 0.807890
vt 0.779874 0.831125
vt 0.780729 0.844825
vt 0.241312 0.833570
vt 0.235986 0.850568
vt 0.234024 0.831280
vt 0.231828 0.847369
vt 0.243995 0.820196
vt 0.236165 0.817401
vt 0.957249 0.859414
vt 0.946376 0.873868
vt 0.946537 0.855193
vt 0.239822 0.798845
vt 0.962533 0.850961
vt 0.946376 0.836889
vt 0.221880 0.847290
vt 0.224333 0.830807
vt 0.225151 0.819402
vt 0.226486 0.796062
vt 0.233650 0.780742
vt 0.221880 0.787032
vt 0.253071 0.995653
vt 0.254337 0.979389
vt 0.259895 0.995786
vt 0.259895 0.979149
vt 0.756895 0.755560
vt 0.755907 0.777169
vt 0.750142 0.756644
vt 0.750709 0.775784
vt 0.734732 0.844388
vt 0.737684 0.829449
vt 0.742743 0.843605
vt 0.743608 0.832456
vt 0.308874 0.988080
vt 0.308874 0.969995
vt 0.319326 0.987187
vt 0.318410 0.970234
vt 0.744387 0.793681
vt 0.750780 0.791941
vt 0.747972 0.808058
vt 0.740676 0.806865
vt 0.761146 0.776756
vt 0.760933 0.756228
vt 0.752745 0.850083
vt 0.753446 0.834640
vt 0.754687 0.806804
vt 0.758201 0.790517
vt 0.372251 0.997169
vt 0.368475 0.988932
vt 0.372251 0.980084
vt 0.980011 0.507065
vt 0.973064 0.506057
vt 0.980011 0.481945
vt 0.967300 0.502579
vt 0.808306 0.968334
vt 0.808306 0.990652
vt 0.800330 0.988600
vt 0.939562 0.726440
vt 0.949511 0.726471
vt 0.936528 0.746661
vt 0.715429 0.927428
vt 0.715429 0.952271
vt 0.708437 0.931804
vt 0.600698 0.771179
vt 0.608567 0.775172
vt 0.597451 0.779031
vt 0.606655 0.783280
vt 0.350535 0.908162
vt 0.338964 0.908598
vt 0.346514 0.879828
vt 0.338964 0.883070
vt 0.346893 0.868190
vt 0.934344 0.712874
vt 0.942697 0.698537
vt 0.941934 0.709945
vt 0.226254 0.992416
vt 0.226254 0.973873
vt 0.234813 0.993072
vt 0.231285 0.975358
vt 0.821428 0.630987
vt 0.817151 0.628758
vt 0.825873 0.621125
vt 0.818115 0.621339
vt 0.810217 0.648063
vt 0.810317 0.625201
vt 0.349179 0.850975
vt 0.351465 0.833761
vt 0.360051 0.853564
vt 0.360402 0.872491
vt 0.934344 0.731018
vt 0.348221 0.835362
vt 0.818433 0.647399
vt 0.987720 0.488655
vt 0.980011 0.507013
vt 0.980011 0.481945
vt 0.599311 0.751432
vt 0.363445 0.881238
vt 0.369705 0.898372
vt 0.790586 0.709518
vt 0.796061 0.699398
vt 0.811310 0.716479
vt 0.810581 0.703353
vt 0.813407 0.680701
vt 0.800275 0.678406
vt 0.803284 0.667368
vt 0.814572 0.669327
vt 0.798250 0.735149
vt 0.812789 0.731971
vt 0.802286 0.745365
vt 0.815069 0.743583
vt 0.824093 0.740583
vt 0.821532 0.728452
vt 0.372709 0.467140
vt 0.368183 0.478168
vt 0.351774 0.469528
vt 0.355021 0.476967
vt 0.352738 0.455423
vt 0.368898 0.454211
vt 0.367252 0.437425
vt 0.349005 0.439992
vt 0.363330 0.428959
vt 0.349896 0.431838
vt 0.359568 0.423542
vt 0.348406 0.426457
vt 0.985662 0.253324
vt 0.985662 0.233286
vt 0.993248 0.249260
vt 0.884685 0.716195
vt 0.887675 0.724399
vt 0.884685 0.740083
vt 0.816920 0.752863
vt 0.804672 0.752094
vt 0.823609 0.753870
vt 0.385389 0.470726
vt 0.380784 0.480976
vt 0.384058 0.455608
vt 0.381887 0.439721
vt 0.377212 0.430007
vt 0.373545 0.423068
vt 0.367970 0.412260
vt 0.985938 0.007342
vt 0.993623 -0.000000
vt 0.993623 0.019113
vt 0.794052 0.722694
vt 0.851615 0.952827
vt 0.845861 0.942660
vt 0.851615 0.938881
vt 0.335623 0.444295
vt 0.342644 0.456537
vt 0.338314 0.467639
vt 0.340695 0.475328
vt 0.819955 0.714720
vt 0.818648 0.767075
vt 0.806951 0.764162
vt 0.397132 0.456675
vt 0.391484 0.437904
vt 0.396284 0.472344
vt 0.393564 0.480713
vt 0.825873 0.765059
vt 0.483384 0.958432
vt 0.496504 0.943476
vt 0.496504 0.974577
vt 0.879781 0.949888
vt 0.879022 0.969750
vt 0.866185 0.968962
vt 0.402460 0.967831
vt 0.413622 0.979132
vt 0.402460 0.985173
vt 0.385953 0.413129
vt 0.386887 0.421070
vt 0.333863 0.435312
vt 0.879781 0.978239
vt 0.331857 0.430186
vt 0.389256 0.429930
vt 0.714929 0.844203
vt 0.708957 0.843229
vt 0.715343 0.825417
vt 0.712244 0.826138
vt 0.700213 0.824825
vt 0.702203 0.842599
vt 0.687720 0.834305
vt 0.687583 0.817715
vt 0.382142 0.692403
vt 0.383408 0.702201
vt 0.360548 0.698200
vt 0.364784 0.706329
vt 0.358401 0.687244
vt 0.380845 0.682576
vt 0.379054 0.662933
vt 0.352303 0.670798
vt 0.379565 0.640713
vt 0.350548 0.647873
vt 0.376066 0.609406
vt 0.351818 0.619510
vt 0.375400 0.589342
vt 0.349724 0.599147
vt 0.373724 0.579613
vt 0.348851 0.593100
vt 0.373575 0.570716
vt 0.347247 0.585870
vt 0.371031 0.555192
vt 0.346433 0.578023
vt 0.344805 0.569305
vt 0.365800 0.549229
vt 0.879212 0.210922
vt 0.863752 0.208588
vt 0.877720 0.177472
vt 0.863323 0.177820
vt 0.703135 0.884418
vt 0.706393 0.860546
vt 0.715863 0.884926
vt 0.714985 0.860713
vt 0.874833 0.128900
vt 0.876257 0.153364
vt 0.859835 0.130443
vt 0.860035 0.151077
vt 0.309072 0.598749
vt 0.324351 0.586310
vt 0.328894 0.591843
vt 0.981706 0.675465
vt 0.989444 0.656642
vt 0.989444 0.680189
vt 0.308949 0.605772
vt 0.329780 0.600579
vt 0.309878 0.618805
vt 0.329151 0.610846
vt 0.308874 0.640281
vt 0.328811 0.627703
vt 0.331210 0.655552
vt 0.310306 0.661815
vt 0.336676 0.676761
vt 0.316454 0.681237
vt 0.314908 0.696747
vt 0.339813 0.693590
vt 0.318642 0.712100
vt 0.342586 0.704701
vt 0.321904 0.727381
vt 0.346917 0.713243
vt 0.686213 0.851974
vt 0.699359 0.858124
vt 0.687374 0.880704
vt 0.694930 0.883311
vt 0.859835 0.265978
vt 0.863472 0.234456
vt 0.880963 0.266155
vt 0.879905 0.233824
vt 0.807700 0.943526
vt 0.807700 0.968334
vt 0.790586 0.944457
vt 0.566524 0.097287
vt 0.546378 0.074364
vt 0.561316 0.075679
vt 0.581340 0.092179
vt 0.576086 0.071009
vt 0.593458 0.079713
vt 0.586114 0.063397
vt 0.607870 0.070704
vt 0.596837 0.055164
vt 0.406146 0.678482
vt 0.405097 0.658827
vt 0.427550 0.677491
vt 0.623375 0.055163
vt 0.613897 0.042135
vt 0.400323 0.634654
vt 0.422798 0.658202
vt 0.637812 0.035380
vt 0.627577 0.022878
vt 0.647032 0.000000
vt 0.650397 0.021568
vt 0.408281 0.600371
vt 0.413393 0.616616
vt 0.394457 0.605649
vt 0.390840 0.586530
vt 0.408476 0.585625
vt 0.408881 0.565456
vt 0.390572 0.572326
vt 0.409738 0.540610
vt 0.390215 0.556330
vt 0.407080 0.521866
vt 0.385448 0.541028
vt 0.403968 0.513178
vt 0.382356 0.531754
vt 0.715863 0.807090
vt 0.701284 0.803477
vt 0.688660 0.796370
vt 0.410366 0.699498
vt 0.408293 0.689438
vt 0.419005 0.560717
vt 0.657168 0.023748
vt 0.646437 0.041255
vt 0.657680 0.007082
vt 0.664688 0.013488
vt 0.418781 0.586328
vt 0.417049 0.599652
vt 0.427550 0.555571
vt 0.424293 0.573672
vt 0.631318 0.064229
vt 0.633007 0.067329
vt 0.615825 0.081275
vt 0.400499 0.499635
vt 0.421886 0.508885
vt 0.402431 0.509700
vt 0.903975 0.314523
vt 0.900122 0.298383
vt 0.913572 0.311818
vt 0.904387 0.330494
vt 0.916661 0.322956
vt 0.967300 0.500208
vt 0.955151 0.498628
vt 0.964269 0.484551
vt 0.954179 0.481945
vt 0.901031 0.343250
vt 0.914251 0.338955
vt 0.904916 0.361667
vt 0.916661 0.358015
vt 0.905267 0.374608
vt 0.914446 0.371381
vt 0.673341 0.040577
vt 0.667365 0.029639
vt 0.686728 0.027813
vt 0.677286 0.021395
vt 0.648409 0.049167
vt 0.652442 0.053235
vt 0.893934 0.319378
vt 0.891884 0.333636
vt 0.628977 0.062246
vt 0.892079 0.376707
vt 0.893659 0.364086
vt 0.894718 0.349655
vt 0.565496 0.111442
vt 0.550248 0.095820
vt 0.551159 0.108981
vt 0.581174 0.107394
vt 0.606006 0.093128
vt 0.817591 0.787297
vt 0.804883 0.786791
vt 0.816352 0.774619
vt 0.807873 0.775474
vt 0.579187 0.113833
vt 0.541260 0.622129
vt 0.541829 0.611938
vt 0.546377 0.609146
vt 0.601204 0.102951
vt 0.619442 0.092766
vt 0.634477 0.080582
vt 0.656993 0.068401
vt 0.675759 0.056972
vt 0.693621 0.043947
vt 0.707656 0.032076
vt 0.694395 0.021756
vt 0.449379 0.511538
vt 0.450632 0.499323
vt 0.469507 0.513178
vt 0.467867 0.501664
vt 0.954179 0.516950
vt 0.438771 0.499448
vt 0.433125 0.512163
vt 0.420701 0.496335
vt 0.818643 0.800000
vt 0.407822 0.494329
vt 0.397524 0.486988
vt 0.417359 0.466613
vt 0.443377 0.472149
vt 0.568998 0.115146
vt 0.565505 0.132916
vt 0.551664 0.114182
vt 0.551421 0.131043
vt 0.457054 0.473096
vt 0.467727 0.472538
vt 0.492049 0.464911
vt 0.488456 0.498960
vt 0.701843 0.075693
vt 0.683832 0.087591
vt 0.662948 0.100808
vt 0.639678 0.111505
vt 0.610478 0.126663
vt 0.587332 0.131169
vt 0.573092 0.133559
vt 0.579812 0.199516
vt 0.568260 0.234243
vt 0.554018 0.199228
vt 0.554795 0.231816
vt 0.581003 0.232449
vt 0.597844 0.198978
vt 0.625891 0.190318
vt 0.595126 0.227971
vt 0.647076 0.178361
vt 0.617394 0.222869
vt 0.665164 0.167048
vt 0.637707 0.224234
vt 0.670713 0.210394
vt 0.693498 0.153835
vt 0.699775 0.180772
vt 0.476713 0.370822
vt 0.486853 0.337711
vt 0.489446 0.370260
vt 0.465938 0.373887
vt 0.473189 0.339398
vt 0.455485 0.374514
vt 0.461234 0.338937
vt 0.438840 0.377441
vt 0.449046 0.342359
vt 0.419217 0.380169
vt 0.433390 0.344302
vt 0.413967 0.346462
vt 0.409254 0.378894
vt 0.387104 0.380059
vt 0.393904 0.346273
vt 0.368597 0.349581
vt 0.370784 0.382655
vt 0.349405 0.349627
vt 0.356719 0.381559
vt 0.337381 0.350796
vt 0.347450 0.381391
vt 0.325342 0.347565
vt 0.330594 0.381611
vt 0.308874 0.347252
vt 0.322429 0.381773
vt 0.712714 0.884926
vt 0.712027 0.917843
vt 0.686212 0.894006
vt 0.686212 0.927428
vt 0.567808 0.263599
vt 0.570249 0.287129
vt 0.554957 0.262678
vt 0.554871 0.284096
vt 0.578521 0.266692
vt 0.578518 0.286661
vt 0.593203 0.292753
vt 0.589828 0.265568
vt 0.604737 0.260541
vt 0.611298 0.291253
vt 0.626228 0.292305
vt 0.622559 0.257786
vt 0.637038 0.304093
vt 0.654200 0.265122
vt 0.702751 0.230753
vt 0.671381 0.301915
vt 0.712773 0.274854
vt 0.723443 0.212852
vt 0.731393 0.259223
vt 0.464752 0.298021
vt 0.475589 0.242241
vt 0.475368 0.295668
vt 0.454620 0.253828
vt 0.448073 0.301142
vt 0.421820 0.257541
vt 0.427777 0.301416
vt 0.395008 0.262396
vt 0.400717 0.304773
vt 0.372935 0.301915
vt 0.369456 0.265858
vt 0.347663 0.264174
vt 0.352400 0.300800
vt 0.335902 0.264574
vt 0.339931 0.301379
vt 0.323063 0.302884
vt 0.319048 0.264452
vt 0.567279 0.309284
vt 0.564416 0.332072
vt 0.554600 0.305753
vt 0.553557 0.327888
vt 0.578927 0.315037
vt 0.576641 0.334071
vt 0.599750 0.321911
vt 0.595998 0.341588
vt 0.619534 0.324547
vt 0.613027 0.347633
vt 0.629104 0.352545
vt 0.628434 0.325429
vt 0.645134 0.359940
vt 0.645674 0.330469
vt 0.665377 0.319640
vt 0.663157 0.350564
vt 0.683009 0.312194
vt 0.510063 0.195640
vt 0.512637 0.169922
vt 0.528637 0.159747
vt 0.950292 0.148192
vt 0.937526 0.178485
vt 0.937526 0.128900
vt 0.487154 0.201143
vt 0.493451 0.176436
vt 0.474418 0.172658
vt 0.470633 0.206859
vt 0.436251 0.212966
vt 0.452106 0.174422
vt 0.402570 0.187483
vt 0.394124 0.215058
vt 0.369272 0.218312
vt 0.380511 0.190889
vt 0.350502 0.224558
vt 0.362308 0.189951
vt 0.966126 0.310721
vt 0.966126 0.350069
vt 0.953315 0.319466
vt 0.348019 0.190101
vt 0.400456 0.437839
vt 0.415588 0.436122
vt 0.569426 0.156314
vt 0.551732 0.153328
vt 0.576110 0.154352
vt 0.587341 0.152644
vt 0.606072 0.150504
vt 0.623184 0.146795
vt 0.656751 0.131758
vt 0.669074 0.125552
vt 0.496780 0.426645
vt 0.520041 0.419834
vt 0.506913 0.458052
vt 0.525524 0.451651
vt 0.483181 0.429783
vt 0.468652 0.432361
vt 0.453360 0.434334
vt 0.437388 0.437277
vt 0.818952 0.846564
vt 0.825850 0.853435
vt 0.818952 0.877312
vt 0.390833 0.485806
vt 0.654055 0.771112
vt 0.654055 0.750120
vt 0.608105 0.759740
vt 0.328822 0.426995
vt 0.332250 0.406106
vt 0.346812 0.415221
vt 0.345118 0.403709
vt 0.622434 0.806522
vt 0.601293 0.795501
vt 0.614596 0.813791
vt 0.612668 0.753279
vt 0.654055 0.792103
vt 0.358283 0.405250
vt 0.354972 0.416373
vt 0.386066 0.405999
vt 0.417870 0.413165
vt 0.370685 0.405205
vt 0.653177 0.815094
vt 0.624391 0.827908
vt 0.322444 0.407541
vt 0.512284 0.365602
vt 0.525518 0.358390
vt 0.530305 0.417477
vt 0.824793 0.843851
vt 0.818952 0.846564
vt 0.818952 0.800000
vt 0.450658 0.962748
vt 0.450658 0.921837
vt 0.462072 0.958970
vt 0.312944 0.302352
vt 0.935939 0.420496
vt 0.935939 0.376707
vt 0.951527 0.389712
vt 0.951527 0.376707
vt 0.960232 0.412401
vt 0.951527 0.410397
vt 0.966043 0.391038
vt 0.491041 0.231285
vt 0.337196 0.229141
vt 0.320909 0.229549
vt 0.747966 0.981537
vt 0.734732 0.981537
vt 0.746368 0.966101
vt 0.224325 0.993263
vt 0.214940 0.995276
vt 0.214940 0.984524
vt 0.981573 0.698537
vt 0.981573 0.725032
vt 0.970919 0.723979
vt 0.552874 0.340125
vt 0.564057 0.342581
vt 0.575573 0.345686
vt 0.596412 0.351059
vt 0.611233 0.357769
vt 0.633626 0.367685
vt 0.650170 0.372288
vt 0.524927 0.145293
vt 0.546377 0.143777
vt 0.492721 0.142612
vt 0.478220 0.145183
vt 0.467033 0.145323
vt 0.450160 0.148710
vt 0.426921 0.150584
vt 0.403745 0.149590
vt 0.382835 0.155735
vt 0.366696 0.159051
vt 0.923742 0.157733
vt 0.937526 0.192707
vt 0.913462 0.166848
vt 0.552318 0.362543
vt 0.562616 0.364187
vt 0.573390 0.367334
vt 0.587413 0.373065
vt 0.619169 0.388794
vt 0.434895 0.949745
vt 0.427550 0.921837
vt 0.450658 0.921837
vt 0.646933 0.389168
vt 0.525914 0.124596
vt 0.542758 0.121217
vt 0.501497 0.124412
vt 0.482255 0.125152
vt 0.473340 0.127013
vt 0.462417 0.135750
vt 0.449641 0.140272
vt 0.425709 0.138372
vt 0.402996 0.133374
vt 0.380368 0.133586
vt 0.368628 0.134962
vt 0.356736 0.157434
vt 0.364109 0.135980
vt 0.936228 0.477467
vt 0.936228 0.436954
vt 0.952786 0.453586
vt 0.079557 0.973479
vt 0.061757 0.960562
vt 0.079557 0.953308
vt 0.937526 0.153123
vt 0.336458 0.186254
vt 0.934842 0.145584
vt 0.932047 0.128900
vt 0.562981 0.392026
vt 0.552016 0.388386
vt 0.570673 0.394275
vt 0.586917 0.399852
vt 0.619032 0.405071
vt 0.649611 0.402070
vt 0.519197 0.099273
vt 0.539444 0.104274
vt 0.497714 0.101437
vt 0.482187 0.106655
vt 0.471259 0.116034
vt 0.941752 0.802056
vt 0.935378 0.795262
vt 0.948333 0.786352
vt 0.941274 0.779911
vt 0.983004 0.736852
vt 0.991734 0.725032
vt 0.991734 0.745191
vt 0.460496 0.124698
vt 0.448462 0.126738
vt 0.417396 0.119727
vt 0.388560 0.114716
vt 0.365549 0.115149
vt 0.355963 0.115154
vt 0.593176 0.920876
vt 0.597290 0.895276
vt 0.597290 0.924106
vt 0.346377 0.115158
vt 0.554793 0.433458
vt 0.549382 0.429602
vt 0.567125 0.437106
vt 0.581708 0.439560
vt 0.599996 0.441777
vt 0.626357 0.440796
vt 0.655749 0.430371
vt 0.529910 0.065708
vt 0.502461 0.078477
vt 0.489592 0.082868
vt 0.482369 0.084881
vt 0.464312 0.090830
vt 0.935378 0.748018
vt 0.449260 0.095959
vt 0.435886 0.098979
vt 0.411895 0.103979
vt 0.376993 0.103076
vt 0.343715 0.094815
vt 0.969026 0.754653
vt 0.962609 0.779003
vt 0.962609 0.748018
vt 0.546378 0.460242
vt 0.551381 0.461027
vt 0.567297 0.462243
vt 0.578843 0.464358
vt 0.595738 0.468798
vt 0.616810 0.466561
vt 0.635862 0.457914
vt 0.516630 0.046820
vt 0.537629 0.035681
vt 0.493351 0.058225
vt 0.472149 0.063379
vt 0.456984 0.065290
vt 0.444965 0.075037
vt 0.422418 0.080685
vt 0.402202 0.085497
vt 0.370854 0.087643
vt 0.343080 0.081816
vt 0.313145 0.081156
vt 0.314578 0.073082
vt 0.465040 0.521052
vt 0.456845 0.536162
vt 0.433824 0.521026
vt 0.431608 0.530960
vt 0.472314 0.545632
vt 0.478300 0.530423
vt 0.480373 0.555286
vt 0.490066 0.538004
vt 0.488402 0.565524
vt 0.504234 0.548387
vt 0.531050 0.015337
vt 0.514944 0.019998
vt 0.514110 -0.000000
vt 0.509198 0.563552
vt 0.493530 0.576974
vt 0.487197 0.027178
vt 0.502209 0.004300
vt 0.480641 0.012275
vt 0.454617 0.021376
vt 0.464832 0.036852
vt 0.449959 0.044355
vt 0.441392 0.027635
vt 0.429052 0.036698
vt 0.437343 0.051927
vt 0.410971 0.060258
vt 0.405313 0.044240
vt 0.380754 0.047058
vt 0.390187 0.062888
vt 0.358719 0.062801
vt 0.353057 0.047425
vt 0.335805 0.061038
vt 0.331002 0.047067
vt 0.320533 0.055750
vt 0.864062 0.914792
vt 0.851824 0.918268
vt 0.854422 0.906503
vt 0.450966 0.552237
vt 0.428092 0.545969
vt 0.462640 0.560439
vt 0.468236 0.568461
vt 0.474433 0.578756
vt 0.477877 0.590431
vt 0.504256 0.598355
vt 0.485297 0.607777
vt 0.965710 0.160025
vt 0.977421 0.175973
vt 0.965710 0.192483
vt 0.450953 0.004760
vt 0.498425 0.628168
vt 0.434833 0.013374
vt 0.415514 0.020377
vt 0.393276 0.029008
vt 0.374819 0.035762
vt 0.350583 0.037610
vt 0.333794 0.035859
vt 0.318291 0.033814
vt 0.318250 0.044999
vt 0.427550 0.559320
vt 0.444496 0.566252
vt 0.449286 0.571872
vt 0.453003 0.579970
vt 0.457197 0.587083
vt 0.457700 0.594319
vt 0.462065 0.609068
vt 0.471259 0.628832
vt 0.479510 0.644228
vt 0.505399 0.642030
vt 0.489492 0.660707
vt 0.508968 0.658149
vt 0.512610 0.676122
vt 0.491424 0.673239
vt 0.497145 0.694394
vt 0.515936 0.691440
vt 0.502472 0.523567
vt 0.515936 0.536029
vt 0.484561 0.513178
vt 0.581681 0.481945
vt 0.967463 0.194355
vt 0.950073 0.223402
vt 0.959308 0.193171
vt 0.975444 0.761287
vt 0.953315 0.337940
vt 0.937190 0.350626
vt 0.939126 0.331691
vt 0.950073 0.192707
vt 0.937190 0.310721
vt 0.541260 0.593820
vt 0.546215 0.594056
vt 0.318128 0.065114
vt 0.853119 0.953521
vt 0.864062 0.949368
vt 0.994241 0.820479
vt 0.998102 0.821665
vt 0.994241 0.836798
vt 0.308874 0.030964
vt 0.331593 0.911504
vt 0.338795 0.929815
vt 0.331593 0.944838
vt 0.303293 0.940501
vt 0.308650 0.948377
vt 0.298765 0.965254
vt 0.308650 0.967980
vt 0.292737 0.952581
vt 0.532445 0.989877
vt 0.522331 0.987527
vt 0.530179 0.976623
vt 0.522331 0.974344
vt 0.994016 0.796543
vt 0.989000 0.797181
vt 0.993526 0.783753
vt 0.986948 0.784138
vt 0.372480 0.978654
vt 0.382228 0.980670
vt 0.374749 0.991481
vt 0.382228 0.991807
vt 0.253071 0.993634
vt 0.244224 0.993634
vt 0.252817 0.979279
vt 0.245857 0.979149
vt 0.994016 0.779003
vt 0.325720 0.998746
vt 0.328813 0.991108
vt 0.332694 0.997388
vt 0.332694 0.988874
vt 0.853210 0.262287
vt 0.853210 0.275026
vt 0.845978 0.268414
vt 0.847921 0.278852
vt 0.790586 0.910630
vt 0.799120 0.912873
vt 0.790586 0.928031
vt 0.801960 0.926689
vt 0.803780 0.943526
vt 0.838627 0.279010
vt 0.830148 0.297933
vt 0.827821 0.290142
vt 0.825826 0.269304
vt 0.833818 0.264775
vt 0.842699 0.258949
vt 0.848618 0.254837
vt 0.807280 0.912618
vt 0.809253 0.924769
vt 0.806114 0.905034
vt 0.797017 0.906438
vt 0.198370 0.994696
vt 0.190085 0.992324
vt 0.198370 0.979279
vt 0.190283 0.980999
vt 0.836377 0.253543
vt 0.963205 0.039442
vt 0.966798 0.033902
vt 0.966798 0.046035
vt 0.768314 0.985370
vt 0.768314 0.997039
vt 0.760279 0.987490
vt 0.828019 0.259137
vt 0.796102 0.890087
vt 0.954742 0.981234
vt 0.963484 0.982591
vt 0.954742 0.994328
vt 0.962954 0.993370
vt 0.349132 0.989795
vt 0.355029 0.974781
vt 0.355520 0.989988
vt 0.358390 0.976954
vt 0.349129 0.974781
vt 0.848799 0.985473
vt 0.845787 0.998328
vt 0.844433 0.985473
vt 0.387976 0.995411
vt 0.387976 0.981383
vt 0.395091 0.995151
vt 0.396127 0.983293
vt 0.604471 0.994762
vt 0.597307 0.989680
vt 0.604471 0.982229
vt 0.595638 0.983048
vt 0.959573 0.973887
vt 0.947207 0.972423
vt 0.954786 0.965252
vt 0.946568 0.964547
vt 0.891885 0.481134
vt 0.896428 0.469845
vt 0.915134 0.481134
vt 0.911264 0.468919
vt 0.961124 0.981234
vt 0.946568 0.979787
vt 0.896321 0.455339
vt 0.907754 0.456878
vt 0.951758 0.045883
vt 0.953753 0.034214
vt 0.963205 0.042773
vt 0.963205 0.033902
vt 0.463360 0.899791
vt 0.463928 0.888750
vt 0.479288 0.893992
vt 0.475257 0.885237
vt 0.466574 0.908207
vt 0.482609 0.900577
vt 0.485109 0.914867
vt 0.465680 0.917187
vt 0.482492 0.926751
vt 0.464002 0.926994
vt 0.480910 0.934747
vt 0.463360 0.934782
vt 0.973559 0.991977
vt 0.963591 0.987513
vt 0.972290 0.981242
vt 0.963591 0.979141
vt 0.718038 0.969748
vt 0.726248 0.972448
vt 0.715863 0.985314
vt 0.728060 0.985314
vt 0.981706 0.680189
vt 0.990546 0.684850
vt 0.981706 0.693462
vt 0.990769 0.697580
vt 0.994801 0.500021
vt 0.987720 0.492383
vt 0.994801 0.483645
vt 0.988557 0.481945
vt 0.818952 0.877312
vt 0.825707 0.880234
vt 0.818952 0.890044
vt 0.999540 0.264766
vt 0.993474 0.255336
vt 0.999540 0.253324
vt 0.994660 0.539036
vt 0.994660 0.527143
vt 0.999007 0.538630
vt 0.998841 0.527450
vt 0.185057 0.993787
vt 0.179312 0.999425
vt 0.179312 0.989091
vt 0.305866 0.876753
vt 0.301674 0.876753
vt 0.304962 0.869579
vt 0.748739 0.998108
vt 0.748534 0.988237
vt 0.755184 0.996672
vt 0.755837 0.988237
vt 0.038175 0.984429
vt 0.033489 0.982615
vt 0.040055 0.980366
vt 0.031394 0.993599
vt 0.040055 0.992452
vt 0.978772 0.481496
vt 0.966990 0.479793
vt 0.980060 0.477879
vt 0.975243 0.464864
vt 0.966990 0.465606
vt 0.908081 0.277221
vt 0.908081 0.261804
vt 0.913340 0.273972
vt 0.998339 0.906958
vt 0.992968 0.907867
vt 0.992968 0.893427
vt 0.993074 0.228075
vt 0.993074 0.214391
vt 0.998388 0.225340
vt 0.998478 0.215077
vt 0.434524 0.883911
vt 0.443071 0.885005
vt 0.434763 0.891580
vt 0.443722 0.889889
vt 0.427550 0.921837
vt 0.427780 0.904904
vt 0.433808 0.919728
vt 0.435252 0.903881
vt 0.444515 0.921837
vt 0.443405 0.904593
vt 0.456745 0.910273
vt 0.453459 0.898452
vt 0.448415 0.889141
vt 0.447779 0.881000
vt 0.875152 0.266536
vt 0.882033 0.279458
vt 0.870419 0.279619
vt 0.867643 0.273285
vt 0.880486 0.289624
vt 0.868202 0.289674
vt 0.866664 0.296559
vt 0.880278 0.297933
vt 0.853210 0.286062
vt 0.855766 0.289099
vt 0.857399 0.297933
vt 0.207537 0.930597
vt 0.205060 0.920616
vt 0.222009 0.922694
vt 0.216059 0.912273
vt 0.224978 0.938348
vt 0.210538 0.938348
vt 0.231898 0.918726
vt 0.223306 0.906381
vt 0.231854 0.937847
vt 0.592387 0.991883
vt 0.583274 0.992290
vt 0.592387 0.973508
vt 0.585482 0.973887
vt 0.313929 0.925669
vt 0.308874 0.911504
vt 0.317843 0.912374
vt 0.325486 0.920953
vt 0.308874 0.944109
vt 0.319577 0.945074
vt 0.330394 0.930779
vt 0.331593 0.945002
vt 0.057237 0.973293
vt 0.041683 0.962509
vt 0.057237 0.954455
vt 0.041121 0.950023
vt 0.561893 0.977040
vt 0.546377 0.975796
vt 0.554523 0.954989
vt 0.546377 0.954674
vt 0.996986 0.887338
vt 0.993154 0.878109
vt 0.996986 0.868771
vt 0.980226 0.584918
vt 0.973653 0.588143
vt 0.966838 0.563515
vt 0.966838 0.588474
vt 0.979432 0.310721
vt 0.987724 0.332702
vt 0.979432 0.334399
vt 0.978266 0.028467
vt 0.980768 0.018153
vt 0.985938 0.026910
vt 0.985450 0.019557
vt 0.954209 0.689678
vt 0.952985 0.696425
vt 0.935771 0.688834
vt 0.936518 0.696282
vt 0.969195 0.544350
vt 0.973698 0.544685
vt 0.972096 0.562901
vt 0.980382 0.562901
vt 0.981481 0.541422
vt 0.936232 0.679110
vt 0.935771 0.674074
vt 0.953735 0.682056
vt 0.936643 0.684403
vt 0.996246 0.593490
vt 0.989284 0.593490
vt 0.996355 0.579266
vt 0.989074 0.579918
vt 0.408729 0.907023
vt 0.401510 0.902271
vt 0.408729 0.887041
vt 0.827101 0.944381
vt 0.825873 0.938881
vt 0.843827 0.943038
vt 0.844446 0.952139
vt 0.828474 0.948911
vt 0.845861 0.955847
vt 0.828199 0.957683
vt 0.844499 0.964727
vt 0.825873 0.965518
vt 0.985938 0.000000
vt 0.979225 0.000878
vt 0.627159 0.911405
vt 0.616356 0.911503
vt 0.629405 0.894758
vt 0.616252 0.896819
vt 0.615257 0.947022
vt 0.615257 0.926856
vt 0.632838 0.939759
vt 0.627272 0.927195
vt 0.111409 0.904948
vt 0.115285 0.910589
vt 0.107114 0.939831
vt 0.913117 0.642192
vt 0.906246 0.657600
vt 0.901152 0.643675
vt 0.895399 0.650312
vt 0.897594 0.681180
vt 0.888026 0.666484
vt 0.139213 0.963857
vt 0.147597 0.943499
vt 0.147597 0.976688
vt 0.891282 0.700389
vt 0.119087 0.872678
vt 0.119731 0.895388
vt 0.107114 0.864071
vt 0.109244 0.884040
vt 0.893081 0.621125
vt 0.888026 0.627437
vt 0.358813 0.956308
vt 0.372134 0.958544
vt 0.364786 0.975133
vt 0.358813 0.980084
vt 0.979006 0.621049
vt 0.979006 0.594332
vt 0.986678 0.616375
vt 0.981481 0.541422
vt 0.990561 0.541692
vt 0.981481 0.561521
vt 0.976985 0.830730
vt 0.976985 0.802056
vt 0.985495 0.826441
vt 0.973277 0.046339
vt 0.984621 0.046339
vt 0.977424 0.070433
vt 0.919789 0.971757
vt 0.912686 0.973225
vt 0.919789 0.943073
vt 0.913410 0.943813
vt 0.906858 0.228288
vt 0.909855 0.260367
vt 0.902005 0.228788
vt 0.905382 0.260835
vt 0.899767 0.195341
vt 0.905011 0.194941
vt 0.900371 0.166468
vt 0.906007 0.166505
vt 0.902727 0.143176
vt 0.908694 0.143971
vt 0.905845 0.128900
vt 0.912120 0.130079
vt 0.910773 0.226488
vt 0.913462 0.258687
vt 0.909266 0.193380
vt 0.910601 0.166101
vt 0.913462 0.145606
vt 0.277801 0.943489
vt 0.283376 0.941620
vt 0.280633 0.956593
vt 0.285671 0.954076
vt 0.833579 0.036047
vt 0.813465 0.002375
vt 0.836930 0.033503
vt 0.816534 0.000000
vt 0.850943 0.067047
vt 0.847045 0.069259
vt 0.849074 0.092997
vt 0.844545 0.093675
vt 0.838414 0.111359
vt 0.834397 0.109504
vt 0.823551 0.121934
vt 0.829932 0.037694
vt 0.810122 0.003922
vt 0.842827 0.070504
vt 0.839672 0.093315
vt 0.830013 0.106539
vt 0.306774 0.666156
vt 0.308345 0.697128
vt 0.302232 0.665945
vt 0.304159 0.696955
vt 0.303441 0.641272
vt 0.308345 0.641845
vt 0.839419 0.070448
vt 0.835762 0.092013
vt 0.826437 0.103260
vt 0.935475 0.340390
vt 0.932334 0.375973
vt 0.931027 0.341178
vt 0.928233 0.376707
vt 0.932407 0.306939
vt 0.937190 0.306240
vt 0.930772 0.284017
vt 0.935960 0.283592
vt 0.928233 0.272001
vt 0.933763 0.272461
vt 0.810122 0.123527
vt 0.271647 0.943284
vt 0.270913 0.928881
vt 0.275968 0.929186
vt 0.291927 0.928881
vt 0.601702 0.946774
vt 0.615257 0.967056
vt 0.595638 0.967056
vt 0.613151 0.949366
vt 0.956249 0.128900
vt 0.954517 0.143063
vt 0.950292 0.131799
vt 0.950292 0.145120
vt 0.961883 0.547028
vt 0.954179 0.544900
vt 0.960331 0.533991
vt 0.954868 0.532483
vt 0.969195 0.540129
vt 0.965516 0.529099
vt 0.272138 0.977310
vt 0.277487 0.974749
vt 0.275294 0.985960
vt 0.279087 0.984143
vt 0.644304 0.988417
vt 0.633083 0.986982
vt 0.644640 0.981228
vt 0.633321 0.981883
vt 0.644304 0.973646
vt 0.633083 0.976506
vt 0.967415 0.138574
vt 0.962434 0.149924
vt 0.962151 0.133779
vt 0.958702 0.146523
vt 0.972722 0.026691
vt 0.974254 0.014156
vt 0.978266 0.028590
vt 0.978186 0.015503
vt 0.469838 0.964022
vt 0.463360 0.960786
vt 0.471929 0.950918
vt 0.467335 0.948624
vt 0.478105 0.962933
vt 0.477791 0.950146
vt 0.482563 0.961817
vt 0.480953 0.949355
vt 0.993954 0.128900
vt 0.994548 0.138461
vt 0.989104 0.131305
vt 0.991109 0.140167
vt 0.875769 0.990045
vt 0.866185 0.986780
vt 0.877124 0.984807
vt 0.867146 0.983065
vt 0.875769 0.978239
vt 0.866185 0.978408
vt 0.303800 0.985328
vt 0.294793 0.982974
vt 0.303290 0.976405
vt 0.296903 0.974735
vt 0.967041 0.023078
vt 0.970226 0.011594
vt 0.836646 0.997392
vt 0.837731 0.990334
vt 0.843375 0.996685
vt 0.844433 0.989800
vt 0.843375 0.985473
vt 0.836646 0.985898
vt 0.275187 0.992351
vt 0.270913 0.986082
vt 0.270913 0.992470
vt 0.278887 0.990579
vt 0.959508 0.526575
vt 0.964566 0.521802
vt 0.954179 0.525103
vt 0.955225 0.150134
vt 0.951105 0.152140
vt 0.959308 0.153509
vt 0.970501 0.004392
vt 0.974431 0.006891
vt 0.303800 0.969609
vt 0.297569 0.967980
vt 0.292737 0.976009
vt 0.293506 0.969223
vt 0.991193 0.146866
vt 0.987860 0.139834
vt 0.988024 0.146542
vt 0.994548 0.145202
vt 0.478738 0.942734
vt 0.481822 0.941963
vt 0.473019 0.943487
vt 0.468538 0.941249
vt 0.978266 0.008205
vt 0.956104 0.160025
vt 0.958849 0.516950
vt 0.967289 0.519771
vt 0.894203 0.259546
vt 0.891258 0.263561
vt 0.889282 0.255049
vt 0.896910 0.255049
vt 0.962949 0.156827
vt 0.467629 0.937733
vt 0.475009 0.934782
vt 0.482563 0.939125
vt 0.929432 0.997503
vt 0.926067 0.999141
vt 0.926067 0.990438
vt 0.932280 0.993841
vt 0.932081 0.988934
vt 0.974680 -0.000000
vt 0.881665 0.989825
vt 0.880184 0.988125
vt 0.882742 0.986493
vt 0.879868 0.985690
vt 0.164165 0.998761
vt 0.163306 0.995840
vt 0.166132 0.997277
vt 0.165840 0.995009
vt 0.160910 0.990420
vt 0.166132 0.986725
vt 0.315813 0.988080
vt 0.319289 0.992356
vt 0.315813 0.995606
vt 0.317614 0.997169
vt 0.882388 0.984027
vt 0.885301 0.979675
vt 0.887321 0.983634
vt 0.887943 0.990329
vt 0.884872 0.994926
vt 0.879868 0.994565
vt 0.158499 0.995385
vt 0.162099 0.998791
vt 0.909848 0.119908
vt 0.909848 0.128487
vt 0.907763 0.121264
vt 0.903386 0.124640
vt 0.886641 0.255145
vt 0.889282 0.255049
vt 0.889282 0.263453
vt 0.496078 0.848277
vt 0.494538 0.850254
vt 0.494538 0.842548
vt 0.652843 0.845786
vt 0.652843 0.837318
vt 0.654402 0.844942
vt 0.774423 0.565846
vt 0.777553 0.572211
vt 0.774333 0.568110
vt 0.482563 0.934781
vt 0.485049 0.939847
vt 0.482563 0.941504
vt 0.296119 0.876110
vt 0.291663 0.872515
vt 0.296055 0.873883
vt 0.291367 0.870300
vt 0.778629 0.565726
vt 0.780449 0.570341
vt 0.296119 0.869579
vt 0.776884 0.561144
vt 0.732202 0.948884
vt 0.734652 0.951030
vt 0.732640 0.955040
vt 0.734652 0.943930
vt 0.773652 0.403708
vt 0.777470 0.409516
vt 0.771304 0.407693
vt 0.773928 0.412320
vt 0.770684 0.400189
vt 0.632543 0.992083
vt 0.630826 0.988115
vt 0.632543 0.979860
vt 0.880963 0.257630
vt 0.881693 0.262729
vt 0.994831 0.090126
vt 0.998630 0.100765
vt 0.994831 0.103395
vt 0.966375 0.083280
vt 0.970091 0.089112
vt 0.966375 0.089776
vt 0.972872 0.271431
vt 0.972872 0.265143
vt 0.976239 0.269644
vt 0.976297 0.264812
vt 0.917857 0.999125
vt 0.914937 0.993762
vt 0.919981 0.996329
vt 0.919686 0.991854
vt 0.914950 0.989187
vt 0.919981 0.988688
vt 0.770700 0.415513
vt 0.766837 0.408051
vt 0.767119 0.399093
vt 0.627204 0.980530
vt 0.627786 0.988728
vt 0.631586 0.975324
vt 0.771242 0.391505
vt 0.778972 0.390485
vt 0.772099 0.395276
vt 0.777646 0.393453
vt 0.780807 0.560277
vt 0.777441 0.557444
vt 0.782245 0.393513
vt 0.783577 0.564898
vt 0.783524 0.571452
vt 0.782131 0.579467
vt 0.198370 0.988529
vt 0.198370 0.982258
vt 0.200810 0.987438
vt 0.204700 0.994915
vt 0.629824 0.971339
vt 0.777063 0.387581
vt 0.769904 0.387635
vt 0.785151 0.557954
vt 0.777508 0.554194
vt 0.787627 0.561798
vt 0.791506 0.570768
vt 0.792704 0.576145
vt 0.764040 0.399766
vt 0.763642 0.406037
vt 0.767626 0.416145
vt 0.771690 0.420452
vt 0.773724 0.419185
vt 0.496132 0.856937
vt 0.494538 0.854998
vt 0.496132 0.850254
vt 0.654679 0.852241
vt 0.652843 0.850669
vt 0.654679 0.845786
vt 0.544197 0.754325
vt 0.545231 0.756932
vt 0.544197 0.765875
vt 0.546361 0.765189
vt 0.773811 0.589211
vt 0.775795 0.589947
vt 0.782966 0.580752
vt 0.768748 0.595933
vt 0.766554 0.590528
vt 0.777884 0.592697
vt 0.767658 0.425384
vt 0.776757 0.428385
vt 0.777489 0.422482
vt 0.762242 0.420935
vt 0.756478 0.410591
vt 0.754934 0.401391
vt 0.758205 0.393871
vt 0.763586 0.394438
vt 0.203360 0.979279
vt 0.205024 0.985669
vt 0.787085 0.581952
vt 0.752204 0.426863
vt 0.759679 0.434803
vt 0.747917 0.411889
vt 0.747350 0.400041
vt 0.748965 0.391221
vt 0.757057 0.383757
vt 0.761707 0.388578
vt 0.763942 0.378947
vt 0.774435 0.376115
vt 0.779949 0.541960
vt 0.791660 0.543586
vt 0.795314 0.546261
vt 0.802527 0.553795
vt 0.805510 0.560463
vt 0.804278 0.573787
vt 0.800161 0.584753
vt 0.797406 0.588678
vt 0.790610 0.598002
vt 0.994247 0.410370
vt 0.985398 0.410370
vt 0.987245 0.398386
vt 0.782112 0.603779
vt 0.731609 0.416199
vt 0.732167 0.400631
vt 0.741447 0.389256
vt 0.749769 0.378036
vt 0.760145 0.369411
vt 0.771055 0.358187
vt 0.811569 0.568242
vt 0.810891 0.559134
vt 0.809126 0.575233
vt 0.809320 0.584811
vt 0.805793 0.590746
vt 0.802344 0.597679
vt 0.794953 0.605498
vt 0.731393 0.433871
vt 0.742508 0.444834
vt 0.751947 0.449685
vt 0.770368 0.439529
vt 0.769908 0.453146
vt 0.790927 0.615522
vt 0.779666 0.617654
vt 0.780870 0.437469
vt 0.774953 0.355087
vt 0.785459 0.377394
vt 0.783679 0.522981
vt 0.797606 0.516921
vt 0.787409 0.520088
vt 0.807399 0.530322
vt 0.810484 0.549817
vt 0.732168 0.387230
vt 0.741893 0.371052
vt 0.732327 0.365858
vt 0.742990 0.358853
vt 0.732610 0.360445
vt 0.751410 0.357906
vt 0.756958 0.354434
vt 0.767755 0.349652
vt 0.780584 0.514339
vt 0.786404 0.512519
vt 0.795979 0.506822
vt 0.654558 0.973195
vt 0.650013 0.963244
vt 0.654558 0.961216
vt 0.799007 0.504638
vt 0.809186 0.524102
vt 0.818770 0.544301
vt 0.820397 0.553415
vt 0.820873 0.567032
vt 0.819099 0.579847
vt 0.814511 0.588021
vt 0.810307 0.594706
vt 0.805544 0.600834
vt 0.742150 0.339891
vt 0.733070 0.342244
vt 0.749972 0.339907
vt 0.756747 0.339289
vt 0.765066 0.337885
vt 0.776014 0.502815
vt 0.782607 0.501294
vt 0.788587 0.498217
vt 0.650499 0.951710
vt 0.791918 0.495816
vt 0.741473 0.332235
vt 0.742366 0.326901
vt 0.748634 0.329931
vt 0.749762 0.326222
vt 0.758155 0.323623
vt 0.763490 0.327785
vt 0.756092 0.329363
vt 0.776390 0.491479
vt 0.769288 0.493469
vt 0.766554 0.487556
vt 0.764022 0.321330
vt 0.772847 0.481945
vt 0.777779 0.487702
vt 0.732873 0.333094
vt 0.999353 0.128900
vt 0.999353 0.140912
vt 0.994548 0.132013
vt 0.786709 0.490316
vt 0.741744 0.318648
vt 0.741917 0.311633
vt 0.747525 0.319908
vt 0.745086 0.313643
vt 0.732368 0.304485
vt 0.741205 0.304552
vt 0.731393 0.312218
vt 0.745895 0.307297
vt 0.731652 0.319361
vt 0.732293 0.327605
vt 0.756769 0.317950
vt 0.754499 0.312277
vt 0.751339 0.302808
vt 0.741836 0.298383
vt 0.260255 0.960643
vt 0.270659 0.961975
vt 0.261037 0.966640
vt 0.270368 0.967436
vt 0.262561 0.976757
vt 0.270595 0.976202
vt 0.270659 0.981583
vt 0.263875 0.981828
vt 0.998975 0.914837
vt 0.997385 0.921730
vt 0.994290 0.914033
vt 0.992758 0.920648
vt 0.993994 0.927263
vt 0.998975 0.925901
vt 0.421933 0.972002
vt 0.426876 0.973734
vt 0.420533 0.979256
vt 0.425922 0.980396
vt 0.914937 0.997690
vt 0.909584 0.998668
vt 0.914937 0.989076
vt 0.908018 0.996093
vt 0.909138 0.988688
vt 0.421429 0.985795
vt 0.415359 0.976736
vt 0.416859 0.983481
vt 0.426876 0.987955
vt 0.993308 0.028325
vt 0.985938 0.026732
vt 0.991013 0.020067
vt 0.985938 0.019113
vt 0.396127 0.996629
vt 0.396127 0.987505
vt 0.401978 0.990308
vt 0.398897 0.981383
vt 0.521932 0.967937
vt 0.516672 0.968155
vt 0.520755 0.960541
vt 0.515900 0.961359
vt 0.521932 0.981009
vt 0.514138 0.976616
vt 0.514803 0.985511
vt 0.511638 0.979472
vt 0.308503 0.780262
vt 0.302330 0.779008
vt 0.308503 0.773811
vt 0.836818 0.481772
vt 0.833201 0.476630
vt 0.836818 0.474437
vt 0.977840 0.918986
vt 0.982926 0.920950
vt 0.980783 0.927716
vt 0.974073 0.931396
vt 0.974073 0.920258
vt 0.999504 0.734187
vt 0.999504 0.746633
vt 0.995935 0.737221
vt 0.995506 0.745762
vt 0.810210 0.474543
vt 0.810210 0.481794
vt 0.805046 0.479531
vt 0.775823 0.986282
vt 0.771158 0.993481
vt 0.769334 0.987717
vt 0.769334 0.977667
vt 0.776084 0.981521
vt 0.777124 0.979258
vt 0.232289 0.850568
vt 0.235873 0.858153
vt 0.229263 0.858153
vt 0.775264 0.975742
vt 0.993474 0.264396
vt 0.992668 0.271178
vt 0.985662 0.256547
vt 0.985662 0.264849
vt 0.992515 0.256939
vt 0.990508 0.253324
vt 0.872034 0.946183
vt 0.866246 0.949888
vt 0.869423 0.943933
vt 0.834608 0.443518
vt 0.836880 0.445497
vt 0.834608 0.456590
vt 0.519186 0.996776
vt 0.519186 0.985511
vt 0.522092 0.991953
vt 0.881352 0.940743
vt 0.877220 0.947099
vt 0.876146 0.939871
vt 0.881341 0.931438
vt 0.874523 0.927078
vt 0.873269 0.936652
vt 0.866185 0.941397
vt 0.869394 0.934598
vt 0.869651 0.930471
vt 0.885147 0.924889
vt 0.877782 0.924482
vt 0.872651 0.922646
vt 0.868508 0.924712
vt 0.880421 0.921623
vt 0.875983 0.918474
vt 0.866185 0.913081
vt 0.292306 0.966975
vt 0.288472 0.964158
vt 0.292599 0.958679
vt 0.289800 0.956593
vt 0.289534 0.973114
vt 0.292599 0.973689
vt 0.981687 0.650589
vt 0.972275 0.643371
vt 0.981721 0.639013
vt 0.975065 0.637410
vt 0.981295 0.631393
vt 0.974973 0.629730
vt 0.980738 0.623091
vt 0.972275 0.621125
vt 0.925810 0.270302
vt 0.925917 0.276701
vt 0.914582 0.270956
vt 0.914600 0.276701
vt 0.926601 0.264414
vt 0.914631 0.265515
vt 0.913462 0.254392
vt 0.919796 0.257058
vt 0.928221 0.258420
vt 0.992413 0.611668
vt 0.997943 0.612379
vt 0.994830 0.620983
vt 0.997943 0.620794
vt 0.818239 0.287213
vt 0.825119 0.287754
vt 0.817621 0.294259
vt 0.819774 0.298170
vt 0.825119 0.296733
vt 0.836441 0.614017
vt 0.836441 0.605039
vt 0.842316 0.611337
vt 0.842578 0.605081
vt 0.840679 0.620946
vt 0.847987 0.615130
vt 0.850388 0.604547
vt 0.943013 0.201581
vt 0.939141 0.194856
vt 0.948172 0.192707
vt 0.948346 0.199158
vt 0.941461 0.210759
vt 0.937055 0.202482
vt 0.938358 0.231100
vt 0.941661 0.224013
vt 0.949580 0.229625
vt 0.949972 0.223770
vt 0.936600 0.209316
vt 0.939337 0.217806
vt 0.169229 0.641272
vt 0.179707 0.649052
vt 0.175164 0.651211
vt 0.183688 0.655573
vt 0.950073 0.217036
vt 0.948646 0.206324
vt 0.936600 0.225136
vt 0.176893 0.657861
vt 0.180929 0.665382
vt 0.190418 0.661507
vt 0.556554 0.896911
vt 0.555226 0.903081
vt 0.550424 0.895928
vt 0.549068 0.902096
vt 0.948924 0.240851
vt 0.937818 0.241158
vt 0.546377 0.909926
vt 0.557915 0.911846
vt 0.558576 0.927765
vt 0.546377 0.924112
vt 0.570283 0.912081
vt 0.574130 0.926421
vt 0.191655 0.676862
vt 0.199002 0.670823
vt 0.207560 0.692706
vt 0.216154 0.686494
vt 0.170026 0.670683
vt 0.175183 0.667736
vt 0.179943 0.687143
vt 0.186915 0.679298
vt 0.183811 0.714782
vt 0.174715 0.694359
vt 0.193093 0.704540
vt 0.200638 0.697238
vt 0.196272 0.721310
vt 0.185218 0.723933
vt 0.208700 0.717606
vt 0.221812 0.714513
vt 0.228253 0.710439
vt 0.229387 0.720818
vt 0.224380 0.721475
vt 0.876380 0.471209
vt 0.881708 0.457412
vt 0.891884 0.480350
vt 0.595638 0.982229
vt 0.608716 0.969005
vt 0.241756 0.706843
vt 0.244224 0.700571
vt 0.873295 0.480350
vt 0.238285 0.721667
vt 0.209069 0.732001
vt 0.196930 0.734487
vt 0.231818 0.736336
vt 0.219042 0.732957
vt 0.208548 0.754957
vt 0.218722 0.755675
vt 0.201878 0.752990
vt 0.192370 0.752900
vt 0.185366 0.737557
vt 0.183284 0.750326
vt 0.182053 0.765409
vt 0.178501 0.758387
vt 0.176959 0.771708
vt 0.174137 0.764969
vt 0.172066 0.776744
vt 0.169229 0.770981
vt 0.189572 0.768703
vt 0.182856 0.773367
vt 0.198007 0.772033
vt 0.204611 0.771984
vt 0.188870 0.778042
vt 0.879781 0.962175
vt 0.879781 0.949888
vt 0.885114 0.957610
vt 0.194846 0.780742
vt 0.633083 0.951710
vt 0.650014 0.956781
vt 0.634093 0.973646
vt 0.649668 0.973646
vt 0.441204 0.992777
vt 0.441204 0.979376
vt 0.450483 0.981401
vt 0.999533 0.801969
vt 0.994274 0.800705
vt 0.999533 0.791871
vt 0.994016 0.792067
vt 0.797732 0.998673
vt 0.790737 0.998110
vt 0.797732 0.988133
vt 0.790586 0.987995
vt 0.009062 0.928073
vt 0.021238 0.927236
vt 0.010674 0.938417
vt 0.020667 0.937097
vt 0.020260 0.948243
vt 0.009599 0.942615
vt 0.009585 0.947172
vt 0.020285 0.951687
vt 0.000355 0.940721
vt -0.000000 0.929982
vt 0.001211 0.946777
vt 0.000921 0.949678
vt 0.169140 0.996911
vt 0.166132 0.996911
vt 0.168381 0.986725
vt 0.010167 0.954585
vt 0.000719 0.955349
vt 0.018724 0.955349
vt 0.528057 0.956379
vt 0.538897 0.956379
vt 0.531481 0.965851
vt 0.540289 0.965755
vt 0.540097 0.974344
vt 0.530509 0.972774
vt 0.415359 0.997864
vt 0.418666 0.987955
vt 0.423297 0.997864
vt 0.522331 0.958370
vt 0.522960 0.965483
vt 0.522655 0.972402
vt 0.966126 0.310721
vt 0.972918 0.313551
vt 0.966700 0.321300
vt 0.971171 0.323091
vt 0.978480 0.322955
vt 0.979432 0.314520
vt 0.967920 0.328249
vt 0.971922 0.329218
vt 0.978420 0.328967
vt 0.975227 0.336034
vt 0.972053 0.335164
vt 0.979432 0.334714
vt 0.123257 0.935220
vt 0.123255 0.912452
vt 0.134307 0.923479
vt 0.143718 0.928383
vt 0.133123 0.943239
vt 0.123255 0.942797
vt 0.144273 0.943499
vt 0.147717 0.943429
vt 0.523725 0.932133
vt 0.522016 0.923837
vt 0.525996 0.923837
vt 0.177696 0.974478
vt 0.176108 0.985036
vt 0.169229 0.974725
vt 0.169229 0.984441
vt 0.784671 0.463123
vt 0.779390 0.463541
vt 0.780493 0.453146
vt 0.170131 0.992251
vt 0.779774 0.472829
vt 0.784885 0.471454
vt 0.779390 0.479057
vt 0.785276 0.477038
vt 0.940422 0.052231
vt 0.942956 0.046975
vt 0.947368 0.052746
vt 0.947977 0.046339
vt 0.946153 0.059927
vt 0.940418 0.059237
vt 0.936237 0.050849
vt 0.935970 0.059378
vt 0.934168 0.048289
vt 0.932900 0.059443
vt 0.941853 0.066582
vt 0.946660 0.064371
vt 0.937549 0.066049
vt 0.934010 0.066176
vt 0.947977 0.071563
vt 0.942958 0.072379
vt 0.939271 0.072438
vt 0.935858 0.072611
vt 0.943913 0.094770
vt 0.826105 0.611374
vt 0.820873 0.604547
vt 0.836441 0.604547
vt 0.828389 0.620971
vt 0.099395 0.925750
vt 0.106861 0.932196
vt 0.099395 0.936426
vt 0.106554 0.939704
vt 0.574130 0.897756
vt 0.582609 0.895928
vt 0.578496 0.907653
vt 0.584126 0.904046
vt 0.585510 0.915614
vt 0.578866 0.915979
vt 0.848888 0.410303
vt 0.842698 0.417757
vt 0.843331 0.405206
vt 0.836974 0.413476
vt 0.853210 0.264308
vt 0.859765 0.253543
vt 0.859765 0.265469
vt 0.838732 0.400010
vt 0.851528 0.418933
vt 0.591847 0.913972
vt 0.582423 0.921350
vt 0.579361 0.921554
vt 0.591013 0.921785
vt 0.712964 0.913511
vt 0.712714 0.907079
vt 0.715570 0.913536
vt 0.715750 0.907875
vt 0.585936 0.926523
vt 0.580712 0.925533
vt 0.715488 0.920862
vt 0.712714 0.920789
vt 0.582538 0.934928
vt 0.579053 0.931058
vt 0.579348 0.937653
vt 0.577655 0.933973
vt 0.575146 0.941706
vt 0.574235 0.937383
vt 0.574130 0.933853
vt 0.713808 0.925126
vt 0.969972 0.741398
vt 0.969972 0.747403
vt 0.965762 0.741081
vt 0.966296 0.746627
vt 0.856210 0.434549
vt 0.848874 0.445967
vt 0.849249 0.434928
vt 0.585394 0.937849
vt 0.580501 0.942142
vt 0.840737 0.462206
vt 0.840201 0.459005
vt 0.845898 0.453982
vt 0.843724 0.451365
vt 0.860758 0.422897
vt 0.852538 0.426260
vt 0.861337 0.413898
vt 0.856414 0.402634
vt 0.852599 0.399819
vt 0.852169 0.391001
vt 0.712714 0.905213
vt 0.715583 0.884926
vt 0.715583 0.907079
vt 0.845723 0.463028
vt 0.851185 0.454949
vt 0.856842 0.447043
vt 0.863186 0.435782
vt 0.865340 0.425158
vt 0.866086 0.415344
vt 0.963136 0.835301
vt 0.959512 0.834847
vt 0.960612 0.817728
vt 0.862364 0.401207
vt 0.836974 0.480335
vt 0.755837 0.988237
vt 0.760218 0.990383
vt 0.755837 0.998347
vt 0.759566 0.997466
vt 0.860552 0.397880
vt 0.961742 0.811613
vt 0.955260 0.805259
vt 0.960948 0.802056
vt 0.871490 0.418145
vt 0.870292 0.428644
vt 0.867598 0.438836
vt 0.861346 0.451157
vt 0.965519 0.820469
vt 0.968285 0.836373
vt 0.967168 0.811035
vt 0.968285 0.803436
vt 0.437573 0.978662
vt 0.437201 0.988027
vt 0.427550 0.982434
vt 0.429794 0.988960
vt 0.437573 0.974835
vt 0.428876 0.977807
vt 0.324544 0.981050
vt 0.319665 0.979710
vt 0.325405 0.970508
vt 0.319326 0.969995
vt 0.320264 0.989444
vt 0.325405 0.989974
vt 0.975667 0.854574
vt 0.976099 0.836889
vt 0.982072 0.849183
vt 0.983700 0.838167
vt 0.982531 0.856166
vt 0.975416 0.858765
vt 0.975512 0.861694
vt 0.983700 0.859834
vt 0.976594 0.868529
vt 0.983283 0.865790
vt 0.992679 0.748018
vt 0.991078 0.760625
vt 0.985498 0.748839
vt 0.984898 0.758360
vt 0.427550 0.998806
vt 0.432297 0.988959
vt 0.434091 0.998806
vt 0.462540 0.912306
vt 0.457435 0.899293
vt 0.461633 0.901117
vt 0.456745 0.889464
vt 0.460755 0.893110
vt 0.458300 0.881000
vt 0.462540 0.886283
vt 0.986733 0.769285
vt 0.992679 0.770021
vt 0.954711 0.913992
vt 0.954818 0.918325
vt 0.946672 0.919246
vt 0.946568 0.922377
vt 0.951800 0.893427
vt 0.956087 0.893745
vt 0.961664 0.894317
vt 0.960955 0.911993
vt 0.960639 0.916179
vt 0.955303 0.922121
vt 0.960688 0.919110
vt 0.956123 0.931458
vt 0.961664 0.925961
vt 0.308650 0.877047
vt 0.305025 0.885871
vt 0.300993 0.878562
vt 0.298770 0.885914
vt 0.303255 0.896807
vt 0.308650 0.899413
vt 0.302724 0.910991
vt 0.986156 0.950956
vt 0.992840 0.959176
vt 0.986156 0.960278
vt 0.295752 0.895003
vt 0.296146 0.911141
vt 0.296310 0.922736
vt 0.303238 0.919661
vt 0.299672 0.931248
vt 0.304763 0.927918
vt 0.968514 0.075592
vt 0.966919 0.083280
vt 0.963298 0.073936
vt 0.961671 0.078919
vt 0.967117 0.068456
vt 0.963925 0.068299
vt 0.961671 0.046339
vt 0.303670 0.940501
vt 0.308260 0.938275
vt 0.973277 0.073969
vt 0.972294 0.083201
vt 0.971202 0.066187
vt 0.854396 0.510513
vt 0.842061 0.501496
vt 0.860410 0.484885
vt 0.844702 0.481945
vt 0.847021 0.515092
vt 0.839030 0.513319
vt 0.494538 0.825656
vt 0.496341 0.829425
vt 0.494538 0.834991
vt 0.854185 0.513638
vt 0.853293 0.518367
vt 0.850575 0.518328
vt 0.966126 0.350485
vt 0.966126 0.336034
vt 0.972895 0.347225
vt 0.848614 0.528033
vt 0.841606 0.528539
vt 0.836180 0.525603
vt 0.826247 0.517796
vt 0.827213 0.525847
vt 0.856132 0.524657
vt 0.852160 0.529838
vt 0.842367 0.536104
vt 0.994604 0.987616
vt 0.999068 0.993017
vt 0.994604 0.998602
vt 0.835449 0.534399
vt 0.828789 0.533050
vt 0.842044 0.546563
vt 0.848630 0.545142
vt 0.848343 0.535532
vt 0.836437 0.543136
vt 0.829371 0.540907
vt 0.951758 0.033902
vt 0.954508 0.018610
vt 0.957216 0.027326
vt 0.816531 0.994162
vt 0.820952 0.988099
vt 0.820952 0.998218
vt 0.544197 0.765875
vt 0.546296 0.769343
vt 0.544197 0.777534
vt 0.967041 0.033311
vt 0.958660 0.033412
vt 0.960963 0.027201
vt 0.340252 0.925855
vt 0.338964 0.920532
vt 0.345738 0.920543
vt 0.964532 0.026876
vt 0.843611 0.555237
vt 0.851067 0.551277
vt 0.836123 0.552094
vt 0.342306 0.934517
vt 0.348125 0.927720
vt 0.855541 0.560471
vt 0.846645 0.561271
vt 0.837728 0.558613
vt 0.838350 0.582011
vt 0.845878 0.570130
vt 0.848685 0.587173
vt 0.853911 0.576074
vt 0.857622 0.569887
vt 0.349203 0.937207
vt 0.344236 0.947631
vt 0.338964 0.943238
vt 0.860410 0.577646
vt 0.340819 0.949624
vt 0.858299 0.588232
vt 0.851594 0.598355
vt 0.841234 0.594687
vt 0.843150 0.603619
vt 0.837114 0.568646
vt 0.830145 0.547753
vt 0.831030 0.559448
vt 0.831503 0.567369
vt 0.827929 0.584179
vt 0.821686 0.573741
vt 0.402460 0.985173
vt 0.411091 0.985173
vt 0.409390 0.996664
vt 0.833661 0.604547
vt 0.904188 0.613083
vt 0.910469 0.599786
vt 0.913495 0.615491
vt 0.890716 0.607574
vt 0.902156 0.593061
vt 0.899197 0.582201
vt 0.888425 0.598876
vt 0.820873 0.561263
vt 0.471857 0.983340
vt 0.476124 0.983104
vt 0.476124 0.998219
vt 0.992701 0.209222
vt 0.992701 0.192707
vt 0.997911 0.197090
vt 0.913495 0.548041
vt 0.912800 0.553755
vt 0.898342 0.554758
vt 0.899437 0.560901
vt 0.885846 0.551455
vt 0.900444 0.550044
vt 0.886559 0.558461
vt 0.898906 0.567290
vt 0.907251 0.566155
vt 0.909604 0.560439
vt 0.823389 0.545853
vt 0.884203 0.585811
vt 0.031394 0.980366
vt 0.031394 0.994606
vt 0.023181 0.986613
vt 0.959945 0.012479
vt 0.953053 0.008168
vt 0.959322 0.008788
vt 0.685241 0.974405
vt 0.682121 0.972295
vt 0.683752 0.968150
vt 0.966013 -0.000000
vt 0.673060 0.969855
vt 0.955825 0.672911
vt 0.951260 0.665584
vt 0.959922 0.669647
vt 0.956124 0.663079
vt 0.901092 0.740275
vt 0.906524 0.744120
vt 0.902884 0.745304
vt 0.907703 0.746478
vt 0.903899 0.738995
vt 0.949352 0.652410
vt 0.954665 0.651932
vt 0.423297 0.997800
vt 0.424942 0.987955
vt 0.427065 0.997800
vt 0.957450 0.652388
vt 0.958327 0.661567
vt 0.895076 0.734319
vt 0.896271 0.740953
vt 0.967041 0.021605
vt 0.994704 0.390264
vt 0.993042 0.379620
vt 0.998723 0.382594
vt 0.597290 0.888877
vt 0.590988 0.895276
vt 0.590988 0.873401
vt 0.358813 0.926369
vt 0.350573 0.918104
vt 0.352393 0.908598
vt 0.998723 0.376707
vt 0.355624 0.935781
vt 0.951425 0.621125
vt 0.959922 0.621835
vt 0.951143 0.635240
vt 0.957100 0.633167
vt 0.955258 0.642362
vt 0.949666 0.639894
vt 0.888026 0.736572
vt 0.889822 0.734961
vt 0.948450 0.304169
vt 0.953876 0.308944
vt 0.946653 0.306597
vt 0.951963 0.310721
vt 0.945212 0.295117
vt 0.940193 0.300272
vt 0.937600 0.291146
vt 0.944494 0.287654
vt 0.889428 0.725302
vt 0.952950 0.300114
vt 0.693104 0.955665
vt 0.686212 0.979418
vt 0.686212 0.957195
vt 0.995722 0.310323
vt 0.989774 0.297149
vt 0.995722 0.292395
vt 0.937930 0.281760
vt 0.943251 0.281349
vt 0.950970 0.293587
vt 0.951729 0.285466
vt 0.953876 0.277047
vt 0.894454 0.706741
vt 0.888026 0.708694
vt 0.891043 0.700389
vt 0.896483 0.714579
vt 0.888243 0.718119
vt 0.900897 0.725478
vt 0.902514 0.732697
vt 0.899707 0.706099
vt 0.905548 0.714245
vt 0.907973 0.724530
vt 0.908778 0.732385
vt 0.913063 0.711104
vt 0.986156 0.958157
vt 0.978664 0.945899
vt 0.985949 0.947060
vt 0.915652 0.722894
vt 0.916250 0.730925
vt 0.913361 0.739256
vt 0.912565 0.742853
vt 0.683666 0.961407
vt 0.679956 0.958128
vt 0.685241 0.954787
vt 0.909848 0.128547
vt 0.914978 0.119908
vt 0.915550 0.128547
vt 0.677430 0.951576
vt 0.673535 0.958292
vt 0.669293 0.959777
vt 0.796945 0.287213
vt 0.795346 0.298299
vt 0.786400 0.290684
vt 0.786590 0.298299
vt 0.943018 0.276561
vt 0.937190 0.278136
vt 0.945115 0.272001
vt 0.986156 0.931458
vt 0.976954 0.935468
vt 0.688558 0.977221
vt 0.696327 0.973686
vt 0.699974 0.953715
vt 0.570054 0.996058
vt 0.570054 0.980009
vt 0.574113 0.982960
vt 0.984529 0.334399
vt 0.984529 0.343226
vt 0.979432 0.341291
vt 0.205060 0.999467
vt 0.205060 0.989236
vt 0.212147 0.993161
vt 0.212218 0.987406
vt 0.810210 0.474543
vt 0.815652 0.474543
vt 0.811159 0.481226
vt 0.815270 0.481363
vt 0.723229 0.985512
vt 0.724444 0.996584
vt 0.721145 0.985314
vt 0.715863 0.996584
vt 0.962490 0.477688
vt 0.957664 0.481030
vt 0.957664 0.473214
vt 0.993821 0.562724
vt 0.990561 0.556415
vt 0.993821 0.554597
vt 0.644570 0.999378
vt 0.639697 0.995709
vt 0.644570 0.990591
vt 0.641360 0.988417
vt 0.981573 0.699882
vt 0.987830 0.698537
vt 0.981573 0.721847
vt 0.989452 0.717685
vt 0.748534 0.988237
vt 0.749065 0.974622
vt 0.760236 0.985747
vt 0.760236 0.972553
vt 0.608380 0.996375
vt 0.605005 0.995644
vt 0.608380 0.982229
vt 0.604471 0.983996
vt 0.836916 0.430249
vt 0.836916 0.443518
vt 0.835117 0.437551
vt 0.834608 0.442542
vt 0.961671 0.083280
vt 0.966375 0.084841
vt 0.961671 0.089329
vt 0.654679 0.853866
vt 0.653116 0.858688
vt 0.653116 0.852241
vt 0.997949 0.720384
vt 0.994763 0.712419
vt 0.997949 0.711104
vt 0.972895 0.342985
vt 0.972895 0.336034
vt 0.975488 0.342471
vt 0.820171 0.128792
vt 0.820171 0.123794
vt 0.821744 0.124614
vt 0.338857 0.988061
vt 0.336022 0.986183
vt 0.338857 0.975248
vt 0.998969 0.523682
vt 0.994660 0.527143
vt 0.997296 0.521397
vt 0.544223 0.852909
vt 0.546356 0.848102
vt 0.546356 0.853577
vt 0.994660 0.515116
vt 0.834608 0.467395
vt 0.836709 0.469594
vt 0.834608 0.473593
vt 0.934546 0.822653
vt 0.932308 0.834793
vt 0.922922 0.823870
vt 0.922922 0.836715
vt 0.820915 0.474543
vt 0.818776 0.480957
vt 0.815652 0.476019
vt 0.815652 0.481366
vt 0.907922 0.986147
vt 0.907922 0.999295
vt 0.904192 0.995601
vt 0.345894 0.990825
vt 0.349129 0.988876
vt 0.349129 0.997820
vt 0.908321 0.907764
vt 0.896060 0.907666
vt 0.901801 0.905713
vt 0.916414 0.862917
vt 0.907158 0.865878
vt 0.903956 0.836889
vt 0.896060 0.857823
vt 0.921407 0.875602
vt 0.912042 0.875657
vt 0.910879 0.887672
vt 0.921508 0.887170
vt 0.914940 0.899316
vt 0.908977 0.895497
vt 0.903666 0.902536
vt 0.680994 0.974405
vt 0.685946 0.975886
vt 0.680994 0.993798
vt 0.676845 0.992280
vt 0.669293 0.998278
vt 0.669293 0.987412
vt 0.286178 0.998620
vt 0.286178 0.987518
vt 0.292726 0.987890
vt 0.631517 0.962099
vt 0.616712 0.962181
vt 0.631517 0.947022
vt 0.616689 0.948959
vt 0.896845 0.227028
vt 0.881077 0.230587
vt 0.880984 0.223372
vt 0.899767 0.211717
vt 0.884532 0.210743
vt 0.887700 0.189412
vt 0.895375 0.191825
vt 0.888386 0.166066
vt 0.895867 0.170249
vt 0.898782 0.148948
vt 0.885981 0.150216
vt 0.880963 0.135841
vt 0.899018 0.135884
vt 0.615257 0.971339
vt 0.899767 0.128900
vt 0.930703 0.716554
vt 0.934345 0.728203
vt 0.922206 0.721366
vt 0.922465 0.729356
vt 0.920314 0.713307
vt 0.922665 0.698537
vt 0.916250 0.701234
vt 0.890076 0.242028
vt 0.899196 0.242653
vt 0.895800 0.255049
vt 0.925828 0.738735
vt 0.916250 0.746478
vt 0.992130 0.821939
vt 0.989798 0.825209
vt 0.985495 0.802056
vt 0.985495 0.824209
vt 0.060084 0.993184
vt 0.051432 0.980406
vt 0.060084 0.973293
vt 0.327660 0.961171
vt 0.331539 0.945348
vt 0.335890 0.961631
vt 0.335906 0.945074
vt 0.338852 0.975248
vt 0.325720 0.975248
vt 0.450483 0.979376
vt 0.446898 0.963872
vt 0.450483 0.949745
vt 0.443020 0.955348
vt 0.889112 0.119908
vt 0.889112 0.128900
vt 0.882249 0.121058
vt 0.880963 0.125665
vt 0.496645 0.941034
vt 0.498006 0.925633
vt 0.513874 0.935875
vt 0.513874 0.923837
vt 0.498680 0.960541
vt 0.790208 0.953104
vt 0.790208 0.980961
vt 0.786138 0.954294
vt 0.988228 0.541422
vt 0.981178 0.528882
vt 0.988228 0.515116
vt 0.094343 0.957410
vt 0.101148 0.966500
vt 0.094343 0.985065
vt 0.019831 0.985538
vt 0.019831 0.974492
vt 0.023123 0.981918
vt 0.992327 0.770627
vt 0.988719 0.778971
vt 0.988719 0.770021
vt 0.077912 0.884589
vt 0.077912 0.877002
vt 0.080326 0.881684
vt 0.372317 0.900903
vt 0.369728 0.905133
vt 0.369728 0.898166
vt 0.041121 0.990078
vt 0.041121 0.973293
vt 0.051432 0.979202
vt 0.988408 0.108353
vt 0.994604 0.124540
vt 0.988408 0.126992
vt 0.988408 0.115004
vt 0.987184 0.126992
vt 0.977111 0.112877
vt 0.977181 0.126992
vt 0.952206 0.189437
vt 0.950292 0.176877
vt 0.960974 0.180570
vt 0.951882 0.168118
vt 0.801072 0.047230
vt 0.810122 0.055707
vt 0.799149 0.064459
vt 0.965710 0.190033
vt 0.790128 0.046570
vt 0.795878 0.073699
vt 0.782230 0.057307
vt 0.802082 0.081356
vt 0.806110 0.070201
vt 0.954726 0.160025
vt 0.965710 0.173914
vt 0.810122 0.090356
vt 0.800019 0.088314
vt 0.806946 0.097041
vt 0.801659 0.107183
vt 0.795037 0.097130
vt 0.786317 0.109229
vt 0.781418 0.099781
vt 0.788795 0.089278
vt 0.779973 0.091406
vt 0.778272 0.081525
vt 0.780115 0.070190
vt 0.793150 0.079778
vt 0.780174 0.048446
vt 0.936251 0.876363
vt 0.933110 0.893427
vt 0.932386 0.868726
vt 0.772944 0.066315
vt 0.934572 0.860284
vt 0.945951 0.871707
vt 0.940866 0.883326
vt 0.946329 0.863167
vt 0.946376 0.853338
vt 0.935144 0.850992
vt 0.940080 0.842191
vt 0.932386 0.842693
vt 0.934460 0.836889
vt 0.777631 0.109228
vt 0.768466 0.850358
vt 0.765944 0.854543
vt 0.754487 0.852194
vt 0.796223 0.119556
vt 0.783446 0.114585
vt 0.755594 0.047364
vt 0.765867 0.050314
vt 0.757324 0.060542
vt 0.765913 0.063254
vt 0.758362 0.076017
vt 0.768620 0.075909
vt 0.760682 0.086280
vt 0.771161 0.084359
vt 0.772967 0.094721
vt 0.762237 0.098517
vt 0.766507 0.110640
vt 0.775313 0.105328
vt 0.749682 0.861816
vt 0.741131 0.857476
vt 0.749235 0.850083
vt 0.759521 0.863365
vt 0.774918 0.121744
vt 0.788073 0.128900
vt 0.731945 0.062776
vt 0.732324 0.048911
vt 0.731393 0.077944
vt 0.731915 0.089001
vt 0.733143 0.100545
vt 0.735341 0.113715
vt 0.744929 0.893138
vt 0.734732 0.887271
vt 0.756902 0.898433
vt 0.772667 0.859982
vt 0.772667 0.905762
vt 0.785382 0.000000
vt 0.792847 0.012047
vt 0.778618 0.017353
vt 0.769917 0.007667
vt 0.769970 0.026944
vt 0.781529 0.024855
vt 0.793702 0.026324
vt 0.793511 0.034751
vt 0.805317 0.031037
vt 0.761113 0.029005
vt 0.753409 0.031439
vt 0.731836 0.032805
vt 0.753118 0.023440
vt 0.731505 0.024590
vt 0.759481 0.019524
vt 0.845691 0.324661
vt 0.850731 0.339141
vt 0.836974 0.348961
vt 0.850180 0.346620
vt 0.849037 0.367829
vt 0.860477 0.319277
vt 0.855843 0.309734
vt 0.863097 0.333506
vt 0.864016 0.343481
vt 0.865802 0.365497
vt 0.867086 0.371075
vt 0.873006 0.391001
vt 0.864392 0.298383
vt 0.870976 0.311567
vt 0.873819 0.327243
vt 0.876925 0.341701
vt 0.876925 0.364143
vt 0.961688 0.547305
vt 0.969130 0.550736
vt 0.961688 0.563515
vt 0.875620 0.371707
vt 0.935439 0.237770
vt 0.932286 0.254392
vt 0.926166 0.240750
vt 0.875948 0.379826
vt 0.914987 0.231146
vt 0.992849 0.748018
vt 0.999232 0.759545
vt 0.992679 0.761519
vt 0.998492 0.748018
vt 0.991699 0.374111
vt 0.999163 0.364376
vt 0.999163 0.376490
vt 0.654939 0.939733
vt 0.652138 0.947627
vt 0.652138 0.932312
vt 0.913462 0.214482
vt 0.936600 0.229658
vt 0.924443 0.207318
vt 0.934311 0.213042
vt 0.936600 0.192707
vt 0.079510 0.843455
vt 0.073330 0.861429
vt 0.061746 0.851592
vt 0.062402 0.863688
vt 0.065606 0.872024
vt 0.052148 0.869063
vt 0.056629 0.850887
vt 0.060660 0.839887
vt 0.058798 0.829193
vt 0.074322 0.813028
vt 0.061905 0.819653
vt 0.058876 0.811863
vt 0.060715 0.803614
vt 0.067788 0.785725
vt 0.058840 0.784674
vt 0.545898 0.956380
vt 0.522331 0.942818
vt 0.545898 0.932349
vt 0.183281 0.974478
vt 0.169229 0.958750
vt 0.183281 0.945532
vt 0.985398 0.376707
vt 0.993042 0.380093
vt 0.985398 0.398386
vt 0.041121 0.817526
vt 0.041121 0.848341
vt 0.041445 0.858540
vt 0.046636 0.873298
vt 0.054081 0.877002
vt 0.932900 0.096357
vt 0.940481 0.106335
vt 0.933511 0.108896
vt 0.949558 0.094770
vt 0.951500 0.106485
vt 0.943766 0.114870
vt 0.934664 0.118336
vt 0.946040 0.127842
vt 0.932900 0.126243
vt 0.123255 0.846323
vt 0.121483 0.854288
vt 0.113390 0.854629
vt 0.109880 0.822598
vt 0.123194 0.790279
vt 0.120195 0.820947
vt 0.108852 0.791847
vt 0.123255 0.763088
vt 0.109245 0.767146
vt 0.825873 0.849821
vt 0.865061 0.861541
vt 0.828782 0.873611
vt 0.865320 0.876011
vt 0.825873 0.906088
vt 0.861753 0.906503
vt 0.080719 0.778874
vt 0.080332 0.801842
vt 0.082725 0.831038
vt 0.087782 0.864071
vt 0.588043 0.973508
vt 0.574130 0.969434
vt 0.587068 0.944938
vt 0.574130 0.942142
vt 0.899564 0.033947
vt 0.894449 0.065780
vt 0.886271 0.037769
vt 0.883655 0.066321
vt 0.883655 0.015780
vt 0.894929 0.016175
vt 0.890445 0.000000
vt 0.990856 0.045647
vt 0.983812 0.032020
vt 0.990856 0.028590
vt 0.980989 0.039041
vt 0.219867 0.804188
vt 0.205743 0.802271
vt 0.221880 0.786251
vt 0.208762 0.783946
vt 0.188917 0.803241
vt 0.197314 0.780742
vt 0.175533 0.799047
vt 0.185397 0.781906
vt 0.912486 0.011447
vt 0.169229 0.780742
vt 0.908965 0.034801
vt 0.912397 0.027463
vt 0.915973 0.021176
vt 0.174338 0.815573
vt 0.170943 0.808479
vt 0.185913 0.821727
vt 0.177173 0.821054
vt 0.790586 0.987335
vt 0.790586 0.968334
vt 0.797985 0.987995
vt 0.800330 0.981424
vt 0.202265 0.814286
vt 0.195948 0.816378
vt 0.207908 0.817511
vt 0.994487 0.316983
vt 0.987725 0.328763
vt 0.987725 0.310721
vt 0.210898 0.820491
vt 0.077912 0.890290
vt 0.075366 0.910999
vt 0.073032 0.889305
vt 0.042777 0.916490
vt 0.069642 0.884892
vt 0.041121 0.897816
vt 0.041697 0.877002
vt 0.071859 0.877002
vt 0.192887 0.822717
vt 0.188886 0.858359
vt 0.542344 0.513178
vt 0.546377 0.517024
vt 0.542344 0.554726
vt 0.173894 0.827618
vt 0.169741 0.829872
vt 0.174553 0.853010
vt 0.974073 0.914113
vt 0.961664 0.927466
vt 0.961664 0.893427
vt 0.597305 0.873401
vt 0.590988 0.850603
vt 0.597305 0.843595
vt 0.913779 0.039781
vt 0.965884 0.620392
vt 0.974507 0.600927
vt 0.979006 0.611744
vt 0.965884 0.594332
vt 0.460184 0.709988
vt 0.476314 0.710918
vt 0.460898 0.727938
vt 0.477122 0.726890
vt 0.480763 0.736967
vt 0.459591 0.742237
vt 0.459982 0.758042
vt 0.474791 0.755078
vt 0.473207 0.770683
vt 0.460388 0.773236
vt 0.474709 0.783374
vt 0.463631 0.785981
vt 0.810283 0.416415
vt 0.798970 0.414934
vt 0.809337 0.400594
vt 0.800206 0.399378
vt 0.802524 0.370080
vt 0.809270 0.372081
vt 0.809194 0.350229
vt 0.802446 0.347937
vt 0.809994 0.331649
vt 0.802954 0.332849
vt 0.810992 0.314871
vt 0.836974 0.333506
vt 0.836802 0.316390
vt 0.836771 0.353365
vt 0.836223 0.376437
vt 0.836057 0.402776
vt 0.836223 0.416960
vt 0.434574 0.775931
vt 0.836974 0.430249
vt 0.430425 0.756046
vt 0.428510 0.742732
vt 0.427550 0.727416
vt 0.427662 0.712907
vt 0.428417 0.694394
vt 0.461465 0.694394
vt 0.987762 0.967568
vt 0.995336 0.960679
vt 0.995336 0.976619
vt 0.792835 0.363737
vt 0.794665 0.345073
vt 0.785459 0.393011
vt 0.492014 0.773523
vt 0.496521 0.788189
vt 0.479507 0.795443
vt 0.488909 0.759515
vt 0.488692 0.739686
vt 0.297362 0.816605
vt 0.308535 0.810689
vt 0.304244 0.847478
vt 0.297122 0.853142
vt 0.304235 0.869579
vt 0.288032 0.821239
vt 0.300887 0.796270
vt 0.286670 0.802101
vt 0.289040 0.786680
vt 0.304712 0.780687
vt 0.499555 0.746406
vt 0.308535 0.793834
vt 0.813662 0.298383
vt 0.836181 0.304583
vt 0.984898 0.771572
vt 0.975443 0.774444
vt 0.984898 0.748018
vt 0.976468 0.751517
vt 0.133276 0.973607
vt 0.139197 0.974222
vt 0.133276 0.989916
vt 0.137309 0.988910
vt 0.555380 0.977040
vt 0.552786 0.991690
vt 0.546377 0.977643
vt 0.546377 0.991970
vt 0.989444 0.672664
vt 0.989444 0.659295
vt 0.996210 0.669344
vt 0.994296 0.656642
vt 0.133341 0.970131
vt 0.798723 0.474543
vt 0.805046 0.477837
vt 0.798723 0.481514
vt 0.896879 0.621122
vt 0.893049 0.619684
vt 0.896879 0.615491
vt 0.508988 0.913883
vt 0.510077 0.902596
vt 0.519412 0.909062
vt 0.520602 0.902655
vt 0.512774 0.886047
vt 0.524312 0.889594
vt 0.526396 0.873086
vt 0.517764 0.871436
vt 0.500932 0.879092
vt 0.500640 0.889130
vt 0.501792 0.904245
vt 0.501963 0.913700
vt 0.526396 0.903599
vt 0.997902 0.090039
vt 0.993109 0.078859
vt 0.998987 0.078859
vt 0.526378 0.911423
vt 0.998082 0.621125
vt 0.998082 0.635427
vt 0.991314 0.624580
vt 0.991799 0.635070
vt 0.496645 0.903115
vt 0.498156 0.912565
vt 0.876772 0.422289
vt 0.875932 0.437838
vt 0.871490 0.427909
vt 0.871490 0.414961
vt 0.514278 0.923837
vt 0.998038 0.851311
vt 0.998038 0.863949
vt 0.991482 0.855030
vt 0.991888 0.865284
vt 0.983430 0.464104
vt 0.989695 0.466936
vt 0.985929 0.481496
vt 0.990205 0.481254
vt 0.980060 0.478643
vt 0.980060 0.463834
vt 0.709993 0.983076
vt 0.715846 0.979306
vt 0.715846 0.995774
vt 0.973559 0.995405
vt 0.973559 0.979141
vt 0.979114 0.988997
vt 0.268494 0.981828
vt 0.268494 0.995607
vt 0.261907 0.984071
vt 0.260255 0.992621
vt 0.463360 0.983104
vt 0.471857 0.986127
vt 0.463360 0.996113
vt 0.471597 0.994832
vt 0.655115 0.921508
vt 0.677368 0.921508
vt 0.655252 0.932851
vt 0.672063 0.933320
vt 0.672047 0.944197
vt 0.672527 0.951576
vt 0.657292 0.946248
vt 0.992130 0.818202
vt 0.992130 0.802056
vt 0.997637 0.813883
vt 0.990561 0.541422
vt 0.998218 0.548329
vt 0.990561 0.554597
vt 0.994115 0.448589
vt 0.999070 0.455816
vt 0.994115 0.461113
vt 0.243930 0.965342
vt 0.227950 0.967083
vt 0.240768 0.954846
vt 0.597383 0.933442
vt 0.591847 0.942142
vt 0.591847 0.924384
vt 0.242771 0.973874
vt 0.226254 0.973874
vt 0.038869 0.949014
vt 0.040902 0.962412
vt 0.023181 0.949405
vt 0.026806 0.957438
vt 0.038738 0.937671
vt 0.023970 0.939901
vt 0.040902 0.929688
vt 0.027170 0.931948
vt 0.573707 0.969474
vt 0.571721 0.980009
vt 0.561893 0.971112
vt 0.562348 0.980009
vt 0.573288 0.954674
vt 0.564983 0.957427
vt 0.990466 0.639875
vt 0.990096 0.652409
vt 0.981721 0.643040
vt 0.981721 0.655769
vt 0.491648 0.974577
vt 0.491648 0.990218
vt 0.483384 0.982552
vt 0.484509 0.992443
vt 0.190077 0.976362
vt 0.190077 0.989091
vt 0.182637 0.977114
vt 0.183274 0.988093
vt 0.179960 0.988762
vt 0.179311 0.978173
vt 0.315812 0.989192
vt 0.312361 0.998529
vt 0.308874 0.988080
vt 0.308874 0.998675
vt 0.792399 0.474543
vt 0.798723 0.474543
vt 0.795691 0.481830
vt 0.995643 0.272001
vt 0.999730 0.279296
vt 0.995643 0.283831
vt 0.999774 0.448589
vt 0.994115 0.446300
vt 0.997991 0.444627
vt 0.483079 0.998708
vt 0.476184 0.996843
vt 0.483079 0.988100
vt 0.999774 0.436954
vt 0.122946 0.948489
vt 0.122946 0.961631
vt 0.119843 0.951195
vt 0.224297 0.938348
vt 0.231757 0.940070
vt 0.225503 0.952599
vt 0.231757 0.954740
vt 0.990205 0.463834
vt 0.997078 0.468900
vt 0.990205 0.477679
vt 0.996649 0.479154
vt 0.915994 0.120701
vt 0.921298 0.119736
vt 0.916797 0.128795
vt 0.920706 0.128795
vt 0.990466 0.639875
vt 0.996584 0.643021
vt 0.990466 0.656515
vt 0.851824 0.931854
vt 0.843881 0.919546
vt 0.849165 0.916970
vt 0.843746 0.938881
vt 0.838547 0.923927
vt 0.833198 0.911773
vt 0.839959 0.909021
vt 0.825873 0.935957
vt 0.826349 0.924080
vt 0.827664 0.913730
vt 0.825873 0.906503
vt 0.833507 0.907077
vt 0.093538 0.941091
vt 0.086258 0.926748
vt 0.099395 0.925750
vt 0.099324 0.936151
vt 0.080332 0.935801
vt 0.087853 0.947321
vt 0.985169 0.449873
vt 0.986625 0.463642
vt 0.978534 0.449173
vt 0.979154 0.461293
vt 0.099395 0.956991
vt 0.095808 0.957410
vt 0.978566 0.436954
vt 0.986625 0.441286
vt 0.958137 0.376643
vt 0.958066 0.362303
vt 0.968268 0.372844
vt 0.970048 0.361061
vt 0.309982 0.959647
vt 0.315329 0.945074
vt 0.324205 0.962705
vt 0.322540 0.948130
vt 0.973108 0.350626
vt 0.958066 0.351175
vt 0.325720 0.969995
vt 0.308874 0.969995
vt 0.574130 0.992235
vt 0.575901 0.975383
vt 0.583274 0.991147
vt 0.583274 0.973508
vt 0.966990 0.466640
vt 0.961972 0.473214
vt 0.952785 0.461291
vt 0.966990 0.456170
vt 0.662111 0.961047
vt 0.669293 0.977886
vt 0.655115 0.968787
vt 0.965429 0.446717
vt 0.960387 0.436954
vt 0.669293 0.951576
vt 0.895318 0.962242
vt 0.895318 0.979675
vt 0.879868 0.962566
vt 0.884865 0.978399
vt 0.963591 0.931458
vt 0.976954 0.939343
vt 0.963591 0.956340
vt 0.970633 0.960679
vt 0.873492 0.686025
vt 0.888026 0.695857
vt 0.867614 0.710038
vt 0.876896 0.716195
vt 0.859007 0.705160
vt 0.866816 0.674482
vt 0.859007 0.672013
vt 0.888185 0.909581
vt 0.884825 0.885115
vt 0.896060 0.912322
vt 0.879724 0.910244
vt 0.876121 0.882740
vt 0.869676 0.913081
vt 0.866185 0.883079
vt 0.789885 0.910762
vt 0.772667 0.909709
vt 0.790208 0.886313
vt 0.778877 0.885834
vt 0.777295 0.920242
vt 0.790208 0.921042
vt 0.896060 0.840607
vt 0.889484 0.860877
vt 0.889589 0.837991
vt 0.881422 0.856520
vt 0.877977 0.866703
vt 0.887451 0.870144
vt 0.874803 0.866502
vt 0.882645 0.836889
vt 0.873714 0.854327
vt 0.968206 0.249790
vt 0.969033 0.265724
vt 0.959498 0.256906
vt 0.961897 0.269206
vt 0.969033 0.233286
vt 0.956647 0.239586
vt 0.752608 0.959834
vt 0.752608 0.940073
vt 0.760236 0.955751
vt 0.148223 0.976688
vt 0.148223 0.991843
vt 0.139213 0.990332
vt 0.818677 0.910139
vt 0.817993 0.926610
vt 0.809253 0.916083
vt 0.759326 0.972552
vt 0.192620 0.938395
vt 0.195303 0.914460
vt 0.202594 0.930914
vt 0.204630 0.910755
vt 0.894321 0.863782
vt 0.870933 0.644537
vt 0.867760 0.621125
vt 0.873659 0.625804
vt 0.869828 0.658507
vt 0.865907 0.642739
vt 0.862379 0.654347
vt 0.877850 0.672444
vt 0.880176 0.655103
vt 0.879101 0.640919
vt 0.879556 0.625849
vt 0.885368 0.667789
vt 0.003776 0.813465
vt 0.008310 0.814668
vt -0.000000 0.828118
vt 0.009766 0.800525
vt 0.018767 0.801866
vt 0.014512 0.816805
vt 0.007536 0.833040
vt 0.018112 0.843249
vt 0.025039 0.820215
vt 0.026181 0.803185
vt 0.029147 0.785465
vt 0.020033 0.786352
vt 0.028442 0.874007
vt 0.022479 0.866513
vt 0.041121 0.851810
vt 0.031707 0.847216
vt 0.010066 0.856546
vt 0.038248 0.827045
vt 0.034599 0.804847
vt 0.033793 0.786527
vt 0.782374 0.866153
vt 0.776219 0.868739
vt 0.781076 0.850083
vt 0.041121 0.802522
vt 0.040405 0.784674
vt 0.825668 0.910894
vt 0.825668 0.929463
vt 0.819426 0.944396
vt 0.823952 0.943462
vt 0.818381 0.890087
vt 0.203083 0.957789
vt 0.204630 0.952782
vt 0.410133 0.869713
vt 0.417568 0.871994
vt 0.414100 0.891464
vt 0.419701 0.891588
vt 0.417808 0.858429
vt 0.409402 0.858262
vt 0.408969 0.835266
vt 0.416642 0.836543
vt 0.420097 0.822497
vt 0.410910 0.821719
vt 0.319774 0.833761
vt 0.319181 0.855402
vt 0.315795 0.834964
vt 0.314655 0.855235
vt 0.907843 0.546527
vt 0.903748 0.548041
vt 0.902575 0.531018
vt 0.898805 0.533886
vt 0.897966 0.518227
vt 0.317747 0.869343
vt 0.319292 0.880318
vt 0.311821 0.883140
vt 0.320382 0.899968
vt 0.308874 0.901261
vt 0.315247 0.910397
vt 0.894102 0.500104
vt 0.884203 0.493470
vt 0.890257 0.487448
vt 0.912224 0.546169
vt 0.907956 0.527565
vt 0.906554 0.513786
vt 0.899590 0.495854
vt 0.896578 0.484374
vt 0.914531 0.529128
vt 0.915587 0.545224
vt 0.913649 0.515155
vt 0.910986 0.495953
vt 0.915587 0.481945
vt 0.984511 0.900252
vt 0.992968 0.893426
vt 0.992968 0.914033
vt 0.920369 0.751943
vt 0.929253 0.748018
vt 0.923740 0.769232
vt 0.931204 0.765643
vt 0.933219 0.780686
vt 0.924192 0.782166
vt 0.922985 0.809825
vt 0.935379 0.801212
vt 0.932843 0.822645
vt 0.920369 0.821098
vt 0.420476 0.908530
vt 0.413696 0.908293
vt 0.329682 0.837164
vt 0.336097 0.837161
vt 0.329252 0.854163
vt 0.335289 0.855425
vt 0.427073 0.828745
vt 0.425116 0.838689
vt 0.427073 0.863055
vt 0.425143 0.878412
vt 0.424361 0.893986
vt 0.324024 0.853799
vt 0.325400 0.837068
vt 0.857899 0.982702
vt 0.865633 0.977257
vt 0.865633 0.993815
vt 0.328646 0.901604
vt 0.328518 0.877449
vt 0.326011 0.864447
vt 0.338964 0.900926
vt 0.327622 0.911503
vt 0.338964 0.909277
vt 0.335058 0.878134
vt 0.333389 0.865714
vt 0.992413 0.594332
vt 0.997542 0.603910
vt 0.992413 0.611668
vt 0.977221 0.781667
vt 0.962609 0.800738
vt 0.969698 0.779448
vt 0.962609 0.779003
vt 0.983700 0.844332
vt 0.991482 0.836889
vt 0.991482 0.859293
vt 0.869648 0.023749
vt 0.862311 0.002974
vt 0.877581 0.018146
vt 0.871026 -0.000000
vt 0.883319 0.091539
vt 0.873248 0.092565
vt 0.883655 0.079972
vt 0.871801 0.083798
vt 0.870593 0.054831
vt 0.879370 0.052620
vt 0.868320 0.042156
vt 0.876370 0.040031
vt 0.941058 0.990301
vt 0.932386 0.991455
vt 0.941058 0.974600
vt 0.936135 0.975020
vt 0.425099 0.958751
vt 0.426876 0.972002
vt 0.420330 0.959408
vt 0.419303 0.968057
vt 0.851725 -0.000000
vt 0.858731 0.002502
vt 0.854030 0.023122
vt 0.863525 0.022329
vt 0.856336 0.046245
vt 0.393894 0.909240
vt 0.401510 0.907799
vt 0.400825 0.927640
vt 0.426876 0.941917
vt 0.853361 0.092280
vt 0.850943 0.078824
vt 0.854520 0.057724
vt 0.147717 0.934325
vt 0.147717 0.912452
vt 0.157869 0.932414
vt 0.935771 0.640448
vt 0.949352 0.621125
vt 0.947972 0.634741
vt 0.949352 0.657700
vt 0.940155 0.661181
vt 0.943190 0.671978
vt 0.023181 0.963174
vt 0.037837 0.962412
vt 0.034885 0.969437
vt 0.023181 0.980366
vt 0.393894 0.887042
vt 0.629665 0.518725
vt 0.620377 0.525400
vt 0.618641 0.509189
vt 0.609873 0.517751
vt 0.602605 0.510500
vt 0.612021 0.501686
vt 0.594711 0.503534
vt 0.610018 0.491775
vt 0.297415 0.472514
vt 0.283891 0.470215
vt 0.299476 0.457838
vt 0.287031 0.457038
vt 0.285337 0.440560
vt 0.299428 0.442666
vt 0.107147 0.667561
vt 0.114466 0.671853
vt 0.097986 0.679565
vt 0.825312 0.974235
vt 0.825312 0.992301
vt 0.821032 0.981641
vt 0.119743 0.676897
vt 0.106453 0.680160
vt 0.113952 0.685641
vt 0.131389 0.697756
vt 0.130815 0.688769
vt 0.603267 0.524779
vt 0.614531 0.529939
vt 0.595777 0.521982
vt 0.587314 0.514870
vt 0.275748 0.458778
vt 0.273872 0.474207
vt 0.274357 0.443211
vt 0.275560 0.433693
vt 0.118037 0.661725
vt 0.123844 0.665511
vt 0.137612 0.677775
vt 0.628566 0.496844
vt 0.647968 0.499494
vt 0.640089 0.510125
vt 0.651574 0.505451
vt 0.308874 0.446802
vt 0.306048 0.458900
vt 0.306667 0.470442
vt 0.621407 0.491034
vt 0.619152 0.481945
vt 0.593743 0.535886
vt 0.606130 0.539175
vt 0.264209 0.460444
vt 0.266151 0.441766
vt 0.263371 0.476479
vt 0.586632 0.529902
vt 0.263137 0.485242
vt 0.115287 0.711223
vt 0.103882 0.695823
vt 0.141158 0.662558
vt 0.130426 0.656421
vt 0.098112 0.691808
vt 0.089900 0.689467
vt 0.267517 0.433722
vt 0.122097 0.653050
vt 0.716405 0.903199
vt 0.717501 0.884440
vt 0.722201 0.901206
vt 0.008929 0.551593
vt 0.011185 0.553274
vt 0.006871 0.571016
vt 0.021021 0.554519
vt 0.012417 0.571962
vt 0.030128 0.573259
vt 0.036393 0.555726
vt 0.048129 0.558214
vt 0.040283 0.578305
vt 0.054309 0.581636
vt 0.059876 0.560738
vt 0.083422 0.565006
vt 0.072414 0.589886
vt 0.106486 0.568003
vt 0.095643 0.595261
vt 0.134693 0.576990
vt 0.119194 0.599485
vt 0.150630 0.581600
vt 0.133329 0.605865
vt 0.583526 0.676992
vt 0.591104 0.674128
vt 0.580084 0.704816
vt 0.155616 0.585593
vt 0.136689 0.608142
vt 0.598707 0.671179
vt 0.591071 0.701729
vt 0.584615 0.702721
vt 0.611608 0.667365
vt 0.598654 0.700566
vt 0.606381 0.699081
vt 0.617902 0.670498
vt 0.632485 0.674474
vt 0.619168 0.705195
vt 0.727457 0.941296
vt 0.715863 0.943929
vt 0.723906 0.918083
vt 0.715863 0.919701
vt 0.600478 0.750120
vt 0.587490 0.742604
vt 0.609918 0.727506
vt 0.594577 0.723138
vt 0.589550 0.721320
vt 0.577443 0.740846
vt 0.581690 0.723243
vt 0.565413 0.743690
vt 0.572296 0.726591
vt 0.098050 0.637310
vt 0.109517 0.620445
vt 0.111104 0.641272
vt 0.119787 0.623981
vt 0.088304 0.612482
vt 0.081486 0.631584
vt 0.066730 0.603841
vt 0.062006 0.622531
vt 0.045609 0.621628
vt 0.047019 0.598571
vt 0.029659 0.615643
vt 0.035379 0.594189
vt 0.007640 0.611155
vt 0.023248 0.589247
vt 0.008565 0.588413
vt 0.000000 0.610623
vt 0.734176 0.938874
vt 0.729547 0.914546
vt 0.635300 0.615355
vt 0.655115 0.624060
vt 0.627475 0.646427
vt 0.641898 0.653584
vt 0.965480 0.101002
vt 0.977111 0.090126
vt 0.977111 0.122915
vt 0.026607 0.528604
vt 0.014541 0.530466
vt 0.031995 0.499482
vt 0.046508 0.502468
vt 0.041990 0.529846
vt 0.061384 0.511533
vt 0.055009 0.532978
vt 0.079490 0.514366
vt 0.069035 0.536309
vt 0.092615 0.539864
vt 0.101444 0.521622
vt 0.115612 0.548584
vt 0.124641 0.531541
vt 0.145619 0.558774
vt 0.143719 0.537311
vt 0.157548 0.545269
vt 0.160289 0.566111
vt 0.170461 0.547799
vt 0.595794 0.635095
vt 0.594006 0.655486
vt 0.578937 0.642732
vt 0.582387 0.660717
vt 0.613198 0.621874
vt 0.606159 0.648655
vt 0.627855 0.615986
vt 0.619011 0.646730
vt 0.001873 0.588766
vt 0.595937 0.621757
vt 0.150833 0.532297
vt 0.130737 0.525091
vt 0.163973 0.536024
vt 0.176336 0.536702
vt 0.582159 0.619393
vt 0.594696 0.607639
vt 0.188658 0.533542
vt 0.085871 0.500864
vt 0.107733 0.507961
vt 0.107229 0.510804
vt 0.598930 0.560877
vt 0.603194 0.572521
vt 0.582706 0.577472
vt 0.592112 0.585068
vt 0.583979 0.598884
vt 0.574557 0.585886
vt 0.566893 0.600012
vt 0.579208 0.610805
vt 0.565010 0.624406
vt 0.553956 0.614946
vt 0.556306 0.634610
vt 0.548033 0.626976
vt 0.157774 0.518674
vt 0.177223 0.523461
vt 0.157039 0.527324
vt 0.552856 0.645864
vt 0.129777 0.518331
vt 0.354494 0.969852
vt 0.358731 0.949624
vt 0.358731 0.973380
vt 0.131595 0.514982
vt 0.600361 0.594507
vt 0.105377 0.513308
vt 0.562400 0.652930
vt 0.546377 0.665109
vt 0.568769 0.643046
vt 0.575450 0.632206
vt 0.020518 0.499370
vt 0.031534 0.480989
vt 0.021620 0.482124
vt 0.045618 0.484086
vt 0.072549 0.492946
vt 0.585325 0.554304
vt 0.591479 0.543282
vt 0.599890 0.548670
vt 0.043148 0.477044
vt 0.034808 0.475646
vt 0.066155 0.483792
vt 0.086274 0.489482
vt 0.105083 0.496088
vt 0.131880 0.500050
vt 0.154969 0.503993
vt 0.178823 0.508022
vt 0.200678 0.509202
vt 0.546377 0.599565
vt 0.556766 0.585635
vt 0.563091 0.575952
vt 0.577195 0.564441
vt 0.570343 0.539371
vt 0.553446 0.560011
vt 0.973108 0.343396
vt 0.981418 0.371361
vt 0.973108 0.376643
vt 0.022309 0.475128
vt 0.030961 0.454405
vt 0.021247 0.454795
vt 0.215586 0.478993
vt 0.226791 0.477568
vt 0.224509 0.505965
vt 0.214114 0.506362
vt 0.206949 0.478780
vt 0.181351 0.472877
vt 0.158982 0.468185
vt 0.132443 0.464269
vt 0.104388 0.463054
vt 0.071892 0.455776
vt 0.050318 0.454097
vt 0.037380 0.453112
vt 0.044799 0.366444
vt 0.023231 0.368096
vt 0.033391 0.325092
vt 0.023364 0.327240
vt 0.045062 0.325412
vt 0.061319 0.364345
vt 0.090781 0.366113
vt 0.058126 0.328768
vt 0.113814 0.373325
vt 0.080602 0.329112
vt 0.135434 0.378331
vt 0.100194 0.322952
vt 0.136234 0.327888
vt 0.169951 0.379584
vt 0.174183 0.346306
vt 0.185023 0.378932
vt 0.196836 0.381150
vt 0.191570 0.346495
vt 0.207810 0.381017
vt 0.205022 0.345003
vt 0.221166 0.383444
vt 0.217509 0.347615
vt 0.748348 0.473273
vt 0.731393 0.480125
vt 0.731393 0.453146
vt 0.231584 0.348826
vt 0.247403 0.350352
vt 0.238673 0.385023
vt 0.756438 0.467610
vt 0.665622 0.510911
vt 0.655115 0.493005
vt 0.691556 0.498364
vt 0.681652 0.481945
vt 0.698354 0.521546
vt 0.669977 0.525711
vt 0.701204 0.541561
vt 0.674842 0.538952
vt 0.698262 0.556814
vt 0.674742 0.549666
vt 0.702328 0.569056
vt 0.676787 0.567481
vt 0.696002 0.592174
vt 0.671930 0.579968
vt 0.681000 0.621125
vt 0.655115 0.610413
vt 0.021528 0.263157
vt 0.032756 0.260661
vt 0.022486 0.289264
vt 0.032274 0.288703
vt 0.041275 0.284175
vt 0.040107 0.260274
vt 0.051216 0.253317
vt 0.050855 0.284879
vt 0.064143 0.289462
vt 0.066386 0.254272
vt 0.082450 0.247507
vt 0.082435 0.287647
vt 0.094522 0.227993
vt 0.114888 0.268889
vt 0.169820 0.291480
vt 0.128926 0.221617
vt 0.175562 0.238281
vt 0.196192 0.301379
vt 0.198979 0.246992
vt 0.209743 0.302570
vt 0.226191 0.256270
vt 0.226754 0.304582
vt 0.258041 0.258049
vt 0.247784 0.303418
vt 0.279228 0.262155
vt 0.268434 0.306129
vt 0.722498 0.485316
vt 0.754663 0.486083
vt 0.736704 0.508680
vt 0.762656 0.508696
vt 0.766554 0.531621
vt 0.741730 0.529212
vt 0.691078 0.626107
vt 0.692971 0.651590
vt 0.676290 0.623969
vt 0.678788 0.649822
vt 0.655115 0.621125
vt 0.656085 0.649182
vt 0.029583 0.233502
vt 0.020237 0.236989
vt 0.025251 0.207167
vt 0.017575 0.211200
vt 0.037944 0.227401
vt 0.034647 0.205093
vt 0.053301 0.220300
vt 0.048325 0.197837
vt 0.069500 0.216407
vt 0.060212 0.192370
vt 0.073326 0.185744
vt 0.080155 0.210639
vt 0.099513 0.196898
vt 0.088782 0.172845
vt 0.121326 0.202722
vt 0.112269 0.172877
vt 0.139862 0.206363
vt 0.134073 0.181127
vt 0.175662 0.208260
vt 0.160264 0.185276
vt 0.183588 0.179509
vt 0.198141 0.211952
vt 0.239921 0.214640
vt 0.209248 0.179279
vt 0.258962 0.189212
vt 0.274849 0.215229
vt 0.713270 0.695317
vt 0.732868 0.706781
vt 0.715273 0.725745
vt 0.731452 0.737021
vt 0.696126 0.684826
vt 0.698301 0.721543
vt 0.678907 0.680062
vt 0.679873 0.720336
vt 0.245429 0.471537
vt 0.248159 0.440502
vt 0.259544 0.441884
vt 0.033198 0.425783
vt 0.020952 0.427131
vt 0.039418 0.427121
vt 0.049746 0.427512
vt 0.067150 0.427024
vt 0.084275 0.427212
vt 0.122872 0.430911
vt 0.138076 0.431792
vt 0.167400 0.436134
vt 0.182971 0.438086
vt 0.198957 0.439499
vt 0.214655 0.440430
vt 0.231328 0.442245
vt 0.476184 0.988100
vt 0.476184 0.964022
vt 0.483202 0.966769
vt 0.125301 0.761549
vt 0.104366 0.763088
vt 0.099961 0.719973
vt 0.084010 0.719992
vt 0.139398 0.714739
vt 0.143396 0.702145
vt 0.107032 0.718226
vt 0.139311 0.727942
vt 0.080332 0.724124
vt 0.146235 0.760009
vt 0.142537 0.687348
vt 0.192620 0.945532
vt 0.169229 0.944895
vt 0.190873 0.938579
vt 0.145595 0.676906
vt 0.147932 0.662992
vt 0.265261 0.425409
vt 0.532717 0.871436
vt 0.545898 0.879915
vt 0.526396 0.896976
vt 0.234104 0.419473
vt 0.169229 0.759199
vt 0.161310 0.726577
vt 0.158973 0.713526
vt 0.161024 0.696230
vt 0.161129 0.685661
vt 0.163287 0.673424
vt 0.169229 0.659203
vt 0.175716 0.910755
vt 0.190281 0.912575
vt 0.169229 0.911731
vt 0.530216 0.923913
vt 0.740433 0.544100
vt 0.737001 0.565089
vt 0.740376 0.574604
vt 0.734150 0.594755
vt 0.714535 0.655468
vt 0.734732 0.667324
vt 0.655115 0.680033
vt 0.609791 0.609309
vt 0.796945 0.297866
vt 0.796945 0.287213
vt 0.807464 0.287305
vt 0.152935 0.641272
vt 0.015915 0.197075
vt 0.024192 0.194797
vt 0.033040 0.191291
vt 0.935771 0.651443
vt 0.923736 0.637636
vt 0.929373 0.630684
vt 0.919031 0.621125
vt 0.913117 0.629647
vt 0.056963 0.181841
vt 0.074009 0.170295
vt 0.091849 0.158368
vt 0.116500 0.157968
vt 0.147834 0.153322
vt 0.163806 0.154728
vt 0.177519 0.153719
vt 0.198882 0.155286
vt 0.222541 0.155599
vt 0.715783 0.777937
vt 0.732769 0.786012
vt 0.698917 0.765685
vt 0.685669 0.757535
vt 0.014096 0.170332
vt 0.021891 0.168792
vt 0.030080 0.165321
vt 0.915829 0.663292
vt 0.925993 0.671801
vt 0.062634 0.143205
vt 0.038821 0.161229
vt 0.089669 0.136351
vt 0.111018 0.137910
vt 0.134554 0.136289
vt 0.154489 0.135672
vt 0.166009 0.136533
vt 0.181757 0.143826
vt 0.198214 0.146940
vt 0.220839 0.143692
vt 0.714094 0.791682
vt 0.730559 0.796370
vt 0.693851 0.784846
vt 0.683338 0.780258
vt 0.673057 0.757988
vt 0.677365 0.779155
vt 0.656146 0.700470
vt 0.661258 0.724691
vt 0.661092 0.716497
vt 0.780729 0.781361
vt 0.786708 0.754888
vt 0.789310 0.785390
vt 0.012593 0.139078
vt 0.020066 0.136116
vt 0.025841 0.133727
vt 0.036998 0.128990
vt 0.913117 0.696425
vt 0.061871 0.123336
vt 0.092403 0.119142
vt 0.116847 0.112079
vt 0.139100 0.112740
vt 0.156271 0.116720
vt 0.169607 0.125067
vt 0.184657 0.132388
vt 0.201296 0.132891
vt 0.228880 0.124390
vt 0.853298 0.664513
vt 0.846694 0.644033
vt 0.859007 0.636027
vt 0.850065 0.621125
vt 0.845090 0.685402
vt 0.836518 0.664367
vt 0.830849 0.674473
vt 0.839617 0.693890
vt 0.825873 0.677849
vt 0.834143 0.702378
vt 0.010126 0.087817
vt 0.006421 0.091923
vt 0.780729 0.825790
vt 0.018884 0.084590
vt 0.243930 0.913189
vt 0.231898 0.954846
vt 0.231898 0.906381
vt 0.029560 0.082723
vt 0.043954 0.080163
vt 0.067437 0.078214
vt 0.099678 0.080000
vt 0.136030 0.089604
vt 0.149491 0.093099
vt 0.156596 0.094681
vt 0.176767 0.099156
vt 0.194907 0.102834
vt 0.209175 0.104863
vt 0.230268 0.108839
vt 0.387976 0.958732
vt 0.400113 0.959903
vt 0.387976 0.981382
vt 0.253826 0.107574
vt 0.245199 0.119571
vt 0.857188 0.679719
vt 0.857372 0.714240
vt -0.000000 0.058175
vt 0.004454 0.056572
vt 0.018357 0.053452
vt 0.026286 0.052442
vt 0.038772 0.048093
vt 0.057407 0.048563
vt 0.077972 0.052564
vt 0.111249 0.060373
vt 0.139534 0.069526
vt 0.160572 0.073378
vt 0.175611 0.074344
vt 0.191287 0.082782
vt 0.215982 0.086656
vt 0.235328 0.090346
vt 0.258534 0.091848
vt 0.277547 0.098690
vt 0.278579 0.085470
vt 0.298608 0.084529
vt 0.298857 0.076195
vt 0.577244 0.895928
vt 0.546377 0.892172
vt 0.572671 0.879901
vt 0.546958 0.882011
vt 0.587606 0.872405
vt 0.590988 0.888242
vt 0.064408 0.015908
vt 0.057230 0.028903
vt 0.050627 0.015106
vt 0.042443 0.024976
vt 0.079751 0.018702
vt 0.076038 0.033047
vt 0.095274 0.036178
vt 0.095170 0.021677
vt 0.126707 0.041002
vt 0.124367 0.027040
vt 0.156261 0.033546
vt 0.155098 0.048297
vt 0.175082 0.054041
vt 0.173614 0.038308
vt 0.190012 0.045967
vt 0.190956 0.060314
vt 0.220571 0.066462
vt 0.215955 0.051665
vt 0.747681 0.253673
vt 0.731393 0.262606
vt 0.739617 0.236057
vt 0.240102 0.067978
vt 0.745045 0.281641
vt 0.760819 0.270491
vt 0.758009 0.293521
vt 0.771720 0.283295
vt 0.279391 0.065125
vt 0.273233 0.052565
vt 0.289961 0.059592
vt 0.778496 0.289203
vt 0.766652 0.298383
vt 0.548002 0.866631
vt 0.572316 0.863160
vt 0.040778 -0.000000
vt 0.055352 0.002271
vt 0.066459 0.003205
vt 0.080867 0.005589
vt 0.095095 0.007146
vt 0.118551 0.012159
vt 0.148254 0.018510
vt 0.168862 0.025399
vt 0.754801 0.188560
vt 0.756508 0.207074
vt 0.740329 0.197936
vt 0.737729 0.214048
vt 0.758846 0.228720
vt 0.760545 0.246439
vt 0.770878 0.262566
vt 0.779369 0.271169
vt 0.786400 0.278986
vt 0.546377 0.853368
vt 0.562893 0.848562
vt 0.101502 0.965359
vt 0.113647 0.968048
vt 0.101502 0.985207
vt 0.566786 0.843595
vt 0.980674 0.273166
vt 0.988968 0.272001
vt 0.980674 0.294520
vt 0.988178 0.291855
vt 0.825873 0.966582
vt 0.836646 0.965518
vt 0.825873 0.987436
vt 0.833576 0.986473
vt 0.461694 0.962748
vt 0.457206 0.983180
vt 0.450658 0.964634
vt 0.450658 0.985964
vt 0.765127 0.128900
vt 0.786149 0.132542
vt 0.763327 0.147659
vt 0.786400 0.147219
vt 0.756927 0.170210
vt 0.783567 0.168075
vt 0.780301 0.184439
vt 0.775742 0.202617
vt 0.777971 0.217730
vt 0.779646 0.246500
vt 0.264499 0.067039
vt 0.029177 0.029231
vt 0.849404 0.745640
vt 0.859007 0.748018
vt 0.840095 0.721329
vt 0.838807 0.742211
vt 0.694913 0.979418
vt 0.699395 0.983141
vt 0.694913 0.996055
vt 0.295684 0.068323
vt 0.908508 0.909858
vt 0.919696 0.907764
vt 0.908021 0.941302
vt 0.919696 0.937968
vt 0.900193 0.930185
vt 0.896505 0.933908
vt 0.896060 0.943073
vt 0.402460 0.941917
vt 0.419303 0.961101
vt 0.402540 0.951134
vt 0.413568 0.967831
vt 0.419303 0.946838
vt 0.980674 0.310323
vt 0.981871 0.294520
vt 0.989774 0.310323
vt 0.988740 0.294791
vt 0.986631 0.888572
vt 0.986631 0.872248
vt 0.991097 0.887481
vt 0.993154 0.872745
vt 0.907180 0.968930
vt 0.903134 0.983447
vt 0.897249 0.969068
vt 0.896060 0.983399
vt 0.519186 0.985511
vt 0.512885 0.997745
vt 0.511638 0.985511
vt 0.907180 0.986147
vt 0.986672 0.868771
vt 0.785459 0.474543
vt 0.792399 0.478014
vt 0.785459 0.481526
vt 0.893049 0.621095
vt 0.888976 0.621095
vt 0.891191 0.615491
vt 0.897170 0.110009
vt 0.898332 0.098484
vt 0.908490 0.104353
vt 0.909752 0.097777
vt 0.901269 0.081488
vt 0.913760 0.084260
vt 0.915993 0.067367
vt 0.906628 0.066321
vt 0.888324 0.075335
vt 0.888045 0.085526
vt 0.889305 0.100778
vt 0.889504 0.110355
vt 0.915982 0.098339
vt 0.997973 0.024917
vt 0.993623 0.013252
vt 0.999505 0.013252
vt 0.915993 0.106266
vt 0.511543 0.980269
vt 0.511543 0.995256
vt 0.504806 0.983969
vt 0.505294 0.994982
vt 0.883655 0.100034
vt 0.885319 0.109504
vt 0.876739 0.398697
vt 0.875875 0.414961
vt 0.871490 0.404616
vt 0.871490 0.391001
vt 0.902887 0.119736
vt 0.997990 0.836889
vt 0.997990 0.849948
vt 0.991482 0.840713
vt 0.991886 0.851311
vt 0.218653 0.967146
vt 0.225486 0.969725
vt 0.221342 0.984524
vt 0.226020 0.984095
vt 0.214940 0.981908
vt 0.214940 0.967028
vt 0.990856 0.032425
vt 0.996744 0.028590
vt 0.996744 0.045098
vt 0.382228 0.994924
vt 0.382228 0.978654
vt 0.387872 0.988576
vt 0.089170 0.979784
vt 0.089170 0.993588
vt 0.081999 0.981809
vt 0.080332 0.990361
vt 0.961688 0.554854
vt 0.958542 0.563515
vt 0.948671 0.554771
vt 0.949835 0.563195
vt 0.686213 0.927428
vt 0.708437 0.927428
vt 0.686461 0.939727
vt 0.703270 0.940024
vt 0.990769 0.695009
vt 0.990769 0.680189
vt 0.997495 0.693201
vt 0.961688 0.547307
vt 0.688670 0.953715
vt 0.703402 0.951260
vt 0.807464 0.298156
vt 0.807464 0.287213
vt 0.817621 0.287820
vt 0.994017 0.779003
vt 0.999205 0.786851
vt 0.994017 0.791871
vt 0.964482 0.884315
vt 0.948246 0.886049
vt 0.961550 0.873868
vt 0.995646 0.352204
vt 0.989634 0.361349
vt 0.989634 0.343396
vt 0.963110 0.892758
vt 0.946376 0.892758
vt 0.261933 0.960597
vt 0.247864 0.955032
vt 0.259872 0.946586
vt 0.244224 0.946614
vt 0.259752 0.934285
vt 0.245023 0.936287
vt 0.261933 0.925502
vt 0.248240 0.927537
vt 0.979442 0.143536
vt 0.977207 0.154185
vt 0.967415 0.145296
vt 0.967746 0.154185
vt 0.979135 0.128900
vt 0.970693 0.131680
vt 0.234813 0.990881
vt 0.234813 0.977859
vt 0.243832 0.986721
vt 0.244219 0.973874
vt 0.653341 0.973646
vt 0.653341 0.990017
vt 0.644640 0.982835
vt 0.645826 0.993070
vt 0.680994 0.974405
vt 0.680369 0.987412
vt 0.672947 0.975418
vt 0.673111 0.986606
vt 0.669484 0.987412
vt 0.669293 0.976620
vt 0.833510 0.988195
vt 0.829705 0.997771
vt 0.825873 0.987436
vt 0.825873 0.998098
vt 0.921298 0.122384
vt 0.927236 0.119736
vt 0.927236 0.127536
vt 0.676845 0.987412
vt 0.680881 0.994971
vt 0.676845 0.999665
vt 0.999438 0.244739
vt 0.993248 0.244739
vt 0.996457 0.241539
vt 0.121128 0.998300
vt 0.113647 0.996949
vt 0.121128 0.987507
vt 0.995725 0.233286
vt 0.772355 0.905762
vt 0.772355 0.919125
vt 0.769274 0.908133
vt 0.968059 0.295812
vt 0.980461 0.295812
vt 0.967380 0.308947
vt 0.980470 0.303970
vt 0.994115 0.454386
vt 0.987817 0.451894
vt 0.994115 0.438980
vt 0.986625 0.436954
vt 0.887943 0.979675
vt 0.894892 0.985184
vt 0.887943 0.993971
vt 0.894469 0.995782
vt 0.185057 0.995570
vt 0.189626 0.989091
vt 0.189626 0.998818
vt 0.089170 0.979784
vt 0.092616 0.988267
vt 0.089170 0.989953
vt 0.989074 0.563515
vt 0.996162 0.563515
vt 0.995576 0.579266
vt 0.908082 0.290729
vt 0.900066 0.277629
vt 0.905301 0.274947
vt 0.900027 0.297933
vt 0.894782 0.282192
vt 0.889400 0.269386
vt 0.896111 0.266548
vt 0.882033 0.294298
vt 0.882533 0.282012
vt 0.883829 0.271239
vt 0.882033 0.263683
vt 0.889741 0.264580
vt 0.783811 0.936788
vt 0.775815 0.922735
vt 0.790207 0.921042
vt 0.790128 0.931518
vt 0.769334 0.932157
vt 0.777574 0.943361
vt 0.984224 0.173734
vt 0.985712 0.187952
vt 0.977421 0.172607
vt 0.978033 0.185046
vt 0.790207 0.952496
vt 0.786284 0.953104
vt 0.977434 0.160025
vt 0.985712 0.164998
vt 0.716760 0.969748
vt 0.716230 0.955213
vt 0.727655 0.966273
vt 0.729220 0.954398
vt 0.963890 0.612683
vt 0.949156 0.609506
vt 0.961214 0.597511
vt 0.953643 0.594332
vt 0.715863 0.943930
vt 0.732202 0.943930
vt 0.965884 0.620189
vt 0.948671 0.620189
vt 0.123255 0.988561
vt 0.125203 0.971713
vt 0.133276 0.987843
vt 0.133276 0.970131
vt 0.962609 0.780920
vt 0.957563 0.787893
vt 0.948334 0.774411
vt 0.962609 0.769434
vt 0.939375 0.956488
vt 0.946529 0.974601
vt 0.932386 0.964788
vt 0.961038 0.758983
vt 0.955965 0.748018
vt 0.946529 0.946487
vt 0.930218 0.546662
vt 0.946509 0.545582
vt 0.935579 0.562290
vt 0.946509 0.563131
vt 0.912686 0.946705
vt 0.912686 0.968930
vt 0.896060 0.943073
vt 0.903880 0.966841
vt 0.871490 0.437838
vt 0.876698 0.447843
vt 0.871490 0.456632
vt 0.978332 0.868771
vt 0.978332 0.892758
vt 0.970604 0.871568
vt 0.964482 0.875494
vt 0.979442 0.135776
vt 0.987860 0.128900
vt 0.987860 0.151969
vt 0.985662 0.262504
vt 0.978592 0.257151
vt 0.985662 0.248743
vt 0.980790 0.248567
vt 0.911895 0.988688
vt 0.912715 0.973286
vt 0.918864 0.988306
vt 0.919789 0.973225
vt 0.997406 0.046339
vt 0.997406 0.063475
vt 0.993059 0.047907
vt 0.936334 0.271368
vt 0.928221 0.255250
vt 0.936334 0.254392
vt 0.190085 0.979279
vt 0.197466 0.957789
vt 0.197625 0.978679
vt 0.202043 0.958216
vt 0.204630 0.979279
vt 0.057237 0.973172
vt 0.057237 0.950023
vt 0.060996 0.955289
vt 0.908018 0.973225
vt 0.847689 0.968045
vt 0.841853 0.984625
vt 0.841312 0.965518
vt 0.836646 0.979186
vt 0.561760 0.977040
vt 0.561760 0.994277
vt 0.555380 0.983227
vt 0.547226 0.933403
vt 0.564073 0.927765
vt 0.566659 0.934126
vt 0.549815 0.943111
vt 0.566127 0.938861
vt 0.549187 0.947031
vt 0.568035 0.947818
vt 0.546377 0.954674
vt 0.567524 0.954674
vt 0.984763 0.233286
vt 0.847689 0.985473
vt 0.959922 0.687613
vt 0.961079 0.672621
vt 0.971967 0.692335
vt 0.971307 0.674939
vt 0.288472 0.968499
vt 0.270913 0.974749
vt 0.270913 0.956593
vt 0.008215 0.974492
vt 0.008215 0.992794
vt 0.000000 0.981446
vt 0.971967 0.658631
vt 0.960970 0.656642
vt 0.930218 0.481945
vt 0.938571 0.509526
vt 0.933963 0.512966
vt 0.992923 0.950956
vt 0.986156 0.945093
vt 0.992923 0.931458
vt 0.981178 0.529188
vt 0.971639 0.541422
vt 0.969195 0.533654
vt 0.964903 0.106803
vt 0.965480 0.127842
vt 0.951500 0.109559
vt 0.969195 0.516950
vt 0.971967 0.668384
vt 0.981706 0.656642
vt 0.981706 0.685500
vt 0.965480 0.090126
vt 0.944085 0.542441
vt 0.930218 0.545582
vt 0.944270 0.523700
vt 0.931794 0.529720
vt 0.978592 0.233286
vt 0.978592 0.261729
vt 0.969033 0.241351
vt 0.971116 0.264812
vt 0.468741 0.965563
vt 0.476184 0.978863
vt 0.463360 0.983104
vt 0.463360 0.964022
vt 0.205060 0.938348
vt 0.212974 0.939236
vt 0.215756 0.963250
vt 0.224297 0.960155
vt 0.977638 0.376707
vt 0.985398 0.376931
vt 0.977638 0.405156
vt 0.205060 0.967028
vt 0.595143 0.942142
vt 0.594428 0.972689
vt 0.588043 0.942610
vt 0.588043 0.973370
vt 0.519009 0.816413
vt 0.514478 0.813563
vt 0.525574 0.793820
vt 0.524159 0.802036
vt 0.530659 0.789560
vt 0.534271 0.775897
vt 0.538975 0.779563
vt 0.540776 0.761795
vt 0.544126 0.774891
vt 0.903490 0.820038
vt 0.899826 0.806767
vt 0.902250 0.789898
vt 0.919044 0.810369
vt 0.920369 0.793516
vt 0.908466 0.773499
vt 0.920299 0.773665
vt 0.510876 0.814234
vt 0.517555 0.795682
vt 0.520848 0.782245
vt 0.527170 0.761893
vt 0.532317 0.746691
vt 0.894866 0.791210
vt 0.896781 0.774723
vt 0.898159 0.758342
vt 0.507183 0.814526
vt 0.509741 0.794054
vt 0.512486 0.778860
vt 0.517558 0.764095
vt 0.522074 0.747718
vt 0.520626 0.726137
vt 0.530172 0.733277
vt 0.524516 0.709412
vt 0.894866 0.748018
vt 0.505025 0.804351
vt 0.505398 0.788540
vt 0.509026 0.771444
vt 0.507448 0.757165
vt 0.515648 0.730814
vt 0.516866 0.707606
vt 0.499556 0.809457
vt 0.502587 0.777224
vt 0.544475 0.622129
vt 0.546377 0.634705
vt 0.544475 0.661326
vt 0.499556 0.756166
vt 0.507822 0.738902
vt 0.541128 0.549006
vt 0.541128 0.513178
vt 0.542175 0.533196
vt 0.546190 0.704557
vt 0.544475 0.683374
vt 0.546190 0.661326
vt 0.510950 0.717579
vt 0.509943 0.701478
vt 0.856239 0.251529
vt 0.852530 0.249657
vt 0.853364 0.221525
vt 0.859835 0.218567
vt 0.852294 0.196201
vt 0.855497 0.192313
vt 0.852448 0.165769
vt 0.501901 0.733061
vt 0.505036 0.709141
vt 0.509925 0.694394
vt 0.544952 0.754325
vt 0.544952 0.729463
vt 0.546361 0.737592
vt 0.841480 0.253543
vt 0.837548 0.225116
vt 0.841924 0.197628
vt 0.836209 0.177394
vt 0.842834 0.156385
vt 0.856636 0.142320
vt 0.847962 0.135124
vt 0.859835 0.128900
vt 0.538899 0.631859
vt 0.536684 0.628007
vt 0.535142 0.601597
vt 0.541128 0.605056
vt 0.536985 0.572969
vt 0.825826 0.191376
vt 0.827742 0.164499
vt 0.164795 0.843298
vt 0.164795 0.807650
vt 0.168542 0.823525
vt 0.836568 0.152161
vt 0.846097 0.138220
vt 0.883416 0.116807
vt 0.880891 0.095253
vt 0.883416 0.092565
vt 0.530434 0.618298
vt 0.527211 0.596319
vt 0.527365 0.572847
vt 0.526792 0.549718
vt 0.536488 0.544753
vt 0.530998 0.532825
vt 0.538744 0.530121
vt 0.538377 0.513178
vt 0.541128 0.513671
vt 0.520479 0.621930
vt 0.516564 0.600256
vt 0.515936 0.586410
vt 0.522968 0.558478
vt 0.516743 0.542766
vt 0.520438 0.524981
vt 0.528405 0.516972
vt 0.949511 0.721271
vt 0.953233 0.722342
vt 0.951569 0.745832
vt 0.954865 0.746906
vt 0.925319 0.917632
vt 0.926184 0.895696
vt 0.929244 0.918580
vt 0.930470 0.896735
vt 0.932386 0.864806
vt 0.927736 0.863688
vt 0.928233 0.376707
vt 0.923709 0.375945
vt 0.924712 0.343371
vt 0.919853 0.342687
vt 0.924206 0.314496
vt 0.919024 0.314227
vt 0.925666 0.291131
vt 0.920113 0.291601
vt 0.928233 0.276745
vt 0.922272 0.277582
vt 0.924573 0.938156
vt 0.921508 0.917905
vt 0.928556 0.937025
vt 0.922027 0.895986
vt 0.923225 0.864026
vt 0.926379 0.836889
vt 0.921508 0.837599
vt 0.916661 0.340903
vt 0.786400 0.241024
vt 0.794249 0.263131
vt 0.790902 0.265910
vt 0.806341 0.281005
vt 0.808894 0.276495
vt 0.824231 0.287213
vt 0.825826 0.281978
vt 0.821349 0.129073
vt 0.815657 0.151798
vt 0.816887 0.128900
vt 0.812376 0.151426
vt 0.807886 0.175093
vt 0.804320 0.174689
vt 0.792250 0.208562
vt 0.796131 0.208966
vt 0.790740 0.240923
vt 0.798850 0.261436
vt 0.812412 0.272576
vt 0.818954 0.153293
vt 0.825826 0.130265
vt 0.811470 0.176723
vt 0.800031 0.210702
vt 0.795101 0.242257
vt 0.803473 0.261280
vt 0.815954 0.270300
vt 0.884751 0.430344
vt 0.888166 0.431496
vt 0.881617 0.456210
vt 0.884948 0.457412
vt 0.885809 0.405441
vt 0.889536 0.406693
vt 0.891376 0.371077
vt 0.887331 0.369743
vt 0.891885 0.336439
vt 0.887514 0.335413
vt 0.889956 0.312333
vt 0.885321 0.312551
vt 0.887506 0.298383
vt 0.882838 0.300630
vt 0.877799 0.456011
vt 0.880637 0.430188
vt 0.881305 0.405273
vt 0.882445 0.369571
vt 0.882242 0.335378
vt 0.879743 0.312835
vt 0.876925 0.301845
vt 0.876925 0.431069
vt 0.834608 0.474132
vt 0.830850 0.474437
vt 0.833604 0.451874
vt 0.877251 0.406237
vt 0.829795 0.451361
vt 0.826914 0.473056
vt 0.834608 0.430804
vt 0.830455 0.430249
vt 0.936129 0.590418
vt 0.936129 0.563547
vt 0.939511 0.590610
vt 0.940594 0.564248
vt 0.940476 0.617689
vt 0.936798 0.617481
vt 0.945184 0.564237
vt 0.943031 0.590017
vt 0.944301 0.617038
vt 0.948671 0.563515
vt 0.958689 0.746680
vt 0.957357 0.722206
vt 0.960761 0.720902
vt 0.960761 0.698537
vt 0.957041 0.699952
vt 0.952546 0.700095
vt 0.056482 0.921401
vt 0.061757 0.922309
vt 0.058201 0.948689
vt 0.061757 0.950023
vt 0.123255 0.864071
vt 0.123255 0.897327
vt 0.120029 0.894709
vt 0.049160 0.948789
vt 0.041121 0.923295
vt 0.044230 0.916490
vt 0.050105 0.925074
vt 0.053591 0.948238
vt 0.053408 0.923395
vt 0.967188 0.376727
vt 0.970417 0.377987
vt 0.966043 0.407789
vt 0.937932 0.042053
vt 0.934606 0.002459
vt 0.944914 0.000000
vt 0.942446 0.041842
vt 0.946940 0.040907
vt 0.950003 0.010365
vt 0.951758 0.014447
vt 0.974248 0.377980
vt 0.977638 0.376707
vt 0.977638 0.406127
vt 0.167844 0.807650
vt 0.164795 0.764578
vt 0.167844 0.763088
vt 0.934606 0.041484
vt 0.919406 0.481945
vt 0.926716 0.507636
vt 0.916679 0.520805
vt 0.963591 0.964547
vt 0.946568 0.964547
vt 0.946740 0.931458
vt 0.372253 0.875673
vt 0.369705 0.846513
vt 0.372253 0.833761
vt 0.935939 0.423420
vt 0.932948 0.436954
vt 0.916497 0.405169
vt 0.930218 0.549978
vt 0.928593 0.556735
vt 0.915587 0.569630
vt 0.040902 0.929688
vt 0.028970 0.920444
vt 0.040902 0.874008
vt 0.358813 0.926504
vt 0.370861 0.908598
vt 0.370861 0.956308
vt 0.932900 0.079606
vt 0.918031 0.075221
vt 0.930016 0.060770
vt 0.302232 0.697128
vt 0.308747 0.712722
vt 0.302232 0.740779
vt 0.924390 0.391772
vt 0.935939 0.376707
vt 0.970919 0.741081
vt 0.960761 0.704456
vt 0.970919 0.698537
vt 0.915994 0.119736
vt 0.915994 0.057006
vt 0.917902 0.046339
vt 0.910139 0.829876
vt 0.922467 0.833378
vt 0.928807 0.050624
vt 0.338964 0.986348
vt 0.341737 0.975386
vt 0.349129 0.974781
vt 0.346396 0.988594
vt 0.349129 0.988876
vt 0.922922 0.836857
vt 0.914410 0.822653
vt 0.123255 0.923113
vt 0.119883 0.923054
vt 0.123255 0.897327
vt 0.915587 0.482138
vt 0.850943 0.106680
vt 0.878000 0.105718
vt 0.865196 0.114754
vt 0.863975 0.124451
vt 0.864110 0.120116
vt 0.880891 0.124451
vt 0.879735 0.119861
vt 0.854962 0.092565
vt 0.877775 0.097729
vt 0.969903 0.867911
vt 0.962533 0.864545
vt 0.969794 0.853885
vt 0.964568 0.851498
vt 0.251799 0.978719
vt 0.250301 0.967215
vt 0.260052 0.979149
vt 0.256154 0.967520
vt 0.244224 0.978243
vt 0.244930 0.966878
vt 0.972942 0.272001
vt 0.973660 0.282359
vt 0.967380 0.274672
vt 0.969715 0.284253
vt 0.979406 0.275475
vt 0.978244 0.284822
vt 0.132618 0.968974
vt 0.130534 0.955864
vt 0.139213 0.964827
vt 0.135211 0.952923
vt 0.123255 0.970131
vt 0.123894 0.956684
vt 0.974838 0.863051
vt 0.973294 0.850439
vt 0.971395 0.195234
vt 0.977898 0.192707
vt 0.973286 0.207667
vt 0.977898 0.205875
vt 0.000094 0.967416
vt 0.010637 0.966795
vt 0.000000 0.974492
vt 0.010570 0.971812
vt 0.000460 0.959452
vt 0.010897 0.961146
vt 0.000000 0.955349
vt 0.010570 0.958237
vt 0.994247 0.397574
vt 0.999015 0.400614
vt 0.994247 0.408214
vt 0.997628 0.410370
vt 0.987366 0.914251
vt 0.992758 0.914033
vt 0.988064 0.923135
vt 0.991887 0.922981
vt 0.864062 0.976253
vt 0.858162 0.977257
vt 0.861049 0.964663
vt 0.856865 0.965376
vt 0.849096 0.977257
vt 0.850436 0.965375
vt 0.967463 0.199184
vt 0.970498 0.210468
vt 0.123255 0.949681
vt 0.129732 0.948881
vt 0.134294 0.946013
vt 0.240952 0.858324
vt 0.235997 0.857070
vt 0.240952 0.851854
vt 0.235873 0.850568
vt 0.976203 0.287271
vt 0.972355 0.289119
vt 0.249464 0.960926
vt 0.244224 0.960597
vt 0.255173 0.961223
vt 0.966904 0.844727
vt 0.972002 0.847055
vt 0.291367 0.869579
vt 0.291252 0.874914
vt 0.286670 0.871009
vt 0.286670 0.876308
vt 0.935010 0.563131
vt 0.934893 0.568223
vt 0.930218 0.564186
vt 0.930218 0.569252
vt 0.850445 0.958391
vt 0.856717 0.958391
vt 0.860798 0.957696
vt 0.989028 0.929880
vt 0.992758 0.929729
vt 0.985563 0.928050
vt 0.984511 0.921260
vt 0.016863 0.958150
vt 0.017181 0.960988
vt 0.016927 0.966497
vt 0.016863 0.971392
vt 0.977555 0.213261
vt 0.973056 0.215009
vt 0.971386 0.836889
vt 0.962533 0.842293
vt 0.976380 0.295812
vt 0.967380 0.291320
vt 0.980674 0.289674
vt 0.127771 0.943499
vt 0.975416 0.843693
vt 0.975805 0.221632
vt 0.971967 0.691080
vt 0.974705 0.685500
vt 0.979103 0.686858
vt 0.980987 0.690941
vt 0.981474 0.693820
vt 0.978726 0.696604
vt 0.975746 0.698329
vt 0.971967 0.697595
vt 0.854157 0.953521
vt 0.970336 0.217741
vt 0.766554 0.618627
vt 0.768872 0.620387
vt 0.766554 0.621125
vt 0.821744 0.125870
vt 0.823624 0.123794
vt 0.823624 0.127869
vt 0.130374 0.988561
vt 0.132696 0.989271
vt 0.131002 0.992591
vt 0.133276 0.991740
vt 0.130374 0.998210
vt 0.633811 0.993014
vt 0.639697 0.999217
vt 0.633083 0.999217
vt 0.639382 0.993779
vt 0.633857 0.990450
vt 0.638352 0.988417
vt 0.972872 0.265727
vt 0.972872 0.271997
vt 0.969731 0.268258
vt 0.969645 0.270541
vt 0.884203 0.619659
vt 0.884203 0.615491
vt 0.888656 0.615681
vt 0.969033 0.264812
vt 0.888976 0.620897
vt 0.810620 0.128458
vt 0.810122 0.123527
vt 0.813997 0.123527
vt 0.077928 0.884589
vt 0.080326 0.885874
vt 0.077928 0.890352
vt 0.042381 0.735303
vt 0.044564 0.737618
vt 0.039781 0.743515
vt 0.045780 0.741605
vt 0.058778 0.739076
vt 0.050378 0.743272
vt 0.056199 0.737414
vt 0.653116 0.865199
vt 0.653116 0.858688
vt 0.654580 0.859838
vt 0.496373 0.836194
vt 0.494538 0.842548
vt 0.494538 0.834991
vt 0.046935 0.729627
vt 0.046960 0.731608
vt 0.052021 0.728973
vt 0.148525 0.977535
vt 0.151469 0.982175
vt 0.149157 0.982671
vt 0.042276 0.730124
vt 0.040412 0.734579
vt 0.152525 0.976162
vt 0.045328 0.726256
vt 0.154372 0.980433
vt 0.153577 0.987352
vt 0.727366 0.993475
vt 0.724444 0.990439
vt 0.728051 0.986709
vt 0.724444 0.985314
vt 0.725880 0.998097
vt 0.372410 0.898166
vt 0.369728 0.890575
vt 0.372410 0.887291
vt 0.060212 0.745144
vt 0.056037 0.748226
vt 0.049587 0.747785
vt 0.047624 0.750445
vt 0.055899 0.751130
vt 0.063419 0.748424
vt 0.066724 0.744870
vt 0.061538 0.742281
vt 0.068984 0.738314
vt 0.063085 0.738257
vt 0.066108 0.730444
vt 0.061905 0.731574
vt 0.056350 0.728170
vt 0.061393 0.725042
vt 0.055303 0.725197
vt 0.047011 0.724018
vt 0.049427 0.726603
vt 0.157165 0.986518
vt 0.154748 0.972373
vt 0.156151 0.978088
vt 0.152949 0.968299
vt 0.150225 0.973013
vt 0.037747 0.736333
vt 0.037349 0.730332
vt 0.738827 0.952276
vt 0.734732 0.956156
vt 0.736353 0.950325
vt 0.744774 0.946403
vt 0.055201 0.721983
vt 0.048019 0.721586
vt 0.158499 0.969158
vt 0.158499 0.979228
vt 0.157243 0.965845
vt 0.031210 0.737861
vt 0.034591 0.728885
vt 0.545985 0.831860
vt 0.544223 0.828192
vt 0.545985 0.821853
vt 0.031992 0.743752
vt 0.069158 0.731266
vt 0.071449 0.736758
vt 0.069767 0.745652
vt 0.066358 0.749442
vt 0.058607 0.751850
vt 0.544373 0.799826
vt 0.544373 0.788260
vt 0.545198 0.797280
vt 0.546081 0.789087
vt 0.834608 0.457198
vt 0.836905 0.456590
vt 0.836905 0.467395
vt 0.545985 0.810425
vt 0.545985 0.821853
vt 0.544373 0.810614
vt 0.167844 0.774187
vt 0.167844 0.763088
vt 0.168953 0.763482
vt 0.058469 0.757988
vt 0.046452 0.755586
vt 0.047242 0.752171
vt 0.068841 0.755034
vt 0.502371 0.838349
vt 0.496645 0.839485
vt 0.501158 0.831315
vt 0.512701 0.833313
vt 0.510534 0.825818
vt 0.521159 0.828210
vt 0.515778 0.821916
vt 0.525883 0.822291
vt 0.521077 0.819255
vt 0.739071 0.960261
vt 0.743209 0.955626
vt 0.241239 0.858269
vt 0.241239 0.850568
vt 0.243995 0.852192
vt 0.506997 0.849487
vt 0.497890 0.852400
vt 0.519538 0.840289
vt 0.527968 0.831823
vt 0.534242 0.825481
vt 0.535994 0.817285
vt 0.747527 0.959546
vt 0.752109 0.951065
vt 0.047073 0.711751
vt 0.031917 0.713946
vt 0.037883 0.725327
vt 0.027828 0.716845
vt 0.019662 0.724544
vt 0.017188 0.731296
vt 0.021002 0.744093
vt 0.027610 0.754194
vt 0.036295 0.747311
vt 0.029946 0.757001
vt 0.037459 0.764359
vt 0.062020 0.770252
vt 0.048237 0.768894
vt 0.531071 0.854752
vt 0.540721 0.842524
vt 0.540392 0.827823
vt 0.544126 0.816413
vt 0.016147 0.998598
vt 0.016147 0.987271
vt 0.022642 0.987914
vt 0.058914 0.706754
vt 0.071830 0.714814
vt 0.057627 0.715022
vt 0.752608 0.966101
vt 0.045115 0.696245
vt 0.012049 0.739802
vt 0.011725 0.731094
vt 0.016087 0.746279
vt 0.017012 0.755365
vt 0.021829 0.760560
vt 0.026814 0.766768
vt 0.035780 0.773036
vt 0.520452 0.868880
vt 0.505962 0.871436
vt 0.496645 0.870276
vt 0.072644 0.766165
vt 0.075395 0.782931
vt 0.059580 0.784674
vt 0.047055 0.784362
vt 0.039595 0.693594
vt 0.027833 0.692025
vt 0.015516 0.704786
vt 0.011706 0.722499
vt 0.760364 0.907723
vt 0.769274 0.905762
vt 0.769225 0.923972
vt 0.080332 0.726164
vt 0.079017 0.708596
vt 0.760740 0.929092
vt 0.769034 0.936189
vt 0.760593 0.934510
vt 0.068268 0.695675
vt 0.076892 0.696944
vt 0.061537 0.692421
vt 0.048441 0.688025
vt 0.041187 0.686885
vt 0.031905 0.683735
vt 0.026616 0.681382
vt 0.012906 0.699207
vt 0.001833 0.718455
vt 0.000000 0.726828
vt 0.000390 0.739472
vt 0.004573 0.751637
vt 0.011587 0.759122
vt 0.017847 0.765189
vt 0.023276 0.770053
vt 0.768862 0.955137
vt 0.760589 0.952718
vt 0.077226 0.678567
vt 0.069725 0.678083
vt 0.062303 0.677376
vt 0.051858 0.676353
vt 0.044578 0.675947
vt 0.037503 0.673860
vt 0.033736 0.672157
vt 0.078241 0.670967
vt 0.072297 0.667919
vt 0.077997 0.665458
vt 0.072460 0.663761
vt 0.064558 0.667096
vt 0.056000 0.665601
vt 0.064041 0.660809
vt 0.049371 0.665374
vt 0.056554 0.658853
vt 0.048561 0.654297
vt 0.045257 0.661085
vt 0.761015 0.961859
vt 0.769274 0.962779
vt 0.036730 0.665294
vt 0.080031 0.656887
vt 0.075484 0.657395
vt 0.080332 0.649825
vt 0.167844 0.774187
vt 0.169196 0.780336
vt 0.167844 0.782955
vt 0.336022 0.975248
vt 0.335879 0.982375
vt 0.325720 0.975625
vt 0.325720 0.983420
vt 0.076830 0.645206
vt 0.080331 0.643171
vt 0.077881 0.651385
vt 0.904192 0.986147
vt 0.904192 0.995975
vt 0.896128 0.988512
vt 0.896060 0.997474
vt 0.066351 0.654981
vt 0.068351 0.649624
vt 0.069331 0.641272
vt 0.338964 0.992999
vt 0.345574 0.998929
vt 0.339114 0.998049
vt 0.333306 0.988874
vt 0.079665 0.976731
vt 0.071787 0.978948
vt 0.071787 0.973479
vt 0.345574 0.988876
vt 0.078995 0.987057
vt 0.072481 0.987690
vt 0.072832 0.993060
vt 0.078443 0.992288
vt 0.999106 0.077634
vt 0.994513 0.078859
vt 0.997638 0.071866
vt 0.993109 0.073372
vt 0.994256 0.066888
vt 0.999106 0.067477
vt 0.975184 0.435997
vt 0.974162 0.428804
vt 0.980249 0.434576
vt 0.979659 0.428018
vt 0.980249 0.419209
vt 0.974595 0.420908
vt 0.979964 0.411131
vt 0.974620 0.410746
vt 0.973198 0.413719
vt 0.968445 0.430273
vt 0.969885 0.422938
vt 0.994604 0.982220
vt 0.992584 0.992721
vt 0.988193 0.984690
vt 0.987762 0.993509
vt 0.987762 0.976619
vt 0.984727 0.594315
vt 0.980226 0.592800
vt 0.984727 0.585187
vt 0.932837 0.119736
vt 0.932313 0.127041
vt 0.927236 0.122245
vt 0.927236 0.127774
vt 0.965979 0.961757
vt 0.978096 0.960679
vt 0.972172 0.969597
vt 0.979307 0.966355
vt 0.963591 0.970641
vt 0.970035 0.973575
vt 0.963591 0.978380
vt 0.969814 0.979141
vt 0.962714 0.225150
vt 0.965794 0.231480
vt 0.960213 0.233194
vt 0.956308 0.223402
vt 0.956308 0.232503
vt 0.595505 0.996605
vt 0.592387 0.992939
vt 0.595505 0.986547
vt 0.813452 0.989991
vt 0.816531 0.988099
vt 0.816531 0.998105
vt 0.809253 0.993524
vt 0.017181 0.961010
vt 0.018094 0.955349
vt 0.022751 0.963159
vt 0.017181 0.971112
vt 0.022929 0.967968
vt 0.023031 0.970273
vt 0.460781 0.921514
vt 0.456745 0.912306
vt 0.463212 0.912306
vt 0.022345 0.973700
vt 0.981418 0.375436
vt 0.981418 0.369022
vt 0.991699 0.371142
vt 0.990018 0.365965
vt 0.990931 0.376490
vt 0.998599 0.293787
vt 0.995722 0.301957
vt 0.995722 0.292395
vt 0.969445 0.646368
vt 0.968948 0.653355
vt 0.967448 0.647012
vt 0.967307 0.656642
vt 0.961504 0.645950
vt 0.959922 0.638568
vt 0.967187 0.639330
vt 0.964043 0.629997
vt 0.970821 0.629125
vt 0.969795 0.637918
vt 0.972275 0.638125
vt 0.972143 0.645716
vt 0.211418 0.972753
vt 0.206021 0.971213
vt 0.208541 0.967028
vt 0.205060 0.968725
vt 0.962170 0.622747
vt 0.968033 0.625653
vt 0.210289 0.976041
vt 0.214940 0.975456
vt 0.205836 0.975274
vt 0.967226 0.621851
vt 0.971293 0.621125
vt 0.972275 0.626388
vt 0.205060 0.987406
vt 0.214306 0.978130
vt 0.652221 0.925350
vt 0.651788 0.916912
vt 0.654939 0.922288
vt 0.654238 0.914521
vt 0.654125 0.931540
vt 0.651788 0.932312
vt 0.743283 0.990177
vt 0.734732 0.994844
vt 0.734732 0.981537
vt 0.595401 0.986547
vt 0.592387 0.979619
vt 0.595401 0.973508
vt 0.833201 0.481649
vt 0.826914 0.481876
vt 0.833201 0.474437
vt 0.826923 0.475370
vt 0.986624 0.460608
vt 0.992354 0.454386
vt 0.992354 0.463708
vt 0.291927 0.939703
vt 0.291927 0.928881
vt 0.295731 0.933828
vt 0.660848 0.979214
vt 0.660177 0.990899
vt 0.655115 0.980107
vt 0.655115 0.991760
vt 0.664517 0.977886
vt 0.664249 0.990201
vt 0.854556 0.615036
vt 0.850388 0.620200
vt 0.850388 0.607103
vt 0.858867 0.604547
vt 0.860327 0.610744
vt 0.985788 0.077002
vt 0.990001 0.067173
vt 0.991355 0.077324
vt 0.993109 0.066888
vt 0.984621 0.081480
vt 0.993109 0.085221
vt 0.986478 0.087134
vt 0.968720 0.037359
vt 0.974045 0.040379
vt 0.967041 0.045273
vt 0.973161 0.045734
vt 0.974644 0.028590
vt 0.980658 0.035611
vt 0.980989 0.045734
vt 0.765038 0.474966
vt 0.767443 0.481875
vt 0.756905 0.481768
vt 0.770104 0.475996
vt 0.765469 0.466849
vt 0.756879 0.475253
vt 0.178495 0.897866
vt 0.174581 0.908339
vt 0.171268 0.899925
vt 0.169269 0.907873
vt 0.757936 0.469052
vt 0.765192 0.460869
vt 0.758799 0.459348
vt 0.764221 0.454753
vt 0.770367 0.454762
vt 0.779390 0.453146
vt 0.776358 0.459160
vt 0.772964 0.469419
vt 0.756438 0.453146
vt 0.173773 0.882791
vt 0.179309 0.892051
vt 0.169229 0.886488
vt 0.172075 0.894139
vt 0.184529 0.909152
vt 0.187563 0.898744
vt 0.994241 0.825209
vt 0.994241 0.836798
vt 0.985560 0.825458
vt 0.985495 0.831632
vt 0.188999 0.887883
vt 0.205060 0.897055
vt 0.148466 0.860539
vt 0.127011 0.866551
vt 0.137170 0.854632
vt 0.199289 0.910755
vt 0.183975 0.879870
vt 0.205060 0.885000
vt 0.199212 0.876068
vt 0.988051 0.430409
vt 0.988051 0.410746
vt 0.991762 0.429205
vt 0.994096 0.412194
vt 0.182101 0.873936
vt 0.170898 0.876628
vt 0.922024 0.950747
vt 0.932386 0.953880
vt 0.920141 0.972872
vt 0.191021 0.858359
vt 0.176391 0.866241
vt 0.172125 0.859711
vt 0.196099 0.867295
vt 0.931201 0.938156
vt 0.920141 0.942385
vt 0.126906 0.839212
vt 0.123255 0.829948
vt 0.134015 0.820787
vt 0.127533 0.814037
vt 0.144878 0.828239
vt 0.132612 0.846150
vt 0.149436 0.834326
vt 0.151325 0.824190
vt 0.147747 0.822055
vt 0.164795 0.850365
vt 0.161696 0.866347
vt 0.979307 0.960679
vt 0.987762 0.971597
vt 0.979307 0.984195
vt 0.158840 0.841907
vt 0.157538 0.825846
vt 0.138016 0.807034
vt 0.089961 0.869198
vt 0.105432 0.864071
vt 0.098575 0.874951
vt 0.156567 0.809800
vt 0.147152 0.809522
vt 0.760279 0.968621
vt 0.769274 0.962779
vt 0.769274 0.985370
vt 0.150563 0.786818
vt 0.158967 0.789354
vt 0.144963 0.786682
vt 0.085680 0.888984
vt 0.093419 0.891803
vt 0.107114 0.882186
vt 0.103174 0.894431
vt 0.097184 0.907925
vt 0.104306 0.904627
vt 0.099656 0.917158
vt 0.105682 0.913235
vt 0.102848 0.925750
vt 0.107114 0.920382
vt 0.090859 0.910742
vt 0.094787 0.917979
vt 0.082354 0.910837
vt 0.080332 0.890341
vt 0.163126 0.772488
vt 0.157463 0.770245
vt 0.087841 0.920367
vt 0.164795 0.763088
vt 0.083126 0.923287
vt 0.951527 0.435997
vt 0.952146 0.412402
vt 0.968445 0.430885
vt 0.967698 0.412402
vt 0.496645 0.980269
vt 0.504806 0.984344
vt 0.496645 0.994974
vt 1.000000 0.179556
vt 1.000000 0.188518
vt 0.994807 0.181403
vt 0.994611 0.189710
vt 0.286178 0.987518
vt 0.286178 0.997827
vt 0.279243 0.988892
vt 0.279087 0.998719
vt 0.946027 0.373889
vt 0.947315 0.362745
vt 0.958067 0.371888
vt 0.957229 0.361999
vt 0.956598 0.352060
vt 0.946139 0.358744
vt 0.945965 0.353577
vt 0.369728 0.875673
vt 0.372253 0.877000
vt 0.369728 0.887291
vt 0.937306 0.366706
vt 0.937190 0.376658
vt 0.937962 0.360013
vt 0.937533 0.356125
vt 0.999603 0.319611
vt 0.994487 0.322365
vt 0.994487 0.310721
vt 0.937190 0.350626
vt 0.999681 0.119652
vt 0.994604 0.117303
vt 0.999681 0.108353
vt 0.996268 0.108853
vt 0.916707 0.046154
vt 0.915973 0.033551
vt 0.926055 0.043819
vt 0.925547 0.033324
vt 0.934606 0.042795
vt 0.932395 0.031915
vt 0.917492 0.024171
vt 0.924581 0.022725
vt 0.931468 0.022013
vt 0.920487 0.011973
vt 0.924951 0.011615
vt 0.932108 0.013036
vt 0.922891 0.005182
vt 0.926479 0.006323
vt 0.932994 0.007242
vt 0.930694 0.000633
vt 0.927768 0.000000
vt 0.934606 0.002673
vt 0.945015 0.812626
vt 0.955251 0.802056
vt 0.955260 0.824824
vt 0.936789 0.817153
vt 0.945336 0.832419
vt 0.955260 0.832401
vt 0.935378 0.832227
vt 0.040902 0.962412
vt 0.040902 0.976815
vt 0.038107 0.976240
vt 0.983990 0.514678
vt 0.980540 0.514675
vt 0.983990 0.507065
vt 0.270659 0.960643
vt 0.262371 0.959588
vt 0.268436 0.949936
vt 0.261933 0.948495
vt 0.267545 0.938628
vt 0.262605 0.938573
vt 0.264677 0.929815
vt 0.268992 0.930710
vt 0.964960 0.692335
vt 0.969543 0.696105
vt 0.964960 0.698014
vt 0.270659 0.925502
vt 0.893280 0.918838
vt 0.885147 0.918819
vt 0.892859 0.914401
vt 0.886250 0.913081
vt 0.885475 0.925672
vt 0.892179 0.925417
vt 0.913008 0.295590
vt 0.911576 0.289175
vt 0.916569 0.292984
vt 0.915348 0.287387
vt 0.911147 0.297933
vt 0.908147 0.289569
vt 0.890914 0.932843
vt 0.885147 0.930199
vt 0.895318 0.925063
vt 0.915834 0.281481
vt 0.911753 0.283176
vt 0.908082 0.283890
vt 0.885311 0.938003
vt 0.890550 0.938950
vt 0.892807 0.938459
vt 0.893156 0.931507
vt 0.916569 0.277221
vt 0.308682 0.874121
vt 0.305866 0.877020
vt 0.305866 0.869579
vt 0.750743 0.972254
vt 0.747966 0.968091
vt 0.750743 0.966101
vt 0.994096 0.412165
vt 0.997789 0.410746
vt 0.997789 0.428739
vt 0.891662 0.962242
vt 0.950047 0.435802
vt 0.935939 0.435802
vt 0.942206 0.429972
vt 0.945701 0.420496
vt 0.372480 0.877997
vt 0.382072 0.871513
vt 0.380975 0.881122
vt 0.387744 0.877243
vt 0.390527 0.863676
vt 0.393073 0.869863
vt 0.398833 0.859661
vt 0.393542 0.856398
vt 0.401041 0.871988
vt 0.395367 0.880026
vt 0.394386 0.887042
vt 0.405982 0.862543
vt 0.301674 0.871445
vt 0.296119 0.875145
vt 0.296119 0.869580
vt 0.887232 0.740083
vt 0.887232 0.747370
vt 0.884684 0.742531
vt 0.397220 0.853701
vt 0.407184 0.855557
vt 0.545012 0.962156
vt 0.542008 0.962446
vt 0.545898 0.956380
vt 0.541855 0.957232
vt 0.401997 0.850503
vt 0.395897 0.849915
vt 0.541687 0.969085
vt 0.545598 0.968991
vt 0.399368 0.842917
vt 0.394676 0.845161
vt 0.395836 0.840071
vt 0.393249 0.842617
vt 0.391270 0.835945
vt 0.389276 0.839319
vt 0.541501 0.973560
vt 0.545440 0.973527
vt 0.545898 0.981320
vt 0.541754 0.981263
vt 0.458192 0.993751
vt 0.450658 0.997511
vt 0.450658 0.986608
vt 0.403697 0.840990
vt 0.398714 0.836307
vt 0.391714 0.832853
vt 0.252496 0.886341
vt 0.244257 0.888566
vt 0.244224 0.879967
vt 0.408969 0.846267
vt 0.256801 0.894122
vt 0.246358 0.895355
vt 0.257966 0.908772
vt 0.248399 0.906448
vt 0.246478 0.916087
vt 0.256008 0.913786
vt 0.244224 0.921903
vt 0.259686 0.922860
vt 0.372480 0.821719
vt 0.393519 0.829289
vt 0.494811 0.815785
vt 0.494909 0.805590
vt 0.498362 0.807690
vt 0.494811 0.795443
vt 0.499556 0.799060
vt 0.458639 0.985964
vt 0.982021 0.801150
vt 0.982644 0.788688
vt 0.986948 0.792522
vt 0.250426 0.877047
vt 0.256474 0.884577
vt 0.261343 0.893214
vt 0.264801 0.909913
vt 0.265436 0.916128
vt 0.266326 0.925502
vt 0.266262 0.891817
vt 0.260339 0.881751
vt 0.977221 0.788085
vt 0.978061 0.779003
vt 0.977221 0.801155
vt 0.269159 0.906910
vt 0.270913 0.916322
vt 0.836335 0.997940
vt 0.833510 0.992538
vt 0.836335 0.987436
vt 0.458639 0.997677
vt 0.458639 0.985964
vt 0.463258 0.992196
vt 0.368475 0.988879
vt 0.358813 0.986432
vt 0.368475 0.980084
vt 0.361314 0.980375
vt 0.368341 0.992590
vt 0.359936 0.990685
vt 0.999394 0.976619
vt 0.997492 0.986586
vt 0.994604 0.976936
vt 0.994604 0.987616
vt 0.964960 0.692335
vt 0.961095 0.698092
vt 0.959922 0.692335
vt 0.988603 0.594168
vt 0.984727 0.594168
vt 0.988594 0.585187
vt 0.985423 0.214391
vt 0.991716 0.222080
vt 0.985423 0.232112
vt 0.993074 0.233049
vt 0.992349 0.215514
vt 0.965794 0.223402
vt 0.968908 0.224096
vt 0.965794 0.233118
vt 0.990326 0.331323
vt 0.991478 0.340340
vt 0.987724 0.332841
vt 0.987724 0.341309
vt 0.996479 0.328763
vt 0.996314 0.336823
vt 0.989634 0.365965
vt 0.981918 0.363627
vt 0.987885 0.353323
vt 0.981418 0.354714
vt 0.978592 0.262504
vt 0.985504 0.263645
vt 0.978636 0.271941
vt 0.984636 0.271941
vt 0.951397 0.223402
vt 0.956308 0.224903
vt 0.950073 0.232448
vt 0.954834 0.231864
vt 0.951221 0.241047
vt 0.956308 0.238916
vt 0.983015 0.343396
vt 0.989634 0.344654
vt 0.707594 0.958661
vt 0.699974 0.953715
vt 0.708022 0.955220
vt 0.544475 0.631704
vt 0.541256 0.624709
vt 0.703054 0.978615
vt 0.707347 0.978847
vt 0.712934 0.979306
vt 0.713645 0.961600
vt 0.713645 0.958055
vt 0.951421 0.088965
vt 0.947977 0.094224
vt 0.947977 0.088248
vt 0.992773 0.770314
vt 0.998455 0.772762
vt 0.992679 0.774025
vt 0.998732 0.775762
vt 0.998731 0.766104
vt 0.961551 0.088248
vt 0.954001 0.087447
vt 0.957777 0.080157
vt 0.951260 0.080190
vt 0.955058 0.069055
vt 0.954581 0.056074
vt 0.961671 0.067766
vt 0.993623 -0.000000
vt 0.998829 0.001821
vt 0.993623 0.013252
vt 0.947977 0.071682
vt 0.947977 0.056308
vt 0.948758 0.046339
vt 0.955513 0.048543
vt 0.950796 0.481945
vt 0.951322 0.491051
vt 0.944270 0.483872
vt 0.946394 0.492040
vt 0.977898 0.214063
vt 0.983660 0.215906
vt 0.979496 0.221799
vt 0.985423 0.221304
vt 0.979213 0.208654
vt 0.983159 0.210585
vt 0.985423 0.192707
vt 0.953274 0.503973
vt 0.948223 0.503976
vt 0.954179 0.514615
vt 0.949165 0.513657
vt 0.951898 0.524123
vt 0.948033 0.521620
vt 0.944270 0.545101
vt 0.443020 0.949745
vt 0.443020 0.974835
vt 0.429353 0.952725
vt 0.427550 0.970828
vt 0.509725 0.978543
vt 0.496645 0.980269
vt 0.504516 0.971638
vt 0.496645 0.969906
vt 0.509170 0.970029
vt 0.511638 0.974887
vt 0.996266 0.729499
vt 0.998966 0.729797
vt 0.999242 0.734187
vt 0.500953 0.960541
vt 0.510544 0.960984
vt 0.455364 0.867990
vt 0.463360 0.878595
vt 0.450504 0.871304
vt 0.455610 0.881000
vt 0.442590 0.880995
vt 0.441918 0.873732
vt 0.119843 0.936245
vt 0.123195 0.942555
vt 0.119843 0.948489
vt 0.999242 0.720863
vt 0.995506 0.721802
vt 0.454729 0.861625
vt 0.463000 0.868974
vt 0.986631 0.868771
vt 0.984655 0.877288
vt 0.979618 0.875201
vt 0.448028 0.863776
vt 0.441991 0.867019
vt 0.452321 0.852560
vt 0.459695 0.854338
vt 0.461357 0.862853
vt 0.447522 0.856764
vt 0.441234 0.860770
vt 0.541501 0.988277
vt 0.546254 0.981320
vt 0.546254 0.996903
vt 0.983319 0.885563
vt 0.978332 0.877944
vt 0.918501 0.469300
vt 0.922851 0.473839
vt 0.916497 0.478446
vt 0.986631 0.885185
vt 0.918403 0.462693
vt 0.923976 0.469970
vt 0.452033 0.844387
vt 0.460698 0.847988
vt 0.445483 0.849188
vt 0.918015 0.452533
vt 0.924295 0.461354
vt 0.462980 0.838226
vt 0.453588 0.837844
vt 0.445752 0.843159
vt 0.440726 0.819707
vt 0.449115 0.810895
vt 0.450751 0.829322
vt 0.457103 0.821442
vt 0.462339 0.827157
vt 0.959922 0.687295
vt 0.959474 0.698166
vt 0.954257 0.688408
vt 0.954257 0.672910
vt 0.664517 0.986064
vt 0.668537 0.980873
vt 0.668537 0.996526
vt 0.463360 0.819310
vt 0.665563 0.977886
vt 0.458276 0.807799
vt 0.448995 0.798298
vt 0.440219 0.805624
vt 0.439656 0.795443
vt 0.442659 0.833063
vt 0.440785 0.855120
vt 0.439151 0.844230
vt 0.437648 0.836060
vt 0.430482 0.821221
vt 0.427550 0.834965
vt 0.101502 0.985207
vt 0.111067 0.991908
vt 0.101502 0.995481
vt 0.431379 0.800277
vt 0.686212 0.796370
vt 0.682501 0.817417
vt 0.676050 0.804168
vt 0.661709 0.815454
vt 0.673507 0.828829
vt 0.670479 0.840992
vt 0.659076 0.826902
vt 0.429752 0.847556
vt 0.669574 0.870909
vt 0.685386 0.874032
vt 0.671474 0.877165
vt 0.686212 0.882089
vt 0.684899 0.866648
vt 0.670828 0.863324
vt 0.656922 0.875569
vt 0.657979 0.865959
vt 0.670503 0.855216
vt 0.679591 0.851916
vt 0.681816 0.858805
vt 0.655115 0.839499
vt 0.279551 0.916363
vt 0.280078 0.928881
vt 0.270913 0.914704
vt 0.279671 0.908071
vt 0.276829 0.907802
vt 0.940999 0.192357
vt 0.937526 0.187885
vt 0.939665 0.186097
vt 0.290097 0.904355
vt 0.279266 0.902506
vt 0.989452 0.698537
vt 0.994399 0.699172
vt 0.989452 0.708438
vt 0.994763 0.708110
vt 0.605117 0.838090
vt 0.603256 0.831947
vt 0.606827 0.830975
vt 0.606216 0.827908
vt 0.608084 0.836900
vt 0.992712 0.718861
vt 0.401730 0.932757
vt 0.400229 0.941648
vt 0.395904 0.938875
vt 0.599729 0.829780
vt 0.597680 0.840865
vt 0.600976 0.840778
vt 0.604310 0.847411
vt 0.937526 0.178551
vt 0.950242 0.178485
vt 0.946903 0.187303
vt 0.613698 0.881079
vt 0.616161 0.894758
vt 0.604978 0.877931
vt 0.934920 0.476675
vt 0.929734 0.469538
vt 0.936228 0.455077
vt 0.984108 0.893101
vt 0.929538 0.479545
vt 0.922764 0.450583
vt 0.930214 0.447138
vt 0.916497 0.436954
vt 0.922896 0.438427
vt 0.400347 0.950300
vt 0.401730 0.958732
vt 0.395552 0.950235
vt 0.896910 0.255049
vt 0.899423 0.260453
vt 0.896910 0.263078
vt 0.597451 0.850405
vt 0.599847 0.849993
vt 0.600510 0.858861
vt 0.597451 0.859295
vt 0.605477 0.869412
vt 0.598667 0.870523
vt 0.611058 0.875108
vt 0.605734 0.858674
vt 0.573955 0.952317
vt 0.568035 0.948449
vt 0.573955 0.927765
vt 0.734020 0.991847
vt 0.728060 0.985561
vt 0.734020 0.969748
vt 0.924201 0.986677
vt 0.920141 0.988934
vt 0.922531 0.980147
vt 0.609439 0.866146
vt 0.615293 0.873831
vt 0.927697 0.978008
vt 0.920141 0.972872
vt 0.931549 0.984157
vt 0.622914 0.878272
vt 0.621477 0.870855
vt 0.618017 0.862729
vt 0.614448 0.851022
vt 0.611065 0.843657
vt 0.625940 0.868273
vt 0.625225 0.857729
vt 0.620509 0.847520
vt 0.616099 0.840296
vt 0.633083 0.857751
vt 0.632182 0.869191
vt 0.627528 0.846102
vt 0.622815 0.837774
vt 0.615218 0.831168
vt 0.612291 0.828252
vt 0.279820 0.890501
vt 0.285386 0.891939
vt 0.280381 0.896568
vt 0.286031 0.880761
vt 0.289825 0.883921
vt 0.292237 0.891680
vt 0.295752 0.894991
vt 0.270913 0.882516
vt 0.279694 0.877047
vt 0.985726 0.106979
vt 0.987753 0.112877
vt 0.983514 0.109650
vt 0.820171 0.128792
vt 0.817017 0.125973
vt 0.820171 0.124612
vt 0.654345 0.827908
vt 0.654345 0.837318
vt 0.652843 0.831373
vt 0.977111 0.100382
vt 0.987753 0.090126
vt 0.544475 0.729463
vt 0.544475 0.704557
vt 0.546361 0.707455
vt 0.980249 0.410746
vt 0.988051 0.413854
vt 0.980249 0.432017
vt 0.986580 0.435309
vt 0.997534 0.174501
vt 0.993456 0.177306
vt 0.993456 0.160025
vt 0.974703 0.507065
vt 0.980540 0.507065
vt 0.979504 0.516331
vt 0.148525 0.987352
vt 0.156049 0.993056
vt 0.148525 0.997700
vt 0.155682 0.998948
vt 0.960761 0.741081
vt 0.964934 0.742948
vt 0.960761 0.746439
vt 0.965763 0.746873
vt 0.546081 0.788031
vt 0.544197 0.788260
vt 0.544197 0.777534
vt 0.889112 0.128330
vt 0.894612 0.119908
vt 0.897189 0.128330
vt 0.957664 0.475016
vt 0.956529 0.481735
vt 0.952785 0.473214
vt 0.952785 0.481876
vt 0.903386 0.119908
vt 0.901340 0.128592
vt 0.897189 0.121087
vt 0.897189 0.128869
vt 0.986678 0.616819
vt 0.986678 0.594332
vt 0.992413 0.615936
vt 0.991787 0.596283
vt 0.821032 0.988099
vt 0.809887 0.987079
vt 0.821032 0.975449
vt 0.809253 0.974235
vt 0.437573 0.987935
vt 0.437573 0.974835
vt 0.440720 0.986390
vt 0.441098 0.975043
vt 0.544373 0.799826
vt 0.546144 0.805867
vt 0.544373 0.810425
vt 0.496094 0.863176
vt 0.494538 0.857958
vt 0.496094 0.856937
vt 0.820915 0.481327
vt 0.820915 0.474543
vt 0.825900 0.478435
vt 0.825953 0.475938
vt 0.496645 0.825656
vt 0.494538 0.824051
vt 0.496645 0.816413
vt 0.813997 0.123527
vt 0.817017 0.124074
vt 0.813997 0.128792
vt 0.545832 0.858265
vt 0.544223 0.859756
vt 0.544223 0.853577
vt 0.849084 0.952827
vt 0.849084 0.963522
vt 0.845861 0.962784
vt 0.920141 0.999809
vt 0.920682 0.996472
vt 0.925728 0.999634
vt 0.926067 0.997294
vt 0.920141 0.988934
vt 0.544223 0.841866
vt 0.546172 0.845620
vt 0.544223 0.848102
vt 0.290429 0.986546
vt 0.279087 0.987518
vt 0.289872 0.974797
vt 0.279087 0.974749
vt 0.966905 0.481589
vt 0.962490 0.477450
vt 0.966905 0.474737
vt 0.964085 0.473214
vt 0.999423 0.970083
vt 0.995336 0.972941
vt 0.995336 0.960679
vt 0.893702 0.376707
vt 0.903901 0.379664
vt 0.891885 0.379638
vt 0.897519 0.381936
vt 0.911896 0.431342
vt 0.901534 0.455339
vt 0.903045 0.427115
vt 0.891885 0.437196
vt 0.916497 0.417689
vt 0.907610 0.416587
vt 0.906137 0.403765
vt 0.916016 0.406187
vt 0.910096 0.390434
vt 0.904382 0.394359
vt 0.899341 0.385644
vt 0.169013 0.865657
vt 0.164795 0.846012
vt 0.169013 0.843298
vt 0.991365 0.868604
vt 0.983700 0.868604
vt 0.990643 0.859293
vt 0.440399 0.998975
vt 0.434091 0.997550
vt 0.440399 0.988959
vt 0.061757 0.953308
vt 0.064481 0.939770
vt 0.076632 0.951779
vt 0.079629 0.937075
vt 0.732864 0.848189
vt 0.733766 0.858743
vt 0.718395 0.855016
vt 0.715863 0.838790
vt 0.730078 0.835862
vt 0.728227 0.815259
vt 0.720660 0.817852
vt 0.730376 0.796370
vt 0.722811 0.800459
vt 0.991112 0.192707
vt 0.992701 0.211819
vt 0.985423 0.198316
vt 0.985423 0.214391
vt 0.065066 0.928886
vt 0.061757 0.916694
vt 0.078100 0.926991
vt 0.071578 0.916490
vt 0.977794 0.447105
vt 0.968653 0.443569
vt 0.978533 0.436954
vt 0.966990 0.436954
vt 0.973845 0.464864
vt 0.968690 0.450711
vt 0.967294 0.462519
vt 0.723787 0.868582
vt 0.715863 0.871863
vt 0.718703 0.884440
vt 0.941059 0.991820
vt 0.941059 0.974600
vt 0.946439 0.982269
vt 0.292737 0.995568
vt 0.292737 0.985328
vt 0.302084 0.995273
vt 0.303800 0.994587
vt 0.303800 0.967980
vt 0.307520 0.969808
vt 0.995506 0.745191
vt 0.991734 0.721927
vt 0.995506 0.720863
vt 0.993059 0.066888
vt 0.984621 0.066120
vt 0.993059 0.046339
vt 0.993456 0.179556
vt 0.985713 0.176622
vt 0.993456 0.160620
vt 0.989101 0.160025
vt 0.948872 0.787893
vt 0.961355 0.787893
vt 0.948334 0.801024
vt 0.961451 0.796048
vt 0.984511 0.918986
vt 0.974073 0.893831
vt 0.982627 0.903455
vt 0.984511 0.893426
vt 0.016147 0.998736
vt 0.009422 0.994116
vt 0.016147 0.989226
vt 0.008215 0.987271
vt 0.633083 0.936336
vt 0.649789 0.936240
vt 0.635990 0.951710
vt 0.651788 0.948323
vt 0.633509 0.915476
vt 0.639083 0.914521
vt 0.651788 0.920257
vt 0.655053 0.750120
vt 0.655053 0.779392
vt 0.654055 0.764152
vt 0.183281 0.945533
vt 0.190077 0.963509
vt 0.183281 0.976362
vt 0.785800 0.980961
vt 0.789120 0.985004
vt 0.785800 0.995509
vt 0.788764 0.996071
vt 0.984898 0.770021
vt 0.987176 0.772611
vt 0.984898 0.778967
vt 0.988719 0.777375
vt 0.148525 0.936889
vt 0.167884 0.942517
vt 0.150240 0.953529
vt 0.167574 0.951512
vt 0.164314 0.965845
vt 0.148772 0.965845
vt 0.790208 0.990530
vt 0.545618 0.837080
vt 0.544223 0.841866
vt 0.544223 0.831860
s 1
f 3/1/3 4/2/4 2/3/2
f 1/4/1 2/3/2 4/2/4
f 5/5/5 6/6/6 3/1/3
f 4/2/4 3/1/3 6/6/6
f 6/7/6 5/8/5 7/9/7
f 7/10/7 8/11/8 6/12/6
f 8/11/8 9/13/9 6/12/6
f 10/14/10 4/2/4 9/15/9
f 6/6/6 9/15/9 4/2/4
f 11/16/11 1/4/1 10/14/10
f 4/2/4 10/14/10 1/4/1
f 10/14/10 12/17/12 11/16/11
f 11/16/11 12/17/12 13/18/13
f 13/18/13 12/17/12 15/19/15
f 12/17/12 14/20/14 15/19/15
f 15/19/15 14/20/14 16/21/16
f 16/21/16 14/20/14 18/22/18
f 14/20/14 17/23/17 18/22/18
f 18/22/18 17/23/17 19/24/19
f 19/24/19 17/23/17 20/25/20
f 22/26/22 20/25/20 21/27/21
f 20/25/20 17/23/17 21/27/21
f 21/27/21 17/23/17 12/17/12
f 17/23/17 14/20/14 12/17/12
f 12/17/12 10/14/10 21/27/21
f 10/14/10 9/15/9 21/27/21
f 8/28/8 22/29/22 9/30/9
f 21/27/21 9/15/9 22/26/22
f 8/11/8 7/10/7 23/31/23
f 22/26/22 24/32/24 25/33/25
f 25/33/25 20/25/20 22/26/22
f 20/25/20 25/33/25 27/34/27
f 25/33/25 26/35/26 27/34/27
f 26/35/26 25/33/25 24/32/24
f 20/25/20 27/34/27 28/36/28
f 20/25/20 28/36/28 19/24/19
f 28/36/28 29/37/29 19/24/19
f 30/38/30 18/22/18 29/37/29
f 19/24/19 29/37/29 18/22/18
f 18/22/18 30/38/30 31/39/31
f 18/22/18 31/39/31 16/21/16
f 31/39/31 32/40/32 16/21/16
f 33/41/33 15/19/15 32/40/32
f 16/21/16 32/40/32 15/19/15
f 34/42/34 35/43/35 24/44/24
f 24/44/24 35/43/35 26/45/26
f 35/43/35 36/46/36 26/45/26
f 26/45/26 36/46/36 27/47/27
f 36/48/36 37/49/37 27/34/27
f 27/34/27 37/49/37 28/36/28
f 37/49/37 38/50/38 29/37/29
f 39/51/39 30/38/30 38/50/38
f 29/37/29 38/50/38 30/38/30
f 40/52/40 31/39/31 39/51/39
f 30/38/30 39/51/39 31/39/31
f 32/40/32 31/39/31 41/53/41
f 31/39/31 40/52/40 41/53/41
f 41/53/41 42/54/42 32/40/32
f 32/40/32 42/54/42 33/41/33
f 44/55/44 35/56/35 43/57/43
f 34/58/34 43/57/43 35/56/35
f 45/59/45 36/60/36 44/55/44
f 35/56/35 44/55/44 36/60/36
f 37/61/37 36/60/36 46/62/46
f 36/60/36 45/59/45 46/62/46
f 47/63/47 38/64/38 46/62/46
f 37/61/37 46/62/46 38/64/38
f 48/65/48 39/66/39 47/63/47
f 38/64/38 47/63/47 39/66/39
f 49/67/49 40/68/40 48/69/48
f 39/70/39 48/69/48 40/68/40
f 50/71/50 41/72/41 49/67/49
f 40/68/40 49/67/49 41/72/41
f 42/73/42 41/72/41 51/74/51
f 41/72/41 50/71/50 51/74/51
f 52/75/52 53/76/53 54/77/54
f 54/78/54 55/79/55 52/80/52
f 52/81/52 55/82/55 56/83/56
f 56/83/56 57/84/57 52/81/52
f 52/81/52 57/84/57 58/85/58
f 7/86/7 5/5/5 59/87/59
f 59/88/59 5/89/5 60/90/60
f 60/90/60 58/91/58 59/88/59
f 56/83/56 23/92/23 57/84/57
f 7/86/7 57/84/57 23/92/23
f 23/92/23 56/83/56 24/32/24
f 24/32/24 56/83/56 61/93/61
f 24/32/24 61/93/61 34/94/34
f 61/93/61 62/95/62 34/94/34
f 34/58/34 62/96/62 43/57/43
f 62/96/62 63/97/63 43/57/43
f 64/98/64 65/99/65 62/96/62
f 63/97/63 62/96/62 65/99/65
f 24/32/24 22/26/22 8/100/8
f 23/92/23 24/32/24 8/100/8
f 59/87/59 58/85/58 57/84/57
f 7/86/7 59/87/59 57/84/57
f 55/82/55 66/101/66 56/83/56
f 66/101/66 61/93/61 56/83/56
f 66/101/66 64/102/64 61/93/61
f 61/93/61 64/102/64 62/95/62
f 67/103/67 68/104/68 69/105/69
f 68/104/68 67/103/67 70/106/70
f 70/106/70 67/103/67 71/107/71
f 72/108/72 69/105/69 73/109/73
f 73/109/73 69/105/69 74/110/74
f 69/105/69 68/104/68 74/110/74
f 75/111/75 74/110/74 70/106/70
f 74/110/74 68/104/68 70/106/70
f 71/107/71 76/112/76 70/106/70
f 75/111/75 70/106/70 76/112/76
f 76/112/76 71/107/71 77/113/77
f 77/113/77 71/107/71 78/114/78
f 79/115/79 72/108/72 80/116/80
f 72/108/72 73/109/73 80/116/80
f 81/117/81 80/116/80 74/110/74
f 80/116/80 73/109/73 74/110/74
f 82/118/82 81/117/81 75/111/75
f 81/117/81 74/110/74 75/111/75
f 75/111/75 83/119/83 82/118/82
f 82/118/82 83/119/83 84/120/84
f 83/119/83 75/111/75 76/112/76
f 83/119/83 76/112/76 85/121/85
f 76/112/76 77/113/77 85/121/85
f 78/114/78 86/122/86 77/113/77
f 85/121/85 77/113/77 86/122/86
f 86/122/86 78/114/78 87/123/87
f 87/123/87 88/124/88 86/122/86
f 86/122/86 88/124/88 85/121/85
f 88/124/88 84/120/84 85/121/85
f 85/121/85 84/120/84 83/119/83
f 90/125/90 87/123/87 89/126/89
f 87/123/87 78/114/78 89/126/89
f 90/125/90 89/126/89 92/127/92
f 89/126/89 91/128/91 92/127/92
f 92/127/92 91/128/91 93/129/93
f 94/130/94 95/131/95 97/132/97
f 95/131/95 96/133/96 97/132/97
f 97/132/97 96/133/96 98/134/98
f 100/135/100 96/136/96 99/137/99
f 96/133/96 95/131/95 99/138/99
f 95/131/95 94/130/94 101/139/101
f 101/139/101 94/130/94 102/140/102
f 103/141/103 104/142/104 94/130/94
f 102/140/102 94/130/94 104/142/104
f 104/142/104 103/141/103 105/143/105
f 105/143/105 103/141/103 106/144/106
f 103/141/103 107/145/107 106/144/106
f 106/144/106 107/145/107 108/146/108
f 110/147/110 106/148/106 109/149/109
f 106/144/106 108/146/108 109/150/109
f 110/151/110 105/152/105 106/153/106
f 105/154/105 110/155/110 104/156/104
f 111/157/111 102/158/102 110/155/110
f 104/156/104 110/155/110 102/158/102
f 99/138/99 95/131/95 101/139/101
f 100/135/100 99/137/99 112/159/112
f 99/137/99 111/160/111 112/159/112
f 112/159/112 113/161/113 100/135/100
f 100/162/100 98/134/98 96/133/96
f 98/163/98 100/164/100 114/165/114
f 115/166/115 116/167/116 117/168/117
f 117/168/117 116/167/116 118/169/118
f 118/170/118 116/171/116 119/172/119
f 119/173/119 116/167/116 120/174/120
f 121/175/121 120/174/120 115/166/115
f 120/174/120 116/167/116 115/166/115
f 119/176/119 120/177/120 122/178/122
f 122/178/122 120/177/120 123/179/123
f 120/174/120 121/175/121 123/180/123
f 124/181/124 125/182/125 126/183/126
f 124/181/124 126/183/126 127/184/127
f 129/185/129 130/186/130 128/187/128
f 127/184/127 128/187/128 130/186/130
f 131/188/131 132/189/132 129/190/129
f 130/191/130 129/192/129 132/193/132
f 133/194/133 134/195/134 131/196/131
f 132/197/132 131/198/131 134/199/134
f 134/199/134 135/200/135 132/197/132
f 135/200/135 136/201/136 132/197/132
f 132/202/132 136/203/136 130/186/130
f 136/203/136 137/204/137 130/186/130
f 130/186/130 137/204/137 127/184/127
f 137/204/137 138/205/138 127/184/127
f 138/205/138 139/206/139 127/184/127
f 127/184/127 139/206/139 124/181/124
f 142/207/142 143/208/143 141/209/141
f 140/210/140 141/209/141 143/208/143
f 145/211/145 143/212/143 144/213/144
f 143/212/143 142/214/142 144/213/144
f 147/215/147 143/212/143 146/216/146
f 145/211/145 146/216/146 143/212/143
f 147/217/147 146/218/146 148/219/148
f 148/219/148 149/220/149 147/217/147
f 147/217/147 149/220/149 150/221/150
f 151/222/151 152/223/152 154/224/154
f 152/223/152 153/225/153 154/224/154
f 156/226/156 154/224/154 155/227/155
f 154/224/154 153/225/153 155/227/155
f 156/226/156 155/227/155 158/228/158
f 155/227/155 157/229/157 158/228/158
f 157/229/157 148/219/148 158/228/158
f 158/228/158 148/219/148 146/218/146
f 159/230/159 160/231/160 145/211/145
f 146/216/146 145/211/145 160/231/160
f 158/228/158 146/218/146 161/232/161
f 160/233/160 161/232/161 146/218/146
f 162/234/162 156/226/156 161/232/161
f 158/228/158 161/232/161 156/226/156
f 164/235/164 156/226/156 163/236/163
f 156/226/156 162/234/162 163/236/163
f 164/235/164 165/237/165 156/226/156
f 165/237/165 166/238/166 156/226/156
f 154/224/154 156/226/156 167/239/167
f 156/226/156 166/238/166 167/239/167
f 151/222/151 154/224/154 168/240/168
f 154/224/154 167/239/167 168/240/168
f 168/240/168 169/241/169 151/222/151
f 151/222/151 169/241/169 170/242/170
f 172/243/172 173/244/173 171/245/171
f 171/245/171 173/244/173 174/246/174
f 173/244/173 175/247/175 174/246/174
f 174/246/174 175/247/175 176/248/176
f 176/248/176 175/247/175 178/249/178
f 175/247/175 177/250/177 178/249/178
f 164/251/164 178/252/178 165/253/165
f 178/254/178 177/255/177 165/256/165
f 164/251/164 163/257/163 178/252/178
f 163/257/163 179/258/179 178/252/178
f 180/259/180 181/260/181 179/258/179
f 178/252/178 179/258/179 181/260/181
f 181/261/181 180/262/180 144/263/144
f 180/264/180 182/265/182 144/266/144
f 145/211/145 144/213/144 159/230/159
f 144/213/144 182/267/182 159/230/159
f 183/268/183 184/269/184 185/270/185
f 186/271/186 185/270/185 184/269/184
f 188/272/188 189/273/189 187/274/187
f 187/274/187 189/273/189 190/275/190
f 192/276/192 190/275/190 191/277/191
f 190/275/190 189/273/189 191/277/191
f 191/277/191 193/278/193 192/276/192
f 192/276/192 193/278/193 194/279/194
f 194/279/194 193/278/193 196/280/196
f 193/278/193 195/281/195 196/280/196
f 196/280/196 195/281/195 198/282/198
f 195/281/195 197/283/197 198/282/198
f 197/284/197 199/285/199 198/286/198
f 198/286/198 199/285/199 200/287/200
f 202/288/202 200/287/200 201/289/201
f 200/287/200 199/285/199 201/289/201
f 201/289/201 203/290/203 202/288/202
f 202/288/202 203/290/203 204/291/204
f 205/292/205 206/293/206 203/290/203
f 204/291/204 203/290/203 206/293/206
f 206/293/206 205/292/205 207/294/207
f 205/292/205 208/295/208 207/294/207
f 207/294/207 208/295/208 209/296/209
f 208/295/208 205/292/205 210/297/210
f 205/292/205 203/290/203 210/297/210
f 201/289/201 199/285/199 211/298/211
f 211/298/211 199/285/199 212/299/212
f 199/285/199 197/284/197 212/299/212
f 212/299/212 197/284/197 213/300/213
f 213/300/213 197/284/197 214/301/214
f 197/283/197 195/281/195 214/302/214
f 215/303/215 214/302/214 193/278/193
f 214/302/214 195/281/195 193/278/193
f 191/277/191 216/304/216 193/278/193
f 215/303/215 193/278/193 216/304/216
f 189/273/189 217/305/217 191/277/191
f 216/304/216 191/277/191 217/305/217
f 189/273/189 188/272/188 217/305/217
f 217/305/217 188/272/188 218/306/218
f 220/307/220 218/306/218 219/308/219
f 218/306/218 188/272/188 219/308/219
f 203/290/203 201/289/201 210/297/210
f 210/297/210 201/289/201 211/298/211
f 206/293/206 221/309/221 204/291/204
f 202/288/202 204/291/204 222/310/222
f 204/291/204 221/309/221 222/310/222
f 223/311/223 200/287/200 222/310/222
f 202/288/202 222/310/222 200/287/200
f 224/312/224 198/286/198 223/311/223
f 200/287/200 223/311/223 198/286/198
f 198/286/198 224/312/224 196/313/196
f 224/314/224 225/315/225 196/316/196
f 226/317/226 194/318/194 225/315/225
f 196/316/196 225/315/225 194/318/194
f 194/318/194 226/317/226 192/319/192
f 227/320/227 228/321/228 229/322/229
f 221/309/221 227/323/227 222/310/222
f 222/310/222 227/323/227 223/311/223
f 227/320/227 229/322/229 223/324/223
f 230/325/230 224/314/224 229/322/229
f 223/324/223 229/322/229 224/314/224
f 225/315/225 224/314/224 231/326/231
f 224/314/224 230/325/230 231/326/231
f 225/315/225 231/326/231 226/317/226
f 231/326/231 230/325/230 232/327/232
f 234/328/234 207/294/207 233/329/233
f 207/294/207 209/296/209 233/329/233
f 235/330/235 236/331/236 233/332/233
f 234/328/234 233/329/233 236/333/236
f 230/325/230 229/322/229 232/327/232
f 232/327/232 229/322/229 228/321/228
f 237/334/237 238/335/238 240/336/240
f 238/335/238 239/337/239 240/336/240
f 244/338/244 241/339/241 243/340/243
f 241/339/241 242/341/242 243/340/243
f 246/342/246 244/343/244 245/344/245
f 244/343/244 243/345/243 245/344/245
f 237/334/237 240/336/240 247/346/247
f 247/347/247 248/348/248 249/349/249
f 249/349/249 248/348/248 250/350/250
f 251/351/251 252/352/252 254/353/254
f 252/352/252 253/354/253 254/353/254
f 254/355/254 253/356/253 256/357/256
f 253/356/253 255/358/255 256/357/256
f 255/358/255 257/359/257 256/357/256
f 256/357/256 257/359/257 258/360/258
f 259/361/259 260/362/260 258/363/258
f 258/363/258 260/362/260 256/364/256
f 256/364/256 260/362/260 254/353/254
f 260/362/260 261/365/261 254/353/254
f 254/353/254 261/365/261 251/351/251
f 261/365/261 262/366/262 251/351/251
f 255/358/255 253/356/253 263/367/263
f 263/367/263 253/356/253 264/368/264
f 264/368/264 253/356/253 265/369/265
f 253/356/253 252/370/252 265/369/265
f 268/371/268 265/372/265 267/373/267
f 265/372/265 266/374/266 267/373/267
f 261/365/261 270/375/270 262/366/262
f 269/376/269 262/377/262 270/378/270
f 261/379/261 260/380/260 270/381/270
f 271/382/271 270/381/270 260/380/260
f 260/362/260 259/361/259 271/383/271
f 272/384/272 265/369/265 252/370/252
f 273/385/273 274/386/274 276/387/276
f 274/386/274 275/388/275 276/387/276
f 278/389/278 279/390/279 277/391/277
f 277/391/277 279/390/279 280/392/280
f 279/390/279 278/389/278 282/393/282
f 281/394/281 282/395/282 278/396/278
f 285/397/285 286/398/286 284/399/284
f 283/400/283 284/399/284 286/398/286
f 285/401/285 287/402/287 286/403/286
f 286/403/286 287/402/287 288/404/288
f 291/405/291 292/406/292 290/407/290
f 289/408/289 290/407/290 292/406/292
f 296/409/296 293/410/293 295/411/295
f 293/410/293 294/412/294 295/411/295
f 297/413/297 298/414/298 291/405/291
f 292/406/292 291/405/291 298/414/298
f 293/410/293 298/415/298 294/412/294
f 298/415/298 297/416/297 294/412/294
f 302/417/302 299/418/299 301/419/301
f 299/418/299 300/420/300 301/419/301
f 304/421/304 305/422/305 303/423/303
f 303/423/303 305/422/305 306/424/306
f 304/421/304 303/423/303 308/425/308
f 303/423/303 307/426/307 308/425/308
f 309/427/309 310/428/310 307/426/307
f 308/425/308 307/426/307 310/428/310
f 309/427/309 311/429/311 310/428/310
f 310/428/310 311/429/311 312/430/312
f 311/429/311 313/431/313 312/430/312
f 312/430/312 313/431/313 314/432/314
f 318/433/318 315/434/315 317/435/317
f 315/434/315 316/436/316 317/435/317
f 319/437/319 320/438/320 318/439/318
f 318/439/318 320/438/320 315/440/315
f 322/441/322 323/442/323 321/443/321
f 321/443/321 323/442/323 324/444/324
f 327/445/327 328/446/328 326/447/326
f 325/448/325 326/447/326 328/446/328
f 329/449/329 330/450/330 332/451/332
f 330/452/330 331/453/331 332/454/332
f 331/455/331 330/456/330 334/457/334
f 330/456/330 333/458/333 334/457/334
f 337/459/337 338/460/338 336/461/336
f 335/462/335 336/463/336 338/464/338
f 340/465/340 339/466/339 338/467/338
f 339/466/339 335/468/335 338/467/338
f 341/469/341 342/470/342 343/471/343
f 345/472/345 342/470/342 344/473/344
f 344/473/344 342/470/342 341/469/341
f 344/474/344 346/475/346 347/476/346
f 348/477/347 349/478/348 351/479/350
f 349/480/348 350/481/349 351/482/350
f 354/483/353 355/484/354 353/485/352
f 352/486/351 353/487/352 355/488/354
f 356/489/355 357/490/356 359/491/358
f 357/490/356 358/492/357 359/491/358
f 363/493/362 360/494/359 362/495/361
f 360/494/359 361/496/360 362/495/361
f 365/497/364 362/495/361 364/498/363
f 362/495/361 361/496/360 364/498/363
f 358/492/357 364/498/363 359/491/358
f 364/498/363 361/496/360 359/491/358
f 365/497/364 364/498/363 367/499/366
f 364/498/363 366/500/365 367/499/366
f 366/500/365 364/498/363 368/501/367
f 364/498/363 358/492/357 368/501/367
f 369/502/368 368/501/367 357/490/356
f 368/501/367 358/492/357 357/490/356
f 370/503/369 371/504/370 372/505/371
f 370/503/369 372/505/371 373/506/372
f 371/504/370 374/507/373 372/505/371
f 374/507/373 375/508/374 372/505/371
f 377/509/376 375/508/374 376/510/375
f 374/507/373 376/510/375 375/508/374
f 379/511/378 372/505/371 378/512/377
f 372/505/371 375/508/374 378/512/377
f 378/512/377 375/508/374 380/513/379
f 375/508/374 377/509/376 380/513/379
f 384/514/383 381/515/380 383/516/382
f 381/515/380 382/517/381 383/516/382
f 383/516/382 385/518/384 384/514/383
f 384/514/383 385/518/384 386/519/385
f 387/520/386 388/521/387 382/517/381
f 382/517/381 388/521/387 383/516/382
f 389/522/388 385/518/384 388/521/387
f 383/516/382 388/521/387 385/518/384
f 392/523/391 393/524/392 391/525/390
f 390/526/389 391/525/390 393/524/392
f 394/527/393 395/528/394 396/529/395
f 397/530/396 394/527/393 396/529/395
f 398/531/397 394/527/393 399/532/398
f 397/530/396 400/533/399 394/527/393
f 399/532/398 394/527/393 401/534/400
f 401/534/400 394/527/393 400/533/399
f 403/535/402 402/536/401 400/537/399
f 402/536/401 401/538/400 400/537/399
f 406/539/405 403/540/402 405/541/404
f 404/542/403 405/541/404 403/540/402
f 409/543/408 410/544/409 408/545/407
f 407/546/406 408/545/407 410/544/409
f 412/547/411 410/544/409 411/548/410
f 410/544/409 409/543/408 411/548/410
f 411/549/410 413/550/412 412/551/411
f 412/551/411 413/550/412 414/552/413
f 416/553/415 414/552/413 415/554/414
f 414/552/413 413/550/412 415/554/414
f 418/555/417 416/553/415 417/556/416
f 416/553/415 415/554/414 417/556/416
f 419/557/418 420/558/419 422/559/421
f 420/558/419 421/560/420 422/559/421
f 422/559/421 423/561/422 419/557/418
f 423/561/422 424/562/423 419/557/418
f 425/563/424 426/564/425 428/565/427
f 426/564/425 427/566/426 428/565/427
f 427/566/426 429/567/428 428/565/427
f 428/565/427 429/567/428 430/568/429
f 415/554/414 413/550/412 429/567/428
f 430/568/429 429/567/428 413/550/412
f 427/566/426 431/569/430 429/567/428
f 429/567/428 431/569/430 415/554/414
f 431/569/430 417/556/416 415/554/414
f 426/564/425 432/570/431 427/566/426
f 432/570/431 433/571/432 427/566/426
f 434/572/433 431/569/430 433/571/432
f 427/566/426 433/571/432 431/569/430
f 435/573/434 417/556/416 434/572/433
f 431/569/430 434/572/433 417/556/416
f 437/574/436 433/571/432 436/575/435
f 432/570/431 436/575/435 433/571/432
f 438/576/437 434/572/433 437/574/436
f 433/571/432 437/574/436 434/572/433
f 420/577/419 435/573/434 438/576/437
f 434/572/433 438/576/437 435/573/434
f 428/578/427 440/579/439 425/580/424
f 439/581/438 425/580/424 440/579/439
f 440/582/439 428/565/427 441/583/440
f 428/565/427 430/568/429 441/583/440
f 413/550/412 411/549/410 430/568/429
f 441/583/440 430/568/429 411/549/410
f 442/584/441 411/548/410 409/543/408
f 443/585/442 441/586/440 442/584/441
f 411/548/410 442/584/441 441/586/440
f 441/586/440 443/585/442 440/587/439
f 443/585/442 444/588/443 440/587/439
f 440/587/439 444/588/443 439/589/438
f 444/588/443 445/590/444 439/589/438
f 442/584/441 446/591/445 443/585/442
f 446/591/445 447/592/446 443/585/442
f 443/585/442 447/592/446 444/588/443
f 444/588/443 447/592/446 449/593/448
f 447/592/446 448/594/447 449/593/448
f 450/595/449 448/594/447 446/591/445
f 446/591/445 448/594/447 447/592/446
f 451/596/450 452/597/451 450/598/449
f 450/598/449 452/597/451 448/599/447
f 452/597/451 453/600/452 448/599/447
f 448/599/447 453/600/452 449/601/448
f 454/602/453 455/603/454 453/600/452
f 449/601/448 453/600/452 455/603/454
f 422/604/421 421/605/420 456/606/455
f 456/607/455 421/608/420 457/609/456
f 456/607/455 457/609/456 458/610/457
f 457/609/456 451/596/450 458/610/457
f 452/597/451 451/596/450 459/611/458
f 451/596/450 457/609/456 459/611/458
f 459/611/458 460/612/459 452/597/451
f 452/597/451 460/612/459 453/600/452
f 453/600/452 460/612/459 454/602/453
f 460/612/459 461/613/460 454/602/453
f 462/614/461 459/615/458 421/616/420
f 457/617/456 421/616/420 459/615/458
f 462/614/461 463/618/462 459/615/458
f 459/615/458 463/618/462 460/619/459
f 460/619/459 463/618/462 461/620/460
f 463/618/462 464/621/463 461/620/460
f 462/622/461 438/623/437 463/624/462
f 438/623/437 437/625/436 463/624/462
f 436/626/435 464/627/463 437/625/436
f 463/624/462 437/625/436 464/627/463
f 421/560/420 420/558/419 462/622/461
f 420/558/419 438/623/437 462/622/461
f 419/557/418 465/628/464 420/558/419
f 435/573/434 420/577/419 465/629/464
f 469/630/468 466/631/465 468/632/467
f 466/631/465 467/633/466 468/632/467
f 468/632/467 470/634/469 469/630/468
f 469/630/468 470/634/469 471/635/470
f 471/635/470 470/634/469 473/636/472
f 470/634/469 472/637/471 473/636/472
f 474/638/473 475/639/474 472/637/471
f 473/636/472 472/637/471 475/639/474
f 478/640/477 479/641/478 477/642/476
f 476/643/475 477/642/476 479/641/478
f 476/643/475 480/644/479 477/642/476
f 480/644/479 481/645/480 477/642/476
f 480/644/479 482/646/481 481/645/480
f 482/646/481 483/647/482 481/645/480
f 483/647/482 482/646/481 485/648/484
f 484/649/483 485/648/484 482/646/481
f 485/648/484 484/649/483 487/650/486
f 486/651/485 487/650/486 484/649/483
f 489/652/488 488/653/487 476/654/475
f 488/655/487 480/644/479 476/643/475
f 482/646/481 480/644/479 490/656/489
f 490/656/489 480/644/479 488/655/487
f 490/656/489 491/657/490 482/646/481
f 491/657/490 484/649/483 482/646/481
f 484/649/483 491/657/490 486/651/485
f 492/658/491 486/651/485 491/657/490
f 488/659/487 489/660/488 493/661/492
f 493/661/492 489/660/488 494/662/493
f 490/663/489 488/659/487 495/664/494
f 495/664/494 488/659/487 493/661/492
f 491/665/490 490/666/489 496/667/495
f 496/668/495 490/663/489 495/664/494
f 492/669/491 491/665/490 497/670/496
f 497/670/496 491/665/490 496/667/495
f 499/671/498 498/672/497 494/662/493
f 498/672/497 493/661/492 494/662/493
f 495/664/494 493/661/492 500/673/499
f 500/673/499 493/661/492 498/672/497
f 501/674/500 496/668/495 500/673/499
f 496/668/495 495/664/494 500/673/499
f 497/675/496 496/668/495 502/676/501
f 502/676/501 496/668/495 501/674/500
f 504/677/503 467/678/466 503/679/502
f 467/678/466 466/680/465 503/679/502
f 506/681/505 505/682/504 504/683/503
f 505/682/504 467/684/466 504/683/503
f 474/685/473 472/686/471 508/687/507
f 507/688/506 508/687/507 472/686/471
f 509/689/508 507/690/506 470/691/469
f 507/690/506 472/692/471 470/691/469
f 468/693/467 467/684/466 510/694/509
f 510/694/509 467/684/466 505/682/504
f 510/694/509 509/695/508 468/693/467
f 509/695/508 470/696/469 468/693/467
f 477/642/476 511/697/510 478/640/477
f 478/640/477 511/697/510 512/698/511
f 505/682/504 506/681/505 511/697/510
f 511/697/510 506/681/505 512/698/511
f 513/699/512 514/700/513 487/650/486
f 485/648/484 487/650/486 514/700/513
f 514/700/513 515/701/514 485/648/484
f 483/647/482 485/648/484 515/701/514
f 515/701/514 516/702/515 483/647/482
f 481/645/480 483/647/482 516/702/515
f 481/645/480 516/702/515 477/642/476
f 477/642/476 516/702/515 511/697/510
f 514/700/513 513/699/512 507/688/506
f 513/699/512 508/687/507 507/688/506
f 515/701/514 514/700/513 509/695/508
f 514/700/513 507/688/506 509/695/508
f 516/702/515 515/701/514 510/694/509
f 515/701/514 509/695/508 510/694/509
f 510/694/509 505/682/504 516/702/515
f 511/697/510 516/702/515 505/682/504
f 517/703/516 518/704/516 519/705/516
f 521/706/518 522/707/519 520/708/517
f 522/707/519 523/709/520 520/708/517
f 520/710/517 523/711/520 524/712/521
f 526/713/523 527/714/524 525/715/522
f 525/716/522 527/717/524 528/718/525
f 529/719/526 530/720/527 532/721/529
f 530/720/527 531/722/528 532/721/529
f 529/723/526 532/724/529 533/725/530
f 533/725/530 532/724/529 534/726/531
f 533/725/530 534/726/531 535/727/532
f 535/728/532 534/729/531 536/730/533
f 528/731/525 527/732/524 538/733/535
f 527/732/524 537/734/534 538/733/535
f 540/735/537 541/736/538 539/737/536
f 539/737/536 541/736/538 542/738/539
f 541/736/538 545/739/542 544/740/541
f 543/741/540 544/742/541 545/743/542
f 545/743/542 546/744/543 543/741/540
f 535/727/532 543/741/540 546/744/543
f 526/713/523 525/715/522 543/745/540
f 543/741/540 525/746/522 544/742/541
f 543/745/540 535/728/532 526/713/523
f 535/728/532 536/730/533 526/713/523
f 545/739/542 541/736/538 547/747/544
f 547/747/544 541/736/538 540/735/537
f 549/748/546 530/749/527 548/750/545
f 548/751/545 530/720/527 529/719/526
f 533/725/530 550/752/547 529/723/526
f 550/752/547 548/753/545 529/723/526
f 549/754/546 548/755/545 552/756/549
f 551/757/548 552/756/549 548/755/545
f 551/757/548 548/755/545 553/758/550
f 553/758/550 548/755/545 550/759/547
f 550/759/547 546/760/543 553/758/550
f 554/761/551 553/758/550 546/760/543
f 546/760/543 545/739/542 554/761/551
f 547/747/544 554/761/551 545/739/542
f 558/762/555 555/763/552 557/764/554
f 555/763/552 556/765/553 557/764/554
f 560/766/557 556/765/553 559/767/556
f 559/767/556 556/765/553 555/763/552
f 562/768/559 560/769/557 561/770/558
f 561/770/558 560/769/557 559/771/556
f 561/770/558 563/772/560 562/768/559
f 563/772/560 564/773/561 562/768/559
f 566/774/563 564/773/561 565/775/562
f 565/775/562 564/773/561 563/772/560
f 566/774/563 565/775/562 568/776/565
f 567/777/564 568/776/565 565/775/562
f 568/776/565 567/777/564 570/778/567
f 569/779/566 570/778/567 567/777/564
f 569/780/566 571/781/568 570/782/567
f 571/783/568 572/784/569 570/785/567
f 556/765/553 573/786/570 557/764/554
f 573/786/570 574/787/571 557/764/554
f 575/788/572 573/786/570 560/766/557
f 560/766/557 573/786/570 556/765/553
f 576/789/573 575/790/572 562/768/559
f 562/768/559 575/790/572 560/769/557
f 577/791/574 576/789/573 564/773/561
f 564/773/561 576/789/573 562/768/559
f 566/774/563 578/792/575 564/773/561
f 578/792/575 577/791/574 564/773/561
f 578/792/575 566/774/563 579/793/576
f 568/776/565 579/793/576 566/774/563
f 570/778/567 580/794/577 568/776/565
f 580/794/577 579/793/576 568/776/565
f 580/794/577 570/778/567 581/795/578
f 572/796/569 581/797/578 570/798/567
f 552/756/549 582/799/579 549/754/546
f 582/800/579 583/801/580 549/802/546
f 565/775/562 563/772/560 585/803/582
f 584/804/581 585/803/582 563/772/560
f 586/805/583 584/804/581 561/770/558
f 584/804/581 563/772/560 561/770/558
f 587/806/584 586/805/583 559/771/556
f 586/805/583 561/770/558 559/771/556
f 552/756/549 587/807/584 555/763/552
f 587/807/584 559/767/556 555/763/552
f 552/756/549 555/763/552 582/799/579
f 555/763/552 558/762/555 582/799/579
f 573/786/570 588/808/585 574/787/571
f 574/787/571 588/808/585 589/809/586
f 591/810/588 577/791/574 590/811/587
f 577/791/574 578/792/575 590/811/587
f 577/791/574 591/810/588 576/789/573
f 576/789/573 591/810/588 592/812/589
f 575/790/572 576/789/573 593/813/590
f 576/789/573 592/812/589 593/813/590
f 573/786/570 575/788/572 588/808/585
f 575/788/572 593/814/590 588/808/585
f 595/815/592 571/816/568 594/817/591
f 571/818/568 569/819/566 594/820/591
f 581/821/578 596/822/593 580/823/577
f 596/824/593 597/825/594 580/794/577
f 567/777/564 565/775/562 598/826/595
f 565/775/562 585/803/582 598/826/595
f 569/819/566 567/827/564 594/820/591
f 567/777/564 598/826/595 594/828/591
f 579/793/576 599/829/596 578/792/575
f 599/829/596 590/811/587 578/792/575
f 580/794/577 597/825/594 579/793/576
f 597/825/594 599/829/596 579/793/576
f 603/830/600 600/831/597 602/832/599
f 600/831/597 601/833/598 602/832/599
f 601/833/598 600/831/597 605/834/602
f 604/835/601 605/834/602 600/831/597
f 604/835/601 606/836/603 605/834/602
f 606/836/603 607/837/604 605/834/602
f 609/838/606 607/839/604 608/840/605
f 608/840/605 607/839/604 606/841/603
f 608/840/605 610/842/607 609/838/606
f 610/842/607 611/843/608 609/838/606
f 613/844/610 611/843/608 612/845/609
f 612/845/609 611/843/608 610/842/607
f 615/846/612 613/844/610 614/847/611
f 614/847/611 613/844/610 612/845/609
f 617/848/614 615/846/612 616/849/613
f 616/849/613 615/846/612 614/847/611
f 619/850/616 617/848/614 618/851/615
f 618/851/615 617/848/614 616/849/613
f 619/850/616 618/851/615 621/852/618
f 620/853/617 621/852/618 618/851/615
f 623/854/620 621/852/618 622/855/619
f 622/855/619 621/852/618 620/853/617
f 625/856/622 623/854/620 624/857/621
f 624/857/621 623/854/620 622/855/619
f 624/857/621 626/858/623 625/856/622
f 626/858/623 627/859/624 625/856/622
f 629/860/626 627/861/624 628/862/625
f 628/862/625 627/861/624 626/863/623
f 631/864/628 632/865/629 630/866/627
f 630/866/627 632/865/629 633/867/630
f 635/868/632 636/869/633 634/870/631
f 634/870/631 636/869/633 637/871/634
f 634/872/631 637/873/634 638/874/635
f 634/875/631 638/876/635 639/877/636
f 639/878/636 638/874/635 640/879/637
f 639/878/636 640/879/637 641/880/638
f 641/880/638 640/879/637 642/881/639
f 643/882/640 641/880/638 644/883/641
f 641/880/638 642/881/639 644/883/641
f 646/884/643 645/885/642 644/883/641
f 645/885/642 643/882/640 644/883/641
f 648/886/645 647/887/644 646/884/643
f 647/887/644 645/885/642 646/884/643
f 649/888/646 647/887/644 650/889/647
f 647/887/644 648/886/645 650/889/647
f 651/890/648 649/888/646 652/891/649
f 649/888/646 650/889/647 652/891/649
f 653/892/650 651/890/648 654/893/651
f 651/890/648 652/891/649 654/893/651
f 654/894/651 656/895/653 653/896/650
f 655/897/652 653/896/650 656/895/653
f 655/897/652 656/895/653 631/864/628
f 631/864/628 656/895/653 632/865/629
f 658/898/655 659/899/656 657/900/654
f 657/900/654 659/899/656 660/901/657
f 662/902/659 663/903/660 661/904/658
f 661/905/658 663/906/660 664/907/661
f 661/905/658 664/907/661 665/908/662
f 665/908/662 664/907/661 666/909/663
f 665/908/662 666/909/663 667/910/664
f 667/910/664 666/909/663 668/911/665
f 669/912/666 667/910/664 670/913/667
f 667/910/664 668/911/665 670/913/667
f 670/914/667 672/915/669 669/916/666
f 671/917/668 669/912/666 672/918/669
f 672/915/669 674/919/671 671/920/668
f 673/921/670 671/917/668 674/922/671
f 676/923/673 675/924/672 674/922/671
f 675/924/672 673/921/670 674/922/671
f 677/925/674 675/926/672 676/927/673
f 676/927/673 679/928/676 677/925/674
f 678/929/675 677/925/674 679/928/676
f 680/930/677 678/929/675 681/931/678
f 678/929/675 679/928/676 681/931/678
f 682/932/679 680/930/677 683/933/680
f 680/930/677 681/931/678 683/933/680
f 684/934/681 682/932/679 685/935/682
f 682/932/679 683/933/680 685/935/682
f 658/936/655 684/934/681 659/937/656
f 684/934/681 685/935/682 659/937/656
f 600/831/597 603/830/600 632/865/629
f 633/867/630 632/865/629 603/830/600
f 627/861/624 629/860/626 659/899/656
f 660/901/657 659/899/656 629/860/626
f 663/938/660 602/832/599 601/833/598
f 605/834/602 664/939/661 601/833/598
f 664/939/661 663/938/660 601/833/598
f 664/939/661 605/834/602 666/940/663
f 666/940/663 605/834/602 607/837/604
f 666/941/663 607/839/604 668/942/665
f 668/942/665 607/839/604 609/838/606
f 670/914/667 668/942/665 611/843/608
f 668/942/665 609/838/606 611/843/608
f 672/915/669 670/914/667 613/844/610
f 670/914/667 611/843/608 613/844/610
f 613/844/610 615/846/612 672/915/669
f 674/919/671 672/915/669 615/846/612
f 615/846/612 617/848/614 674/919/671
f 676/927/673 674/919/671 617/848/614
f 617/848/614 619/850/616 676/927/673
f 679/928/676 676/927/673 619/850/616
f 681/931/678 679/928/676 621/852/618
f 679/928/676 619/850/616 621/852/618
f 683/933/680 681/931/678 623/854/620
f 681/931/678 621/852/618 623/854/620
f 623/854/620 625/856/622 683/933/680
f 685/935/682 683/933/680 625/856/622
f 627/859/624 659/937/656 625/856/622
f 659/937/656 685/935/682 625/856/622
f 637/871/634 636/869/633 626/863/623
f 636/869/633 628/862/625 626/863/623
f 626/858/623 624/857/621 637/873/634
f 638/874/635 637/873/634 624/857/621
f 640/879/637 638/874/635 622/855/619
f 638/874/635 624/857/621 622/855/619
f 640/879/637 622/855/619 620/853/617
f 640/879/637 620/853/617 642/881/639
f 642/881/639 620/853/617 618/851/615
f 618/851/615 616/849/613 642/881/639
f 644/883/641 642/881/639 616/849/613
f 616/849/613 614/847/611 644/883/641
f 646/884/643 644/883/641 614/847/611
f 614/847/611 612/845/609 646/884/643
f 648/886/645 646/884/643 612/845/609
f 650/889/647 648/886/645 610/842/607
f 648/886/645 612/845/609 610/842/607
f 610/842/607 608/840/605 650/889/647
f 652/891/649 650/889/647 608/840/605
f 654/893/651 652/891/649 606/841/603
f 652/891/649 608/840/605 606/841/603
f 606/836/603 604/835/601 654/894/651
f 656/895/653 654/894/651 604/835/601
f 632/865/629 656/895/653 600/831/597
f 656/895/653 604/835/601 600/831/597
f 682/932/679 686/943/683 680/930/677
f 687/944/684 688/945/685 675/924/672
f 688/945/685 673/921/670 675/924/672
f 677/946/674 689/947/686 675/924/672
f 689/947/686 687/944/684 675/924/672
f 690/948/687 689/949/686 678/929/675
f 689/949/686 677/925/674 678/929/675
f 686/943/683 691/950/688 692/951/689
f 692/951/689 678/929/675 686/943/683
f 678/929/675 680/930/677 686/943/683
f 692/951/689 690/948/687 678/929/675
f 693/952/690 694/953/691 695/954/692
f 698/955/695 699/956/696 697/957/694
f 696/958/693 697/959/694 699/960/696
f 700/961/697 696/958/693 701/962/698
f 696/958/693 699/960/696 701/962/698
f 701/963/698 703/964/700 700/965/697
f 702/966/699 700/965/697 703/964/700
f 702/967/699 703/968/700 704/969/701
f 704/969/701 703/968/700 705/970/702
f 704/969/701 705/970/702 706/971/703
f 706/971/703 705/970/702 707/972/704
f 709/973/706 708/974/705 707/975/704
f 708/974/705 706/976/703 707/975/704
f 708/974/705 709/973/706 710/977/707
f 710/977/707 709/973/706 711/978/708
f 694/953/691 693/952/690 711/978/708
f 693/952/690 710/977/707 711/978/708
f 696/958/693 700/961/697 712/979/709
f 700/961/697 691/980/688 712/979/709
f 693/952/690 695/954/692 713/981/710
f 713/981/710 688/945/685 693/952/690
f 710/977/707 693/952/690 688/945/685
f 708/974/705 710/977/707 687/944/684
f 710/977/707 688/945/685 687/944/684
f 706/976/703 708/974/705 689/947/686
f 708/974/705 687/944/684 689/947/686
f 689/982/686 690/983/687 706/971/703
f 704/969/701 706/971/703 690/983/687
f 702/967/699 704/969/701 692/984/689
f 704/969/701 690/983/687 692/984/689
f 692/984/689 691/980/688 702/967/699
f 700/961/697 702/967/699 691/980/688
f 688/945/685 713/981/710 673/921/670
f 713/981/710 671/917/668 673/921/670
f 661/905/658 714/985/711 662/986/659
f 714/985/711 715/987/712 662/986/659
f 714/985/711 661/905/658 716/988/713
f 716/988/713 661/905/658 665/908/662
f 716/988/713 665/908/662 717/989/714
f 717/989/714 665/908/662 667/910/664
f 667/910/664 669/912/666 717/989/714
f 695/954/692 717/989/714 669/912/666
f 669/912/666 671/917/668 695/954/692
f 713/981/710 695/954/692 671/917/668
f 720/990/717 698/991/695 719/992/716
f 718/993/715 719/992/716 698/991/695
f 716/988/713 721/994/718 714/985/711
f 721/995/718 722/996/719 714/997/711
f 717/989/714 723/998/720 716/988/713
f 723/998/720 721/994/718 716/988/713
f 723/998/720 717/989/714 724/999/721
f 724/999/721 717/989/714 695/954/692
f 694/953/691 725/1000/722 695/954/692
f 725/1000/722 724/999/721 695/954/692
f 725/1000/722 694/953/691 726/1001/723
f 726/1001/723 694/953/691 711/978/708
f 709/973/706 727/1002/724 711/978/708
f 727/1002/724 726/1001/723 711/978/708
f 727/1002/724 709/973/706 728/1003/725
f 728/1003/725 709/973/706 707/975/704
f 728/1003/725 707/975/704 729/1004/726
f 729/1004/726 707/975/704 705/1005/702
f 703/1006/700 730/1007/727 705/1008/702
f 730/1007/727 729/1009/726 705/1008/702
f 703/964/700 701/963/698 730/1010/727
f 731/1011/728 730/1007/727 701/1012/698
f 731/1011/728 701/1012/698 732/1013/729
f 732/1013/729 701/1012/698 699/956/696
f 699/956/696 698/955/695 732/1013/729
f 720/990/717 732/1014/729 698/991/695
f 718/993/715 589/809/586 719/992/716
f 589/809/586 588/808/585 719/992/716
f 720/1015/717 719/1016/716 733/1017/730
f 734/1018/731 732/1013/729 733/1017/730
f 732/1013/729 720/1015/717 733/1017/730
f 722/1019/719 736/1020/733 735/1021/732
f 735/1021/732 736/1020/733 737/1022/734
f 732/1013/729 734/1018/731 731/1011/728
f 731/1011/728 734/1018/731 738/1023/735
f 730/1007/727 731/1011/728 738/1023/735
f 730/1007/727 738/1023/735 729/1009/726
f 729/1009/726 738/1023/735 739/1024/736
f 740/1025/737 728/1026/725 739/1024/736
f 728/1026/725 729/1009/726 739/1024/736
f 728/1003/725 740/1027/737 727/1002/724
f 727/1002/724 740/1027/737 741/1028/738
f 741/1028/738 742/1029/739 727/1002/724
f 726/1001/723 727/1002/724 742/1029/739
f 726/1001/723 742/1029/739 725/1000/722
f 725/1000/722 742/1029/739 743/1030/740
f 744/1031/741 724/999/721 743/1030/740
f 724/999/721 725/1000/722 743/1030/740
f 724/999/721 744/1031/741 723/998/720
f 723/998/720 744/1031/741 745/1032/742
f 723/998/720 745/1032/742 721/994/718
f 721/994/718 745/1032/742 746/1033/743
f 721/994/718 746/1033/743 722/1019/719
f 722/1019/719 746/1033/743 736/1020/733
f 747/1034/744 748/1035/745 750/1036/747
f 748/1035/745 749/1037/746 750/1036/747
f 748/1035/745 747/1034/744 752/1038/749
f 751/1039/748 752/1038/749 747/1034/744
f 753/1040/750 754/1041/751 751/1039/748
f 754/1041/751 752/1038/749 751/1039/748
f 755/1042/752 756/1043/753 753/1040/750
f 756/1043/753 754/1041/751 753/1040/750
f 757/1044/754 758/1045/755 755/1042/752
f 758/1045/755 756/1043/753 755/1042/752
f 758/1045/755 757/1044/754 760/1046/757
f 759/1047/756 760/1046/757 757/1044/754
f 760/1046/757 759/1047/756 762/1048/759
f 761/1049/758 762/1050/759 759/1051/756
f 763/1052/760 764/1053/761 761/1049/758
f 764/1053/761 762/1050/759 761/1049/758
f 765/1054/762 766/1055/763 763/1052/760
f 766/1055/763 764/1053/761 763/1052/760
f 767/1056/764 768/1057/765 765/1054/762
f 768/1057/765 766/1055/763 765/1054/762
f 769/1058/766 770/1059/767 767/1056/764
f 770/1059/767 768/1057/765 767/1056/764
f 772/1060/769 770/1059/767 771/1061/768
f 771/1061/768 770/1059/767 769/1058/766
f 773/1062/770 774/1063/771 771/1061/768
f 774/1063/771 772/1060/769 771/1061/768
f 776/1064/773 774/1063/771 775/1065/772
f 775/1065/772 774/1063/771 773/1062/770
f 778/1066/775 776/1064/773 777/1067/774
f 777/1067/774 776/1064/773 775/1065/772
f 778/1066/775 777/1067/774 780/1068/777
f 779/1069/776 780/1068/777 777/1067/774
f 782/1070/779 780/1068/777 781/1071/778
f 781/1071/778 780/1068/777 779/1069/776
f 784/1072/781 782/1070/779 783/1073/780
f 783/1073/780 782/1070/779 781/1071/778
f 786/1074/783 784/1075/781 785/1076/782
f 785/1076/782 784/1075/781 783/1077/780
f 787/1078/784 788/1079/785 790/1080/787
f 788/1079/785 789/1081/786 790/1080/787
f 787/1078/784 791/1082/788 788/1079/785
f 791/1082/788 792/1083/789 788/1079/785
f 794/1084/791 792/1083/789 793/1085/790
f 793/1085/790 792/1083/789 791/1082/788
f 795/1086/792 796/1087/793 793/1085/790
f 796/1087/793 794/1084/791 793/1085/790
f 798/1088/795 796/1087/793 797/1089/794
f 797/1089/794 796/1087/793 795/1086/792
f 800/1090/797 798/1088/795 799/1091/796
f 799/1091/796 798/1088/795 797/1089/794
f 801/1092/798 802/1093/799 799/1091/796
f 802/1093/799 800/1090/797 799/1091/796
f 802/1093/799 801/1092/798 804/1094/801
f 803/1095/800 804/1094/801 801/1092/798
f 804/1094/801 803/1095/800 806/1096/803
f 805/1097/802 806/1098/803 803/1099/800
f 806/1098/803 805/1097/802 808/1100/805
f 807/1101/804 808/1100/805 805/1097/802
f 808/1100/805 807/1101/804 810/1102/807
f 809/1103/806 810/1102/807 807/1101/804
f 810/1102/807 809/1103/806 812/1104/809
f 811/1105/808 812/1104/809 809/1103/806
f 811/1105/808 813/1106/810 812/1104/809
f 813/1106/810 814/1107/811 812/1104/809
f 816/1108/813 814/1107/811 815/1109/812
f 815/1109/812 814/1107/811 813/1106/810
f 818/1110/815 816/1108/813 817/1111/814
f 817/1111/814 816/1108/813 815/1109/812
f 819/1112/816 820/1113/817 817/1111/814
f 820/1113/817 818/1110/815 817/1111/814
f 821/1114/818 822/1115/819 824/1116/821
f 822/1115/819 823/1117/820 824/1116/821
f 821/1114/818 825/1118/822 822/1115/819
f 825/1118/822 826/1119/823 822/1115/819
f 825/1118/822 827/1120/824 826/1119/823
f 827/1120/824 828/1121/825 826/1119/823
f 829/1122/826 830/1123/827 827/1120/824
f 830/1123/827 828/1121/825 827/1120/824
f 830/1123/827 829/1122/826 832/1124/829
f 831/1125/828 832/1124/829 829/1122/826
f 834/1126/831 832/1124/829 833/1127/830
f 833/1127/830 832/1124/829 831/1125/828
f 835/1128/832 836/1129/833 833/1127/830
f 836/1129/833 834/1126/831 833/1127/830
f 835/1128/832 837/1130/834 836/1129/833
f 837/1131/834 838/1132/835 836/1133/833
f 837/1134/834 839/1135/836 838/1136/835
f 839/1137/836 840/1138/837 838/1132/835
f 842/1139/839 840/1138/837 841/1140/838
f 841/1140/838 840/1138/837 839/1137/836
f 843/1141/840 844/1142/841 841/1140/838
f 844/1142/841 842/1139/839 841/1140/838
f 844/1142/841 843/1141/840 846/1143/843
f 845/1144/842 846/1143/843 843/1141/840
f 847/1145/844 848/1146/845 845/1144/842
f 848/1146/845 846/1143/843 845/1144/842
f 849/1147/846 850/1148/847 847/1145/844
f 850/1148/847 848/1146/845 847/1145/844
f 851/1149/848 852/1150/849 849/1151/846
f 852/1152/849 850/1148/847 849/1147/846
f 853/1153/850 854/1154/851 733/1017/730
f 855/1155/852 856/1156/853 736/1020/733
f 856/1156/853 737/1022/734 736/1020/733
f 736/1020/733 746/1033/743 855/1155/852
f 857/1157/854 855/1155/852 746/1033/743
f 745/1032/742 858/1158/855 746/1033/743
f 858/1158/855 857/1157/854 746/1033/743
f 744/1031/741 859/1159/856 745/1032/742
f 859/1159/856 858/1158/855 745/1032/742
f 743/1030/740 860/1160/857 744/1031/741
f 860/1160/857 859/1159/856 744/1031/741
f 860/1160/857 743/1030/740 861/1161/858
f 861/1161/858 743/1030/740 742/1029/739
f 862/1162/859 861/1161/858 742/1029/739
f 863/1163/860 862/1164/859 741/1165/738
f 862/1164/859 742/1166/739 741/1165/738
f 741/1165/738 740/1025/737 863/1163/860
f 864/1167/861 863/1163/860 740/1025/737
f 739/1024/736 865/1168/862 740/1025/737
f 865/1168/862 864/1167/861 740/1025/737
f 865/1168/862 739/1024/736 866/1169/863
f 866/1169/863 739/1024/736 738/1023/735
f 738/1023/735 734/1018/731 866/1169/863
f 867/1170/864 866/1169/863 734/1018/731
f 734/1018/731 733/1017/730 867/1170/864
f 854/1154/851 867/1170/864 733/1017/730
f 588/1171/585 593/1172/590 733/1173/730
f 593/813/590 592/812/589 733/1017/730
f 719/1016/716 588/1174/585 733/1017/730
f 590/811/587 853/1153/850 733/1017/730
f 591/810/588 590/811/587 733/1017/730
f 592/812/589 591/810/588 733/1017/730
f 868/1175/865 530/720/527 869/1176/866
f 530/720/527 549/1177/546 869/1176/866
f 595/1178/592 870/1179/867 571/1180/568
f 870/1179/867 871/1181/868 571/1180/568
f 531/722/528 872/1182/869 595/1183/592
f 872/1182/869 870/1184/867 595/1183/592
f 549/1177/546 583/1185/580 869/1176/866
f 531/722/528 868/1175/865 872/1182/869
f 868/1175/865 873/1186/870 872/1182/869
f 868/1175/865 531/722/528 530/720/527
f 874/1187/871 572/1188/569 871/1181/868
f 871/1181/868 572/1188/569 571/1180/568
f 875/1189/872 876/1190/873 596/824/593
f 581/795/578 877/1191/874 596/824/593
f 877/1191/874 875/1189/872 596/824/593
f 572/1188/569 874/1187/871 581/795/578
f 874/1187/871 877/1191/874 581/795/578
f 853/1153/850 590/811/587 599/829/596
f 597/825/594 854/1154/851 599/829/596
f 854/1154/851 853/1153/850 599/829/596
f 876/1190/873 867/1170/864 854/1154/851
f 876/1190/873 854/1154/851 597/825/594
f 856/1156/853 855/1155/852 750/1036/747
f 873/1186/870 785/1192/782 872/1182/869
f 872/1182/869 785/1192/782 783/1193/780
f 872/1194/869 783/1073/780 870/1179/867
f 870/1179/867 783/1073/780 781/1071/778
f 779/1069/776 871/1181/868 781/1071/778
f 871/1181/868 870/1179/867 781/1071/778
f 871/1181/868 779/1069/776 874/1187/871
f 874/1187/871 779/1069/776 777/1067/774
f 777/1067/774 775/1065/772 874/1187/871
f 877/1191/874 874/1187/871 775/1065/772
f 773/1062/770 875/1189/872 775/1065/772
f 875/1189/872 877/1191/874 775/1065/772
f 876/1190/873 875/1189/872 771/1061/768
f 875/1189/872 773/1062/770 771/1061/768
f 876/1190/873 771/1061/768 769/1058/766
f 767/1056/764 867/1170/864 769/1058/766
f 867/1170/864 876/1190/873 769/1058/766
f 867/1170/864 767/1056/764 866/1169/863
f 866/1169/863 767/1056/764 765/1054/762
f 866/1169/863 765/1054/762 865/1168/862
f 865/1168/862 765/1054/762 763/1052/760
f 761/1049/758 864/1167/861 763/1052/760
f 864/1167/861 865/1168/862 763/1052/760
f 864/1167/861 761/1049/758 863/1163/860
f 863/1163/860 761/1049/758 759/1051/756
f 863/1163/860 759/1051/756 862/1164/859
f 862/1164/859 759/1051/756 757/1195/754
f 755/1196/752 861/1197/858 757/1195/754
f 861/1197/858 862/1164/859 757/1195/754
f 861/1161/858 755/1042/752 753/1040/750
f 861/1161/858 753/1040/750 860/1160/857
f 860/1160/857 753/1040/750 751/1039/748
f 860/1160/857 751/1039/748 859/1159/856
f 859/1159/856 751/1039/748 747/1034/744
f 858/1158/855 859/1159/856 747/1034/744
f 750/1036/747 857/1157/854 747/1034/744
f 857/1157/854 858/1158/855 747/1034/744
f 855/1198/852 857/1199/854 750/1200/747
f 790/1080/787 749/1037/746 787/1078/784
f 748/1035/745 787/1078/784 749/1037/746
f 752/1038/749 791/1082/788 748/1035/745
f 791/1082/788 787/1078/784 748/1035/745
f 754/1041/751 793/1085/790 752/1038/749
f 793/1085/790 791/1082/788 752/1038/749
f 793/1085/790 754/1041/751 795/1086/792
f 756/1043/753 795/1086/792 754/1041/751
f 795/1086/792 756/1043/753 797/1089/794
f 758/1045/755 797/1089/794 756/1043/753
f 760/1046/757 799/1091/796 758/1045/755
f 799/1091/796 797/1089/794 758/1045/755
f 799/1091/796 760/1046/757 801/1092/798
f 762/1048/759 801/1092/798 760/1046/757
f 801/1092/798 762/1048/759 803/1095/800
f 764/1053/761 803/1099/800 762/1050/759
f 803/1201/800 764/1202/761 805/1203/802
f 766/1055/763 805/1097/802 764/1053/761
f 805/1097/802 766/1055/763 807/1101/804
f 768/1057/765 807/1101/804 766/1055/763
f 770/1059/767 809/1103/806 768/1057/765
f 809/1103/806 807/1101/804 768/1057/765
f 809/1103/806 770/1059/767 811/1105/808
f 772/1060/769 811/1105/808 770/1059/767
f 813/1106/810 811/1105/808 774/1063/771
f 774/1063/771 811/1105/808 772/1060/769
f 815/1109/812 813/1106/810 776/1064/773
f 776/1064/773 813/1106/810 774/1063/771
f 776/1064/773 778/1066/775 815/1109/812
f 778/1066/775 817/1111/814 815/1109/812
f 817/1111/814 778/1066/775 819/1112/816
f 780/1068/777 819/1112/816 778/1066/775
f 819/1112/816 780/1068/777 878/1204/875
f 782/1070/779 878/1204/875 780/1068/777
f 782/1205/779 879/1206/876 878/1207/875
f 788/1079/785 821/1114/818 789/1081/786
f 821/1114/818 824/1116/821 789/1081/786
f 825/1118/822 821/1114/818 792/1083/789
f 792/1083/789 821/1114/818 788/1079/785
f 827/1120/824 825/1118/822 794/1084/791
f 794/1084/791 825/1118/822 792/1083/789
f 796/1087/793 829/1122/826 794/1084/791
f 829/1122/826 827/1120/824 794/1084/791
f 796/1087/793 798/1088/795 829/1122/826
f 798/1208/795 831/1209/828 829/1210/826
f 798/1208/795 800/1211/797 831/1209/828
f 800/1090/797 833/1127/830 831/1125/828
f 802/1093/799 835/1128/832 800/1090/797
f 835/1128/832 833/1127/830 800/1090/797
f 804/1094/801 837/1130/834 802/1093/799
f 837/1130/834 835/1128/832 802/1093/799
f 806/1098/803 839/1137/836 804/1212/801
f 839/1137/836 837/1131/834 804/1212/801
f 808/1100/805 841/1140/838 806/1098/803
f 841/1140/838 839/1137/836 806/1098/803
f 841/1140/838 808/1100/805 843/1141/840
f 810/1102/807 843/1141/840 808/1100/805
f 843/1141/840 810/1102/807 845/1144/842
f 812/1104/809 845/1144/842 810/1102/807
f 814/1107/811 847/1145/844 812/1104/809
f 847/1145/844 845/1144/842 812/1104/809
f 814/1107/811 816/1108/813 847/1145/844
f 816/1108/813 849/1147/846 847/1145/844
f 816/1108/813 818/1110/815 849/1147/846
f 818/1110/815 851/1213/848 849/1147/846
f 851/1213/848 818/1110/815 880/1214/877
f 820/1113/817 880/1214/877 818/1110/815
f 712/1215/709 691/1216/688 881/1217/878
f 882/1218/879 883/1219/879 884/1220/879
f 876/1221/873 597/1222/594 596/1223/593
f 823/1117/820 822/1115/819 886/1224/881
f 822/1115/819 885/1225/880 886/1224/881
f 887/1226/882 885/1225/880 826/1119/823
f 826/1119/823 885/1225/880 822/1115/819
f 826/1119/823 828/1121/825 887/1226/882
f 828/1121/825 888/1227/883 887/1226/882
f 830/1123/827 889/1228/884 828/1121/825
f 889/1228/884 888/1227/883 828/1121/825
f 889/1228/884 830/1123/827 890/1229/885
f 832/1124/829 890/1229/885 830/1123/827
f 891/1230/886 890/1229/885 834/1126/831
f 834/1126/831 890/1229/885 832/1124/829
f 892/1231/887 891/1232/886 836/1133/833
f 836/1129/833 891/1230/886 834/1126/831
f 893/1233/888 892/1231/887 838/1132/835
f 838/1132/835 892/1231/887 836/1133/833
f 838/1132/835 840/1138/837 893/1233/888
f 840/1138/837 894/1234/889 893/1233/888
f 840/1138/837 842/1139/839 894/1234/889
f 842/1139/839 895/1235/890 894/1234/889
f 844/1142/841 896/1236/891 842/1139/839
f 896/1236/891 895/1235/890 842/1139/839
f 846/1143/843 897/1237/892 844/1142/841
f 897/1237/892 896/1236/891 844/1142/841
f 848/1146/845 898/1238/893 846/1143/843
f 898/1238/893 897/1237/892 846/1143/843
f 898/1238/893 848/1146/845 899/1239/894
f 850/1148/847 899/1239/894 848/1146/845
f 899/1239/894 850/1148/847 900/1240/895
f 852/1241/849 900/1242/895 850/1243/847
f 886/1224/881 885/1225/880 902/1244/897
f 885/1225/880 901/1245/896 902/1244/897
f 903/1246/898 901/1245/896 887/1226/882
f 887/1226/882 901/1245/896 885/1225/880
f 888/1227/883 904/1247/899 887/1226/882
f 904/1247/899 903/1246/898 887/1226/882
f 905/1248/900 904/1247/899 889/1228/884
f 889/1228/884 904/1247/899 888/1227/883
f 906/1249/901 905/1250/900 890/1251/885
f 890/1229/885 905/1248/900 889/1228/884
f 890/1229/885 891/1230/886 906/1252/901
f 891/1232/886 907/1253/902 906/1254/901
f 908/1255/903 907/1253/902 892/1231/887
f 892/1231/887 907/1253/902 891/1232/886
f 892/1231/887 893/1233/888 908/1255/903
f 893/1233/888 909/1256/904 908/1255/903
f 894/1234/889 910/1257/905 893/1233/888
f 910/1257/905 909/1256/904 893/1233/888
f 910/1257/905 894/1234/889 911/1258/906
f 895/1235/890 911/1258/906 894/1234/889
f 895/1235/890 896/1236/891 911/1258/906
f 896/1236/891 912/1259/907 911/1258/906
f 897/1237/892 913/1260/908 896/1236/891
f 913/1260/908 912/1259/907 896/1236/891
f 914/1261/909 913/1260/908 898/1238/893
f 898/1238/893 913/1260/908 897/1237/892
f 899/1239/894 915/1262/910 898/1238/893
f 915/1262/910 914/1261/909 898/1238/893
f 900/1240/895 916/1263/911 899/1239/894
f 916/1263/911 915/1262/910 899/1239/894
f 900/1240/895 917/1264/912 916/1263/911
f 917/1264/912 918/1265/913 916/1263/911
f 852/1266/849 851/1267/848 919/1268/914
f 919/1269/914 851/1270/848 880/1271/877
f 852/1241/849 920/1272/915 900/1242/895
f 920/1273/915 917/1264/912 900/1240/895
f 921/1274/916 920/1272/915 852/1241/849
f 919/1275/914 921/1274/916 852/1241/849
f 922/1276/917 923/1277/918 901/1245/896
f 901/1245/896 923/1277/918 902/1244/897
f 901/1245/896 903/1246/898 922/1276/917
f 903/1246/898 924/1278/919 922/1276/917
f 925/1279/920 924/1278/919 904/1247/899
f 904/1247/899 924/1278/919 903/1246/898
f 904/1247/899 905/1248/900 925/1279/920
f 905/1248/900 926/1280/921 925/1279/920
f 927/1281/922 926/1280/921 906/1252/901
f 906/1252/901 926/1280/921 905/1248/900
f 928/1282/923 927/1283/922 907/1253/902
f 907/1253/902 927/1283/922 906/1254/901
f 907/1253/902 908/1255/903 928/1282/923
f 908/1255/903 929/1284/924 928/1282/923
f 908/1255/903 909/1256/904 929/1284/924
f 909/1256/904 930/1285/925 929/1284/924
f 930/1285/925 909/1256/904 931/1286/926
f 910/1257/905 931/1286/926 909/1256/904
f 911/1287/906 932/1288/927 910/1289/905
f 932/1288/927 931/1290/926 910/1289/905
f 933/1291/928 932/1292/927 912/1293/907
f 912/1259/907 932/1294/927 911/1258/906
f 933/1295/928 912/1259/907 934/1296/929
f 913/1260/908 934/1296/929 912/1259/907
f 935/1297/930 934/1296/929 914/1261/909
f 914/1261/909 934/1296/929 913/1260/908
f 936/1298/931 935/1297/930 915/1262/910
f 915/1262/910 935/1297/930 914/1261/909
f 915/1262/910 916/1263/911 936/1298/931
f 916/1263/911 937/1299/932 936/1298/931
f 918/1300/913 938/1301/933 916/1302/911
f 938/1303/933 937/1299/932 916/1263/911
f 939/1304/934 940/1305/935 922/1276/917
f 922/1276/917 940/1305/935 923/1277/918
f 941/1306/936 939/1304/934 924/1278/919
f 924/1278/919 939/1304/934 922/1276/917
f 924/1278/919 925/1279/920 941/1306/936
f 925/1279/920 942/1307/937 941/1306/936
f 926/1280/921 943/1308/938 925/1279/920
f 943/1308/938 942/1307/937 925/1279/920
f 927/1281/922 944/1309/939 926/1280/921
f 944/1309/939 943/1308/938 926/1280/921
f 944/1309/939 927/1281/922 945/1310/940
f 928/1282/923 945/1311/940 927/1283/922
f 945/1311/940 928/1282/923 946/1312/941
f 929/1284/924 946/1312/941 928/1282/923
f 930/1285/925 947/1313/942 929/1284/924
f 947/1313/942 946/1312/941 929/1284/924
f 931/1286/926 948/1314/943 930/1285/925
f 948/1314/943 947/1313/942 930/1285/925
f 949/1315/944 948/1314/943 932/1294/927
f 932/1288/927 948/1316/943 931/1290/926
f 932/1294/927 933/1295/928 949/1315/944
f 933/1295/928 950/1317/945 949/1315/944
f 934/1296/929 951/1318/946 933/1295/928
f 951/1318/946 950/1317/945 933/1295/928
f 935/1297/930 952/1319/947 934/1296/929
f 952/1319/947 951/1318/946 934/1296/929
f 952/1319/947 935/1297/930 953/1320/948
f 936/1298/931 953/1320/948 935/1297/930
f 953/1320/948 936/1298/931 954/1321/949
f 937/1322/932 954/1323/949 936/1324/931
f 940/1305/935 939/1304/934 956/1325/951
f 939/1304/934 955/1326/950 956/1325/951
f 955/1326/950 939/1304/934 957/1327/952
f 941/1306/936 957/1327/952 939/1304/934
f 942/1307/937 958/1328/953 941/1306/936
f 958/1328/953 957/1327/952 941/1306/936
f 943/1308/938 959/1329/954 942/1307/937
f 959/1329/954 958/1328/953 942/1307/937
f 943/1308/938 944/1309/939 959/1329/954
f 944/1309/939 960/1330/955 959/1329/954
f 945/1310/940 961/1331/956 944/1309/939
f 961/1331/956 960/1330/955 944/1309/939
f 946/1312/941 962/1332/957 945/1311/940
f 962/1332/957 961/1333/956 945/1311/940
f 962/1332/957 946/1312/941 963/1334/958
f 947/1313/942 963/1334/958 946/1312/941
f 963/1334/958 947/1313/942 964/1335/959
f 948/1314/943 964/1335/959 947/1313/942
f 949/1315/944 965/1336/960 948/1314/943
f 965/1336/960 964/1335/959 948/1314/943
f 949/1315/944 950/1317/945 965/1336/960
f 950/1317/945 966/1337/961 965/1336/960
f 966/1337/961 950/1317/945 967/1338/962
f 951/1318/946 967/1338/962 950/1317/945
f 952/1319/947 968/1339/963 951/1318/946
f 968/1339/963 967/1338/962 951/1318/946
f 953/1320/948 969/1340/964 952/1319/947
f 969/1340/964 968/1339/963 952/1319/947
f 954/1321/949 970/1341/965 953/1320/948
f 970/1341/965 969/1340/964 953/1320/948
f 971/1342/966 972/1343/967 954/1321/949
f 972/1343/967 970/1341/965 954/1321/949
f 973/1344/968 974/1345/969 976/1346/971
f 974/1345/969 975/1347/970 976/1346/971
f 978/1348/973 974/1345/969 977/1349/972
f 977/1349/972 974/1345/969 973/1344/968
f 980/1350/975 978/1348/973 979/1351/974
f 979/1351/974 978/1348/973 977/1349/972
f 982/1352/977 980/1350/975 981/1353/976
f 981/1353/976 980/1350/975 979/1351/974
f 981/1354/976 983/1355/978 982/1356/977
f 983/1357/978 984/1358/979 982/1352/977
f 983/1355/978 985/1359/980 984/1360/979
f 985/1359/980 986/1361/981 984/1360/979
f 986/1361/981 985/1359/980 988/1362/983
f 987/1363/982 988/1362/983 985/1359/980
f 989/1364/984 990/1365/985 987/1363/982
f 990/1365/985 988/1362/983 987/1363/982
f 990/1365/985 989/1364/984 992/1366/987
f 991/1367/986 992/1366/987 989/1364/984
f 991/1367/986 993/1368/988 992/1366/987
f 993/1368/988 994/1369/989 992/1366/987
f 996/1370/991 994/1369/989 995/1371/990
f 995/1371/990 994/1369/989 993/1368/988
f 995/1371/990 997/1372/992 996/1370/991
f 997/1372/992 998/1373/993 996/1370/991
f 997/1372/992 999/1374/994 998/1373/993
f 999/1374/994 1000/1375/995 998/1373/993
f 999/1374/994 1001/1376/996 1000/1375/995
f 1001/1377/996 1002/1378/997 1000/1379/995
f 1003/1380/998 1004/1381/999 974/1345/969
f 974/1345/969 1004/1381/999 975/1347/970
f 974/1345/969 978/1348/973 1003/1380/998
f 978/1348/973 1005/1382/1000 1003/1380/998
f 978/1348/973 980/1350/975 1005/1382/1000
f 980/1350/975 1006/1383/1001 1005/1382/1000
f 1007/1384/1002 1006/1383/1001 982/1352/977
f 982/1352/977 1006/1383/1001 980/1350/975
f 1008/1385/1003 1007/1384/1002 984/1358/979
f 984/1358/979 1007/1384/1002 982/1352/977
f 986/1386/981 1009/1387/1004 984/1358/979
f 1009/1388/1004 1008/1389/1003 984/1390/979
f 988/1362/983 1010/1391/1005 986/1361/981
f 1010/1392/1005 1009/1387/1004 986/1386/981
f 1010/1391/1005 988/1362/983 1011/1393/1006
f 990/1365/985 1011/1393/1006 988/1362/983
f 992/1366/987 1012/1394/1007 990/1365/985
f 1012/1394/1007 1011/1393/1006 990/1365/985
f 992/1366/987 994/1369/989 1012/1394/1007
f 994/1369/989 1013/1395/1008 1012/1394/1007
f 994/1369/989 996/1370/991 1013/1395/1008
f 996/1370/991 1014/1396/1009 1013/1395/1008
f 996/1370/991 998/1373/993 1014/1396/1009
f 998/1373/993 1015/1397/1010 1014/1396/1009
f 1000/1375/995 1016/1398/1011 998/1373/993
f 1016/1398/1011 1015/1397/1010 998/1373/993
f 1016/1398/1011 1000/1375/995 1017/1399/1012
f 1002/1400/997 1017/1399/1012 1000/1375/995
f 1004/1381/999 1003/1380/998 1019/1401/1014
f 1003/1380/998 1018/1402/1013 1019/1401/1014
f 1005/1382/1000 1020/1403/1015 1003/1380/998
f 1020/1403/1015 1018/1402/1013 1003/1380/998
f 1006/1383/1001 1021/1404/1016 1005/1382/1000
f 1021/1404/1016 1020/1403/1015 1005/1382/1000
f 1007/1384/1002 1022/1405/1017 1006/1383/1001
f 1022/1405/1017 1021/1404/1016 1006/1383/1001
f 1007/1384/1002 1008/1385/1003 1022/1405/1017
f 1008/1385/1003 1023/1406/1018 1022/1405/1017
f 1008/1385/1003 1009/1387/1004 1023/1406/1018
f 1009/1387/1004 1024/1407/1019 1023/1406/1018
f 1010/1392/1005 1025/1408/1020 1009/1387/1004
f 1025/1408/1020 1024/1407/1019 1009/1387/1004
f 1025/1408/1020 1010/1392/1005 1026/1409/1021
f 1011/1410/1006 1026/1409/1021 1010/1392/1005
f 1026/1409/1021 1011/1410/1006 1027/1411/1022
f 1012/1412/1007 1027/1411/1022 1011/1410/1006
f 1012/1412/1007 1013/1413/1008 1027/1411/1022
f 1013/1413/1008 1028/1414/1023 1027/1411/1022
f 1028/1414/1023 1013/1413/1008 1029/1415/1024
f 1014/1416/1009 1029/1415/1024 1013/1413/1008
f 969/1340/964 970/1341/965 997/1372/992
f 970/1341/965 999/1374/994 997/1372/992
f 969/1340/964 997/1372/992 968/1339/963
f 968/1339/963 997/1372/992 995/1371/990
f 968/1339/963 995/1371/990 967/1338/962
f 967/1338/962 995/1371/990 993/1368/988
f 993/1368/988 991/1367/986 967/1338/962
f 966/1337/961 967/1338/962 991/1367/986
f 966/1337/961 991/1367/986 965/1336/960
f 965/1336/960 991/1367/986 989/1364/984
f 987/1363/982 964/1335/959 989/1364/984
f 964/1335/959 965/1336/960 989/1364/984
f 985/1359/980 963/1334/958 987/1363/982
f 963/1334/958 964/1335/959 987/1363/982
f 963/1334/958 985/1359/980 962/1332/957
f 962/1332/957 985/1359/980 983/1355/978
f 961/1333/956 962/1332/957 981/1354/976
f 962/1332/957 983/1355/978 981/1354/976
f 960/1417/955 961/1418/956 979/1351/974
f 961/1418/956 981/1353/976 979/1351/974
f 959/1419/954 960/1417/955 977/1349/972
f 960/1417/955 979/1351/974 977/1349/972
f 958/1328/953 959/1329/954 973/1420/968
f 959/1419/954 977/1349/972 973/1344/968
f 971/1421/966 954/1422/949 1030/1423/1025
f 937/1322/932 938/1424/933 954/1323/949
f 954/1425/949 938/1426/933 1031/1427/1026
f 1030/1423/1025 954/1422/949 1032/1428/1027
f 954/1425/949 1031/1427/1026 1032/1429/1027
f 533/725/530 535/727/532 550/752/547
f 546/744/543 550/752/547 535/727/532
f 722/996/719 735/1430/732 714/997/711
f 735/1430/732 715/1431/712 714/997/711
f 1033/1432/1028 970/1341/965 972/1343/967
f 1035/1433/1030 1002/1378/997 1034/1434/1029
f 1034/1434/1029 1002/1378/997 1001/1377/996
f 970/1341/965 1033/1432/1028 999/1374/994
f 1033/1432/1028 1001/1376/996 999/1374/994
f 1036/1435/1031 1037/1436/1032 1002/1437/997
f 1037/1438/1032 1017/1399/1012 1002/1400/997
f 1035/1439/1030 1036/1440/1031 1002/1441/997
f 1039/1442/1034 1040/1443/1035 1038/1444/1033
f 1038/1444/1033 1040/1443/1035 1041/1445/1036
f 1038/1444/1033 1042/1446/1037 1039/1442/1034
f 1043/1447/1038 1044/1448/1039 1046/1449/1041
f 1044/1448/1039 1045/1450/1040 1046/1449/1041
f 1048/1451/1043 1049/1452/1044 1047/1453/1042
f 1047/1453/1042 1049/1452/1044 1050/1454/1045
f 1054/1455/1049 1051/1456/1046 1053/1457/1048
f 1051/1456/1046 1052/1458/1047 1053/1457/1048
f 1056/1459/1051 1054/1460/1049 1055/1461/1050
f 1054/1460/1049 1053/1462/1048 1055/1461/1050
f 1047/1453/1042 1050/1454/1045 1057/1463/1052
f 1057/1464/1052 1058/1465/1053 1059/1466/1054
f 1059/1466/1054 1058/1465/1053 1060/1467/1055
f 1061/1468/1056 1062/1469/1057 1064/1470/1059
f 1062/1469/1057 1063/1471/1058 1064/1470/1059
f 1064/1472/1059 1063/1473/1058 1066/1474/1061
f 1063/1473/1058 1065/1475/1060 1066/1474/1061
f 1065/1475/1060 1067/1476/1062 1066/1474/1061
f 1066/1477/1061 1067/1478/1062 1068/1479/1063
f 1069/1480/1064 1070/1481/1065 1068/1479/1063
f 1068/1479/1063 1070/1481/1065 1066/1477/1061
f 1066/1477/1061 1070/1481/1065 1064/1470/1059
f 1070/1481/1065 1071/1482/1066 1064/1470/1059
f 1064/1470/1059 1071/1482/1066 1061/1468/1056
f 1071/1482/1066 1072/1483/1067 1061/1468/1056
f 1063/1473/1058 1074/1484/1069 1065/1475/1060
f 1073/1485/1068 1065/1475/1060 1074/1484/1069
f 1074/1484/1069 1063/1473/1058 1075/1486/1070
f 1063/1473/1058 1062/1487/1057 1075/1486/1070
f 1078/1488/1073 1075/1489/1070 1077/1490/1072
f 1075/1489/1070 1076/1491/1071 1077/1490/1072
f 1071/1482/1066 1080/1492/1075 1072/1483/1067
f 1079/1493/1074 1072/1494/1067 1080/1495/1075
f 1071/1496/1066 1070/1497/1065 1080/1498/1075
f 1081/1499/1076 1080/1492/1075 1070/1481/1065
f 1070/1481/1065 1069/1480/1064 1081/1499/1076
f 1082/1500/1077 1075/1486/1070 1062/1487/1057
f 1083/1501/1078 1084/1502/1079 1086/1503/1081
f 1084/1502/1079 1085/1504/1080 1086/1503/1081
f 1088/1505/1083 1089/1506/1084 1087/1507/1082
f 1087/1507/1082 1089/1506/1084 1090/1508/1085
f 1089/1506/1084 1088/1505/1083 1092/1509/1087
f 1091/1510/1086 1092/1511/1087 1088/1512/1083
f 1095/1513/1090 1096/1514/1091 1094/1515/1089
f 1093/1516/1088 1094/1515/1089 1096/1514/1091
f 1095/1517/1090 1097/1518/1092 1096/1519/1091
f 1096/1519/1091 1097/1518/1092 1098/1520/1093
f 1101/1521/1096 1102/1522/1097 1100/1523/1095
f 1099/1524/1094 1100/1523/1095 1102/1522/1097
f 1106/1525/1101 1103/1526/1098 1105/1527/1100
f 1103/1526/1098 1104/1528/1099 1105/1527/1100
f 1107/1529/1102 1108/1530/1103 1101/1521/1096
f 1102/1522/1097 1101/1521/1096 1108/1530/1103
f 1103/1526/1098 1108/1531/1103 1104/1528/1099
f 1108/1531/1103 1107/1532/1102 1104/1528/1099
f 1112/1533/1107 1109/1534/1104 1111/1535/1106
f 1109/1534/1104 1110/1536/1105 1111/1535/1106
f 1114/1537/1109 1115/1538/1110 1113/1539/1108
f 1113/1539/1108 1115/1538/1110 1116/1540/1111
f 1114/1537/1109 1113/1539/1108 1118/1541/1113
f 1113/1539/1108 1117/1542/1112 1118/1541/1113
f 1117/1542/1112 1119/1543/1114 1118/1541/1113
f 1118/1541/1113 1119/1543/1114 1120/1544/1115
f 1119/1543/1114 1121/1545/1116 1120/1544/1115
f 1120/1544/1115 1121/1545/1116 1122/1546/1117
f 1121/1545/1116 1123/1547/1118 1122/1546/1117
f 1122/1546/1117 1123/1547/1118 1124/1548/1119
f 1128/1549/1123 1125/1550/1120 1127/1551/1122
f 1125/1550/1120 1126/1552/1121 1127/1551/1122
f 1129/1553/1124 1130/1554/1125 1128/1555/1123
f 1128/1555/1123 1130/1554/1125 1125/1556/1120
f 1132/1557/1127 1133/1558/1128 1131/1559/1126
f 1131/1559/1126 1133/1558/1128 1134/1560/1129
f 1137/1561/1132 1138/1562/1133 1136/1563/1131
f 1135/1564/1130 1136/1563/1131 1138/1562/1133
f 1139/1565/1134 1140/1566/1135 1142/1567/1137
f 1140/1568/1135 1141/1569/1136 1142/1570/1137
f 1141/1571/1136 1140/1572/1135 1144/1573/1139
f 1140/1572/1135 1143/1574/1138 1144/1573/1139
f 1147/1575/1142 1148/1576/1143 1146/1577/1141
f 1145/1578/1140 1146/1579/1141 1148/1580/1143
f 1150/1581/1145 1149/1582/1144 1148/1583/1143
f 1149/1582/1144 1145/1584/1140 1148/1583/1143
f 1151/1585/1146 1152/1586/1147 1153/1587/1148
f 1155/1588/1150 1152/1586/1147 1154/1589/1149
f 1154/1589/1149 1152/1586/1147 1151/1585/1146
f 1154/1590/1149 1156/1591/1151 1157/1592/1152
f 1157/1592/1152 1156/1591/1151 1159/1593/1154
f 1158/1594/1153 1159/1593/1154 1156/1591/1151
f 1160/1595/1155 1161/1596/1156 1163/1597/1158
f 1161/1598/1156 1162/1599/1157 1163/1600/1158
f 1166/1601/1161 1167/1602/1162 1165/1603/1160
f 1164/1604/1159 1165/1603/1160 1167/1602/1162
f 1168/1605/1163 1169/1606/1164 1171/1607/1166
f 1169/1606/1164 1170/1608/1165 1171/1607/1166
f 1175/1609/1170 1172/1610/1167 1174/1611/1169
f 1172/1610/1167 1173/1612/1168 1174/1611/1169
f 1177/1613/1172 1174/1611/1169 1176/1614/1171
f 1174/1611/1169 1173/1612/1168 1176/1614/1171
f 1170/1608/1165 1176/1614/1171 1171/1607/1166
f 1176/1614/1171 1173/1612/1168 1171/1607/1166
f 1179/1615/1174 1177/1613/1172 1178/1616/1173
f 1177/1613/1172 1176/1614/1171 1178/1616/1173
f 1178/1616/1173 1176/1614/1171 1180/1617/1175
f 1176/1614/1171 1170/1608/1165 1180/1617/1175
f 1181/1618/1176 1180/1617/1175 1169/1606/1164
f 1180/1617/1175 1170/1608/1165 1169/1606/1164
f 1182/1619/1177 1183/1620/1178 1184/1621/1179
f 1182/1619/1177 1184/1621/1179 1185/1622/1180
f 1183/1620/1178 1186/1623/1181 1184/1621/1179
f 1186/1623/1181 1187/1624/1182 1184/1621/1179
f 1189/1625/1184 1187/1624/1182 1188/1626/1183
f 1186/1623/1181 1188/1626/1183 1187/1624/1182
f 1191/1627/1186 1184/1621/1179 1190/1628/1185
f 1184/1621/1179 1187/1624/1182 1190/1628/1185
f 1190/1628/1185 1187/1624/1182 1192/1629/1187
f 1187/1624/1182 1189/1625/1184 1192/1629/1187
f 1196/1630/1191 1193/1631/1188 1195/1632/1190
f 1193/1631/1188 1194/1633/1189 1195/1632/1190
f 1197/1634/1192 1198/1635/1193 1195/1632/1190
f 1196/1630/1191 1195/1632/1190 1198/1635/1193
f 1200/1636/1195 1195/1632/1190 1199/1637/1194
f 1194/1633/1189 1199/1637/1194 1195/1632/1190
f 1201/1638/1196 1197/1634/1192 1200/1636/1195
f 1195/1632/1190 1200/1636/1195 1197/1634/1192
f 1204/1639/1199 1205/1640/1200 1203/1641/1198
f 1202/1642/1197 1203/1641/1198 1205/1640/1200
f 1206/1643/1201 1207/1644/1202 1208/1645/1203
f 1209/1646/1204 1206/1643/1201 1208/1645/1203
f 1210/1647/1205 1206/1643/1201 1211/1648/1206
f 1209/1646/1204 1212/1649/1207 1206/1643/1201
f 1211/1648/1206 1206/1643/1201 1213/1650/1208
f 1213/1650/1208 1206/1643/1201 1212/1649/1207
f 1214/1651/1209 1213/1652/1208 1215/1653/1210
f 1213/1652/1208 1212/1654/1207 1215/1653/1210
f 1217/1655/1212 1218/1656/1213 1216/1657/1211
f 1216/1657/1211 1218/1656/1213 1215/1658/1210
f 1219/1659/1214 1220/1660/1214 1221/1661/1214
f 1218/1662/1213 1222/1663/1215 1215/1664/1210
f 1222/1663/1215 1223/1665/1216 1215/1664/1210
f 1215/1666/1210 1223/1667/1216 1214/1668/1209
f 1224/1669/1217 1225/1670/1218 1227/1671/1220
f 1225/1670/1218 1226/1672/1219 1227/1671/1220
f 1230/1673/1223 1231/1674/1224 1229/1675/1222
f 1228/1676/1221 1229/1675/1222 1231/1674/1224
f 1234/1677/1227 1235/1678/1228 1233/1679/1226
f 1232/1680/1225 1233/1679/1226 1235/1678/1228
f 1235/1678/1228 1237/1681/1230 1232/1680/1225
f 1236/1682/1229 1232/1683/1225 1237/1684/1230
f 1237/1684/1230 1230/1673/1223 1236/1682/1229
f 1238/1685/1231 1236/1682/1229 1230/1673/1223
f 1229/1675/1222 1238/1685/1231 1230/1673/1223
f 1225/1686/1218 1228/1687/1221 1239/1688/1232
f 1231/1689/1224 1239/1688/1232 1228/1687/1221
f 1233/1690/1226 1241/1691/1234 1234/1692/1227
f 1240/1693/1233 1234/1694/1227 1241/1695/1234
f 1241/1695/1234 1243/1696/1236 1240/1693/1233
f 1242/1697/1235 1240/1693/1233 1243/1696/1236
f 1245/1698/1238 1244/1699/1237 1243/1696/1236
f 1244/1699/1237 1242/1697/1235 1243/1696/1236
f 1226/1700/1219 1246/1701/1239 1245/1698/1238
f 1246/1701/1239 1244/1699/1237 1245/1698/1238
f 1226/1672/1219 1225/1670/1218 1246/1702/1239
f 1239/1703/1232 1246/1702/1239 1225/1670/1218
f 1247/1704/1240 1248/1705/1241 1250/1706/1243
f 1248/1705/1241 1249/1707/1242 1250/1706/1243
f 1253/1708/1246 1254/1709/1247 1252/1710/1245
f 1251/1711/1244 1252/1710/1245 1254/1709/1247
f 1247/1704/1240 1251/1711/1244 1248/1705/1241
f 1251/1711/1244 1254/1709/1247 1248/1705/1241
f 1255/1712/1248 1256/1713/1249 1252/1714/1245
f 1259/1715/1252 1260/1716/1253 1258/1717/1251
f 1257/1718/1250 1258/1717/1251 1260/1716/1253
f 1262/1719/1255 1261/1720/1254 1260/1716/1253
f 1261/1720/1254 1257/1718/1250 1260/1716/1253
f 1263/1721/1256 1261/1722/1254 1264/1723/1257
f 1261/1720/1254 1262/1719/1255 1264/1724/1257
f 1264/1725/1257 1266/1726/1259 1263/1727/1256
f 1265/1728/1258 1263/1727/1256 1266/1726/1259
f 1265/1728/1258 1266/1726/1259 1255/1712/1248
f 1255/1712/1248 1266/1726/1259 1256/1713/1249
f 1259/1715/1252 1258/1717/1251 1267/1729/1260
f 1267/1729/1260 1258/1717/1251 1268/1730/1261
f 1269/1731/1262 1270/1732/1263 1271/1733/1264
f 1269/1731/1262 1271/1733/1264 1272/1734/1265
f 1274/1735/1267 1273/1736/1266 1272/1737/1265
f 1273/1738/1266 1269/1739/1262 1272/1740/1265
f 1276/1741/1269 1275/1742/1268 1274/1743/1267
f 1275/1744/1268 1273/1745/1266 1274/1746/1267
f 1276/1747/1269 1259/1748/1252 1275/1749/1268
f 1267/1750/1260 1275/1749/1268 1259/1748/1252
f 1278/1751/1271 1279/1752/1272 1277/1753/1270
f 1277/1753/1270 1279/1752/1272 1280/1754/1273
f 1277/1753/1270 1281/1755/1274 1278/1751/1271
f 1281/1755/1274 1282/1756/1275 1278/1751/1271
f 1283/1757/1276 1284/1758/1277 1281/1755/1274
f 1284/1758/1277 1282/1756/1275 1281/1755/1274
f 1283/1757/1276 1285/1759/1278 1284/1758/1277
f 1285/1759/1278 1286/1760/1279 1284/1758/1277
f 1285/1759/1278 1287/1761/1280 1286/1760/1279
f 1287/1761/1280 1288/1762/1281 1286/1760/1279
f 1289/1763/1282 1290/1764/1283 1278/1751/1271
f 1278/1751/1271 1290/1764/1283 1279/1752/1272
f 1278/1751/1271 1282/1756/1275 1289/1763/1282
f 1282/1756/1275 1291/1765/1284 1289/1763/1282
f 1282/1756/1275 1284/1758/1277 1291/1765/1284
f 1284/1758/1277 1292/1766/1285 1291/1765/1284
f 1284/1758/1277 1286/1760/1279 1292/1766/1285
f 1286/1760/1279 1293/1767/1286 1292/1766/1285
f 1288/1768/1281 1294/1769/1287 1286/1770/1279
f 1294/1769/1287 1293/1771/1286 1286/1770/1279
f 1295/1772/1288 1296/1773/1289 1289/1774/1282
f 1289/1774/1282 1296/1773/1289 1290/1775/1283
f 1289/1774/1282 1291/1776/1284 1295/1772/1288
f 1291/1776/1284 1297/1777/1290 1295/1772/1288
f 1292/1778/1285 1298/1779/1291 1291/1776/1284
f 1298/1779/1291 1297/1777/1290 1291/1776/1284
f 1293/1780/1286 1299/1781/1292 1292/1778/1285
f 1299/1781/1292 1298/1779/1291 1292/1778/1285
f 1294/1782/1287 1299/1781/1292 1293/1780/1286
f 1300/1783/1293 1301/1784/1294 1295/1772/1288
f 1295/1772/1288 1301/1784/1294 1296/1773/1289
f 1295/1772/1288 1297/1777/1290 1300/1783/1293
f 1297/1777/1290 1302/1785/1295 1300/1783/1293
f 1297/1777/1290 1298/1779/1291 1302/1785/1295
f 1298/1779/1291 1303/1786/1296 1302/1785/1295
f 1299/1781/1292 1304/1787/1297 1298/1779/1291
f 1304/1787/1297 1303/1786/1296 1298/1779/1291
f 1305/1788/1298 1306/1789/1299 1300/1790/1293
f 1300/1790/1293 1306/1789/1299 1301/1791/1294
f 1300/1790/1293 1302/1792/1295 1305/1788/1298
f 1302/1792/1295 1307/1793/1300 1305/1788/1298
f 1302/1785/1295 1303/1786/1296 1307/1794/1300
f 1303/1786/1296 1308/1795/1301 1307/1794/1300
f 1303/1786/1296 1304/1787/1297 1308/1795/1301
f 1304/1787/1297 1309/1796/1302 1308/1795/1301
f 1310/1797/1303 1311/1798/1304 1305/1799/1298
f 1305/1799/1298 1311/1798/1304 1306/1800/1299
f 1305/1799/1298 1307/1801/1300 1310/1797/1303
f 1307/1801/1300 1312/1802/1305 1310/1797/1303
f 1307/1801/1300 1308/1803/1301 1312/1802/1305
f 1308/1803/1301 1313/1804/1306 1312/1802/1305
f 1309/1805/1302 1314/1806/1307 1308/1803/1301
f 1314/1806/1307 1313/1804/1306 1308/1803/1301
f 1294/1782/1287 1315/1807/1308 1299/1781/1292
f 1287/1808/1280 1316/1809/1309 1288/1768/1281
f 1288/1768/1281 1316/1809/1309 1317/1810/1310
f 1294/1769/1287 1288/1768/1281 1317/1810/1310
f 1294/1769/1287 1317/1810/1310 1315/1811/1308
f 1315/1812/1308 1318/1813/1311 1299/1814/1292
f 1315/1812/1308 1319/1815/1312 1318/1813/1311
f 1320/1816/1313 1321/1817/1314 1323/1818/1316
f 1321/1817/1314 1322/1819/1315 1323/1818/1316
f 1325/1820/1318 1323/1821/1316 1324/1822/1317
f 1323/1821/1316 1322/1823/1315 1324/1822/1317
f 1325/1820/1318 1324/1822/1317 1327/1824/1320
f 1324/1822/1317 1326/1825/1319 1327/1824/1320
f 1329/1826/1322 1327/1827/1320 1328/1828/1321
f 1327/1827/1320 1326/1829/1319 1328/1828/1321
f 1329/1830/1322 1328/1831/1321 1331/1832/1324
f 1328/1831/1321 1330/1833/1323 1331/1832/1324
f 1333/1834/1326 1331/1832/1324 1332/1835/1325
f 1331/1832/1324 1330/1833/1323 1332/1835/1325
f 1333/1836/1326 1332/1837/1325 1335/1838/1328
f 1332/1837/1325 1334/1839/1327 1335/1838/1328
f 1320/1816/1313 1335/1838/1328 1321/1817/1314
f 1335/1838/1328 1334/1839/1327 1321/1817/1314
f 1336/1840/1329 1337/1841/1330 1339/1842/1332
f 1337/1841/1330 1338/1843/1331 1339/1842/1332
f 1341/1844/1334 1339/1845/1332 1340/1846/1333
f 1339/1845/1332 1338/1847/1331 1340/1846/1333
f 1341/1844/1334 1340/1846/1333 1343/1848/1336
f 1340/1846/1333 1342/1849/1335 1343/1848/1336
f 1345/1850/1338 1343/1848/1336 1344/1851/1337
f 1343/1848/1336 1342/1849/1335 1344/1851/1337
f 1345/1852/1338 1344/1853/1337 1347/1854/1340
f 1344/1853/1337 1346/1855/1339 1347/1854/1340
f 1347/1856/1340 1346/1857/1339 1349/1858/1342
f 1346/1857/1339 1348/1859/1341 1349/1858/1342
f 1349/1858/1342 1348/1859/1341 1351/1860/1344
f 1348/1859/1341 1350/1861/1343 1351/1860/1344
f 1353/1862/1346 1351/1863/1344 1352/1864/1345
f 1351/1863/1344 1350/1865/1343 1352/1864/1345
f 1336/1840/1329 1353/1866/1346 1337/1841/1330
f 1353/1866/1346 1352/1867/1345 1337/1841/1330
f 1334/1868/1327 1332/1869/1325 1355/1870/1348
f 1332/1869/1325 1354/1871/1347 1355/1870/1348
f 1356/1872/1349 1354/1871/1347 1330/1873/1323
f 1330/1873/1323 1354/1871/1347 1332/1869/1325
f 1328/1828/1321 1357/1874/1350 1330/1875/1323
f 1357/1874/1350 1356/1876/1349 1330/1875/1323
f 1326/1829/1319 1358/1877/1351 1328/1828/1321
f 1358/1877/1351 1357/1874/1350 1328/1828/1321
f 1324/1822/1317 1359/1878/1352 1326/1825/1319
f 1359/1878/1352 1358/1879/1351 1326/1825/1319
f 1322/1823/1315 1360/1880/1353 1324/1822/1317
f 1360/1880/1353 1359/1878/1352 1324/1822/1317
f 1361/1881/1354 1360/1882/1353 1321/1817/1314
f 1321/1817/1314 1360/1882/1353 1322/1819/1315
f 1321/1817/1314 1334/1839/1327 1361/1881/1354
f 1334/1839/1327 1355/1883/1348 1361/1881/1354
f 1362/1884/1355 1363/1885/1356 1352/1867/1345
f 1352/1867/1345 1363/1885/1356 1337/1841/1330
f 1352/1864/1345 1350/1865/1343 1362/1886/1355
f 1350/1865/1343 1364/1887/1357 1362/1886/1355
f 1348/1888/1341 1365/1889/1358 1350/1865/1343
f 1365/1889/1358 1364/1887/1357 1350/1865/1343
f 1346/1855/1339 1366/1890/1359 1348/1891/1341
f 1366/1890/1359 1365/1892/1358 1348/1891/1341
f 1344/1853/1337 1367/1893/1360 1346/1855/1339
f 1367/1893/1360 1366/1890/1359 1346/1855/1339
f 1342/1849/1335 1368/1894/1361 1344/1851/1337
f 1368/1894/1361 1367/1895/1360 1344/1851/1337
f 1369/1896/1362 1368/1894/1361 1340/1846/1333
f 1340/1846/1333 1368/1894/1361 1342/1849/1335
f 1338/1847/1331 1370/1897/1363 1340/1846/1333
f 1370/1897/1363 1369/1896/1362 1340/1846/1333
f 1338/1843/1331 1337/1841/1330 1370/1898/1363
f 1337/1841/1330 1363/1885/1356 1370/1898/1363
f 1360/1882/1353 1361/1881/1354 1371/1899/1364
f 1359/1878/1352 1360/1880/1353 1371/1900/1364
f 1358/1879/1351 1359/1878/1352 1371/1900/1364
f 1357/1901/1350 1358/1879/1351 1371/1900/1364
f 1356/1902/1349 1357/1903/1350 1371/1904/1364
f 1354/1905/1347 1356/1902/1349 1371/1904/1364
f 1355/1883/1348 1354/1906/1347 1371/1899/1364
f 1361/1881/1354 1355/1883/1348 1371/1899/1364
f 1370/1897/1363 1363/1907/1356 1372/1908/1365
f 1369/1896/1362 1370/1897/1363 1372/1908/1365
f 1368/1894/1361 1369/1896/1362 1372/1908/1365
f 1367/1895/1360 1368/1894/1361 1372/1908/1365
f 1366/1909/1359 1367/1895/1360 1372/1908/1365
f 1365/1910/1358 1366/1911/1359 1372/1912/1365
f 1364/1913/1357 1365/1910/1358 1372/1912/1365
f 1362/1914/1355 1364/1913/1357 1372/1912/1365
f 1363/1885/1356 1362/1884/1355 1372/1915/1365
f 1373/1916/1366 1374/1917/1367 1378/1918/1371
f 1374/1917/1367 1375/1919/1368 1378/1918/1371
f 1378/1920/1371 1375/1921/1368 1377/1922/1370
f 1375/1921/1368 1376/1923/1369 1377/1922/1370
f 1375/1921/1368 1379/1924/1372 1376/1923/1369
f 1379/1924/1372 1380/1925/1373 1376/1923/1369
f 1380/1926/1373 1381/1927/1374 1376/1928/1369
f 1376/1928/1369 1381/1927/1374 1377/1929/1370
f 1377/1930/1370 1381/1931/1374 1382/1932/1375
f 1383/1933/1376 1378/1918/1371 1382/1932/1375
f 1378/1918/1371 1377/1930/1370 1382/1932/1375
f 1384/1934/1377 1373/1916/1366 1383/1933/1376
f 1373/1916/1366 1378/1918/1371 1383/1933/1376
f 1373/1916/1366 1384/1934/1377 1385/1935/1378
f 1379/1924/1372 1375/1921/1368 1386/1936/1379
f 1386/1936/1379 1375/1921/1368 1374/1937/1367
f 1390/1938/1383 1387/1939/1380 1389/1940/1382
f 1387/1939/1380 1388/1941/1381 1389/1940/1382
f 1393/1942/1386 1394/1943/1387 1392/1944/1385
f 1391/1945/1384 1392/1946/1385 1394/1947/1387
f 1395/1948/1388 1396/1949/1389 1397/1950/1389
f 1399/1951/1391 1390/1952/1383 1398/1953/1390
f 1398/1954/1390 1390/1955/1383 1389/1956/1382
f 1398/1957/1390 1400/1958/1392 1399/1959/1391
f 1400/1958/1392 1401/1960/1393 1399/1959/1391
f 1399/1951/1391 1402/1961/1394 1390/1952/1383
f 1390/1952/1383 1402/1961/1394 1403/1962/1395
f 1401/1960/1393 1404/1963/1396 1399/1959/1391
f 1399/1951/1391 1404/1964/1396 1402/1961/1394
f 1401/1965/1393 1405/1966/1397 1404/1967/1396
f 1401/1965/1393 1406/1968/1398 1405/1966/1397
f 1395/1969/1388 1393/1970/1386 1408/1971/1400
f 1407/1972/1399 1408/1971/1400 1393/1970/1386
f 1408/1971/1400 1409/1973/1401 1395/1969/1388
f 1395/1974/1388 1409/1975/1401 1406/1976/1398
f 1393/1942/1386 1392/1944/1385 1411/1977/1403
f 1392/1944/1385 1410/1978/1402 1411/1977/1403
f 1387/1979/1380 1412/1980/1404 1392/1981/1385
f 1410/1982/1402 1392/1983/1385 1412/1984/1404
f 1413/1985/1405 1414/1986/1406 1412/1987/1404
f 1414/1986/1406 1410/1988/1402 1412/1987/1404
f 1414/1989/1406 1415/1990/1407 1410/1991/1402
f 1415/1990/1407 1411/1992/1403 1410/1991/1402
f 1415/1990/1407 1416/1993/1408 1411/1992/1403
f 1416/1993/1408 1407/1994/1399 1411/1992/1403
f 1416/1995/1408 1417/1996/1409 1407/1972/1399
f 1417/1996/1409 1408/1971/1400 1407/1972/1399
f 1418/1997/1410 1409/1973/1401 1417/1996/1409
f 1417/1996/1409 1409/1973/1401 1408/1971/1400
f 1406/1976/1398 1409/1975/1401 1419/1998/1411
f 1418/1999/1410 1419/1998/1411 1409/1975/1401
f 1419/1998/1411 1420/2000/1412 1406/1976/1398
f 1420/2001/1412 1421/2002/1413 1406/2003/1398
f 1406/2003/1398 1421/2002/1413 1405/2004/1397
f 1422/2005/1414 1404/1964/1396 1421/2006/1413
f 1405/2004/1397 1421/2002/1413 1404/2007/1396
f 1423/2008/1415 1402/1961/1394 1422/2005/1414
f 1402/1961/1394 1404/1964/1396 1422/2005/1414
f 1424/2009/1416 1403/1962/1395 1423/2008/1415
f 1403/1962/1395 1402/1961/1394 1423/2008/1415
f 1387/2010/1380 1403/1962/1395 1424/2009/1416
f 1419/2011/1411 1425/2012/1417 1426/2013/1418
f 1426/2013/1418 1427/2014/1419 1419/2011/1411
f 1419/1998/1411 1427/2015/1419 1420/2000/1412
f 1421/2002/1413 1420/2001/1412 1428/2016/1420
f 1420/2001/1412 1427/2017/1419 1428/2016/1420
f 1429/2018/1421 1422/2005/1414 1428/2019/1420
f 1421/2006/1413 1428/2019/1420 1422/2005/1414
f 1422/2005/1414 1429/2018/1421 1423/2008/1415
f 1423/2008/1415 1429/2018/1421 1430/2020/1422
f 1431/2021/1423 1424/2009/1416 1430/2020/1422
f 1424/2009/1416 1423/2008/1415 1430/2020/1422
f 1387/2010/1380 1424/2009/1416 1432/2022/1424
f 1424/2009/1416 1431/2021/1423 1432/2022/1424
f 1418/1997/1410 1417/1996/1409 1434/2023/1426
f 1417/1996/1409 1433/2024/1425 1434/2023/1426
f 1433/2024/1425 1417/1996/1409 1435/2025/1427
f 1435/2025/1427 1417/1996/1409 1416/1995/1408
f 1435/2025/1427 1416/1995/1408 1436/2026/1428
f 1436/2026/1428 1416/1995/1408 1415/2027/1407
f 1414/2028/1406 1437/2029/1429 1415/2030/1407
f 1436/2031/1428 1415/2032/1407 1437/2033/1429
f 1437/2034/1429 1414/2035/1406 1438/2036/1430
f 1414/2035/1406 1413/2037/1405 1438/2036/1430
f 1413/2038/1405 1387/2010/1380 1438/2039/1430
f 1439/2040/1431 1438/2039/1430 1387/2010/1380
f 1439/2040/1431 1387/2010/1380 1432/2022/1424
f 1440/2041/1432 1437/2042/1429 1441/2043/1433
f 1437/2042/1429 1438/2039/1430 1441/2043/1433
f 1442/2044/1434 1436/2026/1428 1440/2045/1432
f 1440/2045/1432 1436/2026/1428 1437/2046/1429
f 1443/2047/1435 1435/2025/1427 1442/2044/1434
f 1442/2044/1434 1435/2025/1427 1436/2026/1428
f 1444/2048/1436 1433/2024/1425 1443/2047/1435
f 1443/2047/1435 1433/2024/1425 1435/2025/1427
f 1444/2048/1436 1445/2049/1437 1433/2024/1425
f 1445/2049/1437 1434/2023/1426 1433/2024/1425
f 1445/2049/1437 1446/2050/1438 1434/2023/1426
f 1446/2050/1438 1425/2051/1417 1434/2023/1426
f 1446/2052/1438 1447/2053/1439 1425/2012/1417
f 1425/2012/1417 1447/2053/1439 1426/2013/1418
f 1426/2013/1418 1447/2053/1439 1427/2014/1419
f 1448/2054/1440 1439/2040/1431 1432/2022/1424
f 1450/2055/1442 1443/2047/1435 1449/2056/1441
f 1442/2044/1434 1449/2056/1441 1443/2047/1435
f 1451/2057/1443 1444/2048/1436 1450/2055/1442
f 1450/2055/1442 1444/2048/1436 1443/2047/1435
f 1451/2057/1443 1452/2058/1444 1444/2048/1436
f 1452/2058/1444 1445/2049/1437 1444/2048/1436
f 1446/2050/1438 1445/2049/1437 1453/2059/1445
f 1452/2058/1444 1453/2059/1445 1445/2049/1437
f 1453/2059/1445 1454/2060/1446 1446/2050/1438
f 1454/2060/1446 1447/2061/1439 1446/2050/1438
f 1455/2062/1447 1427/2017/1419 1454/2060/1446
f 1447/2061/1439 1454/2060/1446 1427/2017/1419
f 1456/2063/1448 1428/2016/1420 1455/2062/1447
f 1427/2017/1419 1455/2062/1447 1428/2016/1420
f 1456/2064/1448 1457/2065/1449 1428/2019/1420
f 1428/2019/1420 1457/2065/1449 1429/2018/1421
f 1430/2020/1422 1429/2018/1421 1458/2066/1450
f 1429/2018/1421 1457/2065/1449 1458/2066/1450
f 1430/2020/1422 1458/2066/1450 1459/2067/1451
f 1431/2021/1423 1430/2020/1422 1460/2068/1452
f 1430/2020/1422 1459/2067/1451 1460/2068/1452
f 1460/2068/1452 1461/2069/1453 1431/2021/1423
f 1432/2022/1424 1431/2021/1423 1461/2069/1453
f 1461/2069/1453 1462/2070/1454 1432/2022/1424
f 1448/2054/1440 1432/2022/1424 1462/2070/1454
f 1462/2070/1454 1463/2071/1455 1448/2054/1440
f 1463/2071/1455 1441/2043/1433 1448/2054/1440
f 1464/2072/1456 1441/2043/1433 1463/2071/1455
f 1465/2073/1457 1440/2074/1432 1466/2075/1458
f 1440/2041/1432 1441/2043/1433 1466/2076/1458
f 1466/2076/1458 1441/2043/1433 1464/2072/1456
f 1467/2077/1459 1468/2078/1460 1451/2057/1443
f 1468/2078/1460 1452/2058/1444 1451/2057/1443
f 1468/2078/1460 1469/2079/1461 1452/2058/1444
f 1469/2079/1461 1453/2059/1445 1452/2058/1444
f 1469/2079/1461 1470/2080/1462 1453/2059/1445
f 1470/2080/1462 1454/2060/1446 1453/2059/1445
f 1471/2081/1463 1455/2062/1447 1470/2080/1462
f 1470/2080/1462 1455/2062/1447 1454/2060/1446
f 1455/2062/1447 1471/2081/1463 1472/2082/1464
f 1455/2062/1447 1472/2082/1464 1456/2063/1448
f 1461/2069/1453 1460/2068/1452 1474/2083/1466
f 1460/2068/1452 1473/2084/1465 1474/2083/1466
f 1461/2069/1453 1474/2083/1466 1475/2085/1467
f 1462/2070/1454 1461/2069/1453 1476/2086/1468
f 1461/2069/1453 1475/2085/1467 1476/2086/1468
f 1476/2086/1468 1477/2087/1469 1462/2070/1454
f 1463/2071/1455 1462/2070/1454 1477/2087/1469
f 1464/2072/1456 1463/2071/1455 1478/2088/1470
f 1478/2088/1470 1463/2071/1455 1477/2087/1469
f 1466/2076/1458 1464/2072/1456 1479/2089/1471
f 1479/2089/1471 1464/2072/1456 1478/2088/1470
f 1481/2090/1473 1450/2055/1442 1480/2091/1472
f 1480/2091/1472 1450/2055/1442 1449/2056/1441
f 1480/2091/1472 1449/2056/1441 1482/2092/1474
f 1482/2092/1474 1449/2056/1441 1465/2093/1457
f 1483/2094/1475 1482/2092/1474 1465/2093/1457
f 1484/2095/1476 1483/2096/1475 1466/2076/1458
f 1483/2094/1475 1465/2093/1457 1466/2097/1458
f 1484/2095/1476 1466/2076/1458 1479/2089/1471
f 1485/2098/1477 1457/2099/1449 1472/2082/1464
f 1456/2064/1448 1472/2100/1464 1457/2065/1449
f 1458/2066/1450 1457/2065/1449 1486/2101/1478
f 1457/2065/1449 1485/2102/1477 1486/2101/1478
f 1486/2101/1478 1487/2103/1479 1458/2066/1450
f 1458/2066/1450 1487/2103/1479 1459/2067/1451
f 1487/2103/1479 1488/2104/1480 1459/2067/1451
f 1459/2067/1451 1488/2104/1480 1460/2068/1452
f 1460/2068/1452 1488/2104/1480 1473/2084/1465
f 1489/2105/1481 1490/2106/1482 1469/2079/1461
f 1490/2106/1482 1470/2080/1462 1469/2079/1461
f 1489/2105/1481 1491/2107/1483 1490/2106/1482
f 1493/2108/1485 1490/2106/1482 1492/2109/1484
f 1491/2107/1483 1492/2109/1484 1490/2106/1482
f 1494/2110/1486 1470/2080/1462 1493/2108/1485
f 1470/2080/1462 1490/2106/1482 1493/2108/1485
f 1470/2080/1462 1494/2110/1486 1471/2081/1463
f 1494/2110/1486 1495/2111/1487 1471/2081/1463
f 1471/2081/1463 1495/2111/1487 1472/2082/1464
f 1495/2111/1487 1496/2112/1488 1472/2082/1464
f 1472/2082/1464 1496/2112/1488 1485/2098/1477
f 1496/2113/1488 1497/2114/1489 1485/2102/1477
f 1498/2115/1490 1486/2101/1478 1497/2114/1489
f 1485/2102/1477 1497/2114/1489 1486/2101/1478
f 1486/2116/1478 1498/2117/1490 1499/2118/1491
f 1499/2119/1491 1500/2120/1492 1486/2101/1478
f 1486/2101/1478 1500/2120/1492 1487/2103/1479
f 1500/2120/1492 1501/2121/1493 1487/2103/1479
f 1488/2104/1480 1487/2103/1479 1501/2121/1493
f 1473/2084/1465 1488/2104/1480 1502/2122/1494
f 1488/2104/1480 1501/2121/1493 1502/2122/1494
f 1502/2122/1494 1503/2123/1495 1473/2084/1465
f 1474/2083/1466 1473/2084/1465 1503/2123/1495
f 1503/2123/1495 1504/2124/1496 1474/2083/1466
f 1475/2085/1467 1474/2083/1466 1504/2124/1496
f 1475/2085/1467 1504/2124/1496 1476/2086/1468
f 1476/2086/1468 1504/2124/1496 1505/2125/1497
f 1505/2125/1497 1506/2126/1498 1476/2086/1468
f 1506/2126/1498 1477/2087/1469 1476/2086/1468
f 1477/2087/1469 1506/2126/1498 1478/2088/1470
f 1507/2127/1499 1478/2088/1470 1506/2126/1498
f 1493/2108/1485 1492/2109/1484 1509/2128/1501
f 1492/2109/1484 1508/2129/1500 1509/2128/1501
f 1509/2128/1501 1510/2130/1502 1493/2108/1485
f 1493/2108/1485 1510/2130/1502 1494/2110/1486
f 1494/2110/1486 1510/2130/1502 1495/2111/1487
f 1510/2130/1502 1511/2131/1503 1495/2111/1487
f 1495/2111/1487 1511/2131/1503 1496/2112/1488
f 1511/2131/1503 1512/2132/1504 1496/2112/1488
f 1512/2133/1504 1513/2134/1505 1496/2113/1488
f 1496/2113/1488 1513/2134/1505 1497/2114/1489
f 1497/2114/1489 1513/2134/1505 1498/2115/1490
f 1513/2134/1505 1514/2135/1506 1498/2115/1490
f 1499/2118/1491 1498/2117/1490 1515/2136/1507
f 1498/2115/1490 1514/2135/1506 1515/2137/1507
f 1516/2138/1508 1517/2139/1509 1519/2140/1511
f 1517/2139/1509 1518/2141/1510 1519/2140/1511
f 1520/2142/1512 1521/2143/1513 1522/2144/1514
f 1524/2145/1516 1521/2146/1513 1523/2147/1515
f 1521/2143/1513 1520/2142/1512 1523/2148/1515
f 1525/2149/1517 1526/2150/1518 1523/2147/1515
f 1524/2145/1516 1523/2147/1515 1526/2150/1518
f 1527/2151/1519 1516/2138/1508 1508/2129/1500
f 1516/2138/1508 1509/2128/1501 1508/2129/1500
f 1510/2130/1502 1509/2128/1501 1519/2140/1511
f 1509/2128/1501 1516/2138/1508 1519/2140/1511
f 1522/2144/1514 1511/2131/1503 1519/2140/1511
f 1519/2140/1511 1511/2131/1503 1510/2130/1502
f 1512/2132/1504 1511/2131/1503 1521/2143/1513
f 1511/2131/1503 1522/2144/1514 1521/2143/1513
f 1521/2146/1513 1524/2145/1516 1512/2133/1504
f 1512/2133/1504 1524/2145/1516 1513/2134/1505
f 1526/2152/1518 1514/2153/1506 1524/2154/1516
f 1513/2134/1505 1524/2145/1516 1514/2135/1506
f 1526/2150/1518 1528/2155/1520 1514/2135/1506
f 1514/2135/1506 1528/2155/1520 1515/2137/1507
f 1529/2156/1521 1530/2157/1522 1532/2158/1524
f 1530/2157/1522 1531/2159/1523 1532/2158/1524
f 1534/2160/1526 1535/2161/1527 1533/2162/1525
f 1533/2162/1525 1535/2161/1527 1530/2157/1522
f 1536/2163/1528 1531/2159/1523 1535/2161/1527
f 1530/2157/1522 1535/2161/1527 1531/2159/1523
f 1529/2156/1521 1517/2139/1509 1538/2164/1530
f 1537/2165/1529 1538/2164/1530 1517/2139/1509
f 1517/2139/1509 1529/2156/1521 1518/2141/1510
f 1529/2156/1521 1532/2158/1524 1518/2141/1510
f 1532/2158/1524 1539/2166/1531 1518/2141/1510
f 1518/2141/1510 1539/2166/1531 1520/2142/1512
f 1531/2159/1523 1540/2167/1532 1532/2158/1524
f 1532/2158/1524 1540/2167/1532 1539/2166/1531
f 1541/2168/1533 1540/2167/1532 1536/2163/1528
f 1531/2159/1523 1536/2163/1528 1540/2167/1532
f 1535/2161/1527 1542/2169/1534 1536/2163/1528
f 1535/2170/1527 1534/2171/1526 1542/2172/1534
f 1534/2171/1526 1543/2173/1535 1542/2172/1534
f 1536/2163/1528 1542/2169/1534 1541/2168/1533
f 1542/2172/1534 1543/2173/1535 1545/2174/1537
f 1543/2173/1535 1544/2175/1536 1545/2174/1537
f 1544/2175/1536 1546/2176/1538 1545/2174/1537
f 1546/2176/1538 1547/2177/1539 1545/2174/1537
f 1549/2178/1541 1550/2179/1542 1548/2180/1540
f 1548/2180/1540 1550/2179/1542 1551/2181/1543
f 1551/2181/1543 1550/2179/1542 1553/2182/1545
f 1550/2179/1542 1552/2183/1544 1553/2182/1545
f 1554/2184/1546 1555/2185/1547 1557/2186/1549
f 1555/2185/1547 1556/2187/1548 1557/2186/1549
f 1561/2188/1553 1562/2189/1554 1560/2190/1552
f 1562/2189/1554 1558/2191/1550 1560/2190/1552
f 1558/2191/1550 1559/2192/1551 1560/2190/1552
f 1557/2186/1549 1559/2193/1551 1564/2194/1556
f 1563/2195/1555 1564/2194/1556 1559/2193/1551
f 1560/2196/1552 1559/2193/1551 1556/2187/1548
f 1559/2193/1551 1557/2186/1549 1556/2187/1548
f 1567/2197/1559 1568/2198/1560 1566/2199/1558
f 1565/2200/1557 1566/2199/1558 1568/2198/1560
f 1568/2201/1560 1567/2202/1559 1569/2203/1561
f 1569/2203/1561 1567/2202/1559 1570/2204/1562
f 1571/2205/1563 1572/2206/1564 1574/2207/1566
f 1572/2206/1564 1573/2208/1565 1574/2207/1566
f 1575/2209/1567 1576/2210/1568 1571/2205/1563
f 1576/2210/1568 1572/2206/1564 1571/2205/1563
f 1577/2211/1569 1578/2212/1570 1575/2209/1567
f 1578/2212/1570 1576/2210/1568 1575/2209/1567
f 1577/2213/1569 1579/2214/1571 1578/2215/1570
f 1579/2216/1571 1580/2217/1572 1578/2218/1570
f 1581/2219/1573 1582/2220/1574 1583/2221/1575
f 1585/2222/1577 1584/2223/1576 1583/2221/1575
f 1584/2223/1576 1581/2219/1573 1583/2221/1575
f 1587/2224/1579 1588/2225/1580 1586/2226/1578
f 1586/2226/1578 1588/2225/1580 1589/2227/1581
f 1586/2228/1578 1589/2229/1581 1590/2230/1582
f 1586/2231/1578 1590/2232/1582 1591/2233/1583
f 1592/2234/1584 1587/2235/1579 1591/2233/1583
f 1586/2231/1578 1591/2233/1583 1587/2235/1579
f 1587/2235/1579 1592/2234/1584 1584/2236/1576
f 1593/2237/1585 1581/2238/1573 1592/2239/1584
f 1592/2234/1584 1581/2240/1573 1584/2236/1576
f 1594/2241/1586 1595/2242/1587 1597/2243/1589
f 1595/2242/1587 1596/2244/1588 1597/2243/1589
f 1598/2245/1590 1594/2241/1586 1597/2243/1589
f 1598/2245/1590 1597/2243/1589 1599/2246/1591
f 1600/2247/1592 1601/2248/1593 1602/2249/1594
f 1604/2250/1596 1601/2251/1593 1603/2252/1595
f 1603/2253/1595 1601/2254/1593 1600/2255/1592
f 1605/2256/1597 1603/2257/1595 1606/2258/1598
f 1603/2257/1595 1600/2247/1592 1606/2258/1598
f 1605/2256/1597 1606/2258/1598 1607/2259/1599
f 1607/2259/1599 1606/2258/1598 1608/2260/1600
f 1602/2249/1594 1609/2261/1601 1600/2247/1592
f 1606/2258/1598 1600/2247/1592 1609/2261/1601
f 1602/2249/1594 1610/2262/1602 1609/2261/1601
f 1609/2261/1601 1610/2262/1602 1611/2263/1603
f 1609/2261/1601 1608/2260/1600 1606/2258/1598
f 1608/2260/1600 1609/2261/1601 1612/2264/1604
f 1609/2261/1601 1611/2263/1603 1612/2264/1604
f 1613/2265/1605 1607/2259/1599 1614/2266/1606
f 1607/2259/1599 1608/2260/1600 1614/2266/1606
f 1614/2266/1606 1608/2260/1600 1615/2267/1607
f 1608/2260/1600 1612/2264/1604 1615/2267/1607
f 1612/2264/1604 1616/2268/1608 1615/2267/1607
f 1613/2265/1605 1614/2266/1606 1617/2269/1609
f 1618/2270/1610 1617/2269/1609 1615/2267/1607
f 1617/2269/1609 1614/2266/1606 1615/2267/1607
f 1615/2267/1607 1616/2268/1608 1619/2271/1611
f 1618/2270/1610 1615/2267/1607 1619/2271/1611
f 1621/2272/1613 1622/2273/1614 1620/2274/1612
f 1620/2274/1612 1622/2273/1614 1623/2275/1615
f 1625/2276/1617 1622/2273/1614 1624/2277/1616
f 1621/2272/1613 1624/2277/1616 1622/2273/1614
f 1629/2278/1621 1626/2279/1618 1628/2280/1620
f 1626/2279/1618 1627/2281/1619 1628/2280/1620
f 1628/2280/1620 1627/2281/1619 1631/2282/1623
f 1627/2281/1619 1630/2283/1622 1631/2282/1623
f 1633/2284/1625 1631/2282/1623 1632/2285/1624
f 1630/2283/1622 1632/2285/1624 1631/2282/1623
f 1637/2286/1629 1634/2287/1626 1636/2288/1628
f 1634/2287/1626 1635/2289/1627 1636/2288/1628
f 1639/2290/1631 1637/2286/1629 1638/2291/1630
f 1637/2286/1629 1636/2288/1628 1638/2291/1630
f 1638/2291/1630 1629/2292/1621 1640/2293/1632
f 1638/2291/1630 1640/2293/1632 1639/2290/1631
f 1639/2290/1631 1640/2293/1632 1641/2294/1633
f 1642/2295/1634 1643/2296/1635 1645/2297/1637
f 1643/2296/1635 1644/2298/1636 1645/2297/1637
f 1646/2299/1638 1647/2300/1639 1648/2301/1640
f 1648/2301/1640 1647/2300/1639 1642/2302/1634
f 1647/2300/1639 1643/2303/1635 1642/2302/1634
f 1652/2304/1644 1649/2305/1641 1651/2306/1643
f 1649/2305/1641 1650/2307/1642 1651/2306/1643
f 1654/2308/1646 1652/2304/1644 1653/2309/1645
f 1652/2304/1644 1651/2306/1643 1653/2309/1645
f 1651/2306/1643 1650/2307/1642 1655/2310/1647
f 1656/2311/1648 1653/2312/1645 1655/2313/1647
f 1651/2306/1643 1655/2310/1647 1653/2309/1645
f 1655/2313/1647 1657/2314/1649 1656/2311/1648
f 1658/2315/1650 1659/2316/1651 1656/2311/1648
f 1653/2312/1645 1656/2311/1648 1659/2316/1651
f 1663/2317/1655 1660/2318/1652 1662/2319/1654
f 1660/2318/1652 1661/2320/1653 1662/2319/1654
f 1659/2316/1651 1658/2315/1650 1665/2321/1657
f 1658/2315/1650 1664/2322/1656 1665/2321/1657
f 1665/2323/1657 1664/2324/1656 1667/2325/1659
f 1664/2324/1656 1666/2326/1658 1667/2325/1659
f 1668/2327/1660 1661/2320/1653 1660/2318/1652
f 1658/2315/1650 1656/2311/1648 1669/2328/1661
f 1656/2311/1648 1657/2314/1649 1669/2328/1661
f 1660/2318/1652 1658/2315/1650 1668/2327/1660
f 1658/2315/1650 1669/2328/1661 1668/2327/1660
f 1664/2322/1656 1658/2315/1650 1660/2318/1652
f 1664/2322/1656 1660/2318/1652 1666/2329/1658
f 1670/2330/1662 1667/2325/1659 1666/2326/1658
f 1671/2331/1663 1670/2330/1662 1672/2332/1664
f 1670/2330/1662 1666/2326/1658 1672/2332/1664
f 1660/2333/1652 1663/2334/1655 1666/2335/1658
f 1666/2335/1658 1663/2334/1655 1672/2336/1664
f 1673/2337/1665 1674/2338/1666 1662/2319/1654
f 1663/2317/1655 1662/2319/1654 1674/2338/1666
f 1675/2339/1667 1672/2336/1664 1674/2340/1666
f 1672/2336/1664 1663/2334/1655 1674/2340/1666
f 1674/2340/1666 1677/2341/1669 1675/2339/1667
f 1676/2342/1668 1675/2339/1667 1677/2341/1669
f 1674/2340/1666 1673/2343/1665 1677/2341/1669
f 1673/2343/1665 1678/2344/1670 1677/2341/1669
f 1679/2345/1671 1671/2331/1663 1675/2346/1667
f 1671/2331/1663 1672/2332/1664 1675/2346/1667
f 1680/2347/1672 1679/2345/1671 1676/2348/1668
f 1679/2345/1671 1675/2346/1667 1676/2348/1668
f 1682/2349/1674 1683/2350/1675 1681/2351/1673
f 1681/2351/1673 1683/2350/1675 1684/2352/1676
f 1684/2352/1676 1683/2350/1675 1679/2345/1671
f 1683/2350/1675 1671/2331/1663 1679/2345/1671
f 1685/2353/1677 1686/2354/1678 1687/2355/1679
f 1686/2354/1678 1681/2351/1673 1687/2355/1679
f 1688/2356/1680 1687/2355/1679 1684/2352/1676
f 1687/2355/1679 1681/2351/1673 1684/2352/1676
f 1688/2356/1680 1684/2352/1676 1680/2347/1672
f 1684/2352/1676 1679/2345/1671 1680/2347/1672
f 1687/2355/1679 1690/2357/1682 1685/2353/1677
f 1689/2358/1681 1685/2353/1677 1690/2357/1682
f 1688/2356/1680 1691/2359/1683 1687/2355/1679
f 1690/2357/1682 1687/2355/1679 1691/2359/1683
f 1692/2360/1684 1691/2359/1683 1680/2347/1672
f 1691/2359/1683 1688/2356/1680 1680/2347/1672
f 1694/2361/1686 1695/2362/1687 1692/2360/1684
f 1693/2363/1685 1692/2360/1684 1695/2362/1687
f 1677/2364/1669 1678/2365/1670 1697/2366/1689
f 1678/2367/1670 1696/1814/1688 1697/2368/1689
f 1698/2369/1690 1676/2348/1668 1697/2370/1689
f 1676/2371/1668 1677/2364/1669 1697/2366/1689
f 1694/2361/1686 1676/2348/1668 1698/2369/1690
f 1698/2369/1690 1699/2372/1691 1694/2361/1686
f 1694/2361/1686 1699/2372/1691 1695/2362/1687
f 1676/2348/1668 1694/2361/1686 1680/2347/1672
f 1694/2361/1686 1692/2360/1684 1680/2347/1672
f 1691/2359/1683 1701/2373/1693 1690/2357/1682
f 1700/2374/1692 1690/2357/1682 1701/2373/1693
f 1702/2375/1694 1695/2362/1687 1699/2372/1691
f 1703/2376/1695 1693/2363/1685 1702/2375/1694
f 1702/2375/1694 1693/2363/1685 1695/2362/1687
f 1705/2377/1697 1703/2376/1695 1704/2378/1696
f 1704/2378/1696 1703/2376/1695 1702/2375/1694
f 1693/2363/1685 1691/2359/1683 1692/2360/1684
f 1693/2363/1685 1703/2376/1695 1691/2359/1683
f 1703/2376/1695 1701/2373/1693 1691/2359/1683
f 1703/2376/1695 1705/2377/1697 1701/2373/1693
f 1705/2377/1697 1706/2379/1698 1701/2373/1693
f 1701/2373/1693 1706/2379/1698 1700/2374/1692
f 1706/2379/1698 1707/2380/1699 1700/2374/1692
f 1700/2374/1692 1707/2380/1699 1709/2381/1701
f 1707/2380/1699 1708/2382/1700 1709/2381/1701
f 1707/2380/1699 1710/2383/1702 1708/2382/1700
f 1710/2383/1702 1711/2384/1703 1708/2382/1700
f 1712/2385/1704 1713/2386/1705 1710/2383/1702
f 1713/2386/1705 1711/2384/1703 1710/2383/1702
f 1714/2387/1706 1715/2388/1707 1712/2385/1704
f 1715/2388/1707 1713/2386/1705 1712/2385/1704
f 1717/2389/1709 1716/2390/1708 1710/2383/1702
f 1716/2390/1708 1712/2385/1704 1710/2383/1702
f 1706/2379/1698 1717/2389/1709 1707/2380/1699
f 1717/2389/1709 1710/2383/1702 1707/2380/1699
f 1717/2389/1709 1706/2379/1698 1718/2391/1710
f 1718/2391/1710 1706/2379/1698 1705/2377/1697
f 1704/2378/1696 1719/2392/1711 1705/2377/1697
f 1719/2392/1711 1718/2391/1710 1705/2377/1697
f 1718/2391/1710 1720/2393/1712 1717/2389/1709
f 1720/2393/1712 1716/2390/1708 1717/2389/1709
f 1719/2394/1711 1721/2395/1713 1718/2396/1710
f 1721/2397/1713 1720/2393/1712 1718/2391/1710
f 1722/2398/1714 1723/2399/1715 1725/2400/1717
f 1723/2399/1715 1724/2401/1716 1725/2400/1717
f 1726/2402/1718 1727/2403/1718 1728/2404/1718
f 1731/2405/1721 1732/2406/1722 1730/2407/1720
f 1729/2408/1719 1730/2407/1720 1732/2406/1722
f 1735/2409/1725 1736/2410/1726 1734/2411/1724
f 1733/2412/1723 1734/2411/1724 1736/2410/1726
f 1738/2413/1728 1739/2414/1729 1737/2415/1727
f 1737/2415/1727 1739/2414/1729 1740/2416/1730
f 1742/2417/1732 1741/2418/1731 1740/2416/1730
f 1741/2418/1731 1737/2415/1727 1740/2416/1730
f 1741/2418/1731 1742/2417/1732 1743/2419/1733
f 1743/2419/1733 1742/2417/1732 1744/2420/1734
f 1737/2415/1727 1745/2421/1735 1738/2413/1728
f 1745/2421/1735 1746/2422/1736 1738/2413/1728
f 1737/2415/1727 1741/2418/1731 1745/2421/1735
f 1747/2423/1737 1745/2421/1735 1741/2418/1731
f 1743/2419/1733 1748/2424/1738 1741/2418/1731
f 1748/2425/1738 1747/2426/1737 1741/2427/1731
f 1750/2428/1740 1749/2429/1739 1743/2419/1733
f 1749/2429/1739 1748/2424/1738 1743/2419/1733
f 1743/2419/1733 1744/2420/1734 1750/2428/1740
f 1750/2428/1740 1744/2420/1734 1751/2430/1741
f 1752/2431/1742 1753/2432/1743 1755/2433/1745
f 1753/2432/1743 1754/2434/1744 1755/2433/1745
f 1754/2434/1744 1756/2435/1746 1755/2433/1745
f 1755/2433/1745 1756/2435/1746 1757/2436/1747
f 1752/2437/1742 1755/2438/1745 1758/2439/1748
f 1758/2440/1748 1755/2433/1745 1759/2441/1749
f 1755/2433/1745 1757/2436/1747 1759/2441/1749
f 1759/2441/1749 1757/2436/1747 1760/2442/1750
f 1758/2443/1748 1759/2444/1749 1761/2445/1751
f 1761/2445/1751 1759/2444/1749 1762/2446/1752
f 1762/2446/1752 1759/2444/1749 1763/2447/1753
f 1759/2444/1749 1760/2448/1750 1763/2447/1753
f 1764/2449/1754 1761/2445/1751 1765/2450/1755
f 1761/2445/1751 1762/2446/1752 1765/2450/1755
f 1763/2447/1753 1766/2451/1756 1762/2446/1752
f 1762/2446/1752 1766/2451/1756 1765/2450/1755
f 1765/2450/1755 1768/2452/1758 1764/2449/1754
f 1767/2453/1757 1764/2449/1754 1768/2452/1758
f 1766/2451/1756 1769/2454/1759 1765/2450/1755
f 1765/2450/1755 1769/2454/1759 1768/2452/1758
f 1770/2455/1760 1771/2456/1761 1772/2457/1762
f 1775/2458/1765 1773/2459/1763 1772/2457/1762
f 1772/2457/1762 1773/2459/1763 1770/2455/1760
f 1773/2459/1763 1774/2460/1764 1770/2455/1760
f 1776/2461/1766 1773/2459/1763 1775/2458/1765
f 1777/2462/1767 1776/2461/1766 1775/2458/1765
f 1778/2463/1768 1779/2464/1768 1777/2465/1767
f 1782/2466/1771 1783/2467/1772 1781/2468/1770
f 1780/2469/1769 1781/2468/1770 1783/2467/1772
f 1785/2470/1774 1784/2471/1773 1783/2472/1772
f 1784/2473/1773 1780/2469/1769 1783/2467/1772
f 1784/2471/1773 1785/2470/1774 1786/2474/1775
f 1786/2474/1775 1785/2470/1774 1787/2475/1776
f 1788/2476/1777 1786/2474/1775 1789/2477/1778
f 1786/2474/1775 1787/2475/1776 1789/2477/1778
f 1790/2478/1779 1788/2479/1777 1791/2480/1780
f 1788/2479/1777 1789/2481/1778 1791/2480/1780
f 1791/2480/1780 1793/2482/1782 1790/2478/1779
f 1792/2483/1781 1790/2478/1779 1793/2482/1782
f 1795/2484/1784 1790/2478/1779 1794/2485/1783
f 1794/2485/1783 1790/2478/1779 1792/2483/1781
f 1797/2486/1786 1795/2484/1784 1796/2487/1785
f 1796/2487/1785 1795/2484/1784 1794/2485/1783
f 1792/2483/1781 1793/2482/1782 1798/2488/1787
f 1798/2488/1787 1793/2482/1782 1799/2489/1788
f 1792/2483/1781 1798/2488/1787 1794/2485/1783
f 1800/2490/1789 1794/2485/1783 1798/2488/1787
f 1801/2491/1790 1796/2487/1785 1800/2490/1789
f 1796/2487/1785 1794/2485/1783 1800/2490/1789
f 1799/2489/1788 1803/2492/1792 1798/2488/1787
f 1802/2493/1791 1798/2488/1787 1803/2492/1792
f 1804/2494/1793 1800/2490/1789 1802/2493/1791
f 1800/2490/1789 1798/2488/1787 1802/2493/1791
f 1805/2495/1794 1801/2491/1790 1804/2494/1793
f 1801/2491/1790 1800/2490/1789 1804/2494/1793
f 1806/2496/1795 1805/2495/1794 1804/2494/1793
f 1806/2496/1795 1804/2494/1793 1802/2493/1791
f 1806/2496/1795 1802/2493/1791 1803/2492/1792
f 1807/2497/1796 1808/2498/1797 1809/2499/1798
f 1807/2497/1796 1809/2499/1798 1810/2500/1799
f 1813/2501/1802 1814/2502/1803 1812/2503/1801
f 1811/2504/1800 1812/2503/1801 1814/2502/1803
f 1812/2505/1801 1811/2506/1800 1816/2507/1805
f 1815/2508/1804 1816/2507/1805 1811/2506/1800
f 1815/2508/1804 1818/2509/1807 1816/2507/1805
f 1817/2510/1806 1816/2507/1805 1818/2509/1807
f 1820/2511/1809 1815/2512/1804 1819/2513/1808
f 1815/2512/1804 1811/2514/1800 1819/2513/1808
f 1814/2515/1803 1821/2516/1810 1811/2517/1800
f 1819/2513/1808 1811/2514/1800 1821/2518/1810
f 1820/2511/1809 1822/2519/1811 1815/2512/1804
f 1818/2509/1807 1815/2508/1804 1822/2520/1811
f 1818/2509/1807 1824/2521/1813 1817/2510/1806
f 1823/2522/1812 1817/2510/1806 1824/2521/1813
f 1824/2521/1813 1818/2509/1807 1825/2523/1814
f 1818/2509/1807 1822/2520/1811 1825/2523/1814
f 1826/2524/1815 1823/2525/1812 1827/2526/1816
f 1823/2525/1812 1824/2527/1813 1827/2526/1816
f 1825/2523/1814 1828/2528/1817 1824/2521/1813
f 1827/2529/1816 1824/2521/1813 1828/2528/1817
f 1830/2530/1819 1829/2531/1818 1827/2526/1816
f 1829/2531/1818 1826/2524/1815 1827/2526/1816
f 1828/2528/1817 1831/2532/1820 1827/2529/1816
f 1830/2533/1819 1827/2529/1816 1831/2532/1820
f 1833/2534/1822 1832/2535/1821 1831/2532/1820
f 1832/2535/1821 1830/2533/1819 1831/2532/1820
f 1833/2534/1822 1835/2536/1824 1832/2535/1821
f 1834/2537/1823 1832/2535/1821 1835/2536/1824
f 1832/2535/1821 1836/2538/1825 1830/2533/1819
f 1836/2539/1825 1829/2531/1818 1830/2530/1819
f 1837/2540/1826 1836/2541/1825 1834/2542/1823
f 1836/2541/1825 1832/2543/1821 1834/2542/1823
f 1839/2544/1828 1838/2545/1827 1828/2546/1817
f 1838/2547/1827 1831/2532/1820 1828/2528/1817
f 1840/2548/1829 1833/2534/1822 1838/2547/1827
f 1831/2532/1820 1838/2547/1827 1833/2534/1822
f 1841/2549/1830 1835/2550/1824 1840/2551/1829
f 1835/2550/1824 1833/2552/1822 1840/2551/1829
f 1842/2553/1831 1839/2544/1828 1825/2554/1814
f 1828/2546/1817 1825/2554/1814 1839/2544/1828
f 1843/2555/1832 1842/2553/1831 1822/2519/1811
f 1842/2553/1831 1825/2554/1814 1822/2519/1811
f 1843/2555/1832 1822/2519/1811 1844/2556/1833
f 1822/2519/1811 1820/2511/1809 1844/2556/1833
f 1819/2513/1808 1845/2557/1834 1820/2511/1809
f 1844/2556/1833 1820/2511/1809 1845/2557/1834
f 1821/2518/1810 1846/2558/1835 1819/2513/1808
f 1846/2558/1835 1845/2557/1834 1819/2513/1808
f 1841/2559/1830 1847/2560/1836 1835/2561/1824
f 1841/2549/1830 1840/2551/1829 1849/2562/1838
f 1840/2551/1829 1848/2563/1837 1849/2562/1838
f 1850/2564/1839 1848/2563/1837 1838/2545/1827
f 1838/2545/1827 1848/2563/1837 1840/2551/1829
f 1838/2545/1827 1839/2544/1828 1850/2564/1839
f 1839/2544/1828 1851/2565/1840 1850/2564/1839
f 1839/2544/1828 1842/2553/1831 1851/2565/1840
f 1842/2553/1831 1852/2566/1841 1851/2565/1840
f 1853/2567/1842 1852/2566/1841 1843/2555/1832
f 1843/2555/1832 1852/2566/1841 1842/2553/1831
f 1853/2568/1842 1843/2569/1832 1854/2570/1843
f 1844/2556/1833 1854/2571/1843 1843/2555/1832
f 1841/2549/1830 1849/2562/1838 1847/2572/1836
f 1855/2573/1844 1854/2574/1843 1845/2575/1834
f 1854/2574/1843 1844/2576/1833 1845/2575/1834
f 1845/2557/1834 1846/2558/1835 1855/2577/1844
f 1855/2578/1844 1846/2579/1835 1856/2580/1845
f 1857/2581/1846 1858/2582/1847 1853/2567/1842
f 1853/2567/1842 1858/2582/1847 1852/2566/1841
f 1852/2566/1841 1858/2582/1847 1851/2565/1840
f 1858/2582/1847 1859/2583/1848 1851/2565/1840
f 1859/2583/1848 1860/2584/1849 1851/2565/1840
f 1851/2565/1840 1860/2584/1849 1850/2564/1839
f 1854/2570/1843 1861/2585/1850 1853/2568/1842
f 1861/2585/1850 1857/2586/1846 1853/2568/1842
f 1862/2587/1851 1861/2585/1850 1855/2578/1844
f 1861/2585/1850 1854/2570/1843 1855/2578/1844
f 1855/2578/1844 1856/2580/1845 1862/2587/1851
f 1863/2588/1852 1862/2587/1851 1856/2580/1845
f 1864/2589/1853 1865/2590/1854 1867/2591/1856
f 1865/2590/1854 1866/2592/1855 1867/2591/1856
f 1864/2589/1853 1867/2591/1856 1868/2593/1857
f 1868/2593/1857 1867/2591/1856 1869/2594/1858
f 1871/2595/1860 1872/2596/1861 1870/2597/1859
f 1870/2597/1859 1872/2596/1861 1873/2598/1862
f 1872/2596/1861 1871/2595/1860 1875/2599/1864
f 1871/2595/1860 1874/2600/1863 1875/2599/1864
f 1877/2601/1866 1878/2602/1867 1876/2603/1865
f 1876/2603/1865 1878/2602/1867 1879/2604/1868
f 1876/2603/1865 1880/2605/1869 1877/2601/1866
f 1880/2605/1869 1881/2606/1870 1877/2601/1866
f 1883/2607/1872 1881/2606/1870 1882/2608/1871
f 1882/2608/1871 1881/2606/1870 1880/2605/1869
f 1883/2607/1872 1882/2608/1871 1885/2609/1874
f 1884/2610/1873 1885/2609/1874 1882/2608/1871
f 1889/2611/1878 1886/2612/1875 1888/2613/1877
f 1886/2612/1875 1887/2614/1876 1888/2613/1877
f 1891/2615/1880 1892/2616/1881 1890/2617/1879
f 1890/2618/1879 1892/2619/1881 1893/2620/1882
f 1892/2619/1881 1894/2621/1883 1893/2620/1882
f 1893/2620/1882 1894/2621/1883 1895/2622/1884
f 1896/2623/1885 1897/2624/1886 1894/2621/1883
f 1895/2622/1884 1894/2621/1883 1897/2624/1886
f 1887/2614/1876 1886/2612/1875 1899/2625/1888
f 1886/2612/1875 1898/2626/1887 1899/2625/1888
f 1902/2627/1891 1903/2628/1892 1901/2629/1890
f 1900/2630/1889 1901/2629/1890 1903/2628/1892
f 1901/2629/1890 1905/2631/1894 1902/2627/1891
f 1904/2632/1893 1902/2627/1891 1905/2631/1894
f 1904/2632/1893 1906/2633/1895 1902/2627/1891
f 1906/2633/1895 1907/2634/1896 1902/2627/1891
f 1907/2634/1896 1908/2635/1897 1902/2627/1891
f 1902/2627/1891 1908/2635/1897 1903/2628/1892
f 1910/2636/1899 1903/2628/1892 1909/2637/1898
f 1903/2628/1892 1908/2635/1897 1909/2637/1898
f 1912/2638/1901 1910/2636/1899 1911/2639/1900
f 1910/2636/1899 1909/2637/1898 1911/2639/1900
f 1914/2640/1903 1915/2641/1904 1913/2642/1902
f 1913/2642/1902 1915/2641/1904 1916/2643/1905
f 1917/2644/1906 1918/2645/1907 1920/2646/1909
f 1918/2647/1907 1919/2648/1908 1920/2649/1909
f 1915/2641/1904 1917/2644/1906 1916/2643/1905
f 1916/2643/1905 1917/2644/1906 1921/2650/1910
f 1921/2650/1910 1917/2644/1906 1922/2651/1911
f 1917/2644/1906 1920/2646/1909 1922/2651/1911
f 1922/2651/1911 1920/2646/1909 1924/2652/1913
f 1920/2646/1909 1923/2653/1912 1924/2652/1913
f 1924/2652/1913 1923/2653/1912 1926/2654/1915
f 1923/2653/1912 1925/2655/1914 1926/2654/1915
f 1929/2656/1918 1930/2657/1919 1928/2658/1917
f 1927/2659/1916 1928/2658/1917 1930/2657/1919
f 1929/2656/1918 1928/2658/1917 1932/2660/1921
f 1931/2661/1920 1932/2660/1921 1928/2658/1917
f 1932/2660/1921 1931/2661/1920 1933/2662/1922
f 1926/2654/1915 1925/2655/1914 1934/2663/1923
f 1925/2655/1914 1930/2664/1919 1934/2663/1923
f 1935/2665/1924 1934/2666/1923 1929/2656/1918
f 1930/2657/1919 1929/2656/1918 1934/2666/1923
f 1935/2665/1924 1929/2656/1918 1936/2667/1925
f 1936/2667/1925 1929/2656/1918 1932/2660/1921
f 1936/2667/1925 1932/2660/1921 1933/2662/1922
f 1939/2668/1928 1940/2669/1929 1938/2670/1927
f 1937/2671/1926 1938/2670/1927 1940/2669/1929
f 1939/2668/1928 1941/2672/1930 1940/2669/1929
f 1941/2672/1930 1942/2673/1931 1940/2669/1929
f 1939/2674/1928 1943/2675/1932 1945/2676/1934
f 1943/2677/1932 1944/2678/1933 1945/2679/1934
f 1939/2668/1928 1945/2679/1934 1941/2672/1930
f 1947/2680/1936 1941/2681/1930 1946/2682/1935
f 1941/2672/1930 1945/2679/1934 1946/2683/1935
f 1947/2684/1936 1948/2685/1937 1941/2672/1930
f 1942/2673/1931 1941/2672/1930 1948/2685/1937
f 1942/2673/1931 1948/2685/1937 1950/2686/1939
f 1948/2685/1937 1949/2687/1938 1950/2686/1939
f 1944/2678/1933 1951/2688/1940 1952/2689/1941
f 1944/2678/1933 1952/2689/1941 1945/2679/1934
f 1952/2689/1941 1946/2683/1935 1945/2679/1934
f 1947/2684/1936 1946/2683/1935 1954/2690/1943
f 1946/2691/1935 1953/2692/1942 1954/2693/1943
f 1955/2694/1944 1948/2685/1937 1954/2690/1943
f 1947/2684/1936 1954/2690/1943 1948/2685/1937
f 1948/2685/1937 1955/2694/1944 1949/2687/1938
f 1955/2694/1944 1956/2695/1945 1949/2687/1938
f 1958/2696/1947 1954/2690/1943 1957/2697/1946
f 1953/2698/1942 1957/2697/1946 1954/2690/1943
f 1954/2690/1943 1958/2696/1947 1955/2694/1944
f 1955/2694/1944 1958/2696/1947 1959/2699/1948
f 1955/2694/1944 1959/2699/1948 1956/2695/1945
f 1959/2699/1948 1960/2700/1949 1956/2695/1945
f 1952/2701/1941 1961/2702/1950 1962/2703/1951
f 1953/2704/1942 1946/2705/1935 1962/2706/1951
f 1946/2707/1935 1952/2708/1941 1962/2709/1951
f 1957/2710/1946 1953/2711/1942 1963/2712/1952
f 1962/2703/1951 1963/2712/1952 1953/2711/1942
f 1965/2713/1954 1957/2714/1946 1964/2715/1953
f 1963/2712/1952 1964/2716/1953 1957/2710/1946
f 1966/2717/1955 1958/2696/1947 1965/2718/1954
f 1957/2697/1946 1965/2718/1954 1958/2696/1947
f 1967/2719/1956 1959/2699/1948 1966/2717/1955
f 1958/2696/1947 1966/2717/1955 1959/2699/1948
f 1969/2720/1958 1965/2713/1954 1968/2721/1957
f 1964/2715/1953 1968/2721/1957 1965/2713/1954
f 1965/2718/1954 1969/2722/1958 1966/2717/1955
f 1969/2722/1958 1970/2723/1959 1966/2717/1955
f 1970/2723/1959 1971/2724/1960 1966/2717/1955
f 1966/2717/1955 1971/2724/1960 1967/2719/1956
f 1972/2725/1961 1973/2726/1962 1975/2727/1964
f 1973/2726/1962 1974/2728/1963 1975/2727/1964
f 1969/2722/1958 1976/2729/1965 1970/2723/1959
f 1970/2723/1959 1976/2729/1965 1973/2726/1962
f 1973/2726/1962 1976/2729/1965 1974/2728/1963
f 1969/2720/1958 1968/2721/1957 1977/2730/1966
f 1977/2730/1966 1978/2731/1967 1969/2720/1958
f 1969/2720/1958 1978/2731/1967 1976/2732/1965
f 1974/2728/1963 1976/2729/1965 1979/2733/1968
f 1976/2732/1965 1978/2731/1967 1979/2734/1968
f 1975/2727/1964 1974/2728/1963 1980/2735/1969
f 1974/2728/1963 1979/2733/1968 1980/2735/1969
f 1980/2735/1969 1981/2736/1970 1975/2727/1964
f 1975/2727/1964 1981/2736/1970 1982/2737/1971
f 1982/2737/1971 1981/2736/1970 1983/2738/1972
f 1971/2724/1960 1970/2723/1959 1984/2739/1973
f 1970/2723/1959 1973/2726/1962 1984/2739/1973
f 1984/2739/1973 1973/2726/1962 1972/2725/1961
f 1967/2719/1956 1985/2740/1974 1959/2699/1948
f 1960/2700/1949 1959/2699/1948 1985/2740/1974
f 1985/2740/1974 1967/2719/1956 1986/2741/1975
f 1967/2719/1956 1971/2724/1960 1986/2741/1975
f 1984/2739/1973 1987/2742/1976 1971/2724/1960
f 1986/2741/1975 1971/2724/1960 1987/2742/1976
f 1987/2742/1976 1984/2739/1973 1972/2725/1961
f 1972/2725/1961 1975/2727/1964 1982/2737/1971
f 1972/2725/1961 1989/2743/1978 1987/2742/1976
f 1988/2744/1977 1987/2742/1976 1989/2743/1978
f 1989/2743/1978 1972/2725/1961 1982/2737/1971
f 1982/2745/1971 1983/2746/1972 1990/2747/1979
f 1982/2737/1971 1990/2748/1979 1989/2743/1978
f 1991/2749/1980 1989/2750/1978 1990/2751/1979
f 1992/2752/1981 1988/2753/1977 1991/2749/1980
f 1989/2750/1978 1991/2749/1980 1988/2753/1977
f 1993/2754/1982 1988/2753/1977 1994/2755/1983
f 1988/2753/1977 1992/2752/1981 1994/2755/1983
f 1993/2756/1982 1986/2741/1975 1988/2744/1977
f 1986/2741/1975 1987/2742/1976 1988/2744/1977
f 1996/2757/1985 1995/2758/1984 1949/2759/1938
f 1995/2760/1984 1950/2761/1939 1949/2762/1938
f 1949/2763/1938 1956/2764/1945 1996/2765/1985
f 1996/2765/1985 1956/2764/1945 1997/2766/1986
f 1999/2767/1988 1995/2768/1984 1998/2769/1987
f 1995/2768/1984 1996/2765/1985 1998/2769/1987
f 1996/2765/1985 1997/2766/1986 1998/2769/1987
f 2000/2770/1989 1985/2771/1974 1993/2754/1982
f 1985/2740/1974 1986/2741/1975 1993/2756/1982
f 2000/2770/1989 1960/2772/1949 1985/2771/1974
f 1997/2766/1986 1956/2764/1945 2000/2770/1989
f 1956/2695/1945 1960/2700/1949 2000/2773/1989
f 1997/2766/1986 2000/2770/1989 1998/2769/1987
f 2000/2770/1989 2001/2774/1990 1998/2769/1987
f 2000/2770/1989 1993/2754/1982 2001/2774/1990
f 1993/2754/1982 1994/2755/1983 2001/2774/1990
f 1961/2775/1950 2002/2776/1991 2003/2777/1992
f 2004/2778/1993 2003/2779/1992 2005/2780/1994
f 2004/2781/1993 2005/2782/1994 2006/2783/1995
f 2004/2778/1993 1961/2702/1950 2003/2779/1992
f 2005/2780/1994 2003/2779/1992 2007/2784/1996
f 2006/2783/1995 2005/2782/1994 2007/2785/1996
f 1983/2786/1972 1981/2787/1970 2009/2788/1998
f 1981/2787/1970 2008/2789/1997 2009/2788/1998
f 2011/2790/2000 2012/2791/2001 2010/2792/1999
f 2010/2792/1999 2012/2791/2001 2013/2793/2002
f 2011/2790/2000 2014/2794/2003 2012/2791/2001
f 1981/2787/1970 1980/2795/1969 2008/2789/1997
f 1980/2795/1969 2015/2796/2004 2008/2789/1997
f 2008/2797/1997 2015/2798/2004 2010/2799/1999
f 2015/2796/2004 2016/2800/2005 2010/2801/1999
f 2017/2802/2006 2011/2790/2000 2016/2803/2005
f 2016/2803/2005 2011/2790/2000 2010/2792/1999
f 1961/2702/1950 2004/2778/1993 2018/2804/2007
f 2018/2805/2007 2004/2806/1993 2019/2807/2008
f 2021/2808/2010 2020/2809/2009 2019/2810/2008
f 2020/2811/2009 2018/2812/2007 2019/2813/2008
f 1962/2703/1951 1961/2702/1950 1963/2712/1952
f 1963/2712/1952 1961/2702/1950 1964/2716/1953
f 1964/2716/1953 1961/2702/1950 2018/2804/2007
f 1968/2721/1957 1964/2715/1953 2018/2812/2007
f 1968/2721/1957 2018/2812/2007 1977/2730/1966
f 2019/2807/2008 2004/2806/1993 2006/2814/1995
f 2018/2812/2007 2020/2811/2009 1977/2730/1966
f 1977/2730/1966 2020/2811/2009 2022/2815/2011
f 1977/2816/1966 2022/2817/2011 1978/2818/1967
f 2023/2819/2012 1978/2818/1967 2022/2817/2011
f 2024/2820/2013 1979/2821/1968 2023/2819/2012
f 1979/2821/1968 1978/2818/1967 2023/2819/2012
f 1980/2795/1969 1979/2821/1968 2015/2796/2004
f 2024/2820/2013 2015/2796/2004 1979/2821/1968
f 2015/2796/2004 2024/2820/2013 2016/2800/2005
f 2016/2803/2005 2024/2822/2013 2025/2823/2014
f 2026/2824/2015 2025/2825/2014 2023/2826/2012
f 2025/2825/2014 2024/2827/2013 2023/2826/2012
f 2027/2828/2016 2026/2824/2015 2022/2829/2011
f 2023/2826/2012 2022/2829/2011 2026/2824/2015
f 2022/2829/2011 2020/2830/2009 2027/2828/2016
f 2020/2830/2009 2028/2831/2017 2027/2828/2016
f 2017/2802/2006 2016/2803/2005 2025/2823/2014
f 2017/2802/2006 2025/2823/2014 2029/2832/2018
f 2025/2825/2014 2026/2824/2015 2029/2833/2018
f 2030/2834/2019 2021/2835/2010 2006/2836/1995
f 2021/2837/2010 2019/2838/2008 2006/2839/1995
f 2020/2830/2009 2021/2840/2010 2028/2831/2017
f 2028/2831/2017 2021/2840/2010 2031/2841/2020
f 2027/2828/2016 2032/2842/2021 2026/2824/2015
f 2029/2833/2018 2026/2824/2015 2032/2842/2021
f 2032/2842/2021 2027/2828/2016 2033/2843/2022
f 2027/2828/2016 2028/2831/2017 2033/2843/2022
f 2031/2841/2020 2034/2844/2023 2028/2831/2017
f 2033/2843/2022 2028/2831/2017 2034/2844/2023
f 2035/2845/2024 2033/2846/2022 2034/2847/2023
f 2036/2848/2025 2032/2849/2021 2035/2845/2024
f 2032/2849/2021 2033/2846/2022 2035/2845/2024
f 2037/2850/2026 2029/2832/2018 2036/2848/2025
f 2029/2832/2018 2032/2849/2021 2036/2848/2025
f 2029/2832/2018 2037/2850/2026 2017/2802/2006
f 2038/2851/2027 2017/2802/2006 2037/2850/2026
f 2017/2802/2006 2038/2851/2027 2011/2790/2000
f 2014/2794/2003 2011/2790/2000 2038/2851/2027
f 2039/2852/2028 2035/2845/2024 2034/2847/2023
f 2036/2848/2025 2035/2845/2024 2040/2853/2029
f 2040/2853/2029 2035/2845/2024 2039/2852/2028
f 2036/2848/2025 2040/2853/2029 2037/2850/2026
f 2041/2854/2030 2037/2850/2026 2040/2853/2029
f 2037/2850/2026 2041/2854/2030 2038/2851/2027
f 2042/2855/2031 2038/2851/2027 2041/2854/2030
f 2042/2855/2031 2014/2794/2003 2038/2851/2027
f 2040/2853/2029 2039/2852/2028 2043/2856/2032
f 2043/2857/2032 2039/2858/2028 2044/2859/2033
f 2043/2856/2032 2045/2860/2034 2040/2853/2029
f 2045/2860/2034 2041/2854/2030 2040/2853/2029
f 2045/2860/2034 2046/2861/2035 2041/2854/2030
f 2046/2861/2035 2042/2855/2031 2041/2854/2030
f 2046/2861/2035 2047/2862/2036 2042/2855/2031
f 2047/2862/2036 2014/2794/2003 2042/2855/2031
f 2014/2794/2003 2047/2862/2036 2012/2791/2001
f 2048/2863/2037 2012/2791/2001 2047/2862/2036
f 2048/2863/2037 2013/2793/2002 2012/2791/2001
f 2030/2864/2019 2049/2865/2038 2050/2866/2039
f 2051/2867/2040 2050/2868/2039 2052/2869/2041
f 2050/2866/2039 2049/2865/2038 2052/2870/2041
f 2006/2783/1995 2053/2871/2042 2030/2864/2019
f 2049/2865/2038 2030/2864/2019 2053/2871/2042
f 2006/2783/1995 2007/2785/1996 2053/2871/2042
f 2053/2871/2042 2007/2785/1996 2054/2872/2043
f 1998/2873/1987 2050/2874/2039 2055/2875/2044
f 2055/2875/2044 2050/2874/2039 2051/2876/2040
f 2031/2841/2020 2021/2840/2010 2056/2877/2045
f 2021/2840/2010 2057/2878/2046 2056/2877/2045
f 2056/2877/2045 2057/2878/2046 2058/2879/2047
f 2034/2844/2023 2031/2841/2020 2056/2877/2045
f 2056/2880/2045 2044/2859/2033 2034/2881/2023
f 2039/2858/2028 2034/2881/2023 2044/2859/2033
f 2057/2882/2046 2021/2835/2010 2030/2834/2019
f 2057/2882/2046 2030/2834/2019 2058/2883/2047
f 2030/2834/2019 2050/2884/2039 2058/2883/2047
f 2044/2885/2033 2056/2886/2045 2058/2887/2047
f 2059/2888/2048 2060/2889/2048 2061/2890/2048
f 2062/2891/2049 2063/2892/2050 2065/2893/2052
f 2063/2892/2050 2064/2894/2051 2065/2893/2052
f 2068/2895/2055 2069/2896/2056 2067/2897/2054
f 2066/2898/2053 2067/2897/2054 2069/2896/2056
f 2073/2899/2060 2070/2900/2057 2072/2901/2059
f 2070/2900/2057 2071/2902/2058 2072/2901/2059
f 2077/2903/2064 2074/2904/2061 2076/2905/2063
f 2074/2906/2061 2075/2907/2062 2076/2908/2063
f 2081/2909/2068 2078/2910/2065 2080/2911/2067
f 2078/2910/2065 2079/2912/2066 2080/2911/2067
f 2082/2913/2069 2083/2914/2070 2085/2915/2072
f 2083/2914/2070 2084/2916/2071 2085/2915/2072
f 2088/2917/2075 2089/2918/2076 2087/2919/2074
f 2086/2920/2073 2087/2919/2074 2089/2918/2076
f 2091/2921/2078 2092/2922/2079 2090/2923/2077
f 2090/2923/2077 2092/2922/2079 2093/2924/2080
f 2097/2925/2084 2094/2926/2081 2096/2927/2083
f 2094/2926/2081 2095/2928/2082 2096/2927/2083
f 2100/2929/2087 2101/2930/2088 2099/2931/2086
f 2098/2932/2085 2099/2933/2086 2101/2934/2088
f 2102/2935/2089 2103/2936/2090 2104/2937/2090
f 2106/2938/2092 2107/2939/2093 2105/2940/2091
f 2105/2941/2091 2107/2942/2093 2108/2943/2094
f 2109/2944/2095 2110/2945/2095 2102/2946/2089
f 2113/2947/2098 2114/2948/2099 2112/2949/2097
f 2111/2950/2096 2112/2951/2097 2114/2952/2099
f 2107/2953/2093 2113/2947/2098 2112/2949/2097
f 2115/2954/2100 2116/2955/2100 2106/2956/2092
f 2118/2957/2102 2119/2958/2103 2117/2959/2101
f 2117/2959/2101 2119/2958/2103 2120/2960/2104
f 2124/2961/2108 2121/2962/2105 2123/2963/2107
f 2121/2962/2105 2122/2964/2106 2123/2963/2107
f 2125/2965/2109 2126/2966/2110 2127/2967/2111
f 2127/2968/2111 2128/2969/2112 2125/2970/2109
f 2125/2971/2109 2128/2972/2112 2129/2973/2113
f 2133/2974/2117 2130/2975/2114 2132/2976/2116
f 2130/2975/2114 2131/2977/2115 2132/2976/2116
f 2135/2978/2119 2134/2979/2118 2133/2974/2117
f 2134/2979/2118 2130/2975/2114 2133/2974/2117
f 2136/2980/2120 2134/2979/2118 2137/2981/2121
f 2134/2979/2118 2135/2978/2119 2137/2981/2121
f 2137/2981/2121 2139/2982/2123 2136/2980/2120
f 2138/2983/2122 2136/2980/2120 2139/2982/2123
f 2125/2971/2109 2140/2984/2124 2139/2982/2123
f 2140/2984/2124 2138/2983/2122 2139/2982/2123
f 2129/2973/2113 2140/2984/2124 2125/2971/2109
f 2141/2985/2125 2142/2986/2125 2143/2987/2125
f 2144/2988/2126 2145/2989/2127 2147/2990/2129
f 2145/2991/2127 2146/2992/2128 2147/2993/2129
f 2149/2994/2131 2150/2995/2132 2148/2996/2130
f 2148/2996/2130 2150/2995/2132 2151/2997/2133
f 2152/2998/2134 2144/2999/2126 2147/3000/2129
f 2153/3001/2135 2152/2998/2134 2154/3002/2136
f 2152/2998/2134 2147/3000/2129 2154/3002/2136
f 2154/3002/2136 2156/3003/2138 2153/3001/2135
f 2155/3004/2137 2153/3001/2135 2156/3003/2138
f 2158/3005/2140 2157/3006/2139 2156/3003/2138
f 2157/3006/2139 2155/3004/2137 2156/3003/2138
f 2157/3006/2139 2158/3005/2140 2159/3007/2141
f 2159/3007/2141 2158/3005/2140 2160/3008/2142
f 2162/3009/2144 2161/3010/2143 2160/3008/2142
f 2161/3010/2143 2159/3007/2141 2160/3008/2142
f 2150/2995/2132 2149/2994/2131 2162/3011/2144
f 2149/3012/2131 2161/3010/2143 2162/3009/2144
f 2164/3013/2146 2165/3014/2147 2163/3015/2145
f 2163/3015/2145 2165/3014/2147 2166/3016/2148
f 2164/3013/2146 2167/3017/2149 2169/3018/2151
f 2167/3017/2149 2168/3019/2150 2169/3018/2151
f 2163/3015/2145 2167/3017/2149 2164/3013/2146
f 2170/3020/2152 2144/2999/2126 2152/2998/2134
f 2170/3020/2152 2152/2998/2134 2171/3021/2153
f 2172/3022/2154 2170/3020/2152 2171/3021/2153
f 2172/3023/2154 2171/3024/2153 2166/3016/2148
f 2165/3014/2147 2172/3023/2154 2166/3016/2148
f 2173/3025/2155 2174/3026/2156 2175/3027/2157
f 2174/3026/2156 2176/3028/2158 2175/3027/2157
f 2177/3029/2159 2178/3030/2159 2179/3031/2159
f 2183/3032/2163 2180/3033/2160 2182/3034/2162
f 2180/3033/2160 2181/3035/2161 2182/3034/2162
f 2184/3036/2164 2185/3037/2165 2182/3034/2162
f 2182/3034/2162 2185/3037/2165 2183/3032/2163
f 2186/3038/2166 2187/3039/2167 2189/3040/2169
f 2187/3039/2167 2188/3041/2168 2189/3040/2169
f 2190/3042/2170 2191/3043/2171 2186/3044/2166
f 2191/3043/2171 2192/3045/2172 2186/3044/2166
f 2195/3046/2175 2196/3047/2176 2194/3048/2174
f 2193/3049/2173 2194/3048/2174 2196/3047/2176
f 2194/3048/2174 2197/3050/2177 2195/3046/2175
f 2197/3051/2177 2194/3052/2174 2199/3053/2179
f 2194/3054/2174 2198/3055/2178 2199/3056/2179
f 2200/3057/2180 2201/3058/2181 2202/3059/2182
f 2201/3060/2181 2200/3061/2180 2204/3062/2184
f 2203/3063/2183 2204/3064/2184 2200/3065/2180
f 2207/3066/2187 2208/3067/2188 2206/3068/2186
f 2205/3069/2185 2206/3070/2186 2208/3071/2188
f 2209/3072/2189 2210/3073/2190 2212/3074/2192
f 2210/3075/2190 2211/3076/2191 2212/3077/2192
f 2210/3078/2190 2213/3079/2193 2211/3080/2191
f 2213/3079/2193 2214/3081/2194 2211/3080/2191
f 2216/3082/2196 2217/3083/2197 2215/3084/2195
f 2215/3084/2195 2217/3083/2197 2218/3085/2198
f 2220/3086/2200 2216/3087/2196 2219/3088/2199
f 2219/3089/2199 2216/3082/2196 2215/3084/2195
f 2221/3090/2201 2220/3086/2200 2219/3088/2199
f 2222/3091/2202 2223/3092/2203 2219/3088/2199
f 2219/3088/2199 2223/3092/2203 2221/3090/2201
f 2224/3093/2204 2222/3091/2202 2215/3094/2195
f 2215/3094/2195 2222/3091/2202 2219/3088/2199
f 2225/3095/2205 2224/3096/2204 2218/3085/2198
f 2218/3085/2198 2224/3096/2204 2215/3084/2195
f 2224/3093/2204 2225/3097/2205 2227/3098/2207
f 2226/3099/2206 2227/3098/2207 2225/3097/2205
f 2226/3099/2206 2228/3100/2208 2227/3098/2207
f 2228/3100/2208 2229/3101/2209 2227/3098/2207
f 2230/3102/2210 2229/3101/2209 2228/3100/2208
f 2230/3102/2210 2231/3103/2211 2229/3101/2209
f 2231/3103/2211 2232/3104/2212 2229/3101/2209
f 2233/3105/2213 2232/3104/2212 2231/3103/2211
f 2234/3106/2214 2232/3104/2212 2233/3105/2213
f 2235/3107/2215 2236/3108/2216 2234/3106/2214
f 2236/3108/2216 2232/3104/2212 2234/3106/2214
f 2229/3101/2209 2232/3104/2212 2227/3098/2207
f 2227/3098/2207 2232/3104/2212 2236/3108/2216
f 2227/3098/2207 2236/3108/2216 2224/3093/2204
f 2236/3108/2216 2222/3091/2202 2224/3093/2204
f 2223/3092/2203 2222/3091/2202 2235/3107/2215
f 2235/3107/2215 2222/3091/2202 2236/3108/2216
f 2237/3109/2217 2221/3090/2201 2223/3092/2203
f 2238/3110/2218 2239/3111/2219 2235/3112/2215
f 2235/3107/2215 2234/3106/2214 2238/3113/2218
f 2234/3114/2214 2240/3115/2220 2238/3110/2218
f 2240/3115/2220 2241/3116/2221 2238/3110/2218
f 2239/3111/2219 2238/3110/2218 2241/3116/2221
f 2242/3117/2222 2240/3115/2220 2234/3114/2214
f 2243/3118/2223 2242/3117/2222 2233/3119/2213
f 2233/3119/2213 2242/3117/2222 2234/3114/2214
f 2244/3120/2224 2243/3118/2223 2231/3121/2211
f 2231/3121/2211 2243/3118/2223 2233/3119/2213
f 2245/3122/2225 2244/3120/2224 2231/3121/2211
f 2231/3103/2211 2230/3102/2210 2245/3123/2225
f 2230/3124/2210 2246/3125/2226 2245/3126/2225
f 2247/3127/2227 2246/3128/2226 2228/3100/2208
f 2228/3100/2208 2246/3128/2226 2230/3102/2210
f 2249/3129/2229 2239/3130/2219 2248/3131/2228
f 2241/3132/2221 2248/3131/2228 2239/3130/2219
f 2248/3131/2228 2241/3132/2221 2250/3133/2230
f 2240/3134/2220 2250/3133/2230 2241/3132/2221
f 2250/3133/2230 2240/3134/2220 2251/3135/2231
f 2242/3136/2222 2251/3135/2231 2240/3134/2220
f 2243/3137/2223 2252/3138/2232 2251/3135/2231
f 2253/3139/2233 2252/3138/2232 2244/3140/2224
f 2244/3140/2224 2252/3138/2232 2243/3137/2223
f 2254/3141/2234 2253/3142/2233 2245/3126/2225
f 2245/3126/2225 2253/3142/2233 2244/3143/2224
f 2246/3125/2226 2255/3144/2235 2245/3126/2225
f 2255/3144/2235 2254/3141/2234 2245/3126/2225
f 2255/3145/2235 2246/3128/2226 2256/3146/2236
f 2247/3127/2227 2256/3146/2236 2246/3128/2226
f 2248/3131/2228 2257/3147/2237 2249/3129/2229
f 2257/3147/2237 2258/3148/2238 2249/3129/2229
f 2259/3149/2239 2257/3147/2237 2250/3133/2230
f 2250/3133/2230 2257/3147/2237 2248/3131/2228
f 2251/3135/2231 2260/3150/2240 2250/3133/2230
f 2260/3150/2240 2259/3149/2239 2250/3133/2230
f 2261/3151/2241 2260/3150/2240 2252/3138/2232
f 2252/3138/2232 2260/3150/2240 2251/3135/2231
f 2262/3152/2242 2261/3151/2241 2253/3139/2233
f 2253/3139/2233 2261/3151/2241 2252/3138/2232
f 2263/3153/2243 2262/3154/2242 2254/3141/2234
f 2254/3141/2234 2262/3154/2242 2253/3142/2233
f 2264/3155/2244 2263/3153/2243 2255/3144/2235
f 2255/3144/2235 2263/3153/2243 2254/3141/2234
f 2256/3156/2236 2265/3157/2245 2255/3144/2235
f 2265/3157/2245 2264/3155/2244 2255/3144/2235
f 2266/3158/2246 2267/3159/2247 2268/3160/2248
f 2268/3160/2248 2269/3161/2249 2266/3158/2246
f 2270/3162/2250 2269/3161/2249 2268/3160/2248
f 2268/3160/2248 2271/3163/2251 2270/3162/2250
f 2272/3164/2252 2271/3163/2251 2268/3160/2248
f 2273/3165/2253 2220/3086/2200 2221/3090/2201
f 2274/3166/2254 2220/3086/2200 2273/3165/2253
f 2273/3165/2253 2272/3164/2252 2274/3166/2254
f 2270/3162/2250 2271/3163/2251 2237/3109/2217
f 2237/3109/2217 2271/3163/2251 2221/3090/2201
f 2239/3130/2219 2270/3162/2250 2237/3109/2217
f 2275/3167/2255 2270/3162/2250 2239/3130/2219
f 2239/3130/2219 2249/3129/2229 2275/3167/2255
f 2249/3129/2229 2276/3168/2256 2275/3167/2255
f 2249/3129/2229 2258/3148/2238 2276/3168/2256
f 2258/3148/2238 2277/3169/2257 2276/3168/2256
f 2279/3170/2259 2276/3168/2256 2278/3171/2258
f 2278/3171/2258 2276/3168/2256 2277/3169/2257
f 2223/3092/2203 2235/3107/2215 2239/3130/2219
f 2223/3092/2203 2239/3130/2219 2237/3109/2217
f 2271/3163/2251 2272/3164/2252 2273/3165/2253
f 2271/3163/2251 2273/3165/2253 2221/3090/2201
f 2269/3161/2249 2270/3162/2250 2280/3172/2260
f 2270/3162/2250 2275/3167/2255 2280/3172/2260
f 2280/3172/2260 2275/3167/2255 2279/3170/2259
f 2276/3168/2256 2279/3170/2259 2275/3167/2255
f 2281/3173/2261 2282/3174/2262 2283/3175/2263
f 2284/3176/2264 2283/3175/2263 2282/3174/2262
f 2285/3177/2265 2283/3175/2263 2284/3176/2264
f 2286/3178/2266 2281/3173/2261 2287/3179/2267
f 2286/3178/2266 2288/3180/2268 2281/3173/2261
f 2288/3180/2268 2282/3174/2262 2281/3173/2261
f 2289/3181/2269 2284/3176/2264 2288/3180/2268
f 2284/3176/2264 2282/3174/2262 2288/3180/2268
f 2285/3177/2265 2284/3176/2264 2290/3182/2270
f 2290/3182/2270 2284/3176/2264 2289/3181/2269
f 2291/3183/2271 2285/3177/2265 2290/3182/2270
f 2292/3184/2272 2285/3177/2265 2291/3183/2271
f 2294/3185/2274 2293/3186/2273 2287/3179/2267
f 2293/3186/2273 2286/3178/2266 2287/3179/2267
f 2295/3187/2275 2288/3180/2268 2293/3186/2273
f 2288/3180/2268 2286/3178/2266 2293/3186/2273
f 2296/3188/2276 2289/3181/2269 2295/3187/2275
f 2289/3181/2269 2288/3180/2268 2295/3187/2275
f 2289/3181/2269 2296/3188/2276 2298/3189/2278
f 2297/3190/2277 2298/3191/2278 2296/3192/2276
f 2290/3182/2270 2289/3181/2269 2298/3189/2278
f 2298/3189/2278 2299/3193/2279 2290/3182/2270
f 2299/3193/2279 2291/3183/2271 2290/3182/2270
f 2292/3194/2272 2291/3195/2271 2300/3196/2280
f 2300/3197/2280 2291/3183/2271 2299/3193/2279
f 2301/3198/2281 2292/3194/2272 2300/3196/2280
f 2300/3199/2280 2302/3200/2282 2301/3201/2281
f 2299/3202/2279 2302/3200/2282 2300/3199/2280
f 2302/3203/2282 2299/3204/2279 2297/3205/2277
f 2298/3206/2278 2297/3207/2277 2299/3208/2279
f 2303/3209/2283 2304/3210/2284 2301/3198/2281
f 2304/3210/2284 2292/3194/2272 2301/3198/2281
f 2303/3209/2283 2305/3211/2285 2304/3210/2284
f 2305/3211/2285 2306/3212/2286 2304/3210/2284
f 2307/3213/2287 2306/3212/2286 2305/3211/2285
f 2311/3214/2291 2308/3215/2288 2310/3216/2290
f 2308/3215/2288 2309/3217/2289 2310/3216/2290
f 2312/3218/2292 2309/3217/2289 2308/3215/2288
f 2313/3219/2293 2314/3220/2294 2309/3217/2289
f 2314/3220/2294 2310/3216/2290 2309/3217/2289
f 2315/3221/2295 2311/3214/2291 2310/3216/2290
f 2316/3222/2296 2311/3214/2291 2315/3221/2295
f 2318/3223/2298 2311/3214/2291 2317/3224/2297
f 2317/3224/2297 2311/3214/2291 2316/3222/2296
f 2319/3225/2299 2318/3223/2298 2317/3224/2297
f 2320/3226/2300 2318/3223/2298 2319/3225/2299
f 2318/3223/2298 2320/3226/2300 2322/3227/2302
f 2321/3228/2301 2322/3227/2302 2320/3226/2300
f 2323/3229/2303 2324/3230/2304 2320/3231/2300
f 2324/3232/2304 2321/3233/2301 2320/3234/2300
f 2320/3235/2300 2319/3236/2299 2323/3237/2303
f 2317/3224/2297 2323/3238/2303 2319/3225/2299
f 2325/3239/2305 2323/3238/2303 2316/3222/2296
f 2316/3222/2296 2323/3238/2303 2317/3224/2297
f 2315/3221/2295 2310/3216/2290 2314/3220/2294
f 2313/3219/2293 2326/3240/2306 2314/3220/2294
f 2326/3240/2306 2325/3239/2305 2314/3220/2294
f 2313/3219/2293 2327/3241/2307 2326/3240/2306
f 2309/3217/2289 2312/3218/2292 2313/3219/2293
f 2328/3242/2308 2313/3219/2293 2312/3218/2292
f 2329/3243/2309 2330/3244/2310 2331/3245/2311
f 2332/3246/2312 2330/3244/2310 2329/3243/2309
f 2333/3247/2313 2330/3244/2310 2332/3246/2312
f 2334/3248/2314 2330/3244/2310 2333/3247/2313
f 2335/3249/2315 2331/3245/2311 2334/3248/2314
f 2331/3245/2311 2330/3244/2310 2334/3248/2314
f 2336/3250/2316 2334/3248/2314 2333/3247/2313
f 2336/3250/2316 2337/3251/2317 2334/3248/2314
f 2337/3251/2317 2335/3249/2315 2334/3248/2314
f 2338/3252/2318 2339/3253/2319 2340/3254/2320
f 2341/3255/2321 2338/3252/2318 2340/3254/2320
f 2343/3256/2323 2344/3257/2324 2342/3258/2322
f 2342/3258/2322 2344/3257/2324 2341/3255/2321
f 2346/3259/2326 2343/3256/2323 2345/3260/2325
f 2345/3260/2325 2343/3256/2323 2342/3258/2322
f 2348/3261/2328 2346/3262/2326 2347/3263/2327
f 2347/3263/2327 2346/3262/2326 2345/3264/2325
f 2347/3263/2327 2345/3264/2325 2350/3265/2330
f 2345/3264/2325 2349/3266/2329 2350/3265/2330
f 2345/3260/2325 2342/3258/2322 2349/3267/2329
f 2342/3258/2322 2351/3268/2331 2349/3267/2329
f 2342/3258/2322 2341/3255/2321 2351/3268/2331
f 2341/3255/2321 2352/3269/2332 2351/3268/2331
f 2352/3269/2332 2341/3255/2321 2353/3270/2333
f 2340/3254/2320 2353/3270/2333 2341/3255/2321
f 2355/3271/2335 2356/3272/2336 2354/3273/2334
f 2354/3273/2334 2356/3272/2336 2357/3274/2337
f 2358/3275/2338 2359/3276/2339 2354/3277/2334
f 2359/3276/2339 2355/3278/2335 2354/3277/2334
f 2360/3279/2340 2361/3280/2341 2354/3277/2334
f 2354/3277/2334 2361/3280/2341 2358/3275/2338
f 2362/3281/2342 2361/3280/2341 2360/3279/2340
f 2360/3282/2340 2363/3283/2343 2362/3284/2342
f 2364/3285/2344 2363/3283/2343 2360/3282/2340
f 2368/3286/2348 2365/3287/2345 2367/3288/2347
f 2365/3287/2345 2366/3289/2346 2367/3288/2347
f 2369/3290/2349 2370/3291/2350 2365/3287/2345
f 2370/3291/2350 2366/3289/2346 2365/3287/2345
f 2369/3290/2349 2371/3292/2351 2370/3291/2350
f 2371/3292/2351 2372/3293/2352 2370/3291/2350
f 2361/3280/2341 2362/3281/2342 2371/3294/2351
f 2362/3295/2342 2372/3293/2352 2371/3292/2351
f 2374/3296/2354 2358/3275/2338 2373/3297/2353
f 2373/3297/2353 2358/3275/2338 2361/3280/2341
f 2371/3294/2351 2375/3298/2355 2361/3280/2341
f 2361/3280/2341 2375/3298/2355 2373/3297/2353
f 2376/3299/2356 2375/3300/2355 2369/3290/2349
f 2369/3290/2349 2375/3300/2355 2371/3292/2351
f 2377/3301/2357 2378/3302/2358 2369/3290/2349
f 2378/3302/2358 2376/3299/2356 2369/3290/2349
f 2377/3303/2357 2369/3304/2349 2380/3305/2360
f 2369/3304/2349 2379/3306/2359 2380/3305/2360
f 2365/3287/2345 2381/3307/2361 2369/3290/2349
f 2381/3307/2361 2379/3308/2359 2369/3290/2349
f 2368/3286/2348 2382/3309/2362 2365/3287/2345
f 2382/3309/2362 2381/3307/2361 2365/3287/2345
f 2383/3310/2363 2384/3311/2364 2368/3312/2348
f 2384/3313/2364 2382/3309/2362 2368/3286/2348
f 2387/3314/2367 2388/3315/2368 2386/3316/2366
f 2385/3317/2365 2386/3316/2366 2388/3315/2368
f 2386/3316/2366 2385/3317/2365 2390/3318/2370
f 2389/3319/2369 2390/3318/2370 2385/3317/2365
f 2389/3319/2369 2391/3320/2371 2390/3318/2370
f 2391/3320/2371 2392/3321/2372 2390/3318/2370
f 2377/3301/2357 2380/3322/2360 2391/3323/2371
f 2380/3324/2360 2392/3325/2372 2391/3326/2371
f 2377/3301/2357 2391/3323/2371 2378/3302/2358
f 2391/3323/2371 2393/3327/2373 2378/3302/2358
f 2395/3328/2375 2393/3327/2373 2394/3329/2374
f 2394/3329/2374 2393/3327/2373 2391/3323/2371
f 2394/3330/2374 2359/3331/2339 2395/3332/2375
f 2359/3333/2339 2396/3334/2376 2395/3335/2375
f 2358/3275/2338 2374/3296/2354 2359/3276/2339
f 2374/3296/2354 2396/3336/2376 2359/3276/2339
f 2397/3337/2377 2398/3338/2378 2399/3339/2379
f 2398/3338/2378 2397/3337/2377 2400/3340/2380
f 2403/3341/2383 2404/3342/2384 2402/3343/2382
f 2401/3344/2381 2402/3343/2382 2404/3342/2384
f 2405/3345/2385 2406/3346/2386 2401/3344/2381
f 2406/3346/2386 2402/3343/2382 2401/3344/2381
f 2406/3346/2386 2405/3345/2385 2408/3347/2388
f 2407/3348/2387 2408/3347/2388 2405/3345/2385
f 2407/3348/2387 2409/3349/2389 2408/3347/2388
f 2409/3349/2389 2410/3350/2390 2408/3347/2388
f 2409/3349/2389 2411/3351/2391 2410/3350/2390
f 2411/3351/2391 2412/3352/2392 2410/3350/2390
f 2412/3353/2392 2411/3354/2391 2414/3355/2394
f 2413/3356/2393 2414/3355/2394 2411/3354/2391
f 2415/3357/2395 2416/3358/2396 2413/3356/2393
f 2416/3358/2396 2414/3355/2394 2413/3356/2393
f 2416/3358/2396 2415/3357/2395 2418/3359/2398
f 2417/3360/2397 2418/3359/2398 2415/3357/2395
f 2420/3361/2400 2418/3359/2398 2419/3362/2399
f 2419/3362/2399 2418/3359/2398 2417/3360/2397
f 2421/3363/2401 2420/3361/2400 2419/3362/2399
f 2420/3361/2400 2421/3363/2401 2423/3364/2403
f 2422/3365/2402 2423/3364/2403 2421/3363/2401
f 2423/3364/2403 2424/3366/2404 2420/3361/2400
f 2424/3366/2404 2418/3359/2398 2420/3361/2400
f 2416/3358/2396 2426/3367/2406 2414/3355/2394
f 2425/3368/2405 2414/3355/2394 2426/3367/2406
f 2414/3355/2394 2425/3368/2405 2412/3353/2392
f 2427/3369/2407 2412/3353/2392 2425/3368/2405
f 2410/3350/2390 2412/3352/2392 2428/3370/2408
f 2428/3371/2408 2412/3353/2392 2427/3369/2407
f 2429/3372/2409 2408/3347/2388 2428/3370/2408
f 2408/3347/2388 2410/3350/2390 2428/3370/2408
f 2406/3346/2386 2408/3347/2388 2430/3373/2410
f 2430/3373/2410 2408/3347/2388 2429/3372/2409
f 2402/3343/2382 2406/3346/2386 2431/3374/2411
f 2431/3374/2411 2406/3346/2386 2430/3373/2410
f 2402/3343/2382 2431/3374/2411 2403/3341/2383
f 2432/3375/2412 2403/3341/2383 2431/3374/2411
f 2433/3376/2413 2434/3377/2414 2432/3375/2412
f 2434/3377/2414 2403/3341/2383 2432/3375/2412
f 2426/3367/2406 2416/3358/2396 2424/3366/2404
f 2416/3358/2396 2418/3359/2398 2424/3366/2404
f 2417/3378/2397 2435/3379/2415 2419/3380/2399
f 2415/3357/2395 2436/3381/2416 2417/3360/2397
f 2436/3381/2416 2435/3382/2415 2417/3360/2397
f 2437/3383/2417 2436/3381/2416 2413/3356/2393
f 2413/3356/2393 2436/3381/2416 2415/3357/2395
f 2438/3384/2418 2437/3385/2417 2411/3351/2391
f 2411/3351/2391 2437/3385/2417 2413/3386/2393
f 2439/3387/2419 2438/3384/2418 2409/3349/2389
f 2409/3349/2389 2438/3384/2418 2411/3351/2391
f 2440/3388/2420 2439/3387/2419 2407/3348/2387
f 2407/3348/2387 2439/3387/2419 2409/3349/2389
f 2405/3345/2385 2440/3388/2420 2407/3348/2387
f 2441/3389/2421 2442/3390/2422 2443/3391/2423
f 2436/3392/2416 2443/3391/2423 2435/3393/2415
f 2436/3392/2416 2437/3394/2417 2443/3391/2423
f 2437/3394/2417 2441/3389/2421 2443/3391/2423
f 2444/3395/2424 2441/3389/2421 2438/3396/2418
f 2438/3396/2418 2441/3389/2421 2437/3394/2417
f 2439/3397/2419 2445/3398/2425 2438/3396/2418
f 2445/3398/2425 2444/3395/2424 2438/3396/2418
f 2440/3388/2420 2445/3399/2425 2439/3387/2419
f 2446/3400/2426 2444/3395/2424 2445/3398/2425
f 2447/3401/2427 2448/3402/2428 2421/3363/2401
f 2448/3402/2428 2422/3365/2402 2421/3363/2401
f 2450/3403/2430 2448/3404/2428 2449/3405/2429
f 2449/3405/2429 2448/3404/2428 2447/3406/2427
f 2444/3395/2424 2446/3400/2426 2441/3389/2421
f 2442/3390/2422 2441/3389/2421 2446/3400/2426
f 2454/3407/2434 2451/3408/2431 2453/3409/2433
f 2451/3408/2431 2452/3410/2432 2453/3409/2433
f 2455/3411/2435 2456/3412/2436 2458/3413/2438
f 2456/3412/2436 2457/3414/2437 2458/3413/2438
f 2459/3415/2439 2460/3416/2440 2455/3417/2435
f 2460/3416/2440 2456/3418/2436 2455/3417/2435
f 2461/3419/2441 2451/3408/2431 2454/3407/2434
f 2462/3420/2442 2463/3421/2443 2461/3422/2441
f 2464/3423/2444 2463/3424/2443 2462/3425/2442
f 2468/3426/2448 2465/3427/2445 2467/3428/2447
f 2465/3427/2445 2466/3429/2446 2467/3428/2447
f 2465/3427/2445 2469/3430/2449 2466/3429/2446
f 2469/3430/2449 2470/3431/2450 2466/3429/2446
f 2470/3431/2450 2469/3430/2449 2472/3432/2452
f 2471/3433/2451 2472/3432/2452 2469/3430/2449
f 2474/3434/2454 2471/3433/2451 2473/3435/2453
f 2469/3430/2449 2473/3435/2453 2471/3433/2451
f 2469/3430/2449 2465/3427/2445 2473/3435/2453
f 2465/3427/2445 2475/3436/2455 2473/3435/2453
f 2465/3427/2445 2468/3426/2448 2475/3436/2455
f 2468/3426/2448 2476/3437/2456 2475/3436/2455
f 2466/3429/2446 2470/3431/2450 2477/3438/2457
f 2477/3439/2457 2470/3440/2450 2478/3441/2458
f 2467/3428/2447 2466/3429/2446 2479/3442/2459
f 2479/3442/2459 2466/3429/2446 2477/3438/2457
f 2480/3443/2460 2481/3444/2461 2479/3445/2459
f 2481/3444/2461 2482/3446/2462 2479/3445/2459
f 2475/3436/2455 2476/3437/2456 2483/3447/2463
f 2483/3447/2463 2476/3437/2456 2484/3448/2464
f 2475/3436/2455 2483/3447/2463 2473/3435/2453
f 2473/3449/2453 2483/3450/2463 2485/3451/2465
f 2485/3451/2465 2474/3452/2454 2473/3449/2453
f 2467/3428/2447 2479/3442/2459 2486/3453/2466
f 2490/3454/2470 2487/3455/2467 2489/3456/2469
f 2487/3455/2467 2488/3457/2468 2489/3456/2469
f 2493/3458/2473 2494/3459/2474 2492/3460/2472
f 2491/3461/2471 2492/3460/2472 2494/3459/2474
f 2492/3460/2472 2495/3462/2475 2493/3458/2473
f 2493/3458/2473 2495/3462/2475 2496/3463/2476
f 2498/3464/2478 2499/3465/2479 2497/3466/2477
f 2497/3467/2477 2499/3468/2479 2500/3469/2480
f 2498/3470/2478 2497/3471/2477 2502/3472/2482
f 2501/3473/2481 2502/3472/2482 2497/3471/2477
f 2504/3474/2484 2505/3475/2485 2503/3476/2483
f 2503/3476/2483 2505/3475/2485 2506/3477/2486
f 2507/3478/2487 2508/3479/2488 2510/3480/2490
f 2508/3479/2488 2509/3481/2489 2510/3480/2490
f 2512/3482/2492 2504/3483/2484 2511/3484/2491
f 2511/3485/2491 2504/3486/2484 2503/3487/2483
f 2510/3480/2490 2509/3481/2489 2511/3484/2491
f 2509/3481/2489 2512/3482/2492 2511/3484/2491
f 2513/3488/2493 2514/3489/2494 2516/3490/2496
f 2514/3491/2494 2515/3492/2495 2516/3493/2496
f 2519/3494/2499 2520/3495/2500 2518/3496/2498
f 2517/3497/2497 2518/3498/2498 2520/3499/2500
f 2519/3494/2499 2521/3500/2501 2520/3495/2500
f 2521/3500/2501 2522/3501/2502 2520/3495/2500
f 2524/3502/2504 2522/3503/2502 2523/3504/2503
f 2523/3504/2503 2522/3503/2502 2521/3505/2501
f 2524/3502/2504 2523/3504/2503 2526/3506/2506
f 2525/3507/2505 2526/3506/2506 2523/3504/2503
f 2526/3506/2506 2525/3507/2505 2528/3508/2508
f 2527/3509/2507 2528/3508/2508 2525/3507/2505
f 2529/3510/2509 2530/3511/2510 2532/3512/2512
f 2530/3511/2510 2531/3513/2511 2532/3512/2512
f 2534/3514/2514 2529/3510/2509 2533/3515/2513
f 2532/3512/2512 2533/3515/2513 2529/3510/2509
f 2537/3516/2517 2538/3517/2518 2536/3518/2516
f 2535/3519/2515 2536/3518/2516 2538/3517/2518
f 2540/3520/2520 2541/3521/2521 2539/3522/2519
f 2539/3522/2519 2541/3521/2521 2542/3523/2522
f 2546/3524/2526 2543/3525/2523 2545/3526/2525
f 2543/3525/2523 2544/3527/2524 2545/3526/2525
f 2544/3527/2524 2547/3528/2527 2545/3526/2525
f 2547/3528/2527 2548/3529/2528 2545/3526/2525
f 2550/3530/2530 2551/3531/2531 2549/3532/2529
f 2549/3532/2529 2551/3531/2531 2552/3533/2532
f 2553/3534/2533 2549/3535/2529 2554/3536/2534
f 2549/3537/2529 2552/3538/2532 2554/3539/2534
f 2555/3540/2535 2556/3541/2536 2557/3542/2537
f 2558/3543/2538 2559/3544/2539 2556/3545/2536
f 2557/3542/2537 2556/3541/2536 2559/3546/2539
f 2560/3547/2540 2561/3548/2540 2559/3549/2539
f 2565/3550/2544 2562/3551/2541 2564/3552/2543
f 2562/3551/2541 2563/3553/2542 2564/3552/2543
f 2567/3554/2546 2568/3555/2547 2566/3556/2545
f 2566/3556/2545 2568/3555/2547 2569/3557/2548
f 2573/3558/2552 2570/3559/2549 2572/3560/2551
f 2570/3559/2549 2571/3561/2550 2572/3560/2551
f 2574/3562/2553 2575/3563/2554 2577/3564/2556
f 2575/3565/2554 2576/3566/2555 2577/3567/2556
f 2578/3568/2557 2579/3569/2558 2575/3565/2554
f 2579/3569/2558 2576/3566/2555 2575/3565/2554
f 2571/3570/2550 2570/3571/2549 2579/3569/2558
f 2570/3571/2549 2576/3566/2555 2579/3569/2558
f 2578/3568/2557 2580/3572/2559 2579/3569/2558
f 2580/3572/2559 2581/3573/2560 2579/3569/2558
f 2581/3573/2560 2582/3574/2561 2579/3569/2558
f 2582/3574/2561 2571/3570/2550 2579/3569/2558
f 2583/3575/2562 2572/3576/2551 2582/3574/2561
f 2572/3576/2551 2571/3570/2550 2582/3574/2561
f 2584/3577/2563 2585/3578/2564 2586/3579/2565
f 2587/3580/2566 2584/3577/2563 2586/3579/2565
f 2585/3578/2564 2584/3577/2563 2589/3581/2568
f 2584/3577/2563 2588/3582/2567 2589/3581/2568
f 2590/3583/2569 2591/3584/2570 2588/3585/2567
f 2588/3585/2567 2591/3584/2570 2589/3586/2568
f 2592/3587/2571 2593/3588/2572 2584/3577/2563
f 2593/3588/2572 2588/3582/2567 2584/3577/2563
f 2593/3589/2572 2594/3590/2573 2588/3585/2567
f 2594/3590/2573 2590/3583/2569 2588/3585/2567
f 2595/3591/2574 2596/3592/2575 2598/3593/2577
f 2596/3592/2575 2597/3594/2576 2598/3593/2577
f 2596/3595/2575 2595/3596/2574 2600/3597/2579
f 2599/3598/2578 2600/3597/2579 2595/3596/2574
f 2602/3599/2581 2597/3594/2576 2601/3600/2580
f 2596/3592/2575 2601/3600/2580 2597/3594/2576
f 2603/3601/2582 2601/3602/2580 2600/3597/2579
f 2600/3597/2579 2601/3602/2580 2596/3595/2575
f 2605/3603/2584 2606/3604/2585 2604/3605/2583
f 2604/3605/2583 2606/3604/2585 2607/3606/2586
f 2608/3607/2587 2609/3608/2588 2610/3609/2589
f 2608/3607/2587 2610/3609/2589 2611/3610/2590
f 2612/3611/2591 2610/3612/2589 2613/3613/2592
f 2610/3609/2589 2614/3614/2593 2611/3610/2590
f 2614/3614/2593 2610/3609/2589 2615/3615/2594
f 2610/3612/2589 2612/3611/2591 2615/3616/2594
f 2616/3617/2595 2614/3618/2593 2617/3619/2596
f 2614/3618/2593 2615/3620/2594 2617/3619/2596
f 2618/3621/2597 2619/3622/2598 2616/3623/2595
f 2616/3623/2595 2619/3622/2598 2620/3624/2599
f 2622/3625/2601 2623/3626/2602 2621/3627/2600
f 2621/3627/2600 2623/3626/2602 2624/3628/2603
f 2625/3629/2604 2626/3630/2605 2621/3627/2600
f 2626/3630/2605 2622/3625/2601 2621/3627/2600
f 2626/3630/2605 2625/3629/2604 2628/3631/2607
f 2627/3632/2606 2628/3633/2607 2625/3634/2604
f 2629/3635/2608 2630/3636/2609 2627/3632/2606
f 2630/3636/2609 2628/3633/2607 2627/3632/2606
f 2631/3637/2610 2632/3638/2611 2629/3635/2608
f 2632/3638/2611 2630/3636/2609 2629/3635/2608
f 2636/3639/2615 2633/3640/2612 2635/3641/2614
f 2633/3640/2612 2634/3642/2613 2635/3641/2614
f 2633/3640/2612 2636/3639/2615 2638/3643/2617
f 2636/3639/2615 2637/3644/2616 2638/3643/2617
f 2642/3645/2621 2639/3646/2618 2641/3647/2620
f 2639/3646/2618 2640/3648/2619 2641/3647/2620
f 2640/3648/2619 2639/3646/2618 2644/3649/2623
f 2643/3650/2622 2644/3649/2623 2639/3646/2618
f 2630/3636/2609 2644/3649/2623 2628/3633/2607
f 2628/3633/2607 2644/3649/2623 2643/3650/2622
f 2644/3649/2623 2645/3651/2624 2640/3648/2619
f 2644/3649/2623 2630/3636/2609 2645/3651/2624
f 2630/3636/2609 2632/3638/2611 2645/3651/2624
f 2641/3647/2620 2640/3648/2619 2647/3652/2626
f 2640/3648/2619 2646/3653/2625 2647/3652/2626
f 2648/3654/2627 2646/3655/2625 2645/3656/2624
f 2645/3656/2624 2646/3655/2625 2640/3657/2619
f 2649/3658/2628 2648/3654/2627 2632/3659/2611
f 2632/3659/2611 2648/3654/2627 2645/3656/2624
f 2650/3660/2629 2651/3661/2630 2646/3662/2625
f 2646/3663/2625 2651/3664/2630 2647/3665/2626
f 2652/3666/2631 2650/3667/2629 2648/3668/2627
f 2648/3669/2627 2650/3660/2629 2646/3662/2625
f 2635/3670/2614 2652/3671/2631 2649/3672/2628
f 2649/3672/2628 2652/3671/2631 2648/3673/2627
f 2639/3646/2618 2642/3645/2621 2653/3674/2632
f 2653/3675/2632 2642/3676/2621 2654/3677/2633
f 2653/3675/2632 2655/3678/2634 2639/3679/2618
f 2655/3678/2634 2643/3680/2622 2639/3679/2618
f 2628/3631/2607 2643/3680/2622 2626/3630/2605
f 2626/3630/2605 2643/3680/2622 2655/3678/2634
f 2622/3625/2601 2626/3630/2605 2656/3681/2635
f 2657/3682/2636 2656/3681/2635 2655/3678/2634
f 2655/3678/2634 2656/3681/2635 2626/3630/2605
f 2655/3678/2634 2653/3675/2632 2657/3682/2636
f 2653/3675/2632 2658/3683/2637 2657/3682/2636
f 2653/3675/2632 2654/3677/2633 2658/3683/2637
f 2654/3677/2633 2659/3684/2638 2658/3683/2637
f 2656/3681/2635 2657/3682/2636 2661/3685/2640
f 2657/3686/2636 2660/3687/2639 2661/3688/2640
f 2658/3689/2637 2660/3687/2639 2657/3686/2636
f 2658/3689/2637 2662/3690/2641 2660/3687/2639
f 2662/3690/2641 2663/3691/2642 2660/3687/2639
f 2664/3692/2643 2661/3688/2640 2663/3691/2642
f 2660/3687/2639 2663/3691/2642 2661/3688/2640
f 2666/3693/2645 2664/3692/2643 2665/3694/2644
f 2663/3691/2642 2665/3694/2644 2664/3692/2643
f 2665/3694/2644 2663/3691/2642 2667/3695/2646
f 2662/3690/2641 2667/3695/2646 2663/3691/2642
f 2669/3696/2648 2667/3695/2646 2668/3697/2647
f 2668/3697/2647 2667/3695/2646 2662/3690/2641
f 2633/3698/2612 2671/3699/2650 2634/3700/2613
f 2670/3701/2649 2634/3700/2613 2671/3699/2650
f 2671/3699/2650 2672/3702/2651 2670/3701/2649
f 2672/3702/2651 2666/3693/2645 2670/3701/2649
f 2665/3694/2644 2673/3703/2652 2666/3693/2645
f 2673/3703/2652 2670/3701/2649 2666/3693/2645
f 2673/3703/2652 2665/3694/2644 2674/3704/2653
f 2667/3695/2646 2674/3704/2653 2665/3694/2644
f 2667/3695/2646 2669/3696/2648 2674/3704/2653
f 2669/3696/2648 2675/3705/2654 2674/3704/2653
f 2676/3706/2655 2634/3642/2613 2673/3707/2652
f 2673/3703/2652 2634/3700/2613 2670/3701/2649
f 2676/3706/2655 2673/3707/2652 2677/3708/2656
f 2674/3704/2653 2677/3709/2656 2673/3703/2652
f 2674/3704/2653 2675/3705/2654 2677/3709/2656
f 2675/3705/2654 2678/3710/2657 2677/3709/2656
f 2676/3711/2655 2677/3712/2656 2652/3666/2631
f 2677/3712/2656 2650/3667/2629 2652/3666/2631
f 2651/3713/2630 2650/3667/2629 2678/3714/2657
f 2678/3714/2657 2650/3667/2629 2677/3712/2656
f 2634/3642/2613 2676/3706/2655 2635/3641/2614
f 2676/3711/2655 2652/3666/2631 2635/3715/2614
f 2636/3716/2615 2635/3670/2614 2679/3717/2658
f 2679/3717/2658 2635/3670/2614 2649/3672/2628
f 2680/3718/2659 2681/3719/2660 2683/3720/2662
f 2681/3719/2660 2682/3721/2661 2683/3720/2662
f 2681/3719/2660 2680/3718/2659 2685/3722/2664
f 2684/3723/2663 2685/3722/2664 2680/3718/2659
f 2684/3723/2663 2686/3724/2665 2685/3722/2664
f 2686/3724/2665 2687/3725/2666 2685/3722/2664
f 2689/3726/2668 2687/3725/2666 2688/3727/2667
f 2688/3727/2667 2687/3725/2666 2686/3724/2665
f 2691/3728/2670 2692/3729/2671 2690/3730/2669
f 2690/3730/2669 2692/3729/2671 2693/3731/2672
f 2693/3732/2672 2692/3733/2671 2695/3734/2674
f 2692/3733/2671 2694/3735/2673 2695/3734/2674
f 2695/3734/2674 2694/3735/2673 2697/3736/2676
f 2694/3737/2673 2696/3738/2675 2697/3739/2676
f 2696/3738/2675 2698/3740/2677 2697/3739/2676
f 2697/3739/2676 2698/3740/2677 2699/3741/2678
f 2698/3740/2677 2700/3742/2679 2699/3741/2678
f 2699/3743/2678 2700/3744/2679 2701/3745/2680
f 2702/3746/2681 2693/3732/2672 2703/3747/2682
f 2693/3732/2672 2695/3734/2674 2703/3747/2682
f 2697/3736/2676 2704/3748/2683 2695/3734/2674
f 2703/3747/2682 2695/3734/2674 2704/3748/2683
f 2704/3748/2683 2697/3736/2676 2705/3749/2684
f 2697/3736/2676 2699/3743/2678 2705/3749/2684
f 2699/3743/2678 2701/3745/2680 2705/3749/2684
f 2705/3749/2684 2701/3745/2680 2706/3750/2685
f 2703/3747/2682 2708/3751/2687 2702/3746/2681
f 2707/3752/2686 2702/3746/2681 2708/3751/2687
f 2708/3751/2687 2703/3747/2682 2709/3753/2688
f 2703/3747/2682 2704/3748/2683 2709/3753/2688
f 2705/3749/2684 2710/3754/2689 2704/3748/2683
f 2709/3753/2688 2704/3748/2683 2710/3754/2689
f 2706/3750/2685 2711/3755/2690 2705/3749/2684
f 2710/3756/2689 2705/3757/2684 2711/3758/2690
f 2712/3759/2691 2707/3760/2686 2713/3761/2692
f 2707/3760/2686 2708/3762/2687 2713/3761/2692
f 2709/3763/2688 2714/3764/2693 2708/3762/2687
f 2713/3761/2692 2708/3762/2687 2714/3764/2693
f 2715/3765/2694 2714/3764/2693 2710/3766/2689
f 2714/3764/2693 2709/3763/2688 2710/3766/2689
f 2711/3767/2690 2716/3768/2695 2710/3766/2689
f 2715/3765/2694 2710/3766/2689 2716/3768/2695
f 2717/3769/2696 2718/3770/2697 2682/3721/2661
f 2718/3770/2697 2683/3720/2662 2682/3721/2661
f 2719/3771/2698 2717/3772/2696 2720/3773/2699
f 2717/3772/2696 2682/3774/2661 2720/3773/2699
f 2689/3726/2668 2721/3775/2700 2687/3725/2666
f 2687/3725/2666 2721/3775/2700 2722/3776/2701
f 2723/3777/2702 2685/3722/2664 2722/3776/2701
f 2685/3722/2664 2687/3725/2666 2722/3776/2701
f 2681/3719/2660 2724/3778/2703 2682/3721/2661
f 2720/3779/2699 2682/3721/2661 2724/3778/2703
f 2724/3778/2703 2681/3719/2660 2723/3777/2702
f 2681/3719/2660 2685/3722/2664 2723/3777/2702
f 2692/3729/2671 2691/3728/2670 2726/3780/2705
f 2725/3781/2704 2726/3780/2705 2691/3728/2670
f 2720/3773/2699 2726/3780/2705 2719/3771/2698
f 2725/3781/2704 2719/3771/2698 2726/3780/2705
f 2728/3782/2707 2700/3783/2679 2727/3784/2706
f 2727/3785/2706 2700/3742/2679 2698/3740/2677
f 2727/3785/2706 2698/3740/2677 2729/3786/2708
f 2729/3786/2708 2698/3740/2677 2696/3738/2675
f 2729/3786/2708 2696/3738/2675 2730/3787/2709
f 2730/3787/2709 2696/3738/2675 2694/3737/2673
f 2694/3737/2673 2692/3729/2671 2730/3787/2709
f 2726/3780/2705 2730/3787/2709 2692/3729/2671
f 2727/3785/2706 2722/3788/2701 2728/3789/2707
f 2722/3788/2701 2721/3790/2700 2728/3789/2707
f 2729/3786/2708 2723/3791/2702 2727/3785/2706
f 2723/3791/2702 2722/3788/2701 2727/3785/2706
f 2730/3787/2709 2724/3792/2703 2729/3786/2708
f 2724/3792/2703 2723/3791/2702 2729/3786/2708
f 2724/3792/2703 2730/3787/2709 2720/3773/2699
f 2720/3773/2699 2730/3787/2709 2726/3780/2705
f 2731/3793/2710 2732/3794/2710 2733/3795/2710
f 2737/3796/2714 2738/3797/2715 2736/3798/2713
f 2736/3798/2713 2738/3797/2715 2735/3799/2712
f 2734/3800/2711 2735/3801/2712 2738/3802/2715
f 2741/3803/2718 2742/3804/2719 2740/3805/2717
f 2739/3806/2716 2740/3805/2717 2742/3804/2719
f 2744/3807/2721 2745/3808/2722 2743/3809/2720
f 2743/3809/2720 2745/3808/2722 2746/3810/2723
f 2746/3810/2723 2748/3811/2725 2743/3809/2720
f 2747/3812/2724 2743/3809/2720 2748/3811/2725
f 2748/3811/2725 2750/3813/2727 2747/3812/2724
f 2749/3814/2726 2747/3812/2724 2750/3813/2727
f 2739/3815/2716 2751/3816/2728 2740/3817/2717
f 2751/3816/2728 2752/3818/2729 2740/3817/2717
f 2755/3819/2732 2756/3820/2733 2754/3821/2731
f 2753/3822/2730 2754/3821/2731 2756/3820/2733
f 2754/3823/2731 2758/3824/2735 2757/3825/2734
f 2757/3825/2734 2758/3824/2735 2759/3826/2736
f 2757/3825/2734 2759/3826/2736 2760/3827/2737
f 2760/3827/2737 2759/3826/2736 2750/3813/2727
f 2741/3803/2718 2759/3826/2736 2742/3804/2719
f 2758/3824/2735 2742/3804/2719 2759/3826/2736
f 2759/3826/2736 2741/3803/2718 2750/3813/2727
f 2741/3803/2718 2749/3814/2726 2750/3813/2727
f 2757/3828/2734 2761/3829/2738 2754/3830/2731
f 2755/3819/2732 2754/3821/2731 2761/3831/2738
f 2762/3832/2739 2763/3833/2740 2745/3808/2722
f 2746/3810/2723 2745/3808/2722 2763/3833/2740
f 2748/3811/2725 2746/3810/2723 2764/3834/2741
f 2746/3810/2723 2763/3833/2740 2764/3834/2741
f 2762/3835/2739 2765/3836/2742 2763/3837/2740
f 2763/3838/2740 2765/3839/2742 2766/3840/2743
f 2766/3840/2743 2767/3841/2744 2763/3838/2740
f 2764/3842/2741 2763/3838/2740 2767/3841/2744
f 2764/3842/2741 2767/3841/2744 2760/3843/2737
f 2760/3844/2737 2767/3845/2744 2768/3846/2745
f 2760/3844/2737 2768/3846/2745 2757/3847/2734
f 2757/3828/2734 2768/3848/2745 2761/3829/2738
f 2769/3849/2746 2770/3850/2747 2772/3851/2749
f 2770/3850/2747 2771/3852/2748 2772/3851/2749
f 2773/3853/2750 2774/3854/2751 2771/3852/2748
f 2772/3851/2749 2771/3852/2748 2774/3854/2751
f 2775/3855/2752 2776/3856/2753 2773/3853/2750
f 2774/3854/2751 2773/3853/2750 2776/3856/2753
f 2776/3857/2753 2775/3858/2752 2778/3859/2755
f 2775/3858/2752 2777/3860/2754 2778/3859/2755
f 2779/3861/2756 2780/3862/2757 2777/3860/2754
f 2778/3859/2755 2777/3860/2754 2780/3862/2757
f 2779/3863/2756 2781/3864/2758 2780/3865/2757
f 2780/3866/2757 2781/3867/2758 2782/3868/2759
f 2781/3864/2758 2783/3869/2760 2782/3870/2759
f 2782/3870/2759 2783/3869/2760 2784/3871/2761
f 2784/3871/2761 2783/3869/2760 2786/3872/2763
f 2783/3869/2760 2785/3873/2762 2786/3872/2763
f 2771/3852/2748 2770/3850/2747 2788/3874/2765
f 2770/3850/2747 2787/3875/2764 2788/3874/2765
f 2789/3876/2766 2773/3853/2750 2788/3874/2765
f 2771/3852/2748 2788/3874/2765 2773/3853/2750
f 2773/3853/2750 2789/3876/2766 2775/3855/2752
f 2789/3876/2766 2790/3877/2767 2775/3855/2752
f 2791/3878/2768 2777/3860/2754 2790/3879/2767
f 2775/3858/2752 2790/3879/2767 2777/3860/2754
f 2779/3861/2756 2777/3860/2754 2792/3880/2769
f 2777/3860/2754 2791/3878/2768 2792/3880/2769
f 2792/3880/2769 2793/3881/2770 2779/3861/2756
f 2779/3863/2756 2793/3882/2770 2781/3864/2758
f 2793/3882/2770 2794/3883/2771 2781/3864/2758
f 2781/3864/2758 2794/3883/2771 2783/3869/2760
f 2794/3883/2771 2795/3884/2772 2783/3869/2760
f 2783/3869/2760 2795/3884/2772 2785/3873/2762
f 2765/3885/2742 2762/3886/2739 2797/3887/2774
f 2762/3886/2739 2796/3888/2773 2797/3887/2774
f 2780/3862/2757 2798/3889/2775 2778/3859/2755
f 2778/3859/2755 2798/3889/2775 2799/3890/2776
f 2800/3891/2777 2776/3857/2753 2799/3890/2776
f 2776/3857/2753 2778/3859/2755 2799/3890/2776
f 2801/3892/2778 2774/3854/2751 2800/3893/2777
f 2774/3854/2751 2776/3856/2753 2800/3893/2777
f 2765/3885/2742 2772/3851/2749 2801/3892/2778
f 2772/3851/2749 2774/3854/2751 2801/3892/2778
f 2765/3885/2742 2797/3887/2774 2772/3851/2749
f 2797/3887/2774 2769/3849/2746 2772/3851/2749
f 2788/3874/2765 2787/3875/2764 2803/3894/2780
f 2802/3895/2779 2803/3894/2780 2787/3875/2764
f 2804/3896/2781 2805/3897/2782 2791/3878/2768
f 2805/3897/2782 2792/3880/2769 2791/3878/2768
f 2791/3878/2768 2790/3879/2767 2804/3896/2781
f 2806/3898/2783 2804/3896/2781 2790/3879/2767
f 2789/3876/2766 2807/3899/2784 2790/3877/2767
f 2807/3900/2784 2806/3898/2783 2790/3879/2767
f 2788/3874/2765 2803/3894/2780 2789/3876/2766
f 2803/3894/2780 2807/3899/2784 2789/3876/2766
f 2808/3901/2785 2809/3902/2786 2786/3872/2763
f 2809/3902/2786 2784/3871/2761 2786/3872/2763
f 2795/3884/2772 2794/3883/2771 2811/3903/2788
f 2794/3883/2771 2810/3904/2787 2811/3903/2788
f 2782/3870/2759 2812/3905/2789 2780/3865/2757
f 2812/3905/2789 2798/3906/2775 2780/3865/2757
f 2784/3871/2761 2809/3902/2786 2782/3870/2759
f 2809/3902/2786 2812/3905/2789 2782/3870/2759
f 2793/3881/2770 2792/3880/2769 2813/3907/2790
f 2792/3880/2769 2805/3897/2782 2813/3907/2790
f 2794/3883/2771 2793/3882/2770 2810/3904/2787
f 2793/3882/2770 2813/3908/2790 2810/3904/2787
f 2814/3909/2791 2815/3910/2792 2817/3911/2794
f 2815/3912/2792 2816/3913/2793 2817/3914/2794
f 2816/3913/2793 2818/3915/2795 2817/3914/2794
f 2817/3914/2794 2818/3915/2795 2819/3916/2796
f 2819/3916/2796 2818/3915/2795 2821/3917/2798
f 2818/3915/2795 2820/3918/2797 2821/3917/2798
f 2822/3919/2799 2823/3920/2800 2820/3918/2797
f 2821/3917/2798 2820/3918/2797 2823/3920/2800
f 2823/3920/2800 2822/3919/2799 2825/3921/2802
f 2822/3919/2799 2824/3922/2801 2825/3921/2802
f 2826/3923/2803 2827/3924/2804 2824/3922/2801
f 2825/3921/2802 2824/3922/2801 2827/3924/2804
f 2828/3925/2805 2829/3926/2806 2826/3923/2803
f 2827/3924/2804 2826/3923/2803 2829/3926/2806
f 2830/3927/2807 2831/3928/2808 2828/3925/2805
f 2829/3926/2806 2828/3925/2805 2831/3928/2808
f 2832/3929/2809 2833/3930/2810 2830/3927/2807
f 2831/3928/2808 2830/3927/2807 2833/3930/2810
f 2832/3931/2809 2834/3932/2811 2833/3933/2810
f 2833/3930/2810 2834/3934/2811 2835/3935/2812
f 2836/3936/2813 2837/3937/2814 2834/3932/2811
f 2835/3938/2812 2834/3932/2811 2837/3937/2814
f 2838/3939/2815 2839/3940/2816 2836/3936/2813
f 2837/3937/2814 2836/3936/2813 2839/3940/2816
f 2839/3940/2816 2838/3939/2815 2841/3941/2818
f 2838/3939/2815 2840/3942/2817 2841/3941/2818
f 2842/3943/2819 2843/3944/2820 2840/3942/2817
f 2841/3941/2818 2840/3942/2817 2843/3944/2820
f 2846/3945/2823 2847/3946/2824 2845/3947/2822
f 2844/3948/2821 2845/3947/2822 2847/3946/2824
f 2850/3949/2827 2851/3950/2828 2849/3951/2826
f 2848/3952/2825 2849/3951/2826 2851/3950/2828
f 2852/3953/2829 2848/3952/2825 2851/3950/2828
f 2851/3950/2828 2854/3954/2831 2852/3953/2829
f 2853/3955/2830 2852/3953/2829 2854/3954/2831
f 2854/3954/2831 2856/3956/2833 2853/3955/2830
f 2855/3957/2832 2853/3955/2830 2856/3956/2833
f 2858/3958/2835 2857/3959/2834 2856/3960/2833
f 2857/3959/2834 2855/3961/2832 2856/3960/2833
f 2859/3962/2836 2857/3959/2834 2860/3963/2837
f 2857/3959/2834 2858/3958/2835 2860/3963/2837
f 2861/3964/2838 2859/3962/2836 2862/3965/2839
f 2859/3962/2836 2860/3963/2837 2862/3965/2839
f 2864/3966/2841 2863/3967/2840 2862/3965/2839
f 2863/3967/2840 2861/3964/2838 2862/3965/2839
f 2866/3968/2843 2865/3969/2842 2864/3966/2841
f 2865/3969/2842 2863/3967/2840 2864/3966/2841
f 2868/3970/2845 2867/3971/2844 2866/3968/2843
f 2867/3971/2844 2865/3969/2842 2866/3968/2843
f 2867/3971/2844 2868/3970/2845 2869/3972/2846
f 2869/3972/2846 2868/3970/2845 2870/3973/2847
f 2870/3974/2847 2846/3945/2823 2869/3975/2846
f 2845/3947/2822 2869/3975/2846 2846/3945/2823
f 2873/3976/2850 2874/3977/2851 2872/3978/2849
f 2871/3979/2848 2872/3978/2849 2874/3977/2851
f 2877/3980/2854 2878/3981/2855 2876/3982/2853
f 2875/3983/2852 2876/3984/2853 2878/3985/2855
f 2878/3985/2855 2880/3986/2857 2875/3983/2852
f 2879/3987/2856 2875/3983/2852 2880/3986/2857
f 2880/3986/2857 2882/3988/2859 2879/3987/2856
f 2881/3989/2858 2879/3987/2856 2882/3988/2859
f 2884/3990/2861 2883/3991/2860 2882/3988/2859
f 2883/3991/2860 2881/3989/2858 2882/3988/2859
f 2883/3991/2860 2884/3990/2861 2885/3992/2862
f 2885/3992/2862 2884/3990/2861 2886/3993/2863
f 2885/3992/2862 2886/3993/2863 2887/3994/2864
f 2887/3994/2864 2886/3993/2863 2888/3995/2865
f 2889/3996/2866 2887/3994/2864 2890/3997/2867
f 2887/3994/2864 2888/3995/2865 2890/3997/2867
f 2889/3996/2866 2890/3997/2867 2891/3998/2868
f 2889/3996/2866 2891/3998/2868 2892/3999/2869
f 2892/3999/2869 2891/3998/2868 2893/4000/2870
f 2895/4001/2872 2894/4002/2871 2893/4003/2870
f 2894/4002/2871 2892/4004/2869 2893/4003/2870
f 2897/4005/2874 2896/4006/2873 2895/4001/2872
f 2896/4006/2873 2894/4002/2871 2895/4001/2872
f 2899/4007/2876 2898/4008/2875 2897/4005/2874
f 2898/4008/2875 2896/4006/2873 2897/4005/2874
f 2898/4008/2875 2899/4007/2876 2872/3978/2849
f 2872/3978/2849 2899/4007/2876 2873/3976/2850
f 2817/3911/2794 2845/3947/2822 2814/3909/2791
f 2814/3909/2791 2845/3947/2822 2844/3948/2821
f 2840/3942/2817 2872/3978/2849 2842/3943/2819
f 2842/3943/2819 2872/3978/2849 2871/3979/2848
f 2816/3913/2793 2815/3912/2792 2876/3984/2853
f 2818/3915/2795 2816/3913/2793 2875/3983/2852
f 2816/3913/2793 2876/3984/2853 2875/3983/2852
f 2820/3918/2797 2818/3915/2795 2879/3987/2856
f 2818/3915/2795 2875/3983/2852 2879/3987/2856
f 2879/3987/2856 2881/3989/2858 2820/3918/2797
f 2822/3919/2799 2820/3918/2797 2881/3989/2858
f 2883/3991/2860 2824/3922/2801 2881/3989/2858
f 2824/3922/2801 2822/3919/2799 2881/3989/2858
f 2885/3992/2862 2826/3923/2803 2883/3991/2860
f 2826/3923/2803 2824/3922/2801 2883/3991/2860
f 2826/3923/2803 2885/3992/2862 2828/3925/2805
f 2828/3925/2805 2885/3992/2862 2887/3994/2864
f 2828/3925/2805 2887/3994/2864 2830/3927/2807
f 2830/3927/2807 2887/3994/2864 2889/3996/2866
f 2830/3927/2807 2889/3996/2866 2832/3929/2809
f 2832/3929/2809 2889/3996/2866 2892/3999/2869
f 2894/4002/2871 2834/3932/2811 2892/4004/2869
f 2834/3932/2811 2832/3931/2809 2892/4004/2869
f 2896/4006/2873 2836/3936/2813 2894/4002/2871
f 2836/3936/2813 2834/3932/2811 2894/4002/2871
f 2836/3936/2813 2896/4006/2873 2838/3939/2815
f 2838/3939/2815 2896/4006/2873 2898/4008/2875
f 2840/3942/2817 2838/3939/2815 2872/3978/2849
f 2838/3939/2815 2898/4008/2875 2872/3978/2849
f 2848/3952/2825 2841/3941/2818 2849/3951/2826
f 2841/3941/2818 2843/3944/2820 2849/3951/2826
f 2841/3941/2818 2848/3952/2825 2839/3940/2816
f 2839/3940/2816 2848/3952/2825 2852/3953/2829
f 2853/3955/2830 2837/3937/2814 2852/3953/2829
f 2837/3937/2814 2839/3940/2816 2852/3953/2829
f 2835/3938/2812 2837/3937/2814 2853/3955/2830
f 2853/3955/2830 2855/3957/2832 2835/3938/2812
f 2833/3930/2810 2835/3935/2812 2855/3961/2832
f 2833/3930/2810 2855/3961/2832 2831/3928/2808
f 2831/3928/2808 2855/3961/2832 2857/3959/2834
f 2831/3928/2808 2857/3959/2834 2829/3926/2806
f 2829/3926/2806 2857/3959/2834 2859/3962/2836
f 2829/3926/2806 2859/3962/2836 2827/3924/2804
f 2827/3924/2804 2859/3962/2836 2861/3964/2838
f 2863/3967/2840 2825/3921/2802 2861/3964/2838
f 2825/3921/2802 2827/3924/2804 2861/3964/2838
f 2825/3921/2802 2863/3967/2840 2823/3920/2800
f 2823/3920/2800 2863/3967/2840 2865/3969/2842
f 2867/3971/2844 2821/3917/2798 2865/3969/2842
f 2821/3917/2798 2823/3920/2800 2865/3969/2842
f 2821/3917/2798 2867/3971/2844 2819/3916/2796
f 2819/3916/2796 2867/3971/2844 2869/3972/2846
f 2845/4009/2822 2817/3914/2794 2869/3972/2846
f 2817/3914/2794 2819/3916/2796 2869/3972/2846
f 2895/4001/2872 2900/4010/2877 2897/4005/2874
f 2902/4011/2879 2890/3997/2867 2901/4012/2878
f 2890/3997/2867 2888/3995/2865 2901/4012/2878
f 2891/3998/2868 2890/3997/2867 2903/4013/2880
f 2890/3997/2867 2902/4011/2879 2903/4013/2880
f 2891/3998/2868 2903/4013/2880 2893/4000/2870
f 2893/4000/2870 2903/4013/2880 2904/4014/2881
f 2905/4015/2882 2906/4016/2883 2900/4010/2877
f 2905/4015/2882 2900/4010/2877 2893/4003/2870
f 2900/4010/2877 2895/4001/2872 2893/4003/2870
f 2893/4000/2870 2904/4014/2881 2905/4017/2882
f 2907/4018/2884 2908/4019/2885 2909/4020/2886
f 2911/4021/2888 2912/4022/2889 2910/4023/2887
f 2910/4023/2887 2912/4022/2889 2913/4024/2890
f 2915/4025/2892 2914/4026/2891 2913/4024/2890
f 2914/4026/2891 2910/4023/2887 2913/4024/2890
f 2914/4026/2891 2915/4025/2892 2916/4027/2893
f 2916/4027/2893 2915/4025/2892 2917/4028/2894
f 2917/4028/2894 2919/4029/2896 2916/4027/2893
f 2918/4030/2895 2916/4027/2893 2919/4029/2896
f 2919/4029/2896 2921/4031/2898 2918/4030/2895
f 2920/4032/2897 2918/4030/2895 2921/4031/2898
f 2922/4033/2899 2920/4034/2897 2923/4035/2900
f 2920/4032/2897 2921/4031/2898 2923/4036/2900
f 2923/4035/2900 2925/4037/2902 2922/4033/2899
f 2924/4038/2901 2922/4039/2899 2925/4040/2902
f 2908/4019/2885 2924/4041/2901 2909/4020/2886
f 2924/4041/2901 2925/4037/2902 2909/4020/2886
f 2913/4024/2890 2926/4042/2903 2915/4025/2892
f 2926/4042/2903 2906/4016/2883 2915/4025/2892
f 2927/4043/2904 2907/4018/2884 2909/4020/2886
f 2927/4043/2904 2909/4020/2886 2901/4012/2878
f 2901/4012/2878 2909/4020/2886 2925/4037/2902
f 2923/4036/2900 2902/4044/2879 2925/4045/2902
f 2902/4011/2879 2901/4012/2878 2925/4037/2902
f 2921/4031/2898 2903/4046/2880 2923/4036/2900
f 2903/4046/2880 2902/4044/2879 2923/4036/2900
f 2903/4046/2880 2921/4031/2898 2904/4047/2881
f 2904/4047/2881 2921/4031/2898 2919/4029/2896
f 2917/4028/2894 2905/4015/2882 2919/4029/2896
f 2905/4015/2882 2904/4047/2881 2919/4029/2896
f 2905/4015/2882 2917/4028/2894 2906/4016/2883
f 2906/4016/2883 2917/4028/2894 2915/4025/2892
f 2901/4012/2878 2888/3995/2865 2927/4043/2904
f 2888/3995/2865 2886/3993/2863 2927/4043/2904
f 2878/3985/2855 2877/4048/2854 2929/4049/2906
f 2877/4048/2854 2928/4050/2905 2929/4049/2906
f 2929/4049/2906 2930/4051/2907 2878/3985/2855
f 2880/3986/2857 2878/3985/2855 2930/4051/2907
f 2930/4051/2907 2931/4052/2908 2880/3986/2857
f 2882/3988/2859 2880/3986/2857 2931/4052/2908
f 2882/3988/2859 2931/4052/2908 2884/3990/2861
f 2884/3990/2861 2931/4052/2908 2907/4018/2884
f 2884/3990/2861 2907/4018/2884 2886/3993/2863
f 2886/3993/2863 2907/4018/2884 2927/4043/2904
f 2932/4053/2909 2933/4054/2910 2911/4021/2888
f 2911/4021/2888 2933/4054/2910 2934/4055/2911
f 2930/4051/2907 2929/4049/2906 2936/4056/2913
f 2929/4049/2906 2935/4057/2912 2936/4056/2913
f 2931/4052/2908 2930/4051/2907 2937/4058/2914
f 2930/4051/2907 2936/4056/2913 2937/4058/2914
f 2937/4058/2914 2938/4059/2915 2931/4052/2908
f 2907/4018/2884 2931/4052/2908 2938/4059/2915
f 2908/4019/2885 2907/4018/2884 2939/4060/2916
f 2907/4018/2884 2938/4059/2915 2939/4060/2916
f 2939/4060/2916 2940/4061/2917 2908/4019/2885
f 2924/4041/2901 2908/4019/2885 2940/4061/2917
f 2922/4033/2899 2924/4041/2901 2941/4062/2918
f 2924/4041/2901 2940/4061/2917 2941/4062/2918
f 2941/4062/2918 2942/4063/2919 2922/4033/2899
f 2920/4034/2897 2922/4033/2899 2942/4063/2919
f 2942/4063/2919 2943/4064/2920 2920/4034/2897
f 2918/4030/2895 2920/4032/2897 2943/4065/2920
f 2916/4027/2893 2918/4030/2895 2944/4066/2921
f 2918/4030/2895 2943/4065/2920 2944/4066/2921
f 2916/4027/2893 2944/4066/2921 2914/4026/2891
f 2914/4026/2891 2944/4066/2921 2945/4067/2922
f 2945/4067/2922 2946/4068/2923 2914/4026/2891
f 2910/4023/2887 2914/4026/2891 2946/4068/2923
f 2910/4023/2887 2946/4068/2923 2911/4021/2888
f 2911/4021/2888 2946/4068/2923 2932/4053/2909
f 2934/4055/2911 2933/4054/2910 2802/3895/2779
f 2933/4054/2910 2803/3894/2780 2802/3895/2779
f 2947/4069/2924 2933/4054/2910 2932/4053/2909
f 2948/4070/2925 2947/4069/2924 2946/4068/2923
f 2947/4071/2924 2932/4072/2909 2946/4073/2923
f 2935/4057/2912 2951/4074/2928 2950/4075/2927
f 2949/4076/2926 2950/4075/2927 2951/4074/2928
f 2946/4068/2923 2945/4067/2922 2948/4070/2925
f 2952/4077/2929 2948/4078/2925 2945/4079/2922
f 2952/4077/2929 2945/4079/2922 2944/4080/2921
f 2944/4080/2921 2943/4064/2920 2952/4077/2929
f 2953/4081/2930 2952/4077/2929 2943/4064/2920
f 2954/4082/2931 2953/4081/2930 2942/4063/2919
f 2953/4081/2930 2943/4064/2920 2942/4063/2919
f 2955/4083/2932 2954/4082/2931 2941/4062/2918
f 2954/4082/2931 2942/4063/2919 2941/4062/2918
f 2955/4083/2932 2941/4062/2918 2956/4084/2933
f 2956/4084/2933 2941/4062/2918 2940/4061/2917
f 2940/4061/2917 2939/4060/2916 2956/4084/2933
f 2957/4085/2934 2956/4084/2933 2939/4060/2916
f 2958/4086/2935 2957/4085/2934 2938/4059/2915
f 2957/4085/2934 2939/4060/2916 2938/4059/2915
f 2938/4059/2915 2937/4058/2914 2958/4086/2935
f 2959/4087/2936 2958/4086/2935 2937/4058/2914
f 2937/4058/2914 2936/4056/2913 2959/4087/2936
f 2960/4088/2937 2959/4087/2936 2936/4056/2913
f 2936/4056/2913 2935/4057/2912 2960/4088/2937
f 2950/4075/2927 2960/4088/2937 2935/4057/2912
f 2964/4089/2941 2961/4090/2938 2963/4091/2940
f 2961/4090/2938 2962/4092/2939 2963/4091/2940
f 2963/4091/2940 2965/4093/2942 2964/4089/2941
f 2964/4089/2941 2965/4093/2942 2966/4094/2943
f 2968/4095/2945 2966/4094/2943 2967/4096/2944
f 2966/4094/2943 2965/4093/2942 2967/4096/2944
f 2970/4097/2947 2968/4095/2945 2969/4098/2946
f 2968/4095/2945 2967/4096/2944 2969/4098/2946
f 2972/4099/2949 2970/4097/2947 2971/4100/2948
f 2970/4097/2947 2969/4098/2946 2971/4100/2948
f 2971/4100/2948 2973/4101/2950 2972/4099/2949
f 2972/4099/2949 2973/4101/2950 2974/4102/2951
f 2973/4101/2950 2975/4103/2952 2974/4102/2951
f 2974/4102/2951 2975/4103/2952 2976/4104/2953
f 2978/4105/2955 2976/4104/2953 2977/4106/2954
f 2976/4104/2953 2975/4103/2952 2977/4106/2954
f 2980/4107/2957 2978/4105/2955 2979/4108/2956
f 2978/4105/2955 2977/4106/2954 2979/4108/2956
f 2982/4109/2959 2980/4107/2957 2981/4110/2958
f 2980/4107/2957 2979/4108/2956 2981/4110/2958
f 2984/4111/2961 2982/4112/2959 2983/4113/2960
f 2982/4109/2959 2981/4110/2958 2983/4114/2960
f 2985/4115/2962 2986/4116/2963 2983/4114/2960
f 2984/4111/2961 2983/4113/2960 2986/4117/2963
f 2988/4118/2965 2986/4119/2963 2987/4120/2964
f 2986/4119/2963 2985/4121/2962 2987/4120/2964
f 2989/4122/2966 2990/4123/2967 2987/4120/2964
f 2988/4118/2965 2987/4120/2964 2990/4123/2967
f 2991/4124/2968 2992/4125/2969 2989/4122/2966
f 2990/4123/2967 2989/4122/2966 2992/4125/2969
f 2991/4124/2968 2993/4126/2970 2992/4125/2969
f 2992/4125/2969 2993/4126/2970 2994/4127/2971
f 2995/4128/2972 2996/4129/2973 2993/4126/2970
f 2994/4127/2971 2993/4126/2970 2996/4129/2973
f 2997/4130/2974 2998/4131/2975 2995/4128/2972
f 2996/4129/2973 2995/4128/2972 2998/4131/2975
f 2999/4132/2976 3000/4133/2977 2997/4130/2974
f 2998/4131/2975 2997/4130/2974 3000/4133/2977
f 3002/4134/2979 3003/4135/2980 3001/4136/2978
f 3001/4136/2978 3003/4135/2980 3004/4137/2981
f 3004/4137/2981 3003/4135/2980 3006/4138/2983
f 3003/4135/2980 3005/4139/2982 3006/4138/2983
f 3007/4140/2984 3008/4141/2985 3005/4139/2982
f 3006/4138/2983 3005/4139/2982 3008/4141/2985
f 3010/4142/2987 3008/4141/2985 3009/4143/2986
f 3008/4141/2985 3007/4140/2984 3009/4143/2986
f 3011/4144/2988 3012/4145/2989 3009/4143/2986
f 3010/4142/2987 3009/4143/2986 3012/4145/2989
f 3013/4146/2990 3014/4147/2991 3011/4144/2988
f 3012/4145/2989 3011/4144/2988 3014/4147/2991
f 3016/4148/2993 3014/4147/2991 3015/4149/2992
f 3014/4147/2991 3013/4146/2990 3015/4149/2992
f 3015/4149/2992 3017/4150/2994 3016/4148/2993
f 3016/4148/2993 3017/4150/2994 3018/4151/2995
f 3017/4150/2994 3019/4152/2996 3018/4151/2995
f 3018/4151/2995 3019/4152/2996 3020/4153/2997
f 3019/4152/2996 3021/4154/2998 3020/4153/2997
f 3020/4153/2997 3021/4154/2998 3022/4155/2999
f 3021/4154/2998 3023/4156/3000 3022/4155/2999
f 3022/4155/2999 3023/4156/3000 3024/4157/3001
f 3023/4156/3000 3025/4158/3002 3024/4157/3001
f 3024/4157/3001 3025/4158/3002 3026/4159/3003
f 3026/4160/3003 3025/4161/3002 3028/4162/3005
f 3025/4161/3002 3027/4163/3004 3028/4162/3005
f 3029/4164/3006 3030/4165/3007 3027/4163/3004
f 3028/4162/3005 3027/4163/3004 3030/4165/3007
f 3030/4166/3007 3029/4167/3006 3032/4168/3009
f 3029/4167/3006 3031/4169/3008 3032/4168/3009
f 3034/4170/3011 3032/4168/3009 3033/4171/3010
f 3032/4168/3009 3031/4169/3008 3033/4171/3010
f 3038/4172/3015 3035/4173/3012 3037/4174/3014
f 3035/4173/3012 3036/4175/3013 3037/4174/3014
f 3038/4172/3015 3037/4174/3014 3040/4176/3017
f 3037/4174/3014 3039/4177/3016 3040/4176/3017
f 3040/4176/3017 3039/4177/3016 3042/4178/3019
f 3039/4177/3016 3041/4179/3018 3042/4178/3019
f 3044/4180/3021 3042/4178/3019 3043/4181/3020
f 3042/4178/3019 3041/4179/3018 3043/4181/3020
f 3043/4181/3020 3045/4182/3022 3044/4180/3021
f 3044/4180/3021 3045/4182/3022 3046/4183/3023
f 3046/4183/3023 3045/4182/3022 3048/4184/3025
f 3045/4182/3022 3047/4185/3024 3048/4184/3025
f 3050/4186/3027 3048/4184/3025 3049/4187/3026
f 3048/4184/3025 3047/4185/3024 3049/4187/3026
f 3050/4186/3027 3049/4187/3026 3052/4188/3029
f 3049/4187/3026 3051/4189/3028 3052/4188/3029
f 3052/4188/3029 3051/4189/3028 3054/4190/3031
f 3051/4189/3028 3053/4191/3030 3054/4190/3031
f 3055/4192/3032 3056/4193/3033 3053/4191/3030
f 3054/4190/3031 3053/4191/3030 3056/4193/3033
f 3058/4194/3035 3056/4193/3033 3057/4195/3034
f 3056/4193/3033 3055/4192/3032 3057/4195/3034
f 3057/4195/3034 3059/4196/3036 3058/4194/3035
f 3058/4194/3035 3059/4196/3036 3060/4197/3037
f 3062/4198/3039 3060/4199/3037 3061/4200/3038
f 3060/4199/3037 3059/4201/3036 3061/4200/3038
f 3064/4202/3041 3062/4198/3039 3063/4203/3040
f 3062/4198/3039 3061/4200/3038 3063/4203/3040
f 3066/4204/3043 3064/4202/3041 3065/4205/3042
f 3064/4202/3041 3063/4203/3040 3065/4205/3042
f 2947/4206/2924 3067/4207/3044 3068/4208/3045
f 3070/4209/3047 2950/4075/2927 3069/4210/3046
f 2950/4075/2927 2949/4076/2926 3069/4210/3046
f 2950/4075/2927 3070/4209/3047 2960/4088/2937
f 2960/4088/2937 3070/4209/3047 3071/4211/3048
f 2959/4087/2936 2960/4088/2937 3072/4212/3049
f 2960/4088/2937 3071/4211/3048 3072/4212/3049
f 2958/4086/2935 2959/4087/2936 3073/4213/3050
f 2959/4087/2936 3072/4212/3049 3073/4213/3050
f 2957/4085/2934 2958/4086/2935 3074/4214/3051
f 2958/4086/2935 3073/4213/3050 3074/4214/3051
f 3074/4214/3051 3075/4215/3052 2957/4085/2934
f 2956/4084/2933 2957/4085/2934 3075/4215/3052
f 2956/4084/2933 3075/4215/3052 3076/4216/3053
f 3077/4217/3054 2955/4083/2932 3076/4216/3053
f 2955/4083/2932 2956/4084/2933 3076/4216/3053
f 2955/4083/2932 3077/4217/3054 2954/4082/2931
f 2954/4082/2931 3077/4217/3054 3078/4218/3055
f 2953/4081/2930 2954/4082/2931 3079/4219/3056
f 2954/4082/2931 3078/4218/3055 3079/4219/3056
f 3079/4219/3056 3080/4220/3057 2953/4081/2930
f 2952/4077/2929 2953/4081/2930 3080/4220/3057
f 2952/4077/2929 3080/4220/3057 2948/4078/2925
f 2948/4078/2925 3080/4220/3057 3081/4221/3058
f 2948/4078/2925 3081/4221/3058 2947/4206/2924
f 2947/4206/2924 3081/4221/3058 3067/4207/3044
f 2803/3894/2780 2947/4069/2924 2807/3899/2784
f 2947/4206/2924 2806/3898/2783 2807/3900/2784
f 2947/4222/2924 2803/4223/2780 2933/4224/2910
f 2947/4206/2924 3068/4208/3045 2805/3897/2782
f 2947/4206/2924 2805/3897/2782 2804/3896/2781
f 2947/4206/2924 2804/3896/2781 2806/3898/2783
f 3083/4225/3060 3082/4226/3059 2745/4227/2722
f 3082/4226/3059 2762/4228/2739 2745/4227/2722
f 2808/3901/2785 2786/3872/2763 3085/4229/3062
f 2786/3872/2763 3084/4230/3061 3085/4229/3062
f 2744/4231/2721 2808/3901/2785 3086/4232/3063
f 2808/3901/2785 3085/4229/3062 3086/4232/3063
f 3082/4226/3059 2796/4233/2773 2762/4228/2739
f 2744/4231/2721 3086/4232/3063 3083/4225/3060
f 3086/4232/3063 3087/4234/3064 3083/4225/3060
f 2745/4227/2722 2744/4231/2721 3083/4225/3060
f 3088/4235/3065 3084/4230/3061 2785/3873/2762
f 2786/3872/2763 2785/3873/2762 3084/4230/3061
f 2811/4236/2788 3089/4237/3066 3090/4238/3067
f 2795/3884/2772 2811/3903/2788 3091/4239/3068
f 2811/3903/2788 3090/4240/3067 3091/4239/3068
f 2785/3873/2762 2795/3884/2772 3088/4235/3065
f 2795/3884/2772 3091/4239/3068 3088/4235/3065
f 2813/3907/2790 2805/3897/2782 3068/4208/3045
f 2810/4241/2787 2813/3907/2790 3067/4207/3044
f 2813/3907/2790 3068/4208/3045 3067/4207/3044
f 3067/4242/3044 3081/4243/3058 3089/4244/3066
f 2810/4241/2787 3067/4207/3044 3089/4245/3066
f 2961/4090/2938 3070/4209/3047 3069/4210/3046
f 3087/4234/3064 3086/4232/3063 3000/4246/2977
f 2998/4247/2975 3000/4246/2977 3086/4232/3063
f 3086/4232/3063 3085/4229/3062 2998/4247/2975
f 2996/4248/2973 2998/4247/2975 3085/4229/3062
f 2994/4249/2971 2996/4248/2973 3084/4230/3061
f 2996/4248/2973 3085/4229/3062 3084/4230/3061
f 3084/4230/3061 3088/4235/3065 2994/4249/2971
f 2992/4250/2969 2994/4249/2971 3088/4235/3065
f 2992/4250/2969 3088/4235/3065 2990/4251/2967
f 2990/4251/2967 3088/4235/3065 3091/4239/3068
f 2988/4252/2965 2990/4251/2967 3090/4240/3067
f 2990/4251/2967 3091/4239/3068 3090/4240/3067
f 3089/4237/3066 2986/4253/2963 3090/4238/3067
f 2986/4253/2963 2988/4254/2965 3090/4238/3067
f 2984/4255/2961 2986/4253/2963 3089/4237/3066
f 2982/3231/2959 2984/4256/2961 3081/4243/3058
f 2984/4256/2961 3089/4244/3066 3081/4243/3058
f 2980/4107/2957 2982/4109/2959 3080/4220/3057
f 2982/4109/2959 3081/4221/3058 3080/4220/3057
f 3080/4220/3057 3079/4219/3056 2980/4107/2957
f 2978/4105/2955 2980/4107/2957 3079/4219/3056
f 2976/4104/2953 2978/4105/2955 3078/4218/3055
f 2978/4105/2955 3079/4219/3056 3078/4218/3055
f 3078/4218/3055 3077/4217/3054 2976/4104/2953
f 2974/4102/2951 2976/4104/2953 3077/4217/3054
f 2972/4099/2949 2974/4102/2951 3076/4216/3053
f 2974/4102/2951 3077/4217/3054 3076/4216/3053
f 2970/4097/2947 2972/4099/2949 3075/4215/3052
f 2972/4099/2949 3076/4216/3053 3075/4215/3052
f 2968/4095/2945 2970/4097/2947 3075/4215/3052
f 3075/4215/3052 3074/4214/3051 2968/4095/2945
f 2966/4094/2943 2968/4095/2945 3074/4214/3051
f 3074/4214/3051 3073/4213/3050 2966/4094/2943
f 2964/4089/2941 2966/4094/2943 3073/4213/3050
f 2964/4089/2941 3073/4213/3050 3072/4212/3049
f 2961/4090/2938 2964/4089/2941 3071/4211/3048
f 2964/4089/2941 3072/4212/3049 3071/4211/3048
f 2961/4090/2938 3071/4211/3048 3070/4209/3047
f 3001/4136/2978 3004/4137/2981 2962/4092/2939
f 2962/4092/2939 3004/4137/2981 2963/4091/2940
f 2965/4093/2942 2963/4091/2940 3006/4138/2983
f 2963/4091/2940 3004/4137/2981 3006/4138/2983
f 2967/4096/2944 2965/4093/2942 3008/4141/2985
f 2965/4093/2942 3006/4138/2983 3008/4141/2985
f 3008/4141/2985 3010/4142/2987 2967/4096/2944
f 2967/4096/2944 3010/4142/2987 2969/4098/2946
f 3010/4142/2987 3012/4145/2989 2969/4098/2946
f 2969/4098/2946 3012/4145/2989 2971/4100/2948
f 2973/4101/2950 2971/4100/2948 3014/4147/2991
f 2971/4100/2948 3012/4145/2989 3014/4147/2991
f 3014/4147/2991 3016/4148/2993 2973/4101/2950
f 2973/4101/2950 3016/4148/2993 2975/4103/2952
f 3016/4148/2993 3018/4151/2995 2975/4103/2952
f 2975/4103/2952 3018/4151/2995 2977/4106/2954
f 3018/4151/2995 3020/4153/2997 2977/4106/2954
f 2977/4106/2954 3020/4153/2997 2979/4108/2956
f 3020/4153/2997 3022/4155/2999 2979/4108/2956
f 2979/4108/2956 3022/4155/2999 2981/4110/2958
f 3022/4155/2999 3024/4157/3001 2981/4110/2958
f 2981/4110/2958 3024/4157/3001 2983/4114/2960
f 3024/4157/3001 3026/4159/3003 2983/4114/2960
f 2983/4114/2960 3026/4159/3003 2985/4115/2962
f 3028/4162/3005 2987/4120/2964 3026/4160/3003
f 2985/4121/2962 3026/4160/3003 2987/4120/2964
f 3030/4165/3007 2989/4122/2966 3028/4162/3005
f 2987/4120/2964 3028/4162/3005 2989/4122/2966
f 2989/4122/2966 3030/4165/3007 2991/4124/2968
f 3030/4165/3007 3032/4257/3009 2991/4124/2968
f 3032/4257/3009 3034/4258/3011 2991/4124/2968
f 2991/4124/2968 3034/4258/3011 2993/4126/2970
f 3034/4258/3011 3092/4259/3069 2993/4126/2970
f 2993/4126/2970 3092/4259/3069 2995/4128/2972
f 3092/4259/3069 3093/4260/3070 2995/4128/2972
f 3003/4135/2980 3002/4134/2979 3038/4172/3015
f 3002/4134/2979 3035/4173/3012 3038/4172/3015
f 3040/4176/3017 3005/4139/2982 3038/4172/3015
f 3003/4135/2980 3038/4172/3015 3005/4139/2982
f 3042/4178/3019 3007/4140/2984 3040/4176/3017
f 3005/4139/2982 3040/4176/3017 3007/4140/2984
f 3009/4143/2986 3007/4140/2984 3044/4180/3021
f 3007/4140/2984 3042/4178/3019 3044/4180/3021
f 3009/4143/2986 3044/4180/3021 3011/4144/2988
f 3044/4180/3021 3046/4183/3023 3011/4144/2988
f 3011/4144/2988 3046/4183/3023 3013/4146/2990
f 3046/4183/3023 3048/4184/3025 3013/4146/2990
f 3015/4149/2992 3013/4146/2990 3050/4186/3027
f 3013/4146/2990 3048/4184/3025 3050/4186/3027
f 3017/4150/2994 3015/4149/2992 3052/4188/3029
f 3015/4149/2992 3050/4186/3027 3052/4188/3029
f 3052/4188/3029 3054/4190/3031 3017/4150/2994
f 3017/4150/2994 3054/4190/3031 3019/4152/2996
f 3021/4154/2998 3019/4152/2996 3056/4193/3033
f 3019/4152/2996 3054/4190/3031 3056/4193/3033
f 3056/4193/3033 3058/4194/3035 3021/4154/2998
f 3021/4154/2998 3058/4194/3035 3023/4156/3000
f 3058/4194/3035 3060/4197/3037 3023/4156/3000
f 3023/4156/3000 3060/4197/3037 3025/4158/3002
f 3027/4261/3004 3025/4262/3002 3062/4198/3039
f 3025/4262/3002 3060/4199/3037 3062/4198/3039
f 3027/4261/3004 3062/4198/3039 3029/4167/3006
f 3062/4198/3039 3064/4202/3041 3029/4167/3006
f 3029/4167/3006 3064/4202/3041 3031/4169/3008
f 3064/4202/3041 3066/4204/3043 3031/4169/3008
f 3066/4204/3043 3094/4263/3071 3031/4169/3008
f 3031/4169/3008 3094/4263/3071 3033/4171/3010
f 3095/4264/3072 2906/4016/2883 2926/4042/2903
f 3096/4265/3073 3097/4266/3073 3098/4267/3073
f 2811/3903/2788 2810/3904/2787 3089/4268/3066
f 3036/4175/3013 3099/4269/3074 3037/4174/3014
f 3099/4269/3074 3100/4270/3075 3037/4174/3014
f 3101/4271/3076 3039/4177/3016 3100/4270/3075
f 3037/4174/3014 3100/4270/3075 3039/4177/3016
f 3039/4177/3016 3101/4271/3076 3041/4179/3018
f 3101/4272/3076 3102/4273/3077 3041/4274/3018
f 3043/4275/3020 3041/4274/3018 3103/4276/3078
f 3041/4274/3018 3102/4273/3077 3103/4276/3078
f 3103/4277/3078 3104/4278/3079 3043/4181/3020
f 3043/4181/3020 3104/4278/3079 3045/4182/3022
f 3105/4279/3080 3047/4185/3024 3104/4278/3079
f 3045/4182/3022 3104/4278/3079 3047/4185/3024
f 3106/4280/3081 3049/4187/3026 3105/4279/3080
f 3047/4185/3024 3105/4279/3080 3049/4187/3026
f 3107/4281/3082 3051/4189/3028 3106/4280/3081
f 3049/4187/3026 3106/4280/3081 3051/4189/3028
f 3051/4189/3028 3107/4281/3082 3053/4191/3030
f 3107/4281/3082 3108/4282/3083 3053/4191/3030
f 3053/4191/3030 3108/4282/3083 3055/4192/3032
f 3108/4282/3083 3109/4283/3084 3055/4192/3032
f 3057/4195/3034 3055/4192/3032 3110/4284/3085
f 3055/4192/3032 3109/4283/3084 3110/4284/3085
f 3059/4196/3036 3057/4195/3034 3111/4285/3086
f 3057/4195/3034 3110/4284/3085 3111/4285/3086
f 3061/4200/3038 3059/4201/3036 3112/4286/3087
f 3059/4201/3036 3111/4287/3086 3112/4286/3087
f 3112/4286/3087 3113/4288/3088 3061/4200/3038
f 3061/4200/3038 3113/4288/3088 3063/4203/3040
f 3113/4288/3088 3114/4289/3089 3063/4203/3040
f 3063/4203/3040 3114/4289/3089 3065/4205/3042
f 3099/4269/3074 3115/4290/3090 3100/4270/3075
f 3115/4290/3090 3116/4291/3091 3100/4270/3075
f 3100/4270/3075 3116/4291/3091 3101/4271/3076
f 3116/4291/3091 3117/4292/3092 3101/4271/3076
f 3102/4273/3077 3101/4272/3076 3118/4293/3093
f 3101/4272/3076 3117/4294/3092 3118/4293/3093
f 3119/4295/3094 3103/4277/3078 3118/4296/3093
f 3102/4273/3077 3118/4293/3093 3103/4276/3078
f 3103/4277/3078 3119/4295/3094 3104/4278/3079
f 3119/4295/3094 3120/4297/3095 3104/4278/3079
f 3104/4278/3079 3120/4297/3095 3105/4279/3080
f 3120/4297/3095 3121/4298/3096 3105/4279/3080
f 3122/4299/3097 3106/4280/3081 3121/4298/3096
f 3105/4279/3080 3121/4298/3096 3106/4280/3081
f 3106/4280/3081 3122/4299/3097 3107/4281/3082
f 3122/4299/3097 3123/4300/3098 3107/4281/3082
f 3108/4282/3083 3107/4281/3082 3124/4301/3099
f 3107/4281/3082 3123/4300/3098 3124/4301/3099
f 3124/4301/3099 3125/4302/3100 3108/4282/3083
f 3108/4282/3083 3125/4302/3100 3109/4283/3084
f 3109/4283/3084 3125/4302/3100 3110/4284/3085
f 3125/4302/3100 3126/4303/3101 3110/4284/3085
f 3111/4285/3086 3110/4284/3085 3127/4304/3102
f 3110/4284/3085 3126/4303/3101 3127/4304/3102
f 3128/4305/3103 3112/4286/3087 3127/4306/3102
f 3111/4287/3086 3127/4306/3102 3112/4286/3087
f 3113/4288/3088 3112/4286/3087 3129/4307/3104
f 3112/4286/3087 3128/4305/3103 3129/4307/3104
f 3114/4289/3089 3113/4288/3088 3130/4308/3105
f 3113/4288/3088 3129/4307/3104 3130/4308/3105
f 3114/4289/3089 3130/4308/3105 3132/4309/3107
f 3130/4308/3105 3131/4310/3106 3132/4309/3107
f 3065/4205/3042 3133/4311/3108 3066/4204/3043
f 3094/4263/3071 3066/4204/3043 3133/4311/3108
f 3065/4205/3042 3114/4289/3089 3134/4312/3109
f 3114/4289/3089 3132/4309/3107 3134/4312/3109
f 3065/4205/3042 3134/4312/3109 3135/4313/3110
f 3065/4205/3042 3135/4313/3110 3133/4311/3108
f 3137/4314/3112 3116/4315/3091 3136/4316/3111
f 3115/4290/3090 3136/4317/3111 3116/4291/3091
f 3116/4291/3091 3137/4318/3112 3117/4292/3092
f 3137/4318/3112 3138/4319/3113 3117/4292/3092
f 3139/4320/3114 3118/4296/3093 3138/4319/3113
f 3117/4294/3092 3138/4321/3113 3118/4293/3093
f 3118/4296/3093 3139/4320/3114 3119/4295/3094
f 3139/4320/3114 3140/4322/3115 3119/4295/3094
f 3141/4323/3116 3120/4297/3095 3140/4322/3115
f 3119/4295/3094 3140/4322/3115 3120/4297/3095
f 3142/4324/3117 3121/4298/3096 3141/4323/3116
f 3120/4297/3095 3141/4323/3116 3121/4298/3096
f 3121/4298/3096 3142/4324/3117 3122/4299/3097
f 3142/4324/3117 3143/4325/3118 3122/4299/3097
f 3122/4299/3097 3143/4325/3118 3123/4300/3098
f 3143/4325/3118 3144/4326/3119 3123/4300/3098
f 3144/4326/3119 3145/4327/3120 3123/4300/3098
f 3123/4300/3098 3145/4327/3120 3124/4301/3099
f 3125/4302/3100 3124/4301/3099 3146/4328/3121
f 3124/4301/3099 3145/4327/3120 3146/4328/3121
f 3147/4329/3122 3126/4303/3101 3146/4328/3121
f 3125/4302/3100 3146/4328/3121 3126/4303/3101
f 3147/4329/3122 3148/4330/3123 3126/4303/3101
f 3126/4303/3101 3148/4330/3123 3127/4304/3102
f 3149/4331/3124 3128/4332/3103 3148/4333/3123
f 3127/4334/3102 3148/4333/3123 3128/4332/3103
f 3150/4335/3125 3129/4336/3104 3149/4331/3124
f 3128/4332/3103 3149/4331/3124 3129/4336/3104
f 3129/4336/3104 3150/4335/3125 3130/4337/3105
f 3150/4335/3125 3151/4338/3126 3130/4337/3105
f 3131/4339/3106 3130/4337/3105 3152/4340/3127
f 3130/4337/3105 3151/4338/3126 3152/4340/3127
f 3154/4341/3129 3137/4318/3112 3153/4342/3128
f 3136/4316/3111 3153/4343/3128 3137/4314/3112
f 3155/4344/3130 3138/4319/3113 3154/4341/3129
f 3137/4318/3112 3154/4341/3129 3138/4319/3113
f 3138/4345/3113 3155/4346/3130 3139/4347/3114
f 3155/4344/3130 3156/4348/3131 3139/4320/3114
f 3140/4322/3115 3139/4320/3114 3157/4349/3132
f 3139/4320/3114 3156/4348/3131 3157/4349/3132
f 3141/4323/3116 3140/4322/3115 3158/4350/3133
f 3140/4322/3115 3157/4349/3132 3158/4350/3133
f 3158/4350/3133 3159/4351/3134 3141/4323/3116
f 3141/4323/3116 3159/4351/3134 3142/4324/3117
f 3159/4351/3134 3160/4352/3135 3142/4324/3117
f 3142/4324/3117 3160/4352/3135 3143/4325/3118
f 3144/4326/3119 3143/4325/3118 3161/4353/3136
f 3143/4325/3118 3160/4352/3135 3161/4353/3136
f 3145/4327/3120 3144/4326/3119 3162/4354/3137
f 3144/4326/3119 3161/4353/3136 3162/4354/3137
f 3163/4355/3138 3146/4328/3121 3162/4354/3137
f 3145/4327/3120 3162/4354/3137 3146/4328/3121
f 3146/4328/3121 3163/4355/3138 3147/4329/3122
f 3163/4355/3138 3164/4356/3139 3147/4329/3122
f 3148/4330/3123 3147/4329/3122 3165/4357/3140
f 3147/4329/3122 3164/4356/3139 3165/4357/3140
f 3165/4357/3140 3166/4358/3141 3148/4330/3123
f 3148/4359/3123 3166/4360/3141 3149/4361/3124
f 3166/4358/3141 3167/4362/3142 3149/4363/3124
f 3149/4331/3124 3167/4364/3142 3150/4335/3125
f 3167/4364/3142 3168/4365/3143 3150/4335/3125
f 3150/4335/3125 3168/4365/3143 3151/4338/3126
f 3153/4342/3128 3169/4366/3144 3154/4341/3129
f 3169/4366/3144 3170/4367/3145 3154/4341/3129
f 3170/4367/3145 3171/4368/3146 3154/4341/3129
f 3154/4341/3129 3171/4368/3146 3155/4344/3130
f 3156/4348/3131 3155/4344/3130 3172/4369/3147
f 3155/4344/3130 3171/4368/3146 3172/4369/3147
f 3157/4349/3132 3156/4348/3131 3173/4370/3148
f 3156/4348/3131 3172/4369/3147 3173/4370/3148
f 3157/4349/3132 3173/4370/3148 3158/4350/3133
f 3173/4370/3148 3174/4371/3149 3158/4350/3133
f 3159/4351/3134 3158/4350/3133 3175/4372/3150
f 3158/4350/3133 3174/4371/3149 3175/4372/3150
f 3160/4352/3135 3159/4351/3134 3176/4373/3151
f 3159/4351/3134 3175/4372/3150 3176/4373/3151
f 3176/4373/3151 3177/4374/3152 3160/4352/3135
f 3160/4352/3135 3177/4374/3152 3161/4353/3136
f 3177/4374/3152 3178/4375/3153 3161/4353/3136
f 3161/4353/3136 3178/4375/3153 3162/4354/3137
f 3162/4354/3137 3178/4375/3153 3163/4355/3138
f 3178/4375/3153 3179/4376/3154 3163/4355/3138
f 3163/4355/3138 3179/4376/3154 3164/4356/3139
f 3179/4376/3154 3180/4377/3155 3164/4356/3139
f 3180/4377/3155 3181/4378/3156 3164/4356/3139
f 3164/4356/3139 3181/4378/3156 3165/4357/3140
f 3166/4358/3141 3165/4357/3140 3182/4379/3157
f 3165/4357/3140 3181/4378/3156 3182/4379/3157
f 3182/4379/3157 3183/4380/3158 3166/4358/3141
f 3166/4358/3141 3183/4380/3158 3167/4362/3142
f 3168/4381/3143 3167/4362/3142 3184/4382/3159
f 3167/4362/3142 3183/4380/3158 3184/4382/3159
f 3186/4383/3161 3168/4381/3143 3185/4384/3160
f 3168/4381/3143 3184/4382/3159 3185/4384/3160
f 3190/4385/3165 3187/4386/3162 3189/4387/3164
f 3187/4386/3162 3188/4388/3163 3189/4387/3164
f 3191/4389/3166 3192/4390/3167 3189/4387/3164
f 3190/4385/3165 3189/4387/3164 3192/4390/3167
f 3193/4391/3168 3194/4392/3169 3191/4393/3166
f 3192/4394/3167 3191/4393/3166 3194/4392/3169
f 3195/4395/3170 3196/4396/3171 3193/4391/3168
f 3194/4392/3169 3193/4391/3168 3196/4396/3171
f 3196/4396/3171 3195/4395/3170 3198/4397/3173
f 3195/4395/3170 3197/4398/3172 3198/4397/3173
f 3198/4397/3173 3197/4398/3172 3200/4399/3175
f 3197/4398/3172 3199/4400/3174 3200/4399/3175
f 3199/4400/3174 3201/4401/3176 3200/4399/3175
f 3200/4399/3175 3201/4401/3176 3202/4402/3177
f 3204/4403/3179 3202/4402/3177 3203/4404/3178
f 3202/4402/3177 3201/4401/3176 3203/4404/3178
f 3203/4404/3178 3205/4405/3180 3204/4403/3179
f 3204/4403/3179 3205/4405/3180 3206/4406/3181
f 3206/4406/3181 3205/4405/3180 3208/4407/3183
f 3205/4405/3180 3207/4408/3182 3208/4407/3183
f 3209/4409/3184 3210/4410/3185 3207/4411/3182
f 3208/4407/3183 3207/4408/3182 3210/4412/3185
f 3210/4410/3185 3209/4409/3184 3212/4413/3187
f 3209/4409/3184 3211/4414/3186 3212/4413/3187
f 3212/4413/3187 3211/4414/3186 3214/4415/3189
f 3211/4414/3186 3213/4416/3188 3214/4415/3189
f 3214/4417/3189 3213/4418/3188 3216/4419/3191
f 3213/4416/3188 3215/4420/3190 3216/4421/3191
f 3188/4388/3163 3217/4422/3192 3189/4387/3164
f 3217/4422/3192 3218/4423/3193 3189/4387/3164
f 3189/4387/3164 3218/4423/3193 3191/4389/3166
f 3218/4424/3193 3219/4425/3194 3191/4393/3166
f 3191/4393/3166 3219/4425/3194 3193/4391/3168
f 3219/4425/3194 3220/4426/3195 3193/4391/3168
f 3221/4427/3196 3195/4395/3170 3220/4426/3195
f 3193/4391/3168 3220/4426/3195 3195/4395/3170
f 3222/4428/3197 3197/4398/3172 3221/4427/3196
f 3195/4395/3170 3221/4427/3196 3197/4398/3172
f 3199/4400/3174 3197/4398/3172 3223/4429/3198
f 3197/4398/3172 3222/4428/3197 3223/4429/3198
f 3201/4401/3176 3199/4400/3174 3224/4430/3199
f 3199/4400/3174 3223/4429/3198 3224/4430/3199
f 3224/4430/3199 3225/4431/3200 3201/4401/3176
f 3201/4401/3176 3225/4431/3200 3203/4404/3178
f 3225/4432/3200 3226/4433/3201 3203/4434/3178
f 3203/4434/3178 3226/4433/3201 3205/4435/3180
f 3205/4435/3180 3226/4433/3201 3207/4411/3182
f 3226/4433/3201 3227/4436/3202 3207/4411/3182
f 3207/4411/3182 3227/4436/3202 3209/4409/3184
f 3227/4436/3202 3228/4437/3203 3209/4409/3184
f 3209/4409/3184 3228/4437/3203 3211/4414/3186
f 3228/4437/3203 3229/4438/3204 3211/4414/3186
f 3213/4416/3188 3211/4414/3186 3230/4439/3205
f 3211/4414/3186 3229/4438/3204 3230/4439/3205
f 3230/4439/3205 3231/4440/3206 3213/4416/3188
f 3213/4416/3188 3231/4440/3206 3215/4420/3190
f 3217/4422/3192 3232/4441/3207 3218/4423/3193
f 3232/4441/3207 3233/4442/3208 3218/4423/3193
f 3219/4443/3194 3218/4444/3193 3234/4445/3209
f 3218/4423/3193 3233/4442/3208 3234/4446/3209
f 3220/4447/3195 3219/4448/3194 3235/4449/3210
f 3219/4448/3194 3234/4450/3209 3235/4449/3210
f 3221/4451/3196 3220/4452/3195 3236/4453/3211
f 3220/4452/3195 3235/4454/3210 3236/4453/3211
f 3221/4455/3196 3236/4456/3211 3222/4457/3197
f 3236/4456/3211 3237/4458/3212 3222/4457/3197
f 3222/4459/3197 3237/4460/3212 3223/4461/3198
f 3237/4460/3212 3238/4462/3213 3223/4461/3198
f 3224/4463/3199 3223/4461/3198 3239/4464/3214
f 3223/4461/3198 3238/4462/3213 3239/4464/3214
f 3239/4464/3214 3240/4465/3215 3224/4463/3199
f 3224/4463/3199 3240/4465/3215 3225/4432/3200
f 3240/4465/3215 3241/4466/3216 3225/4432/3200
f 3225/4432/3200 3241/4466/3216 3226/4433/3201
f 3226/4433/3201 3241/4466/3216 3227/4436/3202
f 3241/4466/3216 3242/4467/3217 3227/4436/3202
f 3242/4467/3217 3243/4468/3218 3227/4436/3202
f 3227/4436/3202 3243/4468/3218 3228/4437/3203
f 3183/4380/3158 3212/4469/3187 3184/4382/3159
f 3212/4469/3187 3214/4417/3189 3184/4382/3159
f 3183/4380/3158 3182/4379/3157 3212/4469/3187
f 3210/4412/3185 3212/4469/3187 3182/4379/3157
f 3182/4379/3157 3181/4378/3156 3210/4412/3185
f 3208/4407/3183 3210/4412/3185 3181/4378/3156
f 3208/4407/3183 3181/4378/3156 3206/4406/3181
f 3206/4406/3181 3181/4378/3156 3180/4377/3155
f 3180/4377/3155 3179/4376/3154 3206/4406/3181
f 3204/4403/3179 3206/4406/3181 3179/4376/3154
f 3202/4402/3177 3204/4403/3179 3178/4375/3153
f 3204/4403/3179 3179/4376/3154 3178/4375/3153
f 3200/4399/3175 3202/4402/3177 3177/4374/3152
f 3202/4402/3177 3178/4375/3153 3177/4374/3152
f 3177/4374/3152 3176/4373/3151 3200/4399/3175
f 3198/4397/3173 3200/4399/3175 3176/4373/3151
f 3175/4372/3150 3196/4396/3171 3176/4373/3151
f 3196/4396/3171 3198/4397/3173 3176/4373/3151
f 3174/4371/3149 3194/4392/3169 3175/4372/3150
f 3194/4392/3169 3196/4396/3171 3175/4372/3150
f 3173/4370/3148 3192/4394/3167 3174/4371/3149
f 3192/4394/3167 3194/4392/3169 3174/4371/3149
f 3192/4394/3167 3173/4370/3148 3190/4470/3165
f 3190/4470/3165 3173/4370/3148 3172/4369/3147
f 3244/4471/3219 3168/4365/3143 3186/4472/3161
f 3151/4338/3126 3168/4365/3143 3152/4340/3127
f 3245/4473/3220 3152/4340/3127 3168/4365/3143
f 3244/4471/3219 3246/4474/3221 3168/4365/3143
f 3246/4474/3221 3245/4473/3220 3168/4365/3143
f 2748/3811/2725 2764/3834/2741 2750/3813/2727
f 2750/3813/2727 2764/3834/2741 2760/3827/2737
f 2935/4475/2912 2929/4476/2906 2951/4477/2928
f 2929/4049/2906 2928/4050/2905 2951/4074/2928
f 3185/4384/3160 3184/4382/3159 3247/4478/3222
f 3248/4479/3223 3249/4480/3224 3215/4481/3190
f 3216/4482/3191 3215/4481/3190 3249/4480/3224
f 3184/4382/3159 3214/4417/3189 3247/4478/3222
f 3214/4417/3189 3216/4419/3191 3247/4478/3222
f 3251/4483/3226 3215/4481/3190 3250/4484/3225
f 3215/4481/3190 3231/4485/3206 3250/4484/3225
f 3215/4481/3190 3251/4483/3226 3248/4479/3223
f 3254/4486/3229 3255/4487/3230 3253/4488/3228
f 3252/4489/3227 3253/4488/3228 3255/4487/3230
f 3254/4486/3229 3256/4490/3231 3255/4487/3230
f 3260/4491/3235 3257/4492/3232 3259/4493/3234
f 3257/4492/3232 3258/4494/3233 3259/4493/3234
f 3263/4495/3238 3264/4496/3239 3262/4497/3237
f 3261/4498/3236 3262/4497/3237 3264/4496/3239
f 3265/4499/3240 3266/4500/3241 3268/4501/3243
f 3266/4500/3241 3267/4502/3242 3268/4501/3243
f 3269/4503/3244 3270/4504/3245 3265/4505/3240
f 3270/4506/3245 3266/4500/3241 3265/4499/3240
f 3271/4507/3246 3261/4498/3236 3264/4496/3239
f 3272/4508/3247 3273/4509/3248 3271/4510/3246
f 3274/4511/3249 3273/4512/3248 3272/4513/3247
f 3278/4514/3253 3275/4515/3250 3277/4516/3252
f 3275/4515/3250 3276/4517/3251 3277/4516/3252
f 3275/4515/3250 3279/4518/3254 3276/4517/3251
f 3279/4518/3254 3280/4519/3255 3276/4517/3251
f 3280/4519/3255 3279/4518/3254 3282/4520/3257
f 3281/4521/3256 3282/4520/3257 3279/4518/3254
f 3284/4522/3259 3281/4521/3256 3283/4523/3258
f 3279/4518/3254 3283/4523/3258 3281/4521/3256
f 3279/4518/3254 3275/4515/3250 3283/4523/3258
f 3275/4515/3250 3285/4524/3260 3283/4523/3258
f 3275/4515/3250 3278/4514/3253 3285/4524/3260
f 3278/4514/3253 3286/4525/3261 3285/4524/3260
f 3276/4517/3251 3280/4519/3255 3287/4526/3262
f 3287/4527/3262 3280/4528/3255 3288/4529/3263
f 3277/4516/3252 3276/4517/3251 3289/4530/3264
f 3289/4530/3264 3276/4517/3251 3287/4526/3262
f 3290/4531/3265 3291/4532/3266 3289/4533/3264
f 3291/4532/3266 3292/4534/3267 3289/4533/3264
f 3285/4524/3260 3286/4525/3261 3293/4535/3268
f 3293/4535/3268 3286/4525/3261 3294/4536/3269
f 3285/4524/3260 3293/4535/3268 3283/4523/3258
f 3283/4537/3258 3293/4538/3268 3295/4539/3270
f 3295/4539/3270 3284/4540/3259 3283/4537/3258
f 3277/4516/3252 3289/4530/3264 3296/4541/3271
f 3300/4542/3275 3297/4543/3272 3299/4544/3274
f 3297/4543/3272 3298/4545/3273 3299/4544/3274
f 3303/4546/3278 3304/4547/3279 3302/4548/3277
f 3301/4549/3276 3302/4548/3277 3304/4547/3279
f 3302/4548/3277 3305/4550/3280 3303/4546/3278
f 3303/4546/3278 3305/4550/3280 3306/4551/3281
f 3308/4552/3283 3309/4553/3284 3307/4554/3282
f 3307/4555/3282 3309/4556/3284 3310/4557/3285
f 3308/4558/3283 3307/4559/3282 3312/4560/3287
f 3311/4561/3286 3312/4560/3287 3307/4559/3282
f 3314/4562/3289 3315/4563/3290 3313/4564/3288
f 3313/4564/3288 3315/4563/3290 3316/4565/3291
f 3317/4566/3292 3318/4567/3293 3320/4568/3295
f 3318/4567/3293 3319/4569/3294 3320/4568/3295
f 3321/4570/3296 3322/4571/3297 3313/4572/3288
f 3322/4573/3297 3314/4562/3289 3313/4564/3288
f 3320/4568/3295 3319/4569/3294 3321/4574/3296
f 3319/4569/3294 3322/4575/3297 3321/4574/3296
f 3323/4576/3298 3324/4577/3299 3326/4578/3301
f 3324/4579/3299 3325/4580/3300 3326/4581/3301
f 3329/4582/3304 3330/4583/3305 3328/4584/3303
f 3327/4585/3302 3328/4586/3303 3330/4587/3305
f 3329/4582/3304 3331/4588/3306 3330/4583/3305
f 3331/4588/3306 3332/4589/3307 3330/4583/3305
f 3332/4590/3307 3331/4591/3306 3334/4592/3309
f 3333/4593/3308 3334/4592/3309 3331/4591/3306
f 3334/4592/3309 3333/4593/3308 3336/4594/3311
f 3335/4595/3310 3336/4594/3311 3333/4593/3308
f 3336/4594/3311 3335/4595/3310 3338/4596/3313
f 3337/4597/3312 3338/4596/3313 3335/4595/3310
f 3339/4598/3314 3340/4599/3315 3342/4600/3317
f 3340/4599/3315 3341/4601/3316 3342/4600/3317
f 3344/4602/3319 3339/4598/3314 3343/4603/3318
f 3342/4600/3317 3343/4603/3318 3339/4598/3314
f 3345/4604/3320 3346/4605/3321 3348/4606/3323
f 3346/4605/3321 3347/4607/3322 3348/4606/3323
f 3350/4608/3325 3351/4609/3326 3349/4610/3324
f 3349/4610/3324 3351/4609/3326 3352/4611/3327
f 3356/4612/3331 3353/4613/3328 3355/4614/3330
f 3353/4613/3328 3354/4615/3329 3355/4614/3330
f 3354/4615/3329 3357/4616/3332 3355/4614/3330
f 3357/4616/3332 3358/4617/3333 3355/4614/3330
f 3360/4618/3335 3361/4619/3336 3359/4620/3334
f 3359/4620/3334 3361/4619/3336 3362/4621/3337
f 3363/4622/3338 3359/4623/3334 3364/4624/3339
f 3359/4625/3334 3362/4626/3337 3364/4627/3339
f 3365/4628/3340 3366/4629/3341 3367/4630/3342
f 3368/4631/3343 3369/4632/3344 3366/4633/3341
f 3367/4630/3342 3366/4629/3341 3369/4634/3344
f 3370/4635/3345 3371/4636/3346 3369/4637/3344
f 3370/4638/3345 3372/4639/3347 3371/4640/3346
f 3371/4640/3346 3372/4639/3347 3373/4641/3348
f 3375/4642/3350 3376/4643/3351 3374/4644/3349
f 3374/4644/3349 3376/4643/3351 3377/4645/3352
f 3379/4646/3354 3380/4647/3355 3378/4648/3353
f 3378/4648/3353 3380/4647/3355 3381/4649/3356
f 3385/4650/3360 3382/4651/3357 3384/4652/3359
f 3382/4653/3357 3383/4654/3358 3384/4655/3359
f 3386/4656/3361 3387/4657/3362 3389/4658/3364
f 3387/4659/3362 3388/4660/3363 3389/4661/3364
f 3390/4662/3365 3391/4663/3366 3387/4659/3362
f 3391/4663/3366 3388/4660/3363 3387/4659/3362
f 3383/4664/3358 3382/4665/3357 3391/4663/3366
f 3382/4665/3357 3388/4660/3363 3391/4663/3366
f 3392/4666/3367 3393/4667/3368 3390/4662/3365
f 3393/4667/3368 3391/4663/3366 3390/4662/3365
f 3393/4667/3368 3394/4668/3369 3391/4663/3366
f 3394/4668/3369 3383/4664/3358 3391/4663/3366
f 3395/4669/3370 3384/4670/3359 3394/4668/3369
f 3384/4670/3359 3383/4664/3358 3394/4668/3369
f 3396/4671/3371 3397/4672/3372 3398/4673/3373
f 3399/4674/3374 3396/4671/3371 3398/4673/3373
f 3397/4672/3372 3396/4671/3371 3401/4675/3376
f 3396/4671/3371 3400/4676/3375 3401/4675/3376
f 3402/4677/3377 3403/4678/3378 3400/4679/3375
f 3400/4679/3375 3403/4678/3378 3401/4680/3376
f 3404/4681/3379 3405/4682/3380 3396/4671/3371
f 3405/4682/3380 3400/4676/3375 3396/4671/3371
f 3405/4683/3380 3406/4684/3381 3400/4679/3375
f 3406/4684/3381 3402/4677/3377 3400/4679/3375
f 3407/4685/3382 3408/4686/3383 3410/4687/3385
f 3408/4686/3383 3409/4688/3384 3410/4687/3385
f 3412/4689/3387 3408/4690/3383 3411/4691/3386
f 3411/4691/3386 3408/4690/3383 3407/4692/3382
f 3413/4693/3388 3414/4694/3389 3408/4686/3383
f 3408/4686/3383 3414/4694/3389 3409/4688/3384
f 3415/4695/3390 3413/4696/3388 3412/4689/3387
f 3412/4689/3387 3413/4696/3388 3408/4690/3383
f 3417/4697/3392 3418/4698/3393 3416/4699/3391
f 3416/4699/3391 3418/4698/3393 3419/4700/3394
f 3420/4701/3395 3421/4702/3396 3422/4703/3397
f 3420/4701/3395 3422/4703/3397 3423/4704/3398
f 3424/4705/3399 3422/4706/3397 3425/4707/3400
f 3422/4703/3397 3426/4708/3401 3423/4704/3398
f 3426/4708/3401 3422/4703/3397 3427/4709/3402
f 3422/4706/3397 3424/4705/3399 3427/4710/3402
f 3429/4711/3404 3428/4712/3403 3427/4713/3402
f 3428/4712/3403 3426/4714/3401 3427/4713/3402
f 3431/4715/3406 3432/4716/3407 3430/4717/3405
f 3428/4718/3403 3430/4717/3405 3432/4716/3407
f 3433/4719/3408 3434/4720/3408 3435/4721/3408
f 3430/4722/3405 3428/4723/3403 3437/4724/3410
f 3437/4724/3410 3428/4723/3403 3436/4725/3409
f 3429/4726/3404 3436/4727/3409 3428/4728/3403
f 3441/4729/3414 3438/4730/3411 3440/4731/3413
f 3438/4730/3411 3439/4732/3412 3440/4731/3413
f 3443/4733/3416 3444/4734/3417 3442/4735/3415
f 3442/4735/3415 3444/4734/3417 3445/4736/3418
f 3447/4737/3420 3448/4738/3421 3446/4739/3419
f 3446/4740/3419 3448/4741/3421 3449/4742/3422
f 3446/4743/3419 3449/4744/3422 3450/4745/3423
f 3450/4745/3423 3449/4744/3422 3451/4746/3424
f 3450/4745/3423 3451/4746/3424 3443/4747/3416
f 3443/4748/3416 3451/4749/3424 3452/4750/3425
f 3443/4733/3416 3452/4751/3425 3444/4734/3417
f 3440/4752/3413 3453/4753/3426 3445/4754/3418
f 3445/4754/3418 3453/4753/3426 3442/4755/3415
f 3448/4756/3421 3447/4757/3420 3454/4758/3427
f 3454/4759/3427 3447/4760/3420 3455/4761/3428
f 3454/4759/3427 3455/4761/3428 3456/4762/3429
f 3456/4762/3429 3455/4761/3428 3457/4763/3430
f 3458/4764/3431 3456/4762/3429 3459/4765/3432
f 3456/4762/3429 3457/4763/3430 3459/4765/3432
f 3439/4766/3412 3458/4764/3431 3460/4767/3433
f 3458/4764/3431 3459/4765/3432 3460/4767/3433
f 3439/4732/3412 3460/4768/3433 3440/4731/3413
f 3440/4752/3413 3460/4769/3433 3453/4753/3426
f 3462/4770/3435 3463/4771/3436 3461/4772/3434
f 3461/4772/3434 3463/4771/3436 3464/4773/3437
f 3466/4774/3439 3467/4775/3440 3465/4776/3438
f 3465/4777/3438 3467/4778/3440 3468/4779/3441
f 3464/4773/3437 3463/4771/3436 3468/4780/3441
f 3463/4771/3436 3465/4781/3438 3468/4780/3441
f 3467/4782/3440 3469/4783/3442 3470/4784/3443
f 3472/4785/3445 3473/4786/3446 3471/4787/3444
f 3471/4788/3444 3473/4789/3446 3474/4790/3447
f 3475/4791/3448 3471/4792/3444 3476/4793/3449
f 3471/4788/3444 3474/4790/3447 3476/4794/3449
f 3478/4795/3451 3477/4796/3450 3476/4797/3449
f 3477/4798/3450 3475/4791/3448 3476/4793/3449
f 3477/4799/3450 3478/4800/3451 3479/4801/3452
f 3479/4801/3452 3478/4800/3451 3480/4802/3453
f 3480/4802/3453 3470/4784/3443 3479/4801/3452
f 3469/4783/3442 3479/4801/3452 3470/4784/3443
f 3472/4803/3445 3482/4804/3455 3473/4805/3446
f 3481/4806/3454 3473/4805/3446 3482/4804/3455
f 3483/4807/3456 3484/4808/3457 3485/4809/3458
f 3486/4810/3459 3483/4807/3456 3485/4809/3458
f 3487/4811/3460 3486/4812/3459 3488/4813/3461
f 3486/4812/3459 3485/4814/3458 3488/4813/3461
f 3489/4815/3462 3487/4816/3460 3490/4817/3463
f 3487/4811/3460 3488/4813/3461 3490/4818/3463
f 3489/4819/3462 3490/4820/3463 3472/4821/3445
f 3472/4821/3445 3490/4820/3463 3482/4822/3455
f 3491/4823/3464 3492/4824/3465 3493/4825/3466
f 3491/4823/3464 3493/4825/3466 3494/4826/3467
f 3494/4826/3467 3493/4825/3466 3495/4827/3468
f 3495/4827/3468 3493/4825/3466 3496/4828/3469
f 3495/4827/3468 3496/4828/3469 3497/4829/3470
f 3497/4829/3470 3496/4828/3469 3498/4830/3471
f 3497/4829/3470 3498/4830/3471 3499/4831/3472
f 3499/4832/3472 3498/4833/3471 3500/4834/3473
f 3499/4832/3472 3500/4834/3473 3501/4835/3474
f 3501/4835/3474 3500/4834/3473 3502/4836/3475
f 3502/4836/3475 3500/4834/3473 3503/4837/3476
f 3502/4836/3475 3503/4837/3476 3504/4838/3477
f 3492/4824/3465 3505/4839/3478 3493/4825/3466
f 3505/4839/3478 3506/4840/3479 3493/4825/3466
f 3493/4825/3466 3506/4840/3479 3496/4828/3469
f 3506/4840/3479 3507/4841/3480 3496/4828/3469
f 3507/4841/3480 3508/4842/3481 3496/4828/3469
f 3496/4828/3469 3508/4842/3481 3498/4830/3471
f 3508/4842/3481 3509/4843/3482 3498/4830/3471
f 3498/4833/3471 3509/4844/3482 3500/4834/3473
f 3509/4844/3482 3510/4845/3483 3500/4834/3473
f 3500/4834/3473 3510/4845/3483 3503/4837/3476
f 3510/4845/3483 3511/4846/3484 3503/4837/3476
f 3505/4839/3478 3512/4847/3485 3513/4848/3486
f 3505/4839/3478 3513/4848/3486 3506/4840/3479
f 3506/4840/3479 3513/4848/3486 3514/4849/3487
f 3506/4840/3479 3514/4849/3487 3507/4841/3480
f 3507/4841/3480 3514/4849/3487 3515/4850/3488
f 3507/4841/3480 3515/4850/3488 3508/4842/3481
f 3508/4842/3481 3515/4850/3488 3516/4851/3489
f 3508/4842/3481 3516/4851/3489 3509/4843/3482
f 3509/4843/3482 3516/4851/3489 3517/4852/3490
f 3509/4843/3482 3517/4852/3490 3510/4853/3483
f 3510/4853/3483 3517/4852/3490 3518/4854/3491
f 3510/4845/3483 3518/4855/3491 3511/4846/3484
f 3512/4847/3485 3519/4856/3492 3520/4857/3493
f 3512/4847/3485 3520/4857/3493 3513/4848/3486
f 3513/4848/3486 3520/4857/3493 3521/4858/3494
f 3513/4848/3486 3521/4858/3494 3514/4849/3487
f 3514/4849/3487 3521/4858/3494 3515/4850/3488
f 3515/4850/3488 3521/4858/3494 3522/4859/3495
f 3515/4850/3488 3522/4859/3495 3516/4851/3489
f 3516/4851/3489 3522/4859/3495 3523/4860/3496
f 3516/4851/3489 3523/4860/3496 3517/4852/3490
f 3517/4852/3490 3523/4860/3496 3524/4861/3497
f 3517/4852/3490 3524/4861/3497 3518/4854/3491
f 3519/4856/3492 3525/4862/3498 3526/4863/3499
f 3519/4856/3492 3526/4863/3499 3520/4857/3493
f 3520/4864/3493 3526/4865/3499 3527/4866/3500
f 3520/4857/3493 3527/4867/3500 3521/4858/3494
f 3521/4858/3494 3527/4867/3500 3528/4868/3501
f 3521/4869/3494 3528/4870/3501 3522/4871/3495
f 3522/4872/3495 3528/4873/3501 3529/4874/3502
f 3522/4859/3495 3529/4875/3502 3523/4860/3496
f 3523/4860/3496 3529/4875/3502 3530/4876/3503
f 3523/4860/3496 3530/4876/3503 3524/4861/3497
f 3525/4877/3498 3531/4878/3504 3532/4879/3505
f 3525/4877/3498 3532/4879/3505 3526/4880/3499
f 3526/4880/3499 3532/4879/3505 3533/4881/3506
f 3526/4880/3499 3533/4881/3506 3527/4882/3500
f 3527/4882/3500 3533/4881/3506 3534/4883/3507
f 3527/4867/3500 3534/4884/3507 3528/4868/3501
f 3528/4868/3501 3534/4884/3507 3535/4885/3508
f 3528/4868/3501 3535/4885/3508 3529/4875/3502
f 3529/4875/3502 3535/4885/3508 3536/4886/3509
f 3529/4887/3502 3536/4888/3509 3530/4889/3503
f 3531/4878/3504 3537/4890/3510 3538/4891/3511
f 3531/4878/3504 3538/4891/3511 3532/4879/3505
f 3532/4879/3505 3538/4891/3511 3539/4892/3512
f 3532/4879/3505 3539/4892/3512 3533/4881/3506
f 3533/4881/3506 3539/4892/3512 3540/4893/3513
f 3533/4881/3506 3540/4893/3513 3534/4883/3507
f 3534/4883/3507 3540/4893/3513 3541/4894/3514
f 3534/4883/3507 3541/4894/3514 3535/4895/3508
f 3535/4895/3508 3541/4894/3514 3542/4896/3515
f 3535/4895/3508 3542/4896/3515 3536/4897/3509
f 3537/4898/3510 3543/4899/3516 3544/4900/3517
f 3537/4898/3510 3544/4900/3517 3538/4901/3511
f 3538/4901/3511 3544/4900/3517 3545/4902/3518
f 3538/4891/3511 3545/4903/3518 3539/4892/3512
f 3539/4892/3512 3545/4903/3518 3546/4904/3519
f 3539/4905/3512 3546/4906/3519 3540/4907/3513
f 3540/4893/3513 3546/4904/3519 3547/4908/3520
f 3540/4893/3513 3547/4908/3520 3541/4894/3514
f 3541/4894/3514 3547/4908/3520 3548/4909/3521
f 3541/4910/3514 3548/4911/3521 3542/4912/3515
f 3543/4899/3516 3549/4913/3522 3550/4914/3523
f 3543/4899/3516 3550/4914/3523 3544/4900/3517
f 3544/4900/3517 3550/4914/3523 3551/4915/3524
f 3544/4900/3517 3551/4915/3524 3545/4902/3518
f 3545/4902/3518 3551/4915/3524 3552/4916/3525
f 3545/4902/3518 3552/4916/3525 3546/4917/3519
f 3546/4917/3519 3552/4916/3525 3553/4918/3526
f 3546/4917/3519 3553/4918/3526 3547/4919/3520
f 3547/4919/3520 3553/4918/3526 3554/4920/3527
f 3547/4919/3520 3554/4920/3527 3548/4921/3521
f 3549/4913/3522 3555/4922/3528 3550/4914/3523
f 3555/4922/3528 3556/4923/3529 3550/4914/3523
f 3550/4914/3523 3556/4923/3529 3551/4915/3524
f 3556/4923/3529 3557/4924/3530 3551/4915/3524
f 3557/4924/3530 3558/4925/3531 3551/4915/3524
f 3551/4915/3524 3558/4925/3531 3552/4916/3525
f 3558/4925/3531 3559/4926/3532 3552/4916/3525
f 3552/4916/3525 3559/4926/3532 3553/4918/3526
f 3559/4926/3532 3560/4927/3533 3553/4918/3526
f 3553/4918/3526 3560/4927/3533 3554/4920/3527
f 3560/4927/3533 3561/4928/3534 3554/4920/3527
f 3564/4929/3537 3565/4930/3538 3563/4931/3536
f 3562/4932/3535 3563/4931/3536 3565/4930/3538
f 3564/4933/3537 3566/4934/3539 3565/4935/3538
f 3565/4935/3538 3566/4934/3539 3567/4936/3540
f 3567/4936/3540 3566/4934/3539 3569/4937/3542
f 3566/4934/3539 3568/4938/3541 3569/4937/3542
f 3569/4939/3542 3568/4940/3541 3571/4941/3544
f 3568/4940/3541 3570/4942/3543 3571/4941/3544
f 3573/4943/3546 3571/4941/3544 3572/4944/3545
f 3571/4941/3544 3570/4942/3543 3572/4944/3545
f 3573/4943/3546 3572/4944/3545 3575/4945/3548
f 3572/4944/3545 3574/4946/3547 3575/4945/3548
f 3575/4945/3548 3574/4946/3547 3577/4947/3550
f 3574/4946/3547 3576/4948/3549 3577/4947/3550
f 3578/4949/3551 3579/4950/3552 3563/4951/3536
f 3563/4951/3536 3579/4950/3552 3564/4933/3537
f 3579/4950/3552 3580/4952/3553 3564/4933/3537
f 3564/4933/3537 3580/4952/3553 3566/4934/3539
f 3566/4934/3539 3580/4952/3553 3568/4938/3541
f 3580/4952/3553 3581/4953/3554 3568/4938/3541
f 3568/4938/3541 3581/4953/3554 3570/4954/3543
f 3581/4953/3554 3582/4955/3555 3570/4954/3543
f 3570/4942/3543 3582/4956/3555 3572/4944/3545
f 3582/4957/3555 3583/4958/3556 3572/4959/3545
f 3572/4959/3545 3583/4958/3556 3574/4960/3547
f 3583/4958/3556 3584/4961/3557 3574/4960/3547
f 3576/4962/3549 3574/4960/3547 3585/4963/3558
f 3574/4960/3547 3584/4961/3557 3585/4963/3558
f 3586/4964/3559 3587/4965/3560 3578/4966/3551
f 3578/4966/3551 3587/4965/3560 3579/4967/3552
f 3587/4965/3560 3588/4968/3561 3579/4967/3552
f 3579/4967/3552 3588/4968/3561 3580/4969/3553
f 3580/4969/3553 3588/4968/3561 3581/4970/3554
f 3588/4968/3561 3589/4971/3562 3581/4970/3554
f 3581/4970/3554 3589/4971/3562 3582/4957/3555
f 3589/4971/3562 3590/4972/3563 3582/4957/3555
f 3583/4958/3556 3582/4957/3555 3591/4973/3564
f 3582/4957/3555 3590/4972/3563 3591/4973/3564
f 3584/4961/3557 3583/4958/3556 3592/4974/3565
f 3583/4958/3556 3591/4973/3564 3592/4974/3565
f 3584/4961/3557 3592/4974/3565 3585/4963/3558
f 3594/4975/3567 3587/4965/3560 3593/4976/3566
f 3586/4964/3559 3593/4976/3566 3587/4965/3560
f 3587/4965/3560 3594/4975/3567 3588/4968/3561
f 3594/4975/3567 3595/4977/3568 3588/4968/3561
f 3588/4968/3561 3595/4977/3568 3589/4971/3562
f 3595/4977/3568 3596/4978/3569 3589/4971/3562
f 3589/4971/3562 3596/4978/3569 3590/4972/3563
f 3596/4978/3569 3597/4979/3570 3590/4972/3563
f 3590/4972/3563 3597/4979/3570 3591/4973/3564
f 3597/4979/3570 3598/4980/3571 3591/4973/3564
f 3592/4974/3565 3591/4973/3564 3599/4981/3572
f 3591/4973/3564 3598/4980/3571 3599/4981/3572
f 3601/4982/3574 3594/4983/3567 3600/4984/3573
f 3593/4985/3566 3600/4984/3573 3594/4983/3567
f 3602/4986/3575 3595/4987/3568 3601/4982/3574
f 3594/4983/3567 3601/4982/3574 3595/4987/3568
f 3595/4987/3568 3602/4986/3575 3596/4988/3569
f 3602/4986/3575 3603/4989/3576 3596/4988/3569
f 3596/4988/3569 3603/4989/3576 3597/4990/3570
f 3603/4989/3576 3604/4991/3577 3597/4990/3570
f 3597/4990/3570 3604/4991/3577 3598/4992/3571
f 3604/4991/3577 3605/4993/3578 3598/4992/3571
f 3598/4992/3571 3605/4993/3578 3599/4994/3572
f 3605/4993/3578 3606/4995/3579 3599/4994/3572
f 3607/4996/3580 3608/4997/3581 3600/4984/3573
f 3600/4984/3573 3608/4997/3581 3601/4982/3574
f 3601/4982/3574 3608/4997/3581 3602/4986/3575
f 3608/4997/3581 3609/4998/3582 3602/4986/3575
f 3602/4986/3575 3609/4998/3582 3603/4989/3576
f 3609/4998/3582 3610/4999/3583 3603/4989/3576
f 3603/4989/3576 3610/4999/3583 3604/4991/3577
f 3610/4999/3583 3611/5000/3584 3604/4991/3577
f 3604/4991/3577 3611/5000/3584 3605/4993/3578
f 3611/5000/3584 3612/5001/3585 3605/4993/3578
f 3606/4995/3579 3605/4993/3578 3613/5002/3586
f 3605/4993/3578 3612/5001/3585 3613/5002/3586
f 3608/4997/3581 3607/4996/3580 3615/5003/3588
f 3607/5004/3580 3614/5005/3587 3615/5006/3588
f 3615/5003/3588 3616/5007/3589 3608/4997/3581
f 3608/4997/3581 3616/5007/3589 3609/4998/3582
f 3615/5006/3588 3614/5005/3587 3618/5008/3591
f 3614/5005/3587 3617/5009/3590 3618/5008/3591
f 3616/5010/3589 3615/5006/3588 3619/5011/3592
f 3615/5006/3588 3618/5008/3591 3619/5011/3592
f 3618/5012/3591 3617/5013/3590 3621/5014/3594
f 3617/5013/3590 3620/5015/3593 3621/5014/3594
f 3621/5014/3594 3622/5016/3595 3618/5012/3591
f 3618/5012/3591 3622/5016/3595 3619/5017/3592
f 3620/5015/3593 3623/5018/3596 3621/5014/3594
f 3623/5018/3596 3624/5019/3597 3621/5014/3594
f 3621/5014/3594 3624/5019/3597 3622/5016/3595
f 3624/5019/3597 3625/5020/3598 3622/5016/3595
f 3623/5018/3596 3626/5021/3599 3624/5019/3597
f 3626/5022/3599 3627/5023/3600 3624/5024/3597
f 3624/5024/3597 3627/5023/3600 3625/5025/3598
f 3627/5023/3600 3628/5026/3601 3625/5025/3598
f 3626/5022/3599 3562/4932/3535 3627/5023/3600
f 3562/4932/3535 3565/4930/3538 3627/5023/3600
f 3627/5023/3600 3565/4930/3538 3628/5026/3601
f 3565/4930/3538 3567/5027/3540 3628/5026/3601
f 3631/5028/3604 3632/5029/3605 3630/5030/3603
f 3629/5031/3602 3630/5030/3603 3632/5029/3605
f 3633/5032/3606 3634/5033/3607 3635/5034/3608
f 3633/5035/3606 3635/5036/3608 3636/5037/3609
f 3633/5035/3606 3636/5037/3609 3637/5038/3610
f 3638/5039/3611 3633/5035/3606 3637/5038/3610
f 3638/5039/3611 3637/5038/3610 3639/5040/3612
f 3630/5030/3603 3639/5040/3612 3631/5028/3604
f 3640/5041/3613 3641/5042/3614 3634/5043/3607
f 3642/5044/3615 3643/5045/3616 3644/5046/3617
f 3645/5047/3618 3642/5044/3615 3644/5046/3617
f 3646/5048/3619 3645/5047/3618 3644/5046/3617
f 3646/5048/3619 3644/5046/3617 3647/5049/3620
f 3646/5048/3619 3647/5049/3620 3648/5050/3621
f 3649/5051/3622 3646/5052/3619 3648/5053/3621
f 3641/5042/3614 3648/5053/3621 3634/5043/3607
f 3643/5054/3616 3650/5055/3623 3651/5056/3624
f 3643/5045/3616 3642/5044/3615 3650/5057/3623
f 3629/5058/3602 3632/5059/3605 3652/5060/3625
f 3652/5061/3625 3643/5062/3616 3651/5063/3624
f 3632/5064/3605 3653/5065/3626 3654/5066/3627
f 3655/5067/3628 3656/5068/3629 3657/5069/3630
f 3652/5060/3625 3632/5059/3605 3654/5070/3627
f 3652/5060/3625 3654/5070/3627 3658/5071/3631
f 3652/5060/3625 3658/5071/3631 3657/5072/3630
f 3643/5073/3616 3652/5074/3625 3657/5075/3630
f 3656/5076/3629 3643/5077/3616 3657/5078/3630
f 3659/5079/3632 3660/5080/3633 3661/5081/3634
f 3659/5082/3632 3662/5083/3635 3655/5084/3628
f 3655/5067/3628 3657/5069/3630 3663/5085/3636
f 3655/5067/3628 3663/5085/3636 3664/5086/3637
f 3655/5087/3628 3664/5088/3637 3660/5089/3633
f 3659/5079/3632 3655/5090/3628 3660/5080/3633
f 3660/5080/3633 3665/5091/3638 3661/5081/3634
f 3665/5091/3638 3666/5092/3639 3661/5081/3634
f 3667/5093/3640 3668/5094/3641 3669/413/3642
f 3670/5095/3643 3661/5081/3634 3666/5092/3639
f 3670/5096/3643 3666/5097/3639 3669/5098/3642
f 3671/5099/3644 3670/5096/3643 3669/5098/3642
f 3672/5100/3645 3671/5099/3644 3669/5098/3642
f 3668/5094/3641 3672/5101/3645 3669/413/3642
f 3667/5093/3640 3673/5102/3646 3668/5094/3641
f 3630/5030/3603 3638/5039/3611 3639/5040/3612
f 3633/5103/3606 3640/5104/3613 3634/5105/3607
f 3641/5042/3614 3649/5051/3622 3648/5053/3621
f 3652/5060/3625 3651/5106/3624 3629/5058/3602
f 3674/5107/3647 3675/5108/3648 3676/5109/3649
f 3679/5110/3652 3680/5111/3653 3678/5112/3651
f 3677/5113/3650 3678/5112/3651 3680/5111/3653
f 3677/5113/3650 3680/5111/3653 3676/5109/3649
f 3675/5108/3648 3677/5113/3650 3676/5109/3649
f 3674/5107/3647 3681/5114/3654 3675/5108/3648
f 3681/5114/3654 3682/5115/3655 3675/5108/3648
f 3686/5116/3659 3683/5117/3656 3685/5118/3658
f 3683/5117/3656 3684/5119/3657 3685/5118/3658
f 3687/5120/3660 3688/5121/3661 3683/5122/3656
f 3688/5121/3661 3684/5123/3657 3683/5122/3656
f 3687/5120/3660 3689/5124/3662 3688/5121/3661
f 3689/5124/3662 3690/5125/3663 3688/5121/3661
f 3691/5126/3664 3692/5127/3665 3689/5128/3662
f 3692/5127/3665 3690/5129/3663 3689/5128/3662
f 3691/5126/3664 3693/5130/3666 3692/5127/3665
f 3693/5130/3666 3694/5131/3667 3692/5127/3665
f 3695/5132/3668 3696/5133/3669 3693/5134/3666
f 3696/5133/3669 3694/5135/3667 3693/5134/3666
f 3695/5132/3668 3697/5136/3670 3696/5133/3669
f 3697/5136/3670 3698/5137/3671 3696/5133/3669
f 3686/5116/3659 3685/5118/3658 3697/5138/3670
f 3685/5118/3658 3698/5139/3671 3697/5138/3670
f 3702/5140/3675 3699/5141/3672 3701/5142/3674
f 3699/5141/3672 3700/5143/3673 3701/5142/3674
f 3703/5144/3676 3704/5145/3677 3699/5146/3672
f 3704/5145/3677 3700/5147/3673 3699/5146/3672
f 3703/5144/3676 3705/5148/3678 3704/5145/3677
f 3705/5148/3678 3706/5149/3679 3704/5145/3677
f 3707/5150/3680 3708/5151/3681 3705/5148/3678
f 3708/5151/3681 3706/5149/3679 3705/5148/3678
f 3707/5152/3680 3709/5153/3682 3708/5154/3681
f 3709/5153/3682 3710/5155/3683 3708/5154/3681
f 3709/5156/3682 3711/5157/3684 3710/5158/3683
f 3711/5157/3684 3712/5159/3685 3710/5158/3683
f 3711/5160/3684 3713/5161/3686 3712/5162/3685
f 3713/5161/3686 3714/5163/3687 3712/5162/3685
f 3715/5164/3688 3716/5165/3689 3713/5161/3686
f 3716/5165/3689 3714/5163/3687 3713/5161/3686
f 3702/5140/3675 3701/5142/3674 3715/5166/3688
f 3701/5142/3674 3716/5167/3689 3715/5166/3688
f 3698/5137/3671 3717/5168/3690 3696/5133/3669
f 3717/5168/3690 3718/5169/3691 3696/5133/3669
f 3696/5133/3669 3718/5169/3691 3694/5135/3667
f 3718/5169/3691 3719/5170/3692 3694/5135/3667
f 3719/5171/3692 3720/5172/3693 3694/5173/3667
f 3694/5173/3667 3720/5172/3693 3692/5174/3665
f 3720/5175/3693 3721/5176/3694 3692/5127/3665
f 3692/5127/3665 3721/5176/3694 3690/5129/3663
f 3688/5121/3661 3690/5125/3663 3722/5177/3695
f 3690/5125/3663 3721/5178/3694 3722/5177/3695
f 3722/5177/3695 3723/5179/3696 3688/5121/3661
f 3688/5121/3661 3723/5179/3696 3684/5123/3657
f 3684/5119/3657 3723/5180/3696 3685/5118/3658
f 3723/5180/3696 3724/5181/3697 3685/5118/3658
f 3685/5182/3658 3724/5183/3697 3698/5184/3671
f 3724/5183/3697 3717/5185/3690 3698/5184/3671
f 3701/5186/3674 3725/5187/3698 3716/5188/3689
f 3725/5187/3698 3726/5189/3699 3716/5188/3689
f 3716/5165/3689 3726/5190/3699 3714/5163/3687
f 3726/5190/3699 3727/5191/3700 3714/5163/3687
f 3712/5162/3685 3714/5163/3687 3728/5192/3701
f 3714/5163/3687 3727/5191/3700 3728/5192/3701
f 3710/5158/3683 3712/5159/3685 3729/5193/3702
f 3712/5159/3685 3728/5194/3701 3729/5193/3702
f 3729/5193/3702 3730/5195/3703 3710/5158/3683
f 3710/5158/3683 3730/5195/3703 3708/5196/3681
f 3730/5197/3703 3731/5198/3704 3708/5151/3681
f 3708/5151/3681 3731/5198/3704 3706/5149/3679
f 3706/5149/3679 3731/5198/3704 3704/5145/3677
f 3731/5198/3704 3732/5199/3705 3704/5145/3677
f 3732/5199/3705 3733/5200/3706 3704/5145/3677
f 3704/5145/3677 3733/5200/3706 3700/5147/3673
f 3700/5143/3673 3733/5201/3706 3701/5142/3674
f 3733/5201/3706 3725/5202/3698 3701/5142/3674
f 3734/5203/3707 3724/5181/3697 3723/5180/3696
f 3734/5203/3707 3723/5180/3696 3722/5204/3695
f 3734/5205/3707 3722/5206/3695 3721/5176/3694
f 3734/5205/3707 3721/5176/3694 3720/5175/3693
f 3734/5205/3707 3720/5175/3693 3719/5207/3692
f 3734/5208/3707 3719/5170/3692 3718/5169/3691
f 3734/5208/3707 3718/5169/3691 3717/5168/3690
f 3734/5203/3707 3717/5209/3690 3724/5181/3697
f 3735/5210/3708 3725/5202/3698 3733/5201/3706
f 3735/5211/3708 3733/5212/3706 3732/5213/3705
f 3735/5211/3708 3732/5213/3705 3731/5214/3704
f 3735/5211/3708 3731/5214/3704 3730/5215/3703
f 3735/5211/3708 3730/5215/3703 3729/5216/3702
f 3735/5211/3708 3729/5216/3702 3728/5217/3701
f 3735/5211/3708 3728/5217/3701 3727/5218/3700
f 3735/5219/3708 3727/5191/3700 3726/5190/3699
f 3735/5210/3708 3726/5220/3699 3725/5202/3698
f 3741/5221/3714 3736/5222/3709 3740/5223/3713
f 3740/5224/3713 3736/5225/3709 3739/5226/3712
f 3736/5227/3709 3737/5228/3710 3739/5229/3712
f 3737/5228/3710 3738/5230/3711 3739/5229/3712
f 3739/5229/3712 3738/5230/3711 3743/5231/3716
f 3738/5232/3711 3742/5233/3715 3743/5234/3716
f 3742/5233/3715 3738/5232/3711 3744/5235/3717
f 3737/5236/3710 3744/5235/3717 3738/5232/3711
f 3745/5237/3718 3744/5235/3717 3737/5236/3710
f 3746/5238/3719 3745/5239/3718 3736/5240/3709
f 3745/5239/3718 3737/5241/3710 3736/5240/3709
f 3747/5242/3720 3746/5243/3719 3741/5244/3714
f 3746/5238/3719 3736/5240/3709 3741/5245/3714
f 3748/5246/3721 3747/5242/3720 3741/5244/3714
f 3743/5247/3716 3749/5248/3722 3739/5249/3712
f 3740/5250/3713 3739/5251/3712 3749/5252/3722
f 3750/5253/3723 3751/5254/3724 3753/5255/3726
f 3751/5254/3724 3752/5256/3725 3753/5255/3726
f 3755/5257/3728 3756/5258/3729 3754/5259/3727
f 3754/5260/3727 3756/5261/3729 3757/5262/3730
f 3758/5263/3731 3759/5264/3731 3760/5265/3732
f 3761/5266/3733 3762/5267/3734 3750/5253/3723
f 3751/5254/3724 3750/5253/3723 3762/5267/3734
f 3762/5267/3734 3761/5266/3733 3764/5268/3736
f 3761/5269/3733 3763/5270/3735 3764/5271/3736
f 3761/5266/3733 3750/5253/3723 3766/5272/3738
f 3765/5273/3737 3766/5272/3738 3750/5253/3723
f 3763/5270/3735 3761/5269/3733 3767/5274/3739
f 3766/5272/3738 3767/5275/3739 3761/5266/3733
f 3767/5274/3739 3768/5276/3740 3763/5270/3735
f 3768/5276/3740 3769/5277/3741 3763/5270/3735
f 3760/5278/3732 3770/5279/3742 3755/5280/3728
f 3755/5280/3728 3770/5279/3742 3771/5281/3743
f 3760/5278/3732 3772/5282/3744 3770/5279/3742
f 3769/5283/3741 3772/5284/3744 3760/5285/3732
f 3755/5257/3728 3773/5286/3745 3756/5258/3729
f 3773/5286/3745 3774/5287/3746 3756/5258/3729
f 3753/5255/3726 3756/5258/3729 3775/5288/3747
f 3775/5288/3747 3756/5258/3729 3774/5287/3746
f 3777/5289/3749 3775/5288/3747 3776/5290/3748
f 3775/5288/3747 3774/5287/3746 3776/5290/3748
f 3776/5290/3748 3774/5287/3746 3778/5291/3750
f 3774/5287/3746 3773/5286/3745 3778/5291/3750
f 3779/5292/3751 3778/5291/3750 3771/5293/3743
f 3773/5286/3745 3771/5293/3743 3778/5291/3750
f 3779/5292/3751 3771/5293/3743 3780/5294/3752
f 3771/5293/3743 3770/5295/3742 3780/5294/3752
f 3781/5296/3753 3780/5294/3752 3772/5297/3744
f 3770/5295/3742 3772/5297/3744 3780/5294/3752
f 3769/5298/3741 3782/5299/3754 3772/5297/3744
f 3772/5297/3744 3782/5299/3754 3781/5296/3753
f 3769/5298/3741 3783/5300/3755 3782/5299/3754
f 3784/5301/3756 3783/5300/3755 3768/5302/3740
f 3768/5276/3740 3783/5303/3755 3769/5277/3741
f 3785/5304/3757 3784/5305/3756 3767/5274/3739
f 3767/5274/3739 3784/5305/3756 3768/5276/3740
f 3786/5306/3758 3785/5304/3757 3766/5307/3738
f 3785/5304/3757 3767/5274/3739 3766/5307/3738
f 3787/5308/3759 3786/5309/3758 3765/5273/3737
f 3786/5309/3758 3766/5272/3738 3765/5273/3737
f 3787/5308/3759 3765/5273/3737 3753/5255/3726
f 3788/5310/3760 3789/5311/3761 3782/5312/3754
f 3788/5310/3760 3782/5312/3754 3790/5313/3762
f 3783/5300/3755 3790/5314/3762 3782/5299/3754
f 3784/5301/3756 3791/5315/3763 3783/5300/3755
f 3791/5315/3763 3790/5314/3762 3783/5300/3755
f 3792/5316/3764 3791/5317/3763 3785/5304/3757
f 3785/5304/3757 3791/5317/3763 3784/5305/3756
f 3785/5304/3757 3786/5306/3758 3792/5316/3764
f 3793/5318/3765 3792/5316/3764 3786/5306/3758
f 3794/5319/3766 3793/5320/3765 3787/5308/3759
f 3793/5321/3765 3786/5322/3758 3787/5323/3759
f 3753/5255/3726 3795/5324/3767 3787/5308/3759
f 3795/5324/3767 3794/5319/3766 3787/5308/3759
f 3781/5296/3753 3796/5325/3768 3780/5294/3752
f 3796/5325/3768 3797/5326/3769 3780/5294/3752
f 3797/5326/3769 3798/5327/3770 3780/5294/3752
f 3779/5292/3751 3780/5294/3752 3798/5327/3770
f 3798/5327/3770 3799/5328/3771 3779/5292/3751
f 3778/5291/3750 3779/5292/3751 3799/5328/3771
f 3776/5290/3748 3778/5291/3750 3800/5329/3772
f 3800/5329/3772 3778/5291/3750 3799/5328/3771
f 3800/5330/3772 3801/5331/3773 3776/5332/3748
f 3801/5331/3773 3777/5333/3749 3776/5332/3748
f 3777/5334/3749 3801/5335/3773 3753/5336/3726
f 3753/5337/3726 3801/5338/3773 3802/5339/3774
f 3795/5340/3767 3753/5341/3726 3802/5342/3774
f 3804/5343/3776 3803/5344/3775 3800/5329/3772
f 3803/5344/3775 3801/5345/3773 3800/5329/3772
f 3805/5346/3777 3804/5343/3776 3799/5328/3771
f 3800/5329/3772 3799/5328/3771 3804/5343/3776
f 3806/5347/3778 3805/5348/3777 3798/5349/3770
f 3799/5328/3771 3798/5327/3770 3805/5346/3777
f 3807/5350/3779 3806/5347/3778 3797/5351/3769
f 3798/5349/3770 3797/5351/3769 3806/5347/3778
f 3807/5350/3779 3797/5351/3769 3808/5352/3780
f 3797/5351/3769 3796/5353/3768 3808/5352/3780
f 3808/5352/3780 3796/5353/3768 3809/5354/3781
f 3796/5353/3768 3789/5355/3761 3809/5354/3781
f 3809/5356/3781 3789/5311/3761 3810/5357/3782
f 3788/5310/3760 3810/5357/3782 3789/5311/3761
f 3790/5313/3762 3810/5357/3782 3788/5310/3760
f 3795/5358/3767 3802/5359/3774 3811/5360/3783
f 3812/5361/3784 3813/5362/3785 3806/5347/3778
f 3806/5347/3778 3813/5362/3785 3805/5348/3777
f 3814/5363/3786 3812/5361/3784 3807/5350/3779
f 3806/5347/3778 3807/5350/3779 3812/5361/3784
f 3814/5363/3786 3807/5350/3779 3815/5364/3787
f 3807/5350/3779 3808/5352/3780 3815/5364/3787
f 3809/5354/3781 3816/5365/3788 3808/5352/3780
f 3808/5352/3780 3816/5365/3788 3815/5364/3787
f 3816/5365/3788 3809/5354/3781 3817/5366/3789
f 3809/5356/3781 3810/5357/3782 3817/5367/3789
f 3790/5313/3762 3818/5368/3790 3810/5357/3782
f 3818/5368/3790 3817/5367/3789 3810/5357/3782
f 3818/5368/3790 3790/5313/3762 3819/3661/3791
f 3791/5315/3763 3819/5369/3791 3790/5314/3762
f 3820/5370/3792 3819/5369/3791 3792/5371/3764
f 3792/5371/3764 3819/5369/3791 3791/5315/3763
f 3793/5320/3765 3821/5372/3793 3792/5371/3764
f 3821/5372/3793 3820/5370/3792 3792/5371/3764
f 3822/5373/3794 3821/5372/3793 3793/5320/3765
f 3794/5319/3766 3823/5374/3795 3793/5320/3765
f 3823/5374/3795 3822/5373/3794 3793/5320/3765
f 3823/5374/3795 3794/5319/3766 3824/5375/3796
f 3824/5375/3796 3794/5319/3766 3795/5324/3767
f 3824/5375/3796 3795/5324/3767 3825/5376/3797
f 3825/5376/3797 3795/5324/3767 3811/5377/3783
f 3825/5376/3797 3811/5377/3783 3826/5378/3798
f 3811/5377/3783 3803/5344/3775 3826/5378/3798
f 3826/5378/3798 3803/5344/3775 3827/5379/3799
f 3829/5380/3801 3828/5381/3800 3804/5343/3776
f 3828/5381/3800 3803/5344/3775 3804/5343/3776
f 3827/5379/3799 3803/5344/3775 3828/5381/3800
f 3831/5382/3803 3814/5363/3786 3830/5383/3802
f 3814/5363/3786 3815/5364/3787 3830/5383/3802
f 3830/5383/3802 3815/5364/3787 3832/5384/3804
f 3815/5364/3787 3816/5365/3788 3832/5384/3804
f 3832/5384/3804 3816/5365/3788 3833/5385/3805
f 3816/5386/3788 3817/5387/3789 3833/5388/3805
f 3834/5389/3806 3833/5390/3805 3818/5391/3790
f 3817/5367/3789 3818/5368/3790 3833/5392/3805
f 3835/5393/3807 3834/5389/3806 3818/5391/3790
f 3819/5369/3791 3835/5393/3807 3818/5391/3790
f 3824/5375/3796 3836/5394/3808 3823/5374/3795
f 3836/5394/3808 3837/5395/3809 3823/5374/3795
f 3838/5396/3810 3836/5394/3808 3824/5375/3796
f 3825/5376/3797 3839/5397/3811 3824/5375/3796
f 3839/5397/3811 3838/5396/3810 3824/5375/3796
f 3839/5397/3811 3825/5376/3797 3840/5398/3812
f 3840/5398/3812 3825/5376/3797 3826/5378/3798
f 3827/5379/3799 3841/5399/3813 3826/5378/3798
f 3840/5398/3812 3826/5378/3798 3841/5399/3813
f 3828/5381/3800 3842/5400/3814 3827/5379/3799
f 3841/5399/3813 3827/5379/3799 3842/5400/3814
f 3843/5401/3815 3844/5402/3816 3812/5361/3784
f 3813/5362/3785 3812/5361/3784 3844/5402/3816
f 3844/5402/3816 3845/5403/3817 3813/5362/3785
f 3829/5380/3801 3813/5404/3785 3845/5405/3817
f 3829/5380/3801 3845/5405/3817 3846/5406/3818
f 3847/5407/3819 3828/5381/3800 3846/5406/3818
f 3828/5381/3800 3829/5380/3801 3846/5406/3818
f 3842/5400/3814 3828/5381/3800 3847/5407/3819
f 3848/5408/3820 3835/5393/3807 3820/5370/3792
f 3820/5370/3792 3835/5393/3807 3819/5369/3791
f 3821/5372/3793 3849/5409/3821 3820/5370/3792
f 3849/5409/3821 3848/5408/3820 3820/5370/3792
f 3849/5409/3821 3821/5372/3793 3850/5410/3822
f 3822/5373/3794 3850/5410/3822 3821/5372/3793
f 3850/5410/3822 3822/5373/3794 3851/5411/3823
f 3823/5374/3795 3851/5411/3823 3822/5373/3794
f 3837/5395/3809 3851/5411/3823 3823/5374/3795
f 3853/5412/3825 3832/5413/3804 3852/5414/3824
f 3832/5415/3804 3833/5390/3805 3852/5416/3824
f 3852/5414/3824 3854/5417/3826 3853/5412/3825
f 3855/5418/3827 3856/5419/3828 3852/5414/3824
f 3852/5414/3824 3856/5419/3828 3854/5417/3826
f 3857/5420/3829 3855/5421/3827 3833/5390/3805
f 3855/5421/3827 3852/5416/3824 3833/5390/3805
f 3833/5390/3805 3834/5389/3806 3857/5420/3829
f 3834/5389/3806 3858/5422/3830 3857/5420/3829
f 3834/5389/3806 3835/5393/3807 3858/5422/3830
f 3835/5393/3807 3859/5423/3831 3858/5422/3830
f 3835/5393/3807 3848/5408/3820 3859/5423/3831
f 3848/5408/3820 3860/5424/3832 3859/5423/3831
f 3861/5425/3833 3860/5424/3832 3849/5409/3821
f 3849/5409/3821 3860/5424/3832 3848/5408/3820
f 3862/5426/3834 3861/5425/3833 3849/5409/3821
f 3862/5426/3834 3849/5409/3821 3863/5427/3835
f 3850/5410/3822 3863/5427/3835 3849/5409/3821
f 3863/5427/3835 3850/5410/3822 3864/5428/3836
f 3864/5428/3836 3850/5410/3822 3851/5411/3823
f 3837/5395/3809 3865/5429/3837 3851/5411/3823
f 3865/5429/3837 3864/5428/3836 3851/5411/3823
f 3865/5429/3837 3837/5395/3809 3866/5430/3838
f 3866/5430/3838 3837/5395/3809 3836/5394/3808
f 3866/5430/3838 3836/5394/3808 3867/5431/3839
f 3867/5431/3839 3836/5394/3808 3838/5396/3810
f 3867/5431/3839 3838/5396/3810 3868/5432/3840
f 3868/5432/3840 3838/5396/3810 3839/5397/3811
f 3868/5432/3840 3839/5397/3811 3869/5433/3841
f 3839/5397/3811 3840/5398/3812 3869/5433/3841
f 3840/5398/3812 3841/5399/3813 3869/5433/3841
f 3869/5433/3841 3841/5399/3813 3870/5434/3842
f 3855/5418/3827 3871/5435/3843 3856/5419/3828
f 3871/5435/3843 3872/5436/3844 3856/5419/3828
f 3871/5437/3843 3855/5421/3827 3873/5438/3845
f 3857/5420/3829 3873/5438/3845 3855/5421/3827
f 3857/5420/3829 3858/5422/3830 3873/5438/3845
f 3858/5422/3830 3874/5439/3846 3873/5438/3845
f 3858/5422/3830 3859/5423/3831 3874/5439/3846
f 3859/5423/3831 3875/5440/3847 3874/5439/3846
f 3875/5440/3847 3859/5423/3831 3876/5441/3848
f 3860/5424/3832 3876/5441/3848 3859/5423/3831
f 3860/5424/3832 3861/5425/3833 3876/5441/3848
f 3861/5425/3833 3877/5442/3849 3876/5441/3848
f 3862/5426/3834 3878/5443/3850 3861/5425/3833
f 3878/5443/3850 3877/5442/3849 3861/5425/3833
f 3882/5444/3854 3879/5445/3851 3881/5446/3853
f 3879/5445/3851 3880/5447/3852 3881/5446/3853
f 3883/5448/3855 3884/5449/3856 3885/5450/3857
f 3886/5451/3858 3887/5452/3859 3884/5449/3856
f 3887/5452/3859 3885/5450/3857 3884/5449/3856
f 3889/5453/3861 3887/5452/3859 3888/5454/3860
f 3888/5454/3860 3887/5452/3859 3886/5451/3858
f 3890/5455/3862 3872/5436/3844 3882/5456/3854
f 3872/5436/3844 3871/5435/3843 3882/5456/3854
f 3873/5438/3845 3879/5445/3851 3871/5437/3843
f 3879/5445/3851 3882/5444/3854 3871/5437/3843
f 3883/5448/3855 3879/5445/3851 3874/5439/3846
f 3873/5438/3845 3874/5439/3846 3879/5445/3851
f 3875/5440/3847 3884/5449/3856 3874/5439/3846
f 3884/5449/3856 3883/5448/3855 3874/5439/3846
f 3876/5441/3848 3886/5451/3858 3875/5440/3847
f 3886/5451/3858 3884/5449/3856 3875/5440/3847
f 3888/5454/3860 3886/5451/3858 3877/5442/3849
f 3877/5442/3849 3886/5451/3858 3876/5441/3848
f 3888/5454/3860 3877/5442/3849 3891/5457/3863
f 3878/5443/3850 3891/5457/3863 3877/5442/3849
f 3895/5458/3867 3892/5459/3864 3894/5460/3866
f 3892/5461/3864 3893/5462/3865 3894/5463/3866
f 3894/5464/3866 3896/5465/3868 3898/5466/3870
f 3896/5465/3868 3897/5467/3869 3898/5466/3870
f 3899/5468/3871 3896/5469/3868 3893/5470/3865
f 3893/5470/3865 3896/5469/3868 3894/5460/3866
f 3895/5471/3867 3900/5472/3872 3881/5473/3853
f 3881/5473/3853 3900/5472/3872 3901/5474/3873
f 3881/5446/3853 3880/5447/3852 3895/5458/3867
f 3880/5447/3852 3892/5459/3864 3895/5458/3867
f 3892/5459/3864 3880/5447/3852 3902/5475/3874
f 3885/5450/3857 3902/5475/3874 3880/5447/3852
f 3893/5470/3865 3892/5459/3864 3903/5476/3875
f 3902/5475/3874 3903/5476/3875 3892/5459/3864
f 3904/5477/3876 3899/5468/3871 3903/5476/3875
f 3903/5476/3875 3899/5468/3871 3893/5470/3865
f 3899/5478/3871 3905/5479/3877 3896/5480/3868
f 3896/5465/3868 3905/5481/3877 3897/5467/3869
f 3905/5482/3877 3906/5483/3878 3897/5484/3869
f 3904/5485/3876 3905/5479/3877 3899/5478/3871
f 3905/5482/3877 3907/5486/3879 3906/5483/3878
f 3907/5486/3879 3908/5487/3880 3906/5483/3878
f 3908/5487/3880 3907/5486/3879 3910/5488/3882
f 3907/5486/3879 3909/5489/3881 3910/5488/3882
f 3913/5490/3885 3914/5491/3886 3912/5492/3884
f 3911/5493/3883 3912/5492/3884 3914/5491/3886
f 3911/5493/3883 3915/5494/3887 3912/5492/3884
f 3915/5494/3887 3916/5495/3888 3912/5492/3884
f 3920/5496/3892 3917/5497/3889 3919/5498/3891
f 3917/5497/3889 3918/5499/3890 3919/5498/3891
f 3923/5500/3895 3924/5501/3896 3922/5502/3894
f 3921/5503/3893 3922/5502/3894 3925/5504/3897
f 3922/5502/3894 3924/5501/3896 3925/5504/3897
f 3917/5497/3889 3926/5505/3898 3924/5501/3896
f 3924/5501/3896 3926/5505/3898 3927/5506/3899
f 3918/5499/3890 3917/5497/3889 3923/5500/3895
f 3923/5500/3895 3917/5497/3889 3924/5501/3896
f 3929/5507/3901 3930/5508/3902 3928/5509/3900
f 3928/5509/3900 3930/5508/3902 3931/5510/3903
f 3928/5509/3900 3933/5511/3905 3929/5507/3901
f 3932/5512/3904 3929/5513/3901 3933/5514/3905
f 3937/5515/3909 3934/5516/3906 3936/5517/3908
f 3934/5516/3906 3935/5518/3907 3936/5517/3908
f 3939/5519/3911 3937/5520/3909 3938/5521/3910
f 3937/5520/3909 3936/5522/3908 3938/5521/3910
f 3941/5523/3913 3939/5519/3911 3940/5524/3912
f 3939/5519/3911 3938/5521/3910 3940/5524/3912
f 3941/5523/3913 3940/5524/3912 3943/5525/3915
f 3940/5524/3912 3942/5526/3914 3943/5525/3915
f 3944/5527/3916 3945/5528/3917 3946/5529/3918
f 3947/5530/3919 3944/5527/3916 3948/5531/3920
f 3944/5527/3916 3946/5529/3918 3948/5531/3920
f 3951/5532/3923 3952/5533/3924 3950/5534/3922
f 3949/5535/3921 3950/5536/3922 3952/5537/3924
f 3953/5538/3925 3949/5535/3921 3952/5537/3924
f 3954/5539/3926 3953/5540/3925 3952/5541/3924
f 3955/5542/3927 3954/5539/3926 3951/5543/3923
f 3951/5543/3923 3954/5539/3926 3952/5541/3924
f 3948/5544/3920 3955/5542/3927 3951/5543/3923
f 3956/5545/3928 3955/5546/3927 3946/5547/3918
f 3948/5544/3920 3946/5548/3918 3955/5542/3927
f 3957/5549/3929 3958/5550/3930 3960/5551/3932
f 3958/5550/3930 3959/5552/3931 3960/5551/3932
f 3957/5549/3929 3960/5551/3932 3961/5553/3933
f 3962/5554/3934 3957/5555/3929 3961/5556/3933
f 3963/5557/3935 3964/5558/3936 3965/5559/3937
f 3966/5560/3938 3967/5561/3939 3964/5558/3936
f 3965/5559/3937 3964/5558/3936 3967/5561/3939
f 3969/5562/3941 3968/5563/3940 3967/5561/3939
f 3968/5563/3940 3965/5559/3937 3967/5561/3939
f 3970/5564/3942 3968/5563/3940 3969/5562/3941
f 3971/5565/3943 3968/5563/3940 3970/5564/3942
f 3963/5557/3935 3965/5559/3937 3972/5566/3944
f 3972/5566/3944 3965/5559/3937 3968/5563/3940
f 3972/5566/3944 3973/5567/3945 3963/5557/3935
f 3973/5567/3945 3974/5568/3946 3963/5557/3935
f 3968/5563/3940 3971/5565/3943 3972/5566/3944
f 3971/5569/3943 3975/5570/3947 3972/5571/3944
f 3975/5570/3947 3973/5572/3945 3972/5571/3944
f 3977/5573/3949 3976/5574/3948 3970/5564/3942
f 3976/5574/3948 3971/5565/3943 3970/5564/3942
f 3978/5575/3950 3971/5569/3943 3976/5576/3948
f 3978/5575/3950 3975/5570/3947 3971/5569/3943
f 3978/5575/3950 3979/5577/3951 3975/5570/3947
f 3980/5578/3952 3976/5574/3948 3977/5573/3949
f 3981/5579/3953 3978/5580/3950 3980/5578/3952
f 3978/5580/3950 3976/5574/3948 3980/5578/3952
f 3982/5581/3954 3979/5577/3951 3978/5575/3950
f 3982/5581/3954 3978/5575/3950 3981/5582/3953
f 3985/5583/3957 3986/5584/3958 3984/5585/3956
f 3983/5586/3955 3984/5585/3956 3986/5584/3958
f 3984/5585/3956 3987/5587/3959 3985/5583/3957
f 3987/5587/3959 3988/5588/3960 3985/5583/3957
f 3989/5589/3961 3990/5590/3962 3992/5591/3964
f 3990/5592/3962 3991/5593/3963 3992/5594/3964
f 3990/5595/3962 3993/5596/3965 3991/5597/3963
f 3993/5596/3965 3994/5598/3966 3991/5597/3963
f 3995/5599/3967 3996/5600/3968 3993/5601/3965
f 3993/5602/3965 3996/5603/3968 3994/5604/3966
f 3997/5605/3969 3998/5606/3970 4000/5607/3972
f 3998/5606/3970 3999/5608/3971 4000/5607/3972
f 4001/5609/3973 4002/5610/3974 3997/5605/3969
f 4002/5610/3974 3998/5606/3970 3997/5605/3969
f 4003/5611/3975 3989/5612/3961 4002/5613/3974
f 4002/5613/3974 4001/5614/3973 4003/5611/3975
f 4004/5615/3976 4003/5611/3975 4001/5614/3973
f 4008/5616/3980 4005/5617/3977 4007/5618/3979
f 4005/5617/3977 4006/5619/3978 4007/5618/3979
f 4009/5620/3981 4010/5621/3982 4011/5622/3983
f 4009/5620/3981 4008/5616/3980 4010/5621/3982
f 4008/5616/3980 4007/5618/3979 4010/5621/3982
f 4012/5623/3984 4013/5624/3985 4015/5625/3987
f 4013/5624/3985 4014/5626/3986 4015/5625/3987
f 4016/5627/3988 4017/5628/3989 4012/5623/3984
f 4017/5628/3989 4013/5624/3985 4012/5623/3984
f 4018/5629/3990 4014/5626/3986 4013/5624/3985
f 4019/5630/3991 4018/5631/3990 4017/5632/3989
f 4017/5628/3989 4018/5629/3990 4013/5624/3985
f 4019/5630/3991 4020/5633/3992 4018/5631/3990
f 4022/5634/3994 4019/5630/3991 4021/5635/3993
f 4021/5635/3993 4019/5630/3991 4017/5632/3989
f 4023/5636/3995 4024/5637/3996 4026/5638/3998
f 4024/5637/3996 4025/5639/3997 4026/5638/3998
f 4021/5635/3993 4027/5640/3999 4022/5634/3994
f 4027/5640/3999 4028/5641/4000 4022/5634/3994
f 4027/5640/3999 4029/5642/4001 4028/5641/4000
f 4029/5642/4001 4030/5643/4002 4028/5641/4000
f 4026/5644/3998 4025/5645/3997 4031/5646/4003
f 4022/5634/3994 4032/5647/4004 4019/5630/3991
f 4032/5647/4004 4020/5633/3992 4019/5630/3991
f 4026/5644/3998 4031/5646/4003 4022/5634/3994
f 4031/5646/4003 4032/5647/4004 4022/5634/3994
f 4026/5644/3998 4022/5634/3994 4028/5641/4000
f 4030/5643/4002 4026/5644/3998 4028/5641/4000
f 4030/5643/4002 4029/5642/4001 4033/5648/4005
f 4035/5649/4007 4034/5650/4006 4033/5651/4005
f 4034/5650/4006 4030/5652/4002 4033/5651/4005
f 4034/5650/4006 4023/5636/3995 4030/5652/4002
f 4023/5636/3995 4026/5638/3998 4030/5652/4002
f 4037/5653/4009 4024/5637/3996 4036/5654/4008
f 4036/5654/4008 4024/5637/3996 4023/5636/3995
f 4038/5655/4010 4036/5656/4008 4034/5657/4006
f 4036/5656/4008 4023/5658/3995 4034/5657/4006
f 4036/5654/4008 4038/5659/4010 4039/5660/4011
f 4039/5661/4011 4038/5662/4010 4040/5663/4012
f 4039/5660/4011 4041/5664/4013 4036/5654/4008
f 4041/5664/4013 4037/5653/4009 4036/5654/4008
f 4042/5665/4014 4038/5659/4010 4035/5649/4007
f 4038/5659/4010 4034/5650/4006 4035/5649/4007
f 4038/5659/4010 4042/5665/4014 4040/5666/4012
f 4040/5666/4012 4042/5665/4014 4043/5667/4015
f 4046/5668/4018 4047/5669/4019 4045/5670/4017
f 4044/5671/4016 4045/5670/4017 4047/5669/4019
f 4044/5672/4016 4042/5665/4014 4045/5673/4017
f 4042/5665/4014 4035/5649/4007 4045/5673/4017
f 4050/5674/4022 4048/5675/4020 4049/5676/4021
f 4048/5677/4020 4047/5678/4019 4049/5679/4021
f 4051/5680/4023 4044/5672/4016 4048/5677/4020
f 4044/5672/4016 4047/5678/4019 4048/5677/4020
f 4051/5680/4023 4043/5667/4015 4044/5672/4016
f 4043/5667/4015 4042/5665/4014 4044/5672/4016
f 4048/5675/4020 4050/5674/4022 4052/5681/4024
f 4052/5681/4024 4050/5674/4022 4053/5682/4025
f 4051/5683/4023 4048/5684/4020 4054/5685/4026
f 4054/5685/4026 4048/5684/4020 4052/5686/4024
f 4055/5687/4027 4043/5688/4015 4054/5685/4026
f 4043/5688/4015 4051/5683/4023 4054/5685/4026
f 4057/5689/4029 4055/5687/4027 4056/5690/4028
f 4056/5690/4028 4055/5687/4027 4058/5691/4030
f 4039/5661/4011 4059/5692/4031 4041/5693/4013
f 4059/5694/4031 4060/5695/4032 4041/5696/4013
f 4061/5697/4033 4059/5692/4031 4040/5663/4012
f 4059/5692/4031 4039/5661/4011 4040/5663/4012
f 4061/5697/4033 4040/5663/4012 4057/5689/4029
f 4061/5697/4033 4057/5689/4029 4062/5698/4034
f 4056/5690/4028 4062/5698/4034 4057/5689/4029
f 4040/5663/4012 4043/5688/4015 4057/5689/4029
f 4043/5688/4015 4055/5687/4027 4057/5689/4029
f 4054/5685/4026 4052/5686/4024 4063/5699/4035
f 4063/5700/4035 4052/5701/4024 4064/5702/4036
f 4062/5698/4034 4056/5690/4028 4065/5703/4037
f 4066/5704/4038 4065/5703/4037 4058/5691/4030
f 4056/5690/4028 4058/5691/4030 4065/5703/4037
f 4065/5705/4037 4066/5706/4038 4068/5707/4040
f 4066/5704/4038 4067/5708/4039 4068/5709/4040
f 4055/5687/4027 4054/5685/4026 4058/5691/4030
f 4058/5691/4030 4054/5685/4026 4066/5704/4038
f 4054/5685/4026 4063/5699/4035 4066/5704/4038
f 4066/5704/4038 4063/5699/4035 4067/5708/4039
f 4063/5699/4035 4069/5710/4041 4067/5708/4039
f 4063/5700/4035 4064/5702/4036 4069/5711/4041
f 4064/5702/4036 4070/5712/4042 4069/5711/4041
f 4064/5702/4036 4071/5713/4043 4070/5712/4042
f 4071/5713/4043 4072/5714/4044 4070/5712/4042
f 4070/5712/4042 4072/5714/4044 4074/5715/4046
f 4072/5714/4044 4073/5716/4045 4074/5715/4046
f 4076/5717/4048 4074/5715/4046 4075/5718/4047
f 4074/5715/4046 4073/5716/4045 4075/5718/4047
f 4078/5719/4050 4076/5717/4048 4077/5720/4049
f 4076/5717/4048 4075/5718/4047 4077/5720/4049
f 4079/5721/4051 4074/5715/4046 4080/5722/4052
f 4074/5715/4046 4076/5717/4048 4080/5722/4052
f 4069/5711/4041 4070/5712/4042 4079/5721/4051
f 4070/5712/4042 4074/5715/4046 4079/5721/4051
f 4079/5721/4051 4081/5723/4053 4069/5711/4041
f 4067/5724/4039 4069/5711/4041 4081/5723/4053
f 4068/5709/4040 4067/5708/4039 4082/5725/4054
f 4067/5708/4039 4081/5726/4053 4082/5725/4054
f 4081/5723/4053 4079/5721/4051 4083/5727/4055
f 4079/5721/4051 4080/5722/4052 4083/5727/4055
f 4082/5725/4054 4081/5726/4053 4084/5728/4056
f 4081/5723/4053 4083/5727/4055 4084/5729/4056
f 4088/5730/4060 4085/5731/4057 4087/5732/4059
f 4085/5731/4057 4086/5733/4058 4087/5732/4059
f 4089/5734/4061 4090/5735/4061 4091/5736/4061
f 4093/5737/4063 4094/5738/4064 4092/5739/4062
f 4092/5739/4062 4094/5738/4064 4095/5740/4065
f 4097/5741/4067 4098/5742/4068 4096/5743/4066
f 4096/5743/4066 4098/5742/4068 4099/5744/4069
f 4102/5745/4072 4103/5746/4073 4101/5747/4071
f 4100/5748/4070 4101/5747/4071 4103/5746/4073
f 4104/5749/4074 4100/5748/4070 4105/5750/4075
f 4100/5748/4070 4103/5746/4073 4105/5750/4075
f 4105/5750/4075 4107/5751/4077 4104/5749/4074
f 4106/5752/4076 4104/5753/4074 4107/5754/4077
f 4103/5746/4073 4102/5745/4072 4109/5755/4079
f 4102/5745/4072 4108/5756/4078 4109/5755/4079
f 4103/5746/4073 4109/5755/4079 4105/5750/4075
f 4105/5750/4075 4109/5755/4079 4110/5757/4080
f 4107/5751/4077 4105/5750/4075 4111/5758/4081
f 4105/5750/4075 4110/5757/4080 4111/5758/4081
f 4112/5759/4082 4107/5760/4077 4113/5761/4083
f 4107/5751/4077 4111/5758/4081 4113/5762/4083
f 4107/5763/4077 4112/5764/4082 4106/5765/4076
f 4114/5766/4084 4106/5765/4076 4112/5764/4082
f 4117/5767/4087 4118/5768/4088 4116/5769/4086
f 4115/5770/4085 4116/5769/4086 4118/5768/4088
f 4116/5769/4086 4115/5770/4085 4120/5771/4090
f 4119/5772/4089 4120/5771/4090 4115/5770/4085
f 4118/5768/4088 4122/5773/4092 4115/5770/4085
f 4121/5774/4091 4115/5770/4085 4122/5773/4092
f 4115/5770/4085 4121/5774/4091 4119/5772/4089
f 4123/5775/4093 4119/5772/4089 4121/5774/4091
f 4122/5773/4092 4125/5776/4095 4121/5774/4091
f 4124/5777/4094 4121/5774/4091 4125/5776/4095
f 4121/5774/4091 4124/5777/4094 4123/5775/4093
f 4126/5778/4096 4123/5775/4093 4124/5777/4094
f 4128/5779/4098 4127/5780/4097 4125/5776/4095
f 4127/5780/4097 4124/5777/4094 4125/5776/4095
f 4126/5778/4096 4124/5777/4094 4129/5781/4099
f 4127/5780/4097 4129/5781/4099 4124/5777/4094
f 4127/5780/4097 4128/5779/4098 4130/5782/4100
f 4130/5782/4100 4128/5779/4098 4131/5783/4101
f 4130/5782/4100 4132/5784/4102 4127/5780/4097
f 4132/5784/4102 4129/5781/4099 4127/5780/4097
f 4133/5785/4103 4134/5786/4104 4135/5787/4105
f 4136/5788/4106 4133/5785/4103 4138/5789/4108
f 4133/5785/4103 4135/5787/4105 4138/5789/4108
f 4135/5787/4105 4137/5790/4107 4138/5789/4108
f 4136/5788/4106 4138/5789/4108 4139/5791/4109
f 4136/5792/4106 4139/5793/4109 4140/5794/4110
f 4140/5795/4110 4141/5796/4111 4142/5797/4111
f 4144/5798/4113 4145/5799/4114 4143/5800/4112
f 4143/5800/4112 4145/5799/4114 4146/5801/4115
f 4147/5802/4116 4143/5800/4112 4148/5803/4117
f 4143/5800/4112 4146/5801/4115 4148/5803/4117
f 4148/5803/4117 4150/5804/4119 4147/5802/4116
f 4149/5805/4118 4147/5802/4116 4150/5804/4119
f 4152/5806/4121 4151/5807/4120 4150/5808/4119
f 4151/5809/4120 4149/5805/4118 4150/5804/4119
f 4154/5810/4123 4153/5811/4122 4152/5812/4121
f 4153/5811/4122 4151/5813/4120 4152/5812/4121
f 4153/5811/4122 4154/5810/4123 4155/5814/4124
f 4155/5814/4124 4154/5810/4123 4156/5815/4125
f 4157/5816/4126 4158/5817/4127 4154/5818/4123
f 4156/5819/4125 4154/5818/4123 4158/5817/4127
f 4159/5820/4128 4160/5821/4129 4157/5816/4126
f 4158/5817/4127 4157/5816/4126 4160/5821/4129
f 4156/5815/4125 4162/5822/4131 4155/5814/4124
f 4161/5823/4130 4155/5814/4124 4162/5822/4131
f 4156/5815/4125 4158/5824/4127 4162/5822/4131
f 4162/5825/4131 4158/5817/4127 4163/5826/4132
f 4164/5827/4133 4163/5826/4132 4160/5821/4129
f 4163/5826/4132 4158/5817/4127 4160/5821/4129
f 4161/5823/4130 4162/5822/4131 4165/5828/4134
f 4165/5828/4134 4162/5822/4131 4166/5829/4135
f 4167/5830/4136 4166/5829/4135 4163/5831/4132
f 4166/5832/4135 4162/5825/4131 4163/5826/4132
f 4168/5833/4137 4167/5834/4136 4164/5835/4133
f 4167/5836/4136 4163/5837/4132 4164/5838/4133
f 4167/5839/4136 4168/5840/4137 4169/5841/4138
f 4166/5829/4135 4167/5830/4136 4169/5842/4138
f 4165/5828/4134 4166/5829/4135 4169/5842/4138
f 4170/5843/4139 4171/5844/4140 4172/5845/4141
f 4173/5846/4142 4170/5843/4139 4172/5845/4141
f 4175/5847/4144 4176/5848/4145 4174/5849/4143
f 4174/5849/4143 4176/5848/4145 4177/5850/4146
f 4176/5848/4145 4178/5851/4147 4177/5850/4146
f 4177/5850/4146 4178/5851/4147 4179/5852/4148
f 4179/5852/4148 4178/5851/4147 4180/5853/4149
f 4180/5853/4149 4178/5851/4147 4181/5854/4150
f 4182/5855/4151 4183/5856/4152 4179/5852/4148
f 4183/5856/4152 4177/5850/4146 4179/5852/4148
f 4174/5849/4143 4177/5850/4146 4184/5857/4153
f 4184/5857/4153 4177/5850/4146 4183/5856/4152
f 4182/5855/4151 4179/5852/4148 4185/5858/4154
f 4185/5858/4154 4179/5852/4148 4180/5853/4149
f 4180/5859/4149 4181/5860/4150 4186/5861/4155
f 4186/5862/4155 4181/5863/4150 4187/5864/4156
f 4186/5865/4155 4188/5866/4157 4180/5853/4149
f 4188/5866/4157 4185/5858/4154 4180/5853/4149
f 4190/5867/4159 4189/5868/4158 4187/5869/4156
f 4189/5868/4158 4186/5870/4155 4187/5869/4156
f 4188/5866/4157 4186/5865/4155 4191/5871/4160
f 4191/5871/4160 4186/5865/4155 4189/5872/4158
f 4192/5873/4161 4189/5868/4158 4193/5874/4162
f 4189/5868/4158 4190/5867/4159 4193/5874/4162
f 4191/5871/4160 4189/5872/4158 4194/5875/4163
f 4194/5875/4163 4189/5872/4158 4192/5876/4161
f 4195/5877/4164 4194/5875/4163 4196/5878/4165
f 4194/5875/4163 4192/5876/4161 4196/5878/4165
f 4195/5877/4164 4196/5878/4165 4197/5879/4166
f 4197/5879/4166 4196/5878/4165 4198/5880/4167
f 4196/5881/4165 4192/5873/4161 4199/5882/4168
f 4192/5873/4161 4193/5874/4162 4199/5882/4168
f 4200/5883/4169 4198/5884/4167 4199/5882/4168
f 4198/5884/4167 4196/5881/4165 4199/5882/4168
f 4201/5885/4170 4191/5886/4160 4202/5887/4171
f 4191/5871/4160 4194/5875/4163 4202/5888/4171
f 4203/5889/4172 4202/5888/4171 4195/5877/4164
f 4195/5877/4164 4202/5888/4171 4194/5875/4163
f 4204/5890/4173 4203/5889/4172 4197/5879/4166
f 4203/5889/4172 4195/5877/4164 4197/5879/4166
f 4205/5891/4174 4188/5892/4157 4201/5893/4170
f 4201/5894/4170 4188/5866/4157 4191/5871/4160
f 4206/5895/4175 4185/5896/4154 4205/5891/4174
f 4185/5896/4154 4188/5892/4157 4205/5891/4174
f 4206/5895/4175 4207/5897/4176 4185/5896/4154
f 4207/5897/4176 4182/5898/4151 4185/5896/4154
f 4183/5899/4152 4182/5898/4151 4208/5900/4177
f 4208/5900/4177 4182/5898/4151 4207/5897/4176
f 4184/5901/4153 4183/5899/4152 4209/5902/4178
f 4183/5899/4152 4208/5900/4177 4209/5902/4178
f 4197/5879/4166 4210/5903/4179 4204/5890/4173
f 4204/5890/4173 4211/5904/4180 4203/5889/4172
f 4211/5905/4180 4212/5906/4181 4203/5907/4172
f 4213/5908/4182 4202/5909/4171 4212/5906/4181
f 4203/5907/4172 4212/5906/4181 4202/5909/4171
f 4202/5887/4171 4213/5910/4182 4201/5885/4170
f 4213/5911/4182 4214/5912/4183 4201/5913/4170
f 4201/5893/4170 4214/5914/4183 4205/5891/4174
f 4214/5914/4183 4215/5915/4184 4205/5891/4174
f 4216/5916/4185 4206/5895/4175 4215/5915/4184
f 4205/5891/4174 4215/5915/4184 4206/5895/4175
f 4216/5916/4185 4217/5917/4186 4206/5895/4175
f 4206/5895/4175 4217/5917/4186 4207/5897/4176
f 4210/5903/4179 4211/5904/4180 4204/5890/4173
f 4218/5918/4187 4208/5900/4177 4217/5917/4186
f 4208/5900/4177 4207/5897/4176 4217/5917/4186
f 4208/5900/4177 4218/5918/4187 4209/5902/4178
f 4219/5919/4188 4209/5902/4178 4218/5918/4187
f 4221/5920/4190 4216/5916/4185 4220/5921/4189
f 4215/5915/4184 4220/5921/4189 4216/5916/4185
f 4215/5915/4184 4214/5914/4183 4220/5921/4189
f 4214/5912/4183 4222/5922/4191 4220/5923/4189
f 4222/5922/4191 4214/5912/4183 4223/5924/4192
f 4213/5911/4182 4223/5924/4192 4214/5912/4183
f 4217/5917/4186 4216/5916/4185 4224/5925/4193
f 4216/5916/4185 4221/5920/4190 4224/5925/4193
f 4225/5926/4194 4218/5918/4187 4224/5925/4193
f 4218/5927/4187 4217/5928/4186 4224/5929/4193
f 4218/5918/4187 4225/5926/4194 4219/5919/4188
f 4219/5930/4188 4225/5931/4194 4226/5932/4195
f 4230/5933/4199 4227/5934/4196 4229/5935/4198
f 4227/5934/4196 4228/5936/4197 4229/5935/4198
f 4230/5933/4199 4232/5937/4201 4227/5934/4196
f 4231/5938/4200 4227/5934/4196 4232/5937/4201
f 4233/5939/4202 4234/5940/4203 4236/5941/4205
f 4234/5940/4203 4235/5942/4204 4236/5941/4205
f 4234/5943/4203 4237/5944/4206 4235/5945/4204
f 4237/5946/4206 4238/5947/4207 4235/5948/4204
f 4241/5949/4210 4242/5950/4211 4240/5951/4209
f 4239/5952/4208 4240/5951/4209 4242/5950/4211
f 4242/5950/4211 4241/5949/4210 4244/5953/4213
f 4241/5954/4210 4243/5955/4212 4244/5956/4213
f 4245/5957/4214 4246/5958/4215 4243/5959/4212
f 4244/5960/4213 4243/5959/4212 4246/5958/4215
f 4245/5957/4214 4247/5961/4216 4246/5958/4215
f 4246/5958/4215 4247/5961/4216 4248/5962/4217
f 4249/5963/4218 4250/5964/4219 4252/5965/4221
f 4250/5964/4219 4251/5966/4220 4252/5965/4221
f 4255/5967/4224 4256/5968/4225 4254/5969/4223
f 4253/5970/4222 4254/5969/4223 4256/5968/4225
f 4254/5971/4223 4253/5972/4222 4258/5973/4227
f 4257/5974/4226 4258/5973/4227 4253/5972/4222
f 4260/5975/4229 4258/5973/4227 4259/5976/4228
f 4259/5976/4228 4258/5973/4227 4257/5974/4226
f 4251/5966/4220 4261/5977/4230 4252/5965/4221
f 4261/5977/4230 4262/5978/4231 4252/5965/4221
f 4264/5979/4233 4265/5980/4234 4263/5981/4232
f 4263/5982/4232 4265/5983/4234 4266/4864/4235
f 4265/5980/4234 4264/5979/4233 4267/5984/4236
f 4267/5984/4236 4264/5979/4233 4268/5985/4237
f 4268/5985/4237 4264/5979/4233 4270/5986/4239
f 4264/5979/4233 4269/5987/4238 4270/5986/4239
f 4269/5987/4238 4264/5979/4233 4271/5988/4240
f 4263/5989/4232 4271/5990/4240 4264/5991/4233
f 4272/5992/4241 4273/5993/4242 4263/5994/4232
f 4273/5993/4242 4271/5995/4240 4263/5994/4232
f 4274/3201/4243 4275/5996/4244 4272/5992/4241
f 4275/5996/4244 4273/5993/4242 4272/5992/4241
f 4278/5997/4247 4279/5998/4248 4277/5999/4246
f 4276/6000/4245 4277/5999/4246 4279/5998/4248
f 4283/6001/4252 4280/6002/4249 4282/6003/4251
f 4280/6004/4249 4281/6005/4250 4282/6006/4251
f 4277/5999/4246 4276/6000/4245 4283/6001/4252
f 4284/6007/4253 4283/6001/4252 4276/6000/4245
f 4284/6007/4253 4285/6008/4254 4283/6001/4252
f 4285/6008/4254 4280/6002/4249 4283/6001/4252
f 4285/6008/4254 4286/6009/4255 4280/6002/4249
f 4286/6009/4255 4287/6010/4256 4280/6002/4249
f 4286/6011/4255 4288/6012/4257 4287/6013/4256
f 4288/6012/4257 4289/6014/4258 4287/6013/4256
f 4291/6015/4260 4292/6016/4261 4290/6017/4259
f 4290/6017/4259 4292/6016/4261 4293/6018/4262
f 4291/6015/4260 4294/6019/4263 4292/6016/4261
f 4292/6016/4261 4294/6019/4263 4295/6020/4264
f 4296/6021/4265 4295/6020/4264 4294/6019/4263
f 4288/6012/4257 4297/6022/4266 4289/6014/4258
f 4297/6022/4266 4290/6023/4259 4289/6014/4258
f 4298/6024/4267 4291/6025/4260 4297/6022/4266
f 4297/6022/4266 4291/6025/4260 4290/6023/4259
f 4298/6024/4267 4299/6026/4268 4291/6025/4260
f 4294/6027/4263 4291/6025/4260 4299/6026/4268
f 4296/6028/4265 4294/6027/4263 4299/6026/4268
f 4301/6029/4270 4302/6030/4271 4300/6031/4269
f 4300/6031/4269 4302/6030/4271 4303/6032/4272
f 4301/6033/4270 4300/6034/4269 4305/6035/4274
f 4300/6034/4269 4304/6036/4273 4305/6035/4274
f 4301/6033/4270 4306/6037/4275 4308/6038/4277
f 4306/6039/4275 4307/6040/4276 4308/6041/4277
f 4305/6035/4274 4306/6037/4275 4301/6033/4270
f 4309/6042/4278 4310/6043/4279 4305/6035/4274
f 4310/6043/4279 4306/6037/4275 4305/6035/4274
f 4309/6044/4278 4305/6045/4274 4311/6046/4280
f 4311/6046/4280 4305/6045/4274 4304/6047/4273
f 4304/6047/4273 4312/6048/4281 4311/6046/4280
f 4312/6048/4281 4313/6049/4282 4311/6046/4280
f 4314/6050/4283 4315/6051/4284 4307/6052/4276
f 4307/6040/4276 4306/6039/4275 4314/6053/4283
f 4306/6039/4275 4310/6054/4279 4314/6053/4283
f 4309/6044/4278 4316/6055/4285 4310/6056/4279
f 4316/6057/4285 4317/6058/4286 4310/6059/4279
f 4318/6060/4287 4316/6055/4285 4311/6046/4280
f 4311/6046/4280 4316/6055/4285 4309/6044/4278
f 4311/6046/4280 4313/6049/4282 4318/6060/4287
f 4313/6049/4282 4319/6061/4288 4318/6060/4287
f 4320/6062/4289 4321/6063/4290 4316/6055/4285
f 4316/6055/4285 4321/6063/4290 4317/6064/4286
f 4316/6055/4285 4318/6060/4287 4320/6062/4289
f 4322/6065/4291 4320/6062/4289 4318/6060/4287
f 4318/6060/4287 4319/6061/4288 4322/6065/4291
f 4319/6061/4288 4323/6066/4292 4322/6065/4291
f 4324/6067/4293 4325/6068/4294 4314/6069/4283
f 4317/6058/4286 4324/6070/4293 4310/6059/4279
f 4324/6070/4293 4314/6071/4283 4310/6059/4279
f 4321/6072/4290 4326/6073/4295 4317/6074/4286
f 4317/6058/4286 4326/6075/4295 4324/6070/4293
f 4327/6076/4296 4328/6077/4297 4321/6072/4290
f 4321/6072/4290 4328/6077/4297 4326/6073/4295
f 4329/6078/4298 4327/6079/4296 4320/6062/4289
f 4320/6062/4289 4327/6079/4296 4321/6063/4290
f 4330/6080/4299 4329/6078/4298 4322/6065/4291
f 4322/6065/4291 4329/6078/4298 4320/6062/4289
f 4331/6081/4300 4332/6082/4301 4327/6076/4296
f 4327/6076/4296 4332/6082/4301 4328/6077/4297
f 4327/6079/4296 4329/6078/4298 4331/6083/4300
f 4329/6078/4298 4333/6084/4302 4331/6083/4300
f 4333/6084/4302 4329/6078/4298 4334/6085/4303
f 4330/6080/4299 4334/6085/4303 4329/6078/4298
f 4338/6086/4307 4335/6087/4304 4337/6088/4306
f 4335/6087/4304 4336/6089/4305 4337/6088/4306
f 4331/6083/4300 4333/6084/4302 4339/6090/4308
f 4337/6088/4306 4339/6090/4308 4333/6084/4302
f 4336/6089/4305 4339/6090/4308 4337/6088/4306
f 4340/6091/4309 4332/6092/4301 4331/6093/4300
f 4340/6091/4309 4331/6093/4300 4341/6094/4310
f 4339/6095/4308 4341/6096/4310 4331/6097/4300
f 4336/6089/4305 4342/6098/4311 4339/6090/4308
f 4342/6099/4311 4341/6096/4310 4339/6095/4308
f 4335/6087/4304 4343/6100/4312 4336/6089/4305
f 4343/6100/4312 4342/6098/4311 4336/6089/4305
f 4343/6100/4312 4335/6087/4304 4345/6101/4314
f 4344/6102/4313 4345/6101/4314 4335/6087/4304
f 4346/6103/4315 4345/6101/4314 4344/6102/4313
f 4334/6085/4303 4347/6104/4316 4333/6084/4302
f 4347/6104/4316 4337/6088/4306 4333/6084/4302
f 4338/6086/4307 4337/6088/4306 4347/6104/4316
f 4330/6080/4299 4322/6065/4291 4348/6105/4317
f 4348/6105/4317 4322/6065/4291 4323/6066/4292
f 4348/6105/4317 4349/6106/4318 4330/6080/4299
f 4349/6106/4318 4334/6085/4303 4330/6080/4299
f 4347/6104/4316 4334/6085/4303 4350/6107/4319
f 4350/6107/4319 4334/6085/4303 4349/6106/4318
f 4338/6086/4307 4347/6104/4316 4350/6107/4319
f 4344/6102/4313 4335/6087/4304 4338/6086/4307
f 4338/6086/4307 4350/6107/4319 4351/6108/4320
f 4351/6108/4320 4350/6107/4319 4352/6109/4321
f 4344/6102/4313 4338/6086/4307 4351/6108/4320
f 4353/6110/4322 4346/6111/4315 4344/6112/4313
f 4344/6102/4313 4351/6108/4320 4353/6113/4322
f 4353/6114/4322 4351/6115/4320 4354/6116/4323
f 4355/6117/4324 4354/6116/4323 4352/6118/4321
f 4352/6118/4321 4354/6116/4323 4351/6115/4320
f 4357/6119/4326 4356/6120/4325 4352/6118/4321
f 4356/6120/4325 4355/6117/4324 4352/6118/4321
f 4357/6121/4326 4352/6109/4321 4349/6106/4318
f 4352/6109/4321 4350/6107/4319 4349/6106/4318
f 4358/6122/4327 4313/6123/4282 4359/6124/4328
f 4313/6123/4282 4312/6125/4281 4359/6124/4328
f 4313/6123/4282 4358/6122/4327 4319/6126/4288
f 4360/6127/4329 4319/6126/4288 4358/6122/4327
f 4361/6128/4330 4362/6129/4331 4359/6124/4328
f 4362/6129/4331 4358/6122/4327 4359/6124/4328
f 4362/6129/4331 4360/6127/4329 4358/6122/4327
f 4363/6130/4332 4357/6119/4326 4348/6131/4317
f 4357/6121/4326 4349/6106/4318 4348/6105/4317
f 4348/6131/4317 4323/6132/4292 4363/6130/4332
f 4360/6127/4329 4363/6130/4332 4319/6126/4288
f 4363/6130/4332 4323/6132/4292 4319/6126/4288
f 4362/6129/4331 4363/6130/4332 4360/6127/4329
f 4362/6129/4331 4364/6133/4333 4363/6130/4332
f 4363/6130/4332 4364/6133/4333 4357/6119/4326
f 4364/6133/4333 4356/6120/4325 4357/6119/4326
f 4365/6134/4334 4366/6135/4335 4325/6136/4294
f 4367/6137/4336 4365/6134/4334 4368/6138/4337
f 4369/6139/4338 4367/6140/4336 4368/6141/4337
f 4365/6134/4334 4325/6136/4294 4368/6138/4337
f 4370/6142/4339 4365/6134/4334 4367/6137/4336
f 4370/6142/4339 4367/6137/4336 4369/6143/4338
f 4346/6144/4315 4371/6145/4340 4345/6146/4314
f 4371/6145/4340 4372/6147/4341 4345/6146/4314
f 4375/6148/4344 4376/6149/4345 4374/6150/4343
f 4373/6151/4342 4374/6150/4343 4376/6149/4345
f 4374/6150/4343 4377/6152/4346 4375/6148/4344
f 4345/6146/4314 4372/6147/4341 4343/6153/4312
f 4372/6154/4341 4378/6155/4347 4343/6156/4312
f 4372/6157/4341 4376/6149/4345 4378/6158/4347
f 4376/6149/4345 4379/6159/4348 4378/6158/4347
f 4376/6149/4345 4375/6148/4344 4379/6159/4348
f 4375/6148/4344 4380/6160/4349 4379/6159/4348
f 4325/6161/4294 4382/6162/4351 4368/6141/4337
f 4381/6163/4350 4368/6141/4337 4382/6162/4351
f 4383/6164/4352 4381/6165/4350 4384/6166/4353
f 4381/6167/4350 4382/6168/4351 4384/6169/4353
f 4326/6075/4295 4325/6170/4294 4324/6070/4293
f 4328/6077/4297 4325/6171/4294 4326/6073/4295
f 4382/6168/4351 4325/6171/4294 4328/6077/4297
f 4382/6168/4351 4328/6077/4297 4332/6082/4301
f 4340/6172/4309 4382/6168/4351 4332/6082/4301
f 4369/6139/4338 4368/6141/4337 4381/6163/4350
f 4382/6168/4351 4340/6172/4309 4384/6169/4353
f 4385/6173/4354 4384/6169/4353 4340/6172/4309
f 4340/6172/4309 4341/6174/4310 4385/6173/4354
f 4385/6173/4354 4341/6174/4310 4386/6175/4355
f 4387/6176/4356 4386/6177/4355 4342/6178/4311
f 4386/6179/4355 4341/6180/4310 4342/6181/4311
f 4343/6156/4312 4378/6155/4347 4342/6178/4311
f 4342/6178/4311 4378/6155/4347 4387/6176/4356
f 4378/6158/4347 4379/6159/4348 4387/6182/4356
f 4388/6183/4357 4387/6182/4356 4379/6159/4348
f 4389/6184/4358 4386/6185/4355 4388/6183/4357
f 4386/6185/4355 4387/6182/4356 4388/6183/4357
f 4390/6186/4359 4385/6187/4354 4389/6184/4358
f 4389/6184/4358 4385/6187/4354 4386/6185/4355
f 4385/6187/4354 4390/6186/4359 4384/6166/4353
f 4390/6186/4359 4391/6188/4360 4384/6166/4353
f 4388/6183/4357 4379/6159/4348 4380/6160/4349
f 4380/6160/4349 4392/6189/4361 4388/6183/4357
f 4392/6189/4361 4389/6184/4358 4388/6183/4357
f 4393/6190/4362 4369/6191/4338 4383/6192/4352
f 4369/6193/4338 4381/6194/4350 4383/6195/4352
f 4384/6166/4353 4391/6188/4360 4383/6164/4352
f 4394/6196/4363 4383/6197/4352 4391/6198/4360
f 4390/6186/4359 4389/6184/4358 4395/6199/4364
f 4395/6199/4364 4389/6184/4358 4392/6189/4361
f 4395/6199/4364 4396/6200/4365 4390/6186/4359
f 4396/6201/4365 4391/6198/4360 4390/6202/4359
f 4394/6196/4363 4391/6198/4360 4397/6203/4366
f 4397/6203/4366 4391/6198/4360 4396/6201/4365
f 4397/6204/4366 4396/6200/4365 4398/6205/4367
f 4399/6206/4368 4398/6205/4367 4395/6199/4364
f 4398/6205/4367 4396/6200/4365 4395/6199/4364
f 4400/6207/4369 4399/6206/4368 4392/6189/4361
f 4399/6206/4368 4395/6199/4364 4392/6189/4361
f 4392/6189/4361 4380/6160/4349 4400/6207/4369
f 4400/6207/4369 4380/6160/4349 4401/6208/4370
f 4380/6160/4349 4375/6148/4344 4401/6208/4370
f 4401/6208/4370 4375/6148/4344 4377/6152/4346
f 4397/6204/4366 4398/6205/4367 4402/6209/4371
f 4399/6206/4368 4403/6210/4372 4398/6205/4367
f 4402/6209/4371 4398/6205/4367 4403/6210/4372
f 4399/6206/4368 4400/6207/4369 4403/6210/4372
f 4403/6210/4372 4400/6207/4369 4404/6211/4373
f 4400/6207/4369 4401/6208/4370 4404/6211/4373
f 4404/6211/4373 4401/6208/4370 4405/6212/4374
f 4401/6208/4370 4377/6152/4346 4405/6212/4374
f 4403/6210/4372 4407/6213/4376 4402/6209/4371
f 4406/6214/4375 4402/6209/4371 4407/6213/4376
f 4407/6213/4376 4403/6210/4372 4408/6215/4377
f 4403/6210/4372 4404/6211/4373 4408/6215/4377
f 4408/6215/4377 4404/6211/4373 4409/6216/4378
f 4404/6211/4373 4405/6212/4374 4409/6216/4378
f 4409/6216/4378 4405/6212/4374 4410/6217/4379
f 4405/6212/4374 4377/6152/4346 4410/6217/4379
f 4377/6152/4346 4374/6150/4343 4410/6217/4379
f 4410/6217/4379 4374/6150/4343 4411/6218/4380
f 4374/6150/4343 4373/6151/4342 4411/6218/4380
f 4412/6219/4381 4413/6220/4382 4393/6221/4362
f 4415/6222/4384 4414/6223/4383 4412/6219/4381
f 4414/6223/4383 4413/6220/4382 4412/6219/4381
f 4369/6143/4338 4393/6221/4362 4416/6224/4385
f 4416/6224/4385 4393/6221/4362 4413/6220/4382
f 4369/6143/4338 4416/6224/4385 4370/6142/4339
f 4417/6225/4386 4370/6142/4339 4416/6224/4385
f 4362/6226/4331 4418/6227/4387 4412/6219/4381
f 4415/6222/4384 4412/6219/4381 4418/6227/4387
f 4419/6228/4388 4383/6229/4352 4394/6230/4363
f 4419/6231/4388 4420/6232/4389 4383/6233/4352
f 4421/6234/4390 4420/6235/4389 4419/6236/4388
f 4419/6228/4388 4394/6230/4363 4397/6237/4366
f 4419/6228/4388 4397/6237/4366 4406/6238/4375
f 4406/6214/4375 4397/6204/4366 4402/6209/4371
f 4393/6239/4362 4383/6240/4352 4420/6241/4389
f 4420/6242/4389 4421/6243/4390 4393/6244/4362
f 4421/6243/4390 4412/6245/4381 4393/6244/4362
f 4421/6246/4390 4419/6247/4388 4406/6248/4375
f 4422/6249/4391 4423/6250/4391 4424/6251/4391
f 4428/6252/4395 4425/6253/4392 4427/6254/4394
f 4425/6253/4392 4426/6255/4393 4427/6254/4394
f 4430/6256/4397 4431/6257/4398 4429/6258/4396
f 4429/6258/4396 4431/6257/4398 4432/6259/4399
f 4433/6260/4400 4434/6261/4401 4436/6262/4403
f 4434/6263/4401 4435/6264/4402 4436/6265/4403
f 4437/6266/4404 4438/6267/4405 4440/6268/4407
f 4438/6267/4405 4439/6269/4406 4440/6268/4407
f 4441/6270/4408 4442/6271/4409 4444/6272/4411
f 4442/6271/4409 4443/6273/4410 4444/6272/4411
f 4448/6274/4415 4445/6275/4412 4447/6276/4414
f 4445/6275/4412 4446/6277/4413 4447/6276/4414
f 4450/6278/4417 4451/6279/4418 4449/6280/4416
f 4449/6280/4416 4451/6279/4418 4452/6281/4419
f 4455/6282/4422 4456/6283/4423 4454/6284/4421
f 4453/6285/4420 4454/6284/4421 4456/6283/4423
f 4457/6286/4424 4458/6287/4425 4460/6288/4427
f 4458/6289/4425 4459/6290/4426 4460/6291/4427
f 4462/6292/4429 4463/6293/4430 4461/6294/4428
f 4461/6294/4428 4463/6293/4430 4464/6295/4431
f 4465/6296/4432 4466/6297/4432 4467/6298/4433
f 4470/6299/4436 4471/6300/4437 4469/6301/4435
f 4468/6302/4434 4469/6303/4435 4471/6304/4437
f 4467/6305/4433 4472/6306/4438 4473/6307/4438
f 4475/6308/4440 4476/6309/4441 4474/6310/4439
f 4474/6310/4439 4476/6309/4441 4477/6311/4442
f 4476/6309/4441 4475/6308/4440 4469/6312/4435
f 4470/6313/4436 4478/6314/4443 4479/6315/4443
f 4482/6316/4446 4483/6317/4447 4481/6318/4445
f 4480/6319/4444 4481/6318/4445 4483/6317/4447
f 4484/6320/4448 4485/6321/4449 4487/6322/4451
f 4485/6321/4449 4486/6323/4450 4487/6322/4451
f 4488/6324/4452 4489/6325/4453 4490/6326/4454
f 4488/6327/4452 4490/6328/4454 4492/6329/4456
f 4491/6330/4455 4492/6329/4456 4490/6328/4454
f 4493/6331/4457 4494/6332/4458 4496/6333/4460
f 4494/6332/4458 4495/6334/4459 4496/6333/4460
f 4497/6335/4461 4493/6331/4457 4498/6336/4462
f 4493/6331/4457 4496/6333/4460 4498/6336/4462
f 4500/6337/4464 4499/6338/4463 4498/6336/4462
f 4499/6338/4463 4497/6335/4461 4498/6336/4462
f 4499/6338/4463 4500/6337/4464 4501/6339/4465
f 4501/6339/4465 4500/6337/4464 4502/6340/4466
f 4490/6328/4454 4501/6339/4465 4503/6341/4467
f 4501/6339/4465 4502/6340/4466 4503/6341/4467
f 4490/6328/4454 4503/6341/4467 4491/6330/4455
f 4504/6342/4468 4505/6343/4468 4506/6344/4468
f 4510/6345/4472 4507/6346/4469 4509/6347/4471
f 4507/6348/4469 4508/6349/4470 4509/6350/4471
f 4511/6351/4473 4512/6352/4474 4514/6353/4476
f 4512/6352/4474 4513/6354/4475 4514/6353/4476
f 4507/6355/4469 4510/6356/4472 4515/6357/4477
f 4517/6358/4479 4516/6359/4478 4515/6357/4477
f 4516/6359/4478 4507/6355/4469 4515/6357/4477
f 4516/6359/4478 4517/6358/4479 4518/6360/4480
f 4518/6360/4480 4517/6358/4479 4519/6361/4481
f 4520/6362/4482 4518/6360/4480 4521/6363/4483
f 4518/6360/4480 4519/6361/4481 4521/6363/4483
f 4521/6364/4483 4523/6365/4485 4520/6366/4482
f 4522/6367/4484 4520/6366/4482 4523/6365/4485
f 4524/6368/4486 4522/6369/4484 4525/6370/4487
f 4522/6369/4484 4523/6371/4485 4525/6370/4487
f 4512/6352/4474 4524/6368/4486 4513/6354/4475
f 4524/6368/4486 4525/6370/4487 4513/6354/4475
f 4528/6372/4490 4529/6373/4491 4527/6374/4489
f 4526/6375/4488 4527/6374/4489 4529/6373/4491
f 4528/6372/4490 4530/6376/4492 4532/6377/4494
f 4530/6376/4492 4531/6378/4493 4532/6377/4494
f 4528/6372/4490 4532/6377/4494 4529/6373/4491
f 4515/6357/4477 4510/6356/4472 4533/6379/4495
f 4534/6380/4496 4515/6357/4477 4533/6379/4495
f 4534/6380/4496 4533/6379/4495 4535/6381/4497
f 4526/6382/4488 4534/6383/4496 4535/6384/4497
f 4526/6385/4488 4535/6386/4497 4527/6387/4489
f 4536/6388/4498 4537/6389/4499 4538/6390/4500
f 4536/6391/4498 4539/6392/4501 4537/6393/4499
f 4540/6394/4502 4541/6395/4502 4542/6396/4502
f 4543/6397/4503 4544/6398/4504 4546/6399/4506
f 4544/6398/4504 4545/6400/4505 4546/6399/4506
f 4548/6401/4508 4544/6402/4504 4547/6403/4507
f 4543/6404/4503 4547/6403/4507 4544/6402/4504
f 4552/6405/4512 4549/6406/4509 4551/6407/4511
f 4549/6406/4509 4550/6408/4510 4551/6407/4511
f 4555/6409/4515 4552/6410/4512 4554/6411/4514
f 4552/6410/4512 4553/6412/4513 4554/6411/4514
f 4557/6413/4517 4558/6414/4518 4556/6415/4516
f 4556/6415/4516 4558/6414/4518 4559/6416/4519
f 4557/6413/4517 4560/6417/4520 4558/6414/4518
f 4560/6417/4520 4561/6418/4521 4558/6414/4518
f 4561/6418/4521 4562/6419/4522 4558/6414/4518
f 4563/6420/4523 4564/6421/4523 4565/6422/4523
f 4566/6423/4524 4567/6424/4525 4568/6425/4526
f 4567/6426/4525 4569/6427/4527 4568/6428/4526
f 4568/6428/4526 4569/6427/4527 4570/6429/4528
f 4572/6430/4530 4573/6431/4531 4571/6432/4529
f 4571/6432/4529 4573/6431/4531 4574/6433/4532
f 4578/6434/4536 4575/6435/4533 4577/6436/4535
f 4575/6435/4533 4576/6437/4534 4577/6436/4535
f 4579/6438/4537 4580/6439/4538 4576/6437/4534
f 4576/6437/4534 4580/6439/4538 4577/6436/4535
f 4569/6427/4527 4581/6440/4539 4570/6429/4528
f 4582/6441/4539 4583/6442/4539 4570/6443/4528
